"model","signature_rank","gene","age_only_logFC","age_only_t","age_only_p_value","age_only_adj_p_value","female_logFC","female_t","male_logFC","male_t","common_logFC","common_t","common_p_value","common_adj_p_value","interaction_logFC","interaction_t","sex_linked_flag","female_direction","male_direction","common_direction","age_only_direction","sex_direction_concordant","age_only_common_concordant","interaction_ratio","interaction_penalty","reliability_pass","module","weight","rank_score","training_mean","training_sd"
"factorial_medium_original",1,"Scml4",-7.92900716733324,-6.02711123949426,2.58737727202701e-06,0.00474007516235348,-9.05918605442661,-3.76756889641171,-7.55987517287401,-4.70296003851275,-8.30953061365031,-5.74587413179717,7.73219432432713e-06,0.0180331583835999,1.4993108815526,0.51837173544335,FALSE,-1,-1,-1,-1,TRUE,TRUE,0.090216334775475,0.917249144139769,TRUE,"young_high",43.7945346050818,43.7945346050818,0.985486275645563,1.41349799396382
"factorial_medium_original",2,"Plcb1",-8.44648698530266,-6.90736677570058,2.90175066444832e-07,0.00337304209408382,-6.52103743699229,-2.59135298664227,-9.22183223891904,-6.60552313272884,-7.87143483795566,-5.4704935568474,1.50667820636284e-05,0.0241520516479963,-2.70079480192675,-0.938499833033266,FALSE,-1,-1,-1,-1,TRUE,TRUE,0.171556691122371,0.853565181759991,TRUE,"young_high",36.7550575149102,36.7550575149102,1.51698422595541,1.78502399597702
"factorial_medium_original",3,"Gm16515",-8.10216265866713,-4.92271906257689,4.43840845716019e-05,0.0244974147032792,-9.9566862839517,-3.9941244185226,-6.83620594965665,-3.19463026366824,-8.39644611680418,-5.11147359566473,3.62917290441047e-05,0.0358003948662769,3.12048033429505,0.949821663395078,FALSE,-1,-1,-1,-1,TRUE,TRUE,0.185821483581513,0.843297253292899,TRUE,"young_high",36.1928108216097,36.1928108216097,1.21450049615635,1.55082511515969
"factorial_medium_original",4,"A630033H20Rik",-7.74704167256497,-4.93183097585513,4.33440918368302e-05,0.0244974147032792,-9.82246730458796,-3.87532414475546,-6.74651712504282,-3.39201869644085,-8.28449221481539,-5.1427300284119,3.36056143953518e-05,0.0358003948662769,3.07595017954515,0.95472244671536,FALSE,-1,-1,-1,-1,TRUE,TRUE,0.185645053078768,0.843422740560758,TRUE,"young_high",35.9339473248283,35.9339473248283,1.03656801135516,1.5443514189132
"factorial_medium_original",5,"Dgkb",-7.79821201421062,-5.40128195032101,1.28301265686885e-05,0.0112467920779538,-7.30043543994625,-2.68849511139406,-8.11707177952126,-4.65591341336512,-7.70875360973376,-4.77778118722376,8.2753354480684e-05,0.0544522265497601,-0.816636339575006,-0.253070077054875,FALSE,-1,-1,-1,-1,TRUE,TRUE,0.0529681144287537,0.94969637379999,TRUE,"young_high",34.9780182978382,34.9780182978382,0.7175977002595,1.25367529819895
"factorial_medium_original",6,"Olfr267",-7.06127870981258,-4.58237317141668,0.000107695179827414,0.0394595138887644,-10.0228159511958,-4.72115255156547,-5.26486021670883,-3.00013973155809,-7.64383808395232,-5.55034311265166,1.24081671839389e-05,0.022731762280976,4.75795573448699,1.72742322320076,FALSE,-1,-1,-1,-1,TRUE,TRUE,0.311228166465732,0.762643775945866,TRUE,"young_high",32.355866925772,32.355866925772,0.580525688444477,1.0999853951594
"factorial_medium_original",7,"Tbck",-7.26591643461308,-4.40379345726515,0.00017143388452892,0.0467759177701887,-10.7750346771537,-4.39935239499362,-5.59205589533633,-2.65350603097994,-8.18354528624504,-5.06549630319162,4.06424219679078e-05,0.0372284585226036,5.18297878181742,1.60409449330874,FALSE,-1,-1,-1,-1,TRUE,TRUE,0.316670726675044,0.759491328956083,TRUE,"young_high",31.4837396735914,31.4837396735914,1.23032913695403,1.45717604705357
"factorial_medium_original",8,"Fam132b",-8.39978262025864,-4.17223843155687,0.000312758956490806,0.0564904346202549,-6.50753189252191,-1.76473099685504,-10.3167629232445,-5.24146799855009,-8.41214740788323,-4.02497302188171,0.000536051067741759,0.159867881226054,-3.80923103072263,-0.91130429540531,FALSE,-1,-1,-1,-1,TRUE,TRUE,0.226412509173365,0.815386334141379,TRUE,"young_high",27.6078938526514,27.6078938526514,1.56511381998733,2.65674492886216
"factorial_medium_original",9,"Chml",-6.42882456274318,-4.04883034458793,0.000430369917114845,0.0632684713286218,-8.12096493948698,-2.70027927646242,-6.36463681644908,-3.65092455671012,-7.24280087796803,-4.16709894382364,0.000376897110603972,0.129359927751919,1.7563281230379,0.5052460498246,FALSE,-1,-1,-1,-1,TRUE,TRUE,0.121246464688408,0.891864573484206,TRUE,"young_high",26.917781985866,26.917781985866,1.82549853146658,1.7568157094974
"factorial_medium_original",10,"Tmem132c",-6.54657622640349,-3.66718500066264,0.00114493214923748,0.0954045108346216,-6.94898270724338,-2.06078743860225,-7.05807124248105,-3.60507205103162,-7.00352697486221,-3.59232519806891,0.00155440698152548,0.239133709989759,-0.109088535237662,-0.027977438750594,FALSE,-1,-1,-1,-1,TRUE,TRUE,0.00778811360626584,0.992272072372042,TRUE,"young_high",24.9645199099681,24.9645199099681,1.17102058220966,1.41664486095351
"factorial_medium_original",11,"Suox",-7.40846499848963,-4.96614568649504,3.96423251401929e-05,0.0244974147032792,-6.06959309156571,-2.02907558853679,-7.60254743164909,-4.31193329323803,-6.8360702616074,-3.93753198334486,0.000665471304991533,0.177791750316905,-1.53295434008338,-0.44148586191289,FALSE,-1,-1,-1,-1,TRUE,TRUE,0.112122474557514,0.899181540592348,TRUE,"young_high",24.2034900932845,24.2034900932845,2.01840655315644,1.95533195168984
"factorial_medium_original",12,"Awat2",-6.24145151588064,-4.0494805174325,0.000429647973582033,0.0632684713286218,-8.69230810720517,-3.48055982556906,-4.94961600394886,-2.77854326809457,-6.82096205557701,-4.44708614168302,0.000188035839747383,0.0964548643568178,3.74269210325631,1.22006793538522,FALSE,-1,-1,-1,-1,TRUE,TRUE,0.27435219536546,0.784712423799936,TRUE,"young_high",23.8030004112036,23.8030004112036,0.440738078857648,0.814688161195311
"factorial_medium_original",13,"Osbpl10",-6.30856080279143,-4.1238564451696,0.000354498212682344,0.0598169089399786,-8.23606220565375,-3.20336396689096,-5.20792841573603,-2.91256794665786,-6.72199531069489,-4.29285158860614,0.000275832204206033,0.120795237532218,3.02813378991772,0.966924874960707,FALSE,-1,-1,-1,-1,TRUE,TRUE,0.225240678155428,0.816166176840845,TRUE,"young_high",23.5517223371676,23.5517223371676,0.43465212183852,0.72446582855551
"factorial_medium_original",14,"Pcdhb14",-6.74191597156534,-3.85754923382527,0.000704145606442343,0.0799111792656337,-7.31651932098529,-2.29028037939056,-6.55135928757158,-2.99749708672395,-6.93393930427844,-3.58278164320376,0.00159103683474562,0.240040663162093,0.765160033413711,0.197679933550637,FALSE,-1,-1,-1,-1,TRUE,TRUE,0.0551749838484021,0.947710109988421,TRUE,"young_high",23.5437636740135,23.5437636740135,0.957066770930318,1.37249246967002
"factorial_medium_original",15,"2010310C07Rik",-6.20188259927477,-3.89712082468963,0.000636137656163134,0.0754785648895075,-7.41351938472554,-2.55309289519434,-5.71621742780767,-2.93475319610992,-6.5648684062666,-3.75510911153696,0.00104324041350836,0.196742868571047,1.69730195691787,0.4854289262956,FALSE,-1,-1,-1,-1,TRUE,TRUE,0.129271580373652,0.885526579593122,TRUE,"young_high",21.8298216273681,21.8298216273681,0.541494762524592,0.721871164271312
"factorial_medium_original",16,"4933407K13Rik",-6.51885213685879,-3.82675873321907,0.00076196600416625,0.0832540810706509,-6.52369144014228,-2.11552839116729,-6.29308936122437,-2.91854267166915,-6.40839040068333,-3.4061775174501,0.00244330086857627,0.274849915251071,0.230602078917919,0.0612846259026067,FALSE,-1,-1,-1,-1,TRUE,TRUE,0.0179921982360135,0.982325799483345,TRUE,"young_high",21.4423208190343,21.4423208190343,0.951513532758803,1.27546457269222
"factorial_medium_original",17,"Nek4",-7.65670671684456,-4.81986389806277,5.80117713124569e-05,0.0245243584664211,-4.60658051952344,-1.50919864543008,-9.32405164602926,-5.89328251019762,-6.96531608277635,-4.05194042993798,0.000501424738271671,0.155618799325925,-4.71747112650582,-1.37214964528464,FALSE,-1,-1,-1,-1,TRUE,TRUE,0.338640108489186,0.747026772661562,TRUE,"young_high",21.0833708508494,21.0833708508494,1.04800306332634,1.78407263536535
"factorial_medium_original",18,"Xylb",-6.30131991625613,-3.65829663601875,0.00117108435884898,0.0961144882719578,-8.4653000548574,-2.88379511855052,-5.20213264752534,-2.48337546638822,-6.83371635119137,-3.78991871136356,0.000957659646636885,0.195589959560876,3.26316740733207,0.904861906742988,FALSE,-1,-1,-1,-1,TRUE,TRUE,0.23875494686052,0.807262164752103,TRUE,"young_high",20.9074680453708,20.9074680453708,0.718225372955279,1.26511293996295
"factorial_medium_original",19,"Slc26a6",-6.24178505364956,-3.84782392873975,0.000721925860295391,0.0805041498472009,-6.83256401247707,-2.35239578057921,-5.81618083760601,-2.86192064777258,-6.32437242504154,-3.56815563047759,0.0016488225126568,0.243040228762193,1.01638317487106,0.286717250693458,FALSE,-1,-1,-1,-1,TRUE,TRUE,0.0803544625623404,0.92562213111819,TRUE,"young_high",20.8879084223221,20.8879084223221,0.713636382542876,0.97984927719318
"factorial_medium_original",20,"Clcn2",-6.70011120671496,-4.07663366031209,0.000400543135529077,0.0632684713286218,-5.88798085383149,-1.805886385003,-7.32991179365098,-3.6981994966848,-6.60894632374123,-3.46416388775482,0.00212327228164102,0.2658040540516,-1.44193093981949,-0.377903287882312,FALSE,-1,-1,-1,-1,TRUE,TRUE,0.109089313189786,0.901640641657577,TRUE,"young_high",20.6425874981781,20.6425874981781,1.35259842870983,1.72749861122806
"factorial_medium_original",21,"Pcdhgb2",-6.25377060062942,-3.74497365532075,0.000939168675084807,0.0902589688386686,-7.09232255612238,-2.29909070741823,-5.81735222140788,-2.85927447786092,-6.45483738876513,-3.49348794112295,0.00197740532581924,0.264405646386737,1.2749703347145,0.34501980618188,FALSE,-1,-1,-1,-1,TRUE,TRUE,0.0987608330902959,0.91011616894595,TRUE,"young_high",20.523025485117,20.523025485117,0.646503219822559,1.29131032752828
"factorial_medium_original",22,"Postn",-8.00612759186668,-4.70459287803585,7.83281399151029e-05,0.0301987221300598,-2.46366770652104,-2.36148755308383,-9.91814184282083,-4.70929789270717,-6.19090477467094,-5.26815428072229,2.46993858063714e-05,0.0316744923580907,-7.45447413629979,-3.17169470869213,FALSE,-1,-1,-1,-1,TRUE,TRUE,0.602050411496242,0.624200083108524,TRUE,"young_high",20.3580619287543,20.3580619287543,4.4314826253923,3.56529440451891
"factorial_medium_original",23,"Prosapip1",-5.93924718064991,-3.71133593688334,0.00102326896907691,0.090939063101732,-7.68573515616672,-2.69116212125669,-5.14264452822917,-2.64265938824957,-6.41418984219795,-3.71202666644206,0.00115965367212834,0.204654658853153,2.54309062793755,0.735870036460308,FALSE,-1,-1,-1,-1,TRUE,TRUE,0.198239410764517,0.834557761175596,TRUE,"young_high",19.8705229722574,19.8705229722574,0.536757877494429,1.03266548146253
"factorial_medium_original",24,"Atp8b2",-6.59994195145323,-4.55481720615833,0.000115708926452471,0.0401040884547698,-5.06348711962717,-1.71272495404828,-7.47748150423827,-4.58973977124552,-6.27048431193272,-3.71521686817539,0.00115061160337367,0.204654658853153,-2.4139943846111,-0.715137157772705,FALSE,-1,-1,-1,-1,TRUE,TRUE,0.192488655742956,0.83858240091766,TRUE,"young_high",19.5357909487259,19.5357909487259,1.56516684953363,1.8357197399403
"factorial_medium_original",25,"Gm20257",-5.92165589658741,-3.74834041654387,0.000931134162212615,0.0902589688386686,-6.54957728004445,-2.45955333468055,-5.23554164120034,-2.86460124395912,-5.89255946062239,-3.64889202752103,0.0013536853362666,0.217224773564604,1.31403563884412,0.406849875550544,FALSE,-1,-1,-1,-1,TRUE,TRUE,0.111499556018546,0.899685469584942,TRUE,"young_high",19.3444190968259,19.3444190968259,0.459898543931098,0.751344853192251
"factorial_medium_original",26,"Vstm2b",-6.77065102463528,-3.81519802465625,0.00078486000422013,0.0845802075136046,-5.57682650215868,-1.99087489186689,-6.42927646381916,-2.94889338568435,-6.00305148298892,-3.38232216602761,0.00258820780195316,0.28368527224143,-0.852449961660481,-0.240149564677568,FALSE,-1,-1,-1,-1,TRUE,TRUE,0.0710013809705548,0.933705612119554,TRUE,"young_high",18.95819599814,18.95819599814,1.26957477363676,1.44153124192674
"factorial_medium_original",27,"Camsap3",-6.22426223437914,-3.78122438350443,0.00085612222313321,0.0878312911156823,-5.72982772092134,-1.81480516902743,-6.56337449356228,-3.2797249456053,-6.14660110724181,-3.28865345169371,0.00324249381265054,0.300402208818331,-0.833546772640939,-0.222988804964429,FALSE,-1,-1,-1,-1,TRUE,TRUE,0.0678054985423872,0.93650014105102,TRUE,"young_high",18.930452198559,18.930452198559,0.872622179712816,1.3285702054872
"factorial_medium_original",28,"H19",-6.15962760852834,-3.51097658167766,0.00169990469470607,0.109388869159509,-7.51781511695405,-2.58089086573114,-5.28682251259892,-2.31939397634866,-6.40231881477648,-3.46191387918955,0.00213488908042068,0.2658040540516,2.23099260435513,0.603180229291339,FALSE,-1,-1,-1,-1,TRUE,TRUE,0.174233156350545,0.851619624766812,TRUE,"young_high",18.8755327202278,18.8755327202278,1.21226658259737,1.52687267342324
"factorial_medium_original",29,"Fastkd5",-6.61461134878595,-3.68520901636532,0.00109364306069427,0.0934991907356221,-5.95950088806134,-1.78715200910516,-6.75061751099622,-2.97458818910532,-6.35505919952878,-3.15104369468049,0.00450291730633504,0.301148299542853,-0.791116622934884,-0.196130592036084,FALSE,-1,-1,-1,-1,TRUE,TRUE,0.062243052019916,0.941404133544054,TRUE,"young_high",18.8516829382104,18.8516829382104,1.20231588033669,1.52355284520966
"factorial_medium_original",30,"Brwd3",-7.28556820157282,-4.90210977725964,4.68296497312832e-05,0.0244974147032792,-4.43954817083445,-1.55106450137882,-8.34699208791147,-4.79949291460632,-6.39327012937296,-3.81779029598158,0.000894161365426026,0.191176465600127,-3.90744391707703,-1.16668005315239,FALSE,-1,-1,-1,-1,TRUE,TRUE,0.305590373347003,0.765937020074992,TRUE,"young_high",18.695116904804,18.695116904804,1.01886360695336,1.3539309456965
"factorial_medium_original",31,"Mical3",-6.30332670345221,-4.24611209425239,0.000258240720352677,0.0549663481734062,-5.17031290108649,-1.83879956028496,-6.67156087042657,-3.65964624006969,-5.92093688575653,-3.53378554584903,0.0017928314928983,0.253793007989687,-1.50124796934008,-0.447993998006561,FALSE,-1,-1,-1,-1,TRUE,TRUE,0.126774518250395,0.887489008495466,TRUE,"young_high",18.5692175727044,18.5692175727044,0.936791484061971,1.29608769134129
"factorial_medium_original",32,"Pyroxd2",-5.6616852861633,-3.371323270013,0.00241218026949373,0.120140044288402,-8.97000948326785,-3.54612748781275,-4.0249203166879,-1.87992044316226,-6.49746489997787,-3.92125886797313,0.000692768361451104,0.180682154763446,4.94508916657995,1.49219542128158,FALSE,-1,-1,-1,-1,TRUE,TRUE,0.380539861481739,0.724354310875671,TRUE,"young_high",18.4552743236523,18.4552743236523,1.30137951349559,1.51170928341187
"factorial_medium_original",33,"Ccdc141",-5.31154569944731,-3.32753879908549,0.0026899180324418,0.123917616154594,-8.02328198731407,-3.00779378715459,-4.37727162555443,-2.25586103607413,-6.20027680643425,-3.75935040916933,0.00103242262814784,0.196742868571047,3.64601036175964,1.1053240825549,FALSE,-1,-1,-1,-1,TRUE,TRUE,0.294019943106096,0.772785616889067,TRUE,"young_high",18.0128701056044,18.0128701056044,0.980399653475333,1.28166448388431
"factorial_medium_original",34,"Fbn2",-5.71819130371022,-3.53697121458498,0.00159211417146633,0.107791053793191,-6.1886817065215,-2.05022171621305,-5.42665870101267,-2.79837483279049,-5.80767020376709,-3.23747278116799,0.00366517322804623,0.300402208818331,0.762023005508836,0.212394011057865,FALSE,-1,-1,-1,-1,TRUE,TRUE,0.0656048736556773,0.938434146391793,TRUE,"young_high",17.6446023019708,17.6446023019708,0.481365092933025,1.02845845775836
"factorial_medium_original",35,"Hist1h4c",-5.91546098812235,-3.70202933439132,0.00104781260852797,0.0920352663819364,-5.41492305545802,-1.8593374142913,-5.92402476342356,-3.07919010537381,-5.66947390944079,-3.24862654781953,0.00356873406981565,0.300402208818331,-0.50910170796554,-0.145858447402243,FALSE,-1,-1,-1,-1,TRUE,TRUE,0.0448984924526501,0.957030761574494,TRUE,"young_high",17.6265958726265,17.6265958726265,0.512695281000498,0.739949245666931
"factorial_medium_original",36,"Sema3d",-6.96851873788868,-4.12773863278727,0.000350954689740678,0.0598169089399786,-5.03690699491604,-1.49928304548588,-7.86153549092869,-3.84395848807586,-6.44922124292237,-3.27946328844502,0.00331473706127387,0.300402208818331,-2.82462849601265,-0.718169303490327,FALSE,-1,-1,-1,-1,TRUE,TRUE,0.218989872623973,0.82035136013675,TRUE,"young_high",17.3504183916612,17.3504183916612,1.23267673513746,1.80399145097369
"factorial_medium_original",37,"Fam110a",-6.69794566372248,-4.05295289545047,0.000425812510109025,0.0632684713286218,-5.19598179765178,-1.70087966740216,-6.96508109648643,-3.27730789462596,-6.08053144706911,-3.2678573457251,0.00340820498294917,0.300402208818331,-1.76909929883465,-0.475383129693419,FALSE,-1,-1,-1,-1,TRUE,TRUE,0.14547241213718,0.873002256016133,TRUE,"young_high",17.3468248948431,17.3468248948431,1.25261544798319,1.69933091603859
"factorial_medium_original",38,"Arnt2",-5.79644814813035,-3.50185537080473,0.00173938650752846,0.109881244199729,-5.38174125480613,-1.83690128772839,-5.69700584093248,-2.95042733587445,-5.5393735478693,-3.15736376641447,0.00443585616592229,0.301079660737427,-0.315264586126345,-0.089848154531107,FALSE,-1,-1,-1,-1,TRUE,TRUE,0.028456697760608,0.972330679723735,TRUE,"young_high",17.0058859714368,17.0058859714368,0.504458306779024,0.911399276738572
"factorial_medium_original",39,"Fgf12",-4.97451317566537,-3.15654634131656,0.00410133727112072,0.138409339907505,-8.92247038529678,-3.82489294267591,-3.0840409691292,-1.87676940211838,-6.00325567721299,-4.20776232136174,0.000340721104224851,0.128511983546456,5.83842941616759,2.0461166935243,FALSE,-1,-1,-1,-1,TRUE,TRUE,0.48627188677446,0.672824406421507,TRUE,"young_high",16.9957282169269,16.9957282169269,0.312837192131647,0.666077360939094
"factorial_medium_original",40,"Nr2c1",-5.84158117629706,-3.526612241024,0.00163424626688162,0.108570628323993,-7.14717273966745,-2.47554430026428,-4.90584491065563,-2.27388826382858,-6.02650882516154,-3.34418066710321,0.00283745169810877,0.294053946874339,2.24132782901182,0.621869594144403,FALSE,-1,-1,-1,-1,TRUE,TRUE,0.185955725618308,0.843201797840001,TRUE,"young_high",16.993664997675,16.993664997675,1.93355461187038,1.73912270857097
"factorial_medium_original",41,"Zfp456",-5.67965727612495,-3.29373094840676,0.00292530543197916,0.126913964392336,-6.72965986750948,-2.50869195712281,-4.75589147741524,-2.42666331220731,-5.74277567246236,-3.45721275210143,0.00215936173436334,0.266265912321879,1.97376839009424,0.594114905153755,FALSE,-1,-1,-1,-1,TRUE,TRUE,0.17184792953962,0.853353045896379,TRUE,"young_high",16.9424690583314,16.9424690583314,0.599610107098191,0.944388819966523
"factorial_medium_original",42,"6720456H20Rik",-6.65775763352773,-4.85055698561568,5.35556637120591e-05,0.0244974147032792,-3.9289503907049,-1.45617832988327,-7.94357564692855,-5.10030709938868,-5.93626301881673,-3.81094068577301,0.000909370274610708,0.191176465600127,-4.01462525622366,-1.28864730880171,FALSE,-1,-1,-1,-1,TRUE,TRUE,0.338144124119333,0.747303658832808,TRUE,"young_high",16.9060610528384,16.9060610528384,1.95973845272981,1.93674586136346
"factorial_medium_original",43,"Efcab7",-5.58742677092786,-3.31226777210357,0.00279388086172675,0.124426124186289,-6.59360877618348,-2.18295619803983,-5.1768681745746,-2.49367927682335,-5.88523847537904,-3.21147922439556,0.00389982046029998,0.300402208818331,1.41674060160889,0.386546189033705,FALSE,-1,-1,-1,-1,TRUE,TRUE,0.120363897501515,0.892567140221196,TRUE,"young_high",16.8698055483956,16.8698055483956,0.638441707107414,1.19975947763646
"factorial_medium_original",44,"4933400A11Rik",-5.04482207839267,-3.02190149192853,0.0056900714849284,0.157601461604151,-9.34797802068914,-3.88891297181121,-2.94012310097184,-1.65312442850019,-6.14405056083049,-4.10948702256217,0.000434786176603825,0.14296661355814,6.4078549197173,2.14296711707724,FALSE,-1,-1,-1,-1,TRUE,TRUE,0.521468234579675,0.657259860753033,TRUE,"young_high",16.5950858991637,16.5950858991637,0.432788494736969,0.858484735711812
"factorial_medium_original",45,"Tmem8b",-5.56977622563686,-3.3582614990778,0.00249198781820921,0.120140044288402,-6.94686066665033,-2.38356063770442,-4.83107298371928,-2.38796803950578,-5.8889668251848,-3.31975204342579,0.00300919348403832,0.296845363379288,2.11578768293105,0.596360167442873,FALSE,-1,-1,-1,-1,TRUE,TRUE,0.179639957746297,0.847716282780469,TRUE,"young_high",16.5727767385263,16.5727767385263,0.604186397083776,1.1159144082576
"factorial_medium_original",46,"Mmp27",-5.44262746296909,-3.46317553704914,0.00191696579640007,0.115413940718472,-5.84186186473368,-1.87411797473572,-5.32792784847687,-2.7569898346457,-5.58489485660528,-3.04555324104334,0.0057775916568139,0.31894549392361,0.513934016256809,0.140129174235228,FALSE,-1,-1,-1,-1,TRUE,TRUE,0.0460110694508338,0.956012827402496,TRUE,"young_high",16.2609126501409,16.2609126501409,1.94934829017332,1.58327847006024
"factorial_medium_original",47,"Carf",-5.75388402395691,-3.42872388439603,0.00208988804675217,0.116324862355683,-5.34648788319629,-1.70155181436313,-5.98029563040829,-2.95617192995595,-5.66339175680229,-3.0309556367602,0.00597924954638155,0.31894549392361,-0.633807747212009,-0.169601825772265,FALSE,-1,-1,-1,-1,TRUE,TRUE,0.0559565467543541,0.947008665341064,TRUE,"young_high",16.2558669873509,16.2558669873509,0.564448358387671,1.24807110997205
"factorial_medium_original",48,"Pcdhga1",-5.48370884838619,-3.55707236107523,0.00151335859477157,0.107791053793191,-5.13206036609107,-1.78898575968162,-5.64799772881722,-3.05784412285199,-5.39002904745415,-3.15955097357237,0.0044128735244083,0.301079660737427,-0.515937362726155,-0.151217218158939,FALSE,-1,-1,-1,-1,TRUE,TRUE,0.0478603464214631,0.954325644075653,TRUE,"young_high",16.2522339762415,16.2522339762415,0.368964953826932,0.87456100085119
"factorial_medium_original",49,"Zfp558",-4.93176833916377,-2.77228874813213,0.0103071610705179,0.19029619807033,-10.1257956372585,-4.28899939149545,-2.42456186089692,-1.29105626481935,-6.27517874907772,-4.16028921659881,0.000383318563207495,0.129359927751919,7.70123377636161,2.5528643179298,FALSE,-1,-1,-1,-1,TRUE,TRUE,0.613626597000674,0.619722060765947,TRUE,"young_high",16.1788102219829,16.1788102219829,0.510937906613952,1.03656898926456
"factorial_medium_original",50,"Fpgt",-5.78709540567127,-3.3644391401148,0.0024539285140842,0.120140044288402,-5.39464829780311,-1.75310472142416,-5.66728493296,-2.61942727182322,-5.53096661538155,-2.94070095886591,0.00738427985976045,0.336559389951386,-0.272636635156889,-0.0724776400022196,FALSE,-1,-1,-1,-1,TRUE,TRUE,0.0246463800515727,0.975946452813963,TRUE,"young_high",15.87368983677,15.87368983677,0.994982802084835,1.21408011772932
"factorial_medium_original",51,"Nrxn2",5.82894369737625,4.36096901630754,0.000191629074415692,0.0501520663327926,6.59995628939988,2.80014564592188,5.50693564377708,3.37586422956355,6.05344596658848,4.22366209379138,0.000327535689612072,0.127284609098579,-1.0930206456228,-0.381315856631832,FALSE,1,1,1,1,TRUE,TRUE,0.090280855018347,0.917194863504388,TRUE,"old_high",23.4505725274464,23.4505725274464,1.28958467508492,1.16431167588137
"factorial_medium_original",52,"Aox3",6.69168265809956,4.18826769774301,0.000300034651601562,0.0549663481734062,5.26502983379523,1.73304478904174,7.21375217846282,3.99936014324539,6.23939100612902,3.53193324998332,0.00180093291695738,0.253793007989687,1.94872234466759,0.551556813586128,FALSE,1,1,1,1,TRUE,TRUE,0.156162851998736,0.864930055719428,TRUE,"old_high",19.0605609893943,19.0605609893943,2.17899456477534,1.78848703211307
"factorial_medium_original",53,"Rgs20",5.173392256917,3.27456392619509,0.0030674751382127,0.126913964392336,7.62735823143722,2.81670211350521,4.07320920256322,2.16048508994127,5.85028371700022,3.54608561469216,0.00173993253171872,0.253555622576828,-3.55414902887399,-1.07715431878444,FALSE,1,1,1,1,TRUE,TRUE,0.303758663429211,0.76701311987431,TRUE,"old_high",15.9121526956194,15.9121526956194,0.801022403147215,0.942708062397911
"factorial_medium_original",54,"Acot1",5.72406554693477,3.70943302621918,0.00102824112209538,0.090939063101732,4.85412386453411,1.65357921496391,6.08467632901754,3.2524988982736,5.46940009677583,3.14246568055043,0.00459550451473576,0.302219230240879,1.23055246448343,0.353509417791127,FALSE,1,1,1,1,TRUE,TRUE,0.112494270872098,0.898881033532054,TRUE,"old_high",15.4494297609675,15.4494297609675,1.99710541229476,1.56110424447021
"factorial_medium_original",55,"Trim46",4.57253092484464,2.48933946641571,0.0197368455613024,0.229720374304014,9.41606418677168,3.83226427742789,2.87006828767535,1.39934291353482,6.14306623722352,3.83871515584291,0.000849238198795912,0.191176465600127,-6.54599589909634,-2.04525009967204,FALSE,1,1,1,1,TRUE,TRUE,0.532795440706455,0.652402775636589,TRUE,"old_high",15.3846239634613,15.3846239634613,0.651552536919976,1.16184610550071
"factorial_medium_original",56,"Mutyh",5.08258835901849,3.3652583063458,0.00244892427833851,0.120140044288402,4.46848233078239,1.59495376622821,5.40507202895663,2.96141911149879,4.93677717986951,2.95287459571937,0.00717781881897844,0.336559389951386,0.936589698174247,0.280104998219132,FALSE,1,1,1,1,TRUE,TRUE,0.0948584034879006,0.913360117449243,TRUE,"old_high",13.3146750965454,13.3146750965454,1.54356164855051,1.15647718983245
"factorial_medium_original",57,"Lect1",4.92984079864018,2.50474551750488,0.0190648298504193,0.229350260789659,7.17403145339288,2.29898139149509,4.15538996425383,1.62149182837858,5.66471070882336,2.80573148704272,0.0100875511833239,0.362990460018096,-3.01864148913905,-0.747566637514151,FALSE,1,1,1,1,TRUE,TRUE,0.266442663876422,0.789613322832259,TRUE,"old_high",12.5498434742283,12.5498434742283,1.24775640729388,1.8407719859351
"factorial_medium_original",58,"Nudt7",4.83001366185364,3.14542085337656,0.00421450771640722,0.140254972184815,4.79442855483156,1.56033925775264,4.72950252743216,2.54681981730512,4.76196554113186,2.65271859457012,0.014282322876928,0.397648756714767,-0.064926027399403,-0.0180839695989304,FALSE,1,1,1,1,TRUE,TRUE,0.0068171451495663,0.993229013647207,TRUE,"old_high",12.5466223916818,12.5466223916818,1.54997983176267,1.38905043611033
"factorial_medium_original",59,"Fam196a",4.74211099354751,3.04428327433423,0.00539035330039811,0.156228710231465,4.44371865126733,1.54795768985641,4.9669460788871,2.63667020760942,4.70533236507721,2.74075975031742,0.0117020265146032,0.385750905929446,0.523227427619771,0.152384631160785,FALSE,1,1,1,1,TRUE,TRUE,0.0555994063143911,0.947329066327808,TRUE,"old_high",12.2169314239161,12.2169314239161,1.23902749139096,0.990777703093078
"factorial_medium_original",60,"1810010H24Rik",4.57072011287781,2.79068224389126,0.00987182577275635,0.187828328946331,5.56127448440254,1.95824007514986,4.23492249705977,2.12120867328334,4.89809849073116,2.82191536411594,0.00971959401629781,0.359971951611836,-1.32635198734277,-0.382072048815576,FALSE,1,1,1,1,TRUE,TRUE,0.135394567346706,0.880751087559712,TRUE,"old_high",12.1737586064446,12.1737586064446,2.41064708356001,1.65089310819945
"factorial_medium_original",61,"Foxf2",4.8757260965825,2.77910066741801,0.0101438675528412,0.190141681104575,4.41566712045321,1.50059333128433,5.30758027212073,2.60173136392668,4.86162369628697,2.71554030582405,0.0123922422948355,0.38760515899749,0.891913151667517,0.249096419628026,FALSE,1,1,1,1,TRUE,TRUE,0.0917299564566003,0.915977430211473,TRUE,"old_high",12.0926745858159,12.0926745858159,1.02290180660855,1.36989976263744
"factorial_medium_original",62,"Ankrd33b",4.49642789209107,2.89895037186769,0.00764149947228062,0.175238283085594,4.76548607014913,1.68413820591648,4.36194667010719,2.28346846620261,4.56371637012816,2.6734871935314,0.0136293158612717,0.390866842799013,-0.40353940004194,-0.118199437760762,FALSE,1,1,1,1,TRUE,TRUE,0.0442117041356477,0.957660210127367,TRUE,"old_high",11.6844479161883,11.6844479161883,1.83444792347576,1.37109793162361
"factorial_medium_original",63,"Hp",4.69677827144881,2.447066042291,0.0216949875699733,0.235377767002823,7.63888883491619,2.52394933287459,3.42153918124319,1.48301911785742,5.53021400807969,2.90631571503972,0.00799854659110986,0.337087685565753,-4.217349653673,-1.10818040281802,FALSE,1,1,1,1,TRUE,TRUE,0.381300729611069,0.72395531151393,TRUE,"old_high",11.6358064067195,11.6358064067195,1.07722608955895,1.55162035959404
"factorial_medium_original",64,"Lcn2",6.45161626281447,2.11852298049346,0.0441415338891302,0.301743619719726,9.43315235176917,1.803739913807,4.66468872953998,1.24938019647596,7.04892054065457,2.19395880363273,0.0386996476569868,0.480279456714779,-4.76846362222919,-0.742086159395169,FALSE,1,1,1,1,TRUE,TRUE,0.338240675042828,0.747249742627944,TRUE,"old_high",11.5562481134283,11.5562481134283,3.53370639756706,2.86303142328958
"factorial_medium_original",65,"Chaf1b",3.36334391833206,1.80916008412227,0.0823486435946323,0.37458521002448,9.95864313966177,4.47403833842438,1.03029957144274,0.545770286800227,5.49447135555226,3.76513359274655,0.00101785011023075,0.196742868571047,-8.92834356821903,-3.05911198011016,FALSE,1,1,1,1,TRUE,TRUE,0.812484238971648,0.551728935622288,TRUE,"old_high",11.4138474864261,11.4138474864261,0.554551208088269,1.14247431643167
"factorial_medium_original",66,"Ddb2",4.96305273780807,2.17290217401183,0.0393718565873604,0.29091521197551,8.85126671426507,2.52584031644079,3.2692495819701,1.19209588846406,6.06025814811758,2.72381547959415,0.0121616331506399,0.385750905929446,-5.58201713229496,-1.25443374693762,FALSE,1,1,1,1,TRUE,TRUE,0.46054281313792,0.684676950928633,TRUE,"old_high",11.3019795145303,11.3019795145303,1.62296235035473,2.17806066083488
"factorial_medium_original",67,"Miip",4.53128967249927,2.87174035810061,0.00815214301655321,0.17799227577411,5.50534106763866,1.87460619752208,4.03553888692956,2.06446326637367,4.77043997728411,2.7044282046059,0.0127084086656242,0.389572036249831,-1.46980218070909,-0.416625561963777,FALSE,1,1,1,1,TRUE,TRUE,0.154053088777441,0.86651126341108,TRUE,"old_high",11.1791325272686,11.1791325272686,2.65919849208758,1.64837254473957
"factorial_medium_original",68,"Cenpt",4.1663227761797,2.1500298660792,0.0413185431948108,0.296096066561298,9.41841606891604,3.71919684825198,1.84013417776892,0.806483953833446,5.62927512334248,3.30292261177347,0.00313334455478068,0.299865750526175,-7.57828189114712,-2.22324172013473,FALSE,1,1,1,1,TRUE,TRUE,0.673113416202508,0.59768811266227,TRUE,"old_high",11.1128509954709,11.1128509954709,1.56097459304119,1.4439352036377
"factorial_medium_original",69,"Chchd10",6.55339245475022,4.30315931336411,0.000222691670620838,0.0528851478526227,2.32805773281576,0.785173178745526,8.47672671508369,5.01541688576944,5.40239222394973,3.16586107548082,0.00434721115489386,0.300974146154813,6.14866898226793,1.8015937190457,FALSE,1,1,1,1,TRUE,TRUE,0.569069049257548,0.637320582209674,TRUE,"old_high",10.9002362033561,10.9002362033561,1.47500517039108,1.50831539976428
"factorial_medium_original",70,"Cdh9",4.46321459478497,2.10759481527042,0.045160279443417,0.302978148219489,7.46479607502634,2.36637334781997,3.42963086549716,1.37134847007829,5.44721347026175,2.7062698979623,0.0126554870538691,0.389572036249831,-4.03516520952919,-1.00236994561265,FALSE,1,1,1,1,TRUE,TRUE,0.370387984716459,0.729720350114501,TRUE,"old_high",10.7572672898137,10.7572672898137,1.35137630638017,1.58304481954906
"factorial_medium_original",71,"Cdk20",4.45972148641284,2.61967806006902,0.0146826915764037,0.209677991955235,5.01244639063582,1.64320101090634,4.24914506049764,2.00129935025964,4.63079572556673,2.49196440632384,0.0204237547620351,0.432974210984391,-0.763301330138178,-0.205377202831723,FALSE,1,1,1,1,TRUE,TRUE,0.0824157761384504,0.923859409706249,TRUE,"old_high",10.6611326030718,10.6611326030718,2.83833787459576,1.80505675384738
"factorial_medium_original",72,"Abcg1",4.15922378333064,2.63317141048231,0.0142349353020786,0.20886591569091,4.38003547187316,1.575173067141,4.12227363533177,2.11370601687653,4.25115455360246,2.50331907391134,0.0199197382868709,0.428383614594159,-0.257761836541394,-0.0758923386346528,FALSE,1,1,1,1,TRUE,TRUE,0.0303166825593628,0.970575374472192,TRUE,"old_high",10.3288595247655,10.3288595247655,2.20950295468751,1.81778553823765
"factorial_medium_original",73,"Immp2l",4.25175368207116,2.2493093523188,0.0334532137166014,0.274487240063039,6.9791141868622,2.43521375677884,3.12077451349229,1.37321090118539,5.04994435017725,2.76132359998299,0.0111662937516496,0.37627185172882,-3.8583396733699,-1.05487542614732,FALSE,1,1,1,1,TRUE,TRUE,0.382018000972276,0.7235795766021,TRUE,"old_high",10.0899774843272,10.0899774843272,1.24053218351073,1.36220884075503
"factorial_medium_original",74,"Msrb2",5.16676238414898,3.38989420915224,0.00230296350932337,0.119894440457384,2.76731504185205,1.1205785367974,6.45303638310979,3.58527470248402,4.61017571248092,3.01728601454369,0.00617420306912366,0.31894549392361,3.68572134125774,1.20612273262982,FALSE,1,1,1,1,TRUE,TRUE,0.399737577414021,0.714419628461696,TRUE,"old_high",9.93773327680209,9.93773327680209,2.44354297656001,1.76269478350503
"factorial_medium_original",75,"F2",3.73467923170838,1.971744523521,0.0596890401953133,0.332216528270479,8.76441577526932,3.1778341003029,1.8987775989894,0.881292315709313,5.33159668712936,3.0468120874895,0.00576051075712349,0.31894549392361,-6.86563817627991,-1.96173028563061,FALSE,1,1,1,1,TRUE,TRUE,0.643863174139803,0.608323135241032,TRUE,"old_high",9.88182805449427,9.88182805449427,0.553522979339805,0.953150320303137
"factorial_medium_original",76,"Cygb",2.14198721667817,6.23819724394444,1.51948646092422e-06,0.00348823723993244,1.57120414870617,2.922460429006,2.49004109257942,5.83750654889732,2.03062262064279,5.91764765109407,5.11900772351003e-06,0.0180331583835999,0.918836943873258,1.3388389421489,FALSE,1,1,1,1,TRUE,TRUE,0.226245070917542,0.815497671482379,TRUE,"old_high",9.79943525670112,9.79943525670112,7.77200314250961,1.01713173866413
"factorial_medium_original",77,"Pltp",3.2782142633894,4.208939985036,0.000284379683628214,0.0549663481734062,2.30592231145209,2.22685760558477,3.8140778404612,3.36578047259313,3.06000007595665,3.98682577445785,0.000589119217814944,0.171701473846792,1.50815552900912,0.982476010734232,FALSE,1,1,1,1,TRUE,TRUE,0.24643059561151,0.802290960700777,TRUE,"old_high",9.7876987420079,9.7876987420079,5.16211526079966,1.77751740203223
"factorial_medium_original",78,"Prr13",2.21792730911635,6.56330617225418,6.75478502454275e-07,0.00337304209408382,1.50649493008267,2.79679989757638,2.57533075485674,6.19476009517616,2.0409128424697,5.99897243913281,4.21546924638945e-06,0.0180331583835999,1.06883582477408,1.57084529073236,FALSE,1,1,1,1,TRUE,TRUE,0.261852329183335,0.792485758335284,TRUE,"old_high",9.70270419881209,9.70270419881209,7.68346787715246,0.951335937425869
"factorial_medium_original",79,"Ninl",3.48560717479569,1.83777396356079,0.0778910127303938,0.367346298334852,9.05006538134678,3.46213749171573,1.45579857377565,0.70358172848726,5.25293197756122,3.15130249965102,0.00450015205590285,0.301148299542853,-7.59426680757112,-2.27794992167655,FALSE,1,1,1,1,TRUE,TRUE,0.722859739775003,0.580430302544881,TRUE,"old_high",9.60819809600243,9.60819809600243,0.567007773859352,0.97643296758185
"factorial_medium_original",80,"Cxcl13",4.66704890046787,2.68935315383711,0.0125044202327092,0.199342505263832,4.28181322447748,1.29756857985437,4.51872563145103,2.01266254669748,4.40026942796425,2.20497299402451,0.0378192075848045,0.476417994172429,0.236912406973551,0.0593583492872277,FALSE,1,1,1,1,TRUE,TRUE,0.0269202129473858,0.97378548731637,TRUE,"old_high",9.4481295944556,9.4481295944556,5.59718028847539,2.8621178423064
"factorial_medium_original",81,"Crym",4.81970232849231,2.5064964057802,0.018989811729104,0.229213722748528,3.69600590676079,1.21784276839934,5.46856900533136,2.48678533120446,4.58228745604608,2.44529376868811,0.0226224094210346,0.445340904790426,1.77256309857057,0.472955651638795,FALSE,1,1,1,1,TRUE,TRUE,0.193414634302038,0.837931739109974,TRUE,"old_high",9.38905778473245,9.38905778473245,1.64550123208671,1.81026147161985
"factorial_medium_original",82,"Ephb3",4.72158902023886,1.9731978443539,0.0595140020525609,0.331685163981765,8.01096337346378,2.18964053677346,3.12663721549679,1.11172960156253,5.56880029448029,2.41354156780812,0.0242415151317077,0.451763730879066,-4.88432615796699,-1.05844379306172,FALSE,1,1,1,1,TRUE,TRUE,0.438543803075903,0.695147410778729,TRUE,"old_high",9.34315031965773,9.34315031965773,2.33207857174741,1.94172544642271
"factorial_medium_original",83,"Irak1bp1",4.00419994033349,2.539922387589,0.0176091042363122,0.222097143007328,5.86786608603906,2.14152889952966,3.13388654974351,1.64117702172884,4.50087631789129,2.69531378709351,0.0129734013909124,0.390617252617321,-2.73397953629555,-0.81861089011899,FALSE,1,1,1,1,TRUE,TRUE,0.303716325386622,0.767038028540025,TRUE,"old_high",9.30514848774138,9.30514848774138,2.19639658690272,1.66407696925193
"factorial_medium_original",84,"Pik3cd",4.1210885131312,2.07719675111488,0.0481053716413554,0.30884475209449,7.66287078616032,2.33947651736104,2.6543641594048,1.12265877212203,5.15861747278256,2.55398703550688,0.0178086624597537,0.412580756486063,-5.00850662675552,-1.23983422491337,FALSE,1,1,1,1,TRUE,TRUE,0.485450430055197,0.673196479510152,TRUE,"old_high",8.86939199050645,8.86939199050645,0.919036373758581,1.47505051458047
"factorial_medium_original",85,"Tuba4a",2.76773893162874,5.5225552587635,9.38581509341305e-06,0.0109421538870845,1.46365339489365,2.03136368507546,3.5273577154122,5.14423604280761,2.49550555515292,5.01784709890762,4.57084583091728e-05,0.0384199360100163,2.06370432051854,2.07480057825047,FALSE,1,1,1,1,TRUE,TRUE,0.413484134061154,0.707471683553213,TRUE,"old_high",8.85900662659309,8.85900662659309,6.89776302491956,1.38030400076442
"factorial_medium_original",86,"Ubxn11",3.69052279530533,1.94635379818983,0.0628209283726585,0.340075639973027,8.27186948294541,2.86996380248659,1.87655550363855,0.853362585445129,5.07421249329198,2.79932793470942,0.0102367622160272,0.362990460018096,-6.39531397930686,-1.76407482906739,FALSE,1,1,1,1,TRUE,TRUE,0.630177919981024,0.613429974570898,TRUE,"old_high",8.71339539385315,8.71339539385315,0.66478091772603,0.893259686941447
"factorial_medium_original",87,"Il12a",3.49846429550398,1.73039622470727,0.0957656726197369,0.398345438104283,9.04259541742692,3.21488866254489,1.42061079405034,0.611297999143798,5.23160310573863,2.86775720533659,0.00874531575851081,0.351567176448723,-7.62198462337658,-2.08903474526542,FALSE,1,1,1,1,TRUE,TRUE,0.728455861508305,0.578551076871219,TRUE,"old_high",8.67998300451317,8.67998300451317,0.80544427960971,1.07155632785261
"factorial_medium_original",88,"Ltb",4.37334398120277,2.27130499938035,0.0319055850547398,0.269636139936433,4.47347026181031,1.21949401959961,4.2930168339902,1.84443280965213,4.38324354790026,2.01787555173361,0.055522279215543,0.523241951586395,-0.18045342782011,-0.0415368843010284,FALSE,1,1,1,1,TRUE,TRUE,0.0205844604872678,0.979830713395891,TRUE,"old_high",8.66644587982374,8.66644587982374,1.02413683561339,1.79867771961086
"factorial_medium_original",89,"S100a5",3.7342441866715,1.96854246502311,0.0600762944772467,0.332937943118501,8.32743354569823,2.91445716361256,1.80791804579145,0.815006881664072,5.06767579574484,2.8019099510177,0.0101763476604969,0.362990460018096,-6.51951549990678,-1.80231491627199,FALSE,1,1,1,1,TRUE,TRUE,0.64324506138849,0.608551958254499,TRUE,"old_high",8.64093346407574,8.64093346407574,0.767458663929819,0.904029558920063
"factorial_medium_original",90,"Napsa",3.31267566305608,1.88274022094724,0.0713069633279726,0.358604116752126,7.85826012402515,3.09904671278989,1.68982200375656,0.861090929284727,4.77404106389085,2.97783775246476,0.00677159238288634,0.331446185947078,-6.16843812026859,-1.92380078663463,FALSE,1,1,1,1,TRUE,TRUE,0.646039423590742,0.607518863563156,TRUE,"old_high",8.63668239540649,8.63668239540649,0.433262550194331,0.741325159654811
"factorial_medium_original",91,"Lpar3",3.80619502099847,2.28722058907439,0.0308266240433157,0.265672464201264,6.74048060645523,2.30974340911203,2.58832812801137,1.32700906324461,4.6644043672333,2.65770411356638,0.0141229360759064,0.39544221012538,-4.15215247844386,-1.18291552932627,FALSE,1,1,1,1,TRUE,TRUE,0.445089201798505,0.691998804472026,TRUE,"old_high",8.57843699800993,8.57843699800993,0.354432310688498,0.573851146838974
"factorial_medium_original",92,"Gm12359",3.68241985698566,1.97698566813003,0.0590599158052806,0.33059116555518,6.31781538788,2.1920354680346,2.86807559784023,1.32572629667983,4.59294549286011,2.54896372147266,0.0180082358199422,0.412580756486063,-3.44973979003976,-0.957257340306072,FALSE,1,1,1,1,TRUE,TRUE,0.375547610988949,0.72698319709999,TRUE,"old_high",8.51097507819803,8.51097507819803,0.709698130315176,1.32592088620356
"factorial_medium_original",93,"Kdm6b",1.97366337186084,4.95914411220407,4.03709354760505e-05,0.0244974147032792,1.77497658294079,2.64039481243267,2.16269333466239,4.33501613747178,1.96883495880159,4.70374223779754,9.94249452969788e-05,0.0578307283492409,0.387716751721596,0.463146911634639,FALSE,1,1,1,1,TRUE,TRUE,0.0984634724014966,0.91036254288344,TRUE,"old_high",8.43076933156545,8.43076933156545,8.89875017540403,1.137643460287
"factorial_medium_original",94,"Cfl1",1.95120707476237,6.37950924953567,1.06671616988296e-06,0.00341989204064477,1.37994054177129,2.7110703680937,2.20775293079469,6.11599128937812,1.79384673628299,5.74940546555783,7.66668389880172e-06,0.0180331583835999,0.827812389023405,1.32659858215357,FALSE,1,1,1,1,TRUE,TRUE,0.230736590128685,0.812521548494338,TRUE,"old_high",8.3799834283631,8.3799834283631,8.94284557139023,0.83421436909851
"factorial_medium_original",95,"Snrpc",3.2710265672673,3.21175386893681,0.00358164455778053,0.131791879189099,2.95440649256203,1.63905787510517,3.31844845005993,2.50958637463288,3.13642747131098,2.80600271524447,0.0100812770042735,0.362990460018096,0.364041957497906,0.162844945490651,FALSE,1,1,1,1,TRUE,TRUE,0.0580344839460384,0.945148778393693,TRUE,"old_high",8.31808805308732,8.31808805308732,4.06527981794534,1.5417373987302
"factorial_medium_original",96,"Cmya5",3.92781318860138,2.14581135106085,0.0416868833295998,0.29617318106304,5.71773970583087,1.92180704642645,3.16729948440526,1.42436752672524,4.44251959511806,2.39208548218484,0.0253955424368507,0.454401352289124,-2.55044022142561,-0.686645370518658,FALSE,1,1,1,1,TRUE,TRUE,0.287048810902208,0.776971309502248,TRUE,"old_high",8.2567860191365,8.2567860191365,1.22279836187898,1.37992333693644
"factorial_medium_original",97,"Cib2",4.19311006517706,2.21273346919774,0.0361779399474415,0.282205536427001,4.08369332875179,1.19261962928988,4.25013957227282,1.8424560712326,4.1669164505123,2.01852541624993,0.0554497456473266,0.523241951586395,0.166446243521031,0.0403146999677928,FALSE,1,1,1,1,TRUE,TRUE,0.0199723495209771,0.980418734360439,TRUE,"old_high",8.24632821340619,8.24632821340619,1.5038054472186,1.31554357111663
"factorial_medium_original",98,"Gsta3",4.43409640505443,2.206813946259,0.0366373082283628,0.28440486726424,4.97336721165372,1.27014791743097,4.14169179164332,1.65070493764397,4.55752950164852,1.960020226863,0.0623268938490624,0.530971449681658,-0.831675420010404,-0.178835994897624,FALSE,1,1,1,1,TRUE,TRUE,0.0912419029287329,0.916387097412725,TRUE,"old_high",8.18594849023072,8.18594849023072,1.65581631223842,1.56287993487973
"factorial_medium_original",99,"Tmsb10",2.43231373689536,4.27328217855838,0.000240657111687701,0.0549228026261143,2.16474430893389,2.19398152662263,2.49816017322007,3.20521023327474,2.33145224107698,3.70843526617522,0.00116991657892635,0.204654658853153,0.333415864286181,0.265167591176992,FALSE,1,1,1,1,TRUE,TRUE,0.0715038864849913,0.933267730162365,TRUE,"old_high",8.06906985711083,8.06906985711083,6.74288033312539,1.35847134176452
"factorial_medium_original",100,"Map4k2",4.25147292551211,2.45961943384109,0.0210955511239082,0.232639981966992,4.02240390357895,1.13674548593317,4.1905380971668,2.00093742690115,4.10647100037287,1.99738965870952,0.0578524025433414,0.526024458399422,0.168134193587854,0.0408902801842933,FALSE,1,1,1,1,TRUE,TRUE,0.0204718568694057,0.979938832480683,TRUE,"old_high",8.03767654612055,8.03767654612055,1.82416770895162,1.64194551714374
"factorial_large_original",1,"Scml4",-7.92900716733324,-6.02711123949426,2.58737727202701e-06,0.00474007516235348,-9.05918605442661,-3.76756889641171,-7.55987517287401,-4.70296003851275,-8.30953061365031,-5.74587413179717,7.73219432432713e-06,0.0180331583835999,1.4993108815526,0.51837173544335,FALSE,-1,-1,-1,-1,TRUE,TRUE,0.090216334775475,0.917249144139769,TRUE,"young_high",43.7945346050818,43.7945346050818,0.985486275645563,1.41349799396382
"factorial_large_original",2,"Plcb1",-8.44648698530266,-6.90736677570058,2.90175066444832e-07,0.00337304209408382,-6.52103743699229,-2.59135298664227,-9.22183223891904,-6.60552313272884,-7.87143483795566,-5.4704935568474,1.50667820636284e-05,0.0241520516479963,-2.70079480192675,-0.938499833033266,FALSE,-1,-1,-1,-1,TRUE,TRUE,0.171556691122371,0.853565181759991,TRUE,"young_high",36.7550575149102,36.7550575149102,1.51698422595541,1.78502399597702
"factorial_large_original",3,"Gm16515",-8.10216265866713,-4.92271906257689,4.43840845716019e-05,0.0244974147032792,-9.9566862839517,-3.9941244185226,-6.83620594965665,-3.19463026366824,-8.39644611680418,-5.11147359566473,3.62917290441047e-05,0.0358003948662769,3.12048033429505,0.949821663395078,FALSE,-1,-1,-1,-1,TRUE,TRUE,0.185821483581513,0.843297253292899,TRUE,"young_high",36.1928108216097,36.1928108216097,1.21450049615635,1.55082511515969
"factorial_large_original",4,"A630033H20Rik",-7.74704167256497,-4.93183097585513,4.33440918368302e-05,0.0244974147032792,-9.82246730458796,-3.87532414475546,-6.74651712504282,-3.39201869644085,-8.28449221481539,-5.1427300284119,3.36056143953518e-05,0.0358003948662769,3.07595017954515,0.95472244671536,FALSE,-1,-1,-1,-1,TRUE,TRUE,0.185645053078768,0.843422740560758,TRUE,"young_high",35.9339473248283,35.9339473248283,1.03656801135516,1.5443514189132
"factorial_large_original",5,"Dgkb",-7.79821201421062,-5.40128195032101,1.28301265686885e-05,0.0112467920779538,-7.30043543994625,-2.68849511139406,-8.11707177952126,-4.65591341336512,-7.70875360973376,-4.77778118722376,8.2753354480684e-05,0.0544522265497601,-0.816636339575006,-0.253070077054875,FALSE,-1,-1,-1,-1,TRUE,TRUE,0.0529681144287537,0.94969637379999,TRUE,"young_high",34.9780182978382,34.9780182978382,0.7175977002595,1.25367529819895
"factorial_large_original",6,"Olfr267",-7.06127870981258,-4.58237317141668,0.000107695179827414,0.0394595138887644,-10.0228159511958,-4.72115255156547,-5.26486021670883,-3.00013973155809,-7.64383808395232,-5.55034311265166,1.24081671839389e-05,0.022731762280976,4.75795573448699,1.72742322320076,FALSE,-1,-1,-1,-1,TRUE,TRUE,0.311228166465732,0.762643775945866,TRUE,"young_high",32.355866925772,32.355866925772,0.580525688444477,1.0999853951594
"factorial_large_original",7,"Tbck",-7.26591643461308,-4.40379345726515,0.00017143388452892,0.0467759177701887,-10.7750346771537,-4.39935239499362,-5.59205589533633,-2.65350603097994,-8.18354528624504,-5.06549630319162,4.06424219679078e-05,0.0372284585226036,5.18297878181742,1.60409449330874,FALSE,-1,-1,-1,-1,TRUE,TRUE,0.316670726675044,0.759491328956083,TRUE,"young_high",31.4837396735914,31.4837396735914,1.23032913695403,1.45717604705357
"factorial_large_original",8,"Fam132b",-8.39978262025864,-4.17223843155687,0.000312758956490806,0.0564904346202549,-6.50753189252191,-1.76473099685504,-10.3167629232445,-5.24146799855009,-8.41214740788323,-4.02497302188171,0.000536051067741759,0.159867881226054,-3.80923103072263,-0.91130429540531,FALSE,-1,-1,-1,-1,TRUE,TRUE,0.226412509173365,0.815386334141379,TRUE,"young_high",27.6078938526514,27.6078938526514,1.56511381998733,2.65674492886216
"factorial_large_original",9,"Chml",-6.42882456274318,-4.04883034458793,0.000430369917114845,0.0632684713286218,-8.12096493948698,-2.70027927646242,-6.36463681644908,-3.65092455671012,-7.24280087796803,-4.16709894382364,0.000376897110603972,0.129359927751919,1.7563281230379,0.5052460498246,FALSE,-1,-1,-1,-1,TRUE,TRUE,0.121246464688408,0.891864573484206,TRUE,"young_high",26.917781985866,26.917781985866,1.82549853146658,1.7568157094974
"factorial_large_original",10,"Tmem132c",-6.54657622640349,-3.66718500066264,0.00114493214923748,0.0954045108346216,-6.94898270724338,-2.06078743860225,-7.05807124248105,-3.60507205103162,-7.00352697486221,-3.59232519806891,0.00155440698152548,0.239133709989759,-0.109088535237662,-0.027977438750594,FALSE,-1,-1,-1,-1,TRUE,TRUE,0.00778811360626584,0.992272072372042,TRUE,"young_high",24.9645199099681,24.9645199099681,1.17102058220966,1.41664486095351
"factorial_large_original",11,"Suox",-7.40846499848963,-4.96614568649504,3.96423251401929e-05,0.0244974147032792,-6.06959309156571,-2.02907558853679,-7.60254743164909,-4.31193329323803,-6.8360702616074,-3.93753198334486,0.000665471304991533,0.177791750316905,-1.53295434008338,-0.44148586191289,FALSE,-1,-1,-1,-1,TRUE,TRUE,0.112122474557514,0.899181540592348,TRUE,"young_high",24.2034900932845,24.2034900932845,2.01840655315644,1.95533195168984
"factorial_large_original",12,"Awat2",-6.24145151588064,-4.0494805174325,0.000429647973582033,0.0632684713286218,-8.69230810720517,-3.48055982556906,-4.94961600394886,-2.77854326809457,-6.82096205557701,-4.44708614168302,0.000188035839747383,0.0964548643568178,3.74269210325631,1.22006793538522,FALSE,-1,-1,-1,-1,TRUE,TRUE,0.27435219536546,0.784712423799936,TRUE,"young_high",23.8030004112036,23.8030004112036,0.440738078857648,0.814688161195311
"factorial_large_original",13,"Osbpl10",-6.30856080279143,-4.1238564451696,0.000354498212682344,0.0598169089399786,-8.23606220565375,-3.20336396689096,-5.20792841573603,-2.91256794665786,-6.72199531069489,-4.29285158860614,0.000275832204206033,0.120795237532218,3.02813378991772,0.966924874960707,FALSE,-1,-1,-1,-1,TRUE,TRUE,0.225240678155428,0.816166176840845,TRUE,"young_high",23.5517223371676,23.5517223371676,0.43465212183852,0.72446582855551
"factorial_large_original",14,"Pcdhb14",-6.74191597156534,-3.85754923382527,0.000704145606442343,0.0799111792656337,-7.31651932098529,-2.29028037939056,-6.55135928757158,-2.99749708672395,-6.93393930427844,-3.58278164320376,0.00159103683474562,0.240040663162093,0.765160033413711,0.197679933550637,FALSE,-1,-1,-1,-1,TRUE,TRUE,0.0551749838484021,0.947710109988421,TRUE,"young_high",23.5437636740135,23.5437636740135,0.957066770930318,1.37249246967002
"factorial_large_original",15,"2010310C07Rik",-6.20188259927477,-3.89712082468963,0.000636137656163134,0.0754785648895075,-7.41351938472554,-2.55309289519434,-5.71621742780767,-2.93475319610992,-6.5648684062666,-3.75510911153696,0.00104324041350836,0.196742868571047,1.69730195691787,0.4854289262956,FALSE,-1,-1,-1,-1,TRUE,TRUE,0.129271580373652,0.885526579593122,TRUE,"young_high",21.8298216273681,21.8298216273681,0.541494762524592,0.721871164271312
"factorial_large_original",16,"4933407K13Rik",-6.51885213685879,-3.82675873321907,0.00076196600416625,0.0832540810706509,-6.52369144014228,-2.11552839116729,-6.29308936122437,-2.91854267166915,-6.40839040068333,-3.4061775174501,0.00244330086857627,0.274849915251071,0.230602078917919,0.0612846259026067,FALSE,-1,-1,-1,-1,TRUE,TRUE,0.0179921982360135,0.982325799483345,TRUE,"young_high",21.4423208190343,21.4423208190343,0.951513532758803,1.27546457269222
"factorial_large_original",17,"Nek4",-7.65670671684456,-4.81986389806277,5.80117713124569e-05,0.0245243584664211,-4.60658051952344,-1.50919864543008,-9.32405164602926,-5.89328251019762,-6.96531608277635,-4.05194042993798,0.000501424738271671,0.155618799325925,-4.71747112650582,-1.37214964528464,FALSE,-1,-1,-1,-1,TRUE,TRUE,0.338640108489186,0.747026772661562,TRUE,"young_high",21.0833708508494,21.0833708508494,1.04800306332634,1.78407263536535
"factorial_large_original",18,"Xylb",-6.30131991625613,-3.65829663601875,0.00117108435884898,0.0961144882719578,-8.4653000548574,-2.88379511855052,-5.20213264752534,-2.48337546638822,-6.83371635119137,-3.78991871136356,0.000957659646636885,0.195589959560876,3.26316740733207,0.904861906742988,FALSE,-1,-1,-1,-1,TRUE,TRUE,0.23875494686052,0.807262164752103,TRUE,"young_high",20.9074680453708,20.9074680453708,0.718225372955279,1.26511293996295
"factorial_large_original",19,"Slc26a6",-6.24178505364956,-3.84782392873975,0.000721925860295391,0.0805041498472009,-6.83256401247707,-2.35239578057921,-5.81618083760601,-2.86192064777258,-6.32437242504154,-3.56815563047759,0.0016488225126568,0.243040228762193,1.01638317487106,0.286717250693458,FALSE,-1,-1,-1,-1,TRUE,TRUE,0.0803544625623404,0.92562213111819,TRUE,"young_high",20.8879084223221,20.8879084223221,0.713636382542876,0.97984927719318
"factorial_large_original",20,"Clcn2",-6.70011120671496,-4.07663366031209,0.000400543135529077,0.0632684713286218,-5.88798085383149,-1.805886385003,-7.32991179365098,-3.6981994966848,-6.60894632374123,-3.46416388775482,0.00212327228164102,0.2658040540516,-1.44193093981949,-0.377903287882312,FALSE,-1,-1,-1,-1,TRUE,TRUE,0.109089313189786,0.901640641657577,TRUE,"young_high",20.6425874981781,20.6425874981781,1.35259842870983,1.72749861122806
"factorial_large_original",21,"Pcdhgb2",-6.25377060062942,-3.74497365532075,0.000939168675084807,0.0902589688386686,-7.09232255612238,-2.29909070741823,-5.81735222140788,-2.85927447786092,-6.45483738876513,-3.49348794112295,0.00197740532581924,0.264405646386737,1.2749703347145,0.34501980618188,FALSE,-1,-1,-1,-1,TRUE,TRUE,0.0987608330902959,0.91011616894595,TRUE,"young_high",20.523025485117,20.523025485117,0.646503219822559,1.29131032752828
"factorial_large_original",22,"Postn",-8.00612759186668,-4.70459287803585,7.83281399151029e-05,0.0301987221300598,-2.46366770652104,-2.36148755308383,-9.91814184282083,-4.70929789270717,-6.19090477467094,-5.26815428072229,2.46993858063714e-05,0.0316744923580907,-7.45447413629979,-3.17169470869213,FALSE,-1,-1,-1,-1,TRUE,TRUE,0.602050411496242,0.624200083108524,TRUE,"young_high",20.3580619287543,20.3580619287543,4.4314826253923,3.56529440451891
"factorial_large_original",23,"Prosapip1",-5.93924718064991,-3.71133593688334,0.00102326896907691,0.090939063101732,-7.68573515616672,-2.69116212125669,-5.14264452822917,-2.64265938824957,-6.41418984219795,-3.71202666644206,0.00115965367212834,0.204654658853153,2.54309062793755,0.735870036460308,FALSE,-1,-1,-1,-1,TRUE,TRUE,0.198239410764517,0.834557761175596,TRUE,"young_high",19.8705229722574,19.8705229722574,0.536757877494429,1.03266548146253
"factorial_large_original",24,"Atp8b2",-6.59994195145323,-4.55481720615833,0.000115708926452471,0.0401040884547698,-5.06348711962717,-1.71272495404828,-7.47748150423827,-4.58973977124552,-6.27048431193272,-3.71521686817539,0.00115061160337367,0.204654658853153,-2.4139943846111,-0.715137157772705,FALSE,-1,-1,-1,-1,TRUE,TRUE,0.192488655742956,0.83858240091766,TRUE,"young_high",19.5357909487259,19.5357909487259,1.56516684953363,1.8357197399403
"factorial_large_original",25,"Gm20257",-5.92165589658741,-3.74834041654387,0.000931134162212615,0.0902589688386686,-6.54957728004445,-2.45955333468055,-5.23554164120034,-2.86460124395912,-5.89255946062239,-3.64889202752103,0.0013536853362666,0.217224773564604,1.31403563884412,0.406849875550544,FALSE,-1,-1,-1,-1,TRUE,TRUE,0.111499556018546,0.899685469584942,TRUE,"young_high",19.3444190968259,19.3444190968259,0.459898543931098,0.751344853192251
"factorial_large_original",26,"Vstm2b",-6.77065102463528,-3.81519802465625,0.00078486000422013,0.0845802075136046,-5.57682650215868,-1.99087489186689,-6.42927646381916,-2.94889338568435,-6.00305148298892,-3.38232216602761,0.00258820780195316,0.28368527224143,-0.852449961660481,-0.240149564677568,FALSE,-1,-1,-1,-1,TRUE,TRUE,0.0710013809705548,0.933705612119554,TRUE,"young_high",18.95819599814,18.95819599814,1.26957477363676,1.44153124192674
"factorial_large_original",27,"Camsap3",-6.22426223437914,-3.78122438350443,0.00085612222313321,0.0878312911156823,-5.72982772092134,-1.81480516902743,-6.56337449356228,-3.2797249456053,-6.14660110724181,-3.28865345169371,0.00324249381265054,0.300402208818331,-0.833546772640939,-0.222988804964429,FALSE,-1,-1,-1,-1,TRUE,TRUE,0.0678054985423872,0.93650014105102,TRUE,"young_high",18.930452198559,18.930452198559,0.872622179712816,1.3285702054872
"factorial_large_original",28,"H19",-6.15962760852834,-3.51097658167766,0.00169990469470607,0.109388869159509,-7.51781511695405,-2.58089086573114,-5.28682251259892,-2.31939397634866,-6.40231881477648,-3.46191387918955,0.00213488908042068,0.2658040540516,2.23099260435513,0.603180229291339,FALSE,-1,-1,-1,-1,TRUE,TRUE,0.174233156350545,0.851619624766812,TRUE,"young_high",18.8755327202278,18.8755327202278,1.21226658259737,1.52687267342324
"factorial_large_original",29,"Fastkd5",-6.61461134878595,-3.68520901636532,0.00109364306069427,0.0934991907356221,-5.95950088806134,-1.78715200910516,-6.75061751099622,-2.97458818910532,-6.35505919952878,-3.15104369468049,0.00450291730633504,0.301148299542853,-0.791116622934884,-0.196130592036084,FALSE,-1,-1,-1,-1,TRUE,TRUE,0.062243052019916,0.941404133544054,TRUE,"young_high",18.8516829382104,18.8516829382104,1.20231588033669,1.52355284520966
"factorial_large_original",30,"Brwd3",-7.28556820157282,-4.90210977725964,4.68296497312832e-05,0.0244974147032792,-4.43954817083445,-1.55106450137882,-8.34699208791147,-4.79949291460632,-6.39327012937296,-3.81779029598158,0.000894161365426026,0.191176465600127,-3.90744391707703,-1.16668005315239,FALSE,-1,-1,-1,-1,TRUE,TRUE,0.305590373347003,0.765937020074992,TRUE,"young_high",18.695116904804,18.695116904804,1.01886360695336,1.3539309456965
"factorial_large_original",31,"Mical3",-6.30332670345221,-4.24611209425239,0.000258240720352677,0.0549663481734062,-5.17031290108649,-1.83879956028496,-6.67156087042657,-3.65964624006969,-5.92093688575653,-3.53378554584903,0.0017928314928983,0.253793007989687,-1.50124796934008,-0.447993998006561,FALSE,-1,-1,-1,-1,TRUE,TRUE,0.126774518250395,0.887489008495466,TRUE,"young_high",18.5692175727044,18.5692175727044,0.936791484061971,1.29608769134129
"factorial_large_original",32,"Pyroxd2",-5.6616852861633,-3.371323270013,0.00241218026949373,0.120140044288402,-8.97000948326785,-3.54612748781275,-4.0249203166879,-1.87992044316226,-6.49746489997787,-3.92125886797313,0.000692768361451104,0.180682154763446,4.94508916657995,1.49219542128158,FALSE,-1,-1,-1,-1,TRUE,TRUE,0.380539861481739,0.724354310875671,TRUE,"young_high",18.4552743236523,18.4552743236523,1.30137951349559,1.51170928341187
"factorial_large_original",33,"Ccdc141",-5.31154569944731,-3.32753879908549,0.0026899180324418,0.123917616154594,-8.02328198731407,-3.00779378715459,-4.37727162555443,-2.25586103607413,-6.20027680643425,-3.75935040916933,0.00103242262814784,0.196742868571047,3.64601036175964,1.1053240825549,FALSE,-1,-1,-1,-1,TRUE,TRUE,0.294019943106096,0.772785616889067,TRUE,"young_high",18.0128701056044,18.0128701056044,0.980399653475333,1.28166448388431
"factorial_large_original",34,"Fbn2",-5.71819130371022,-3.53697121458498,0.00159211417146633,0.107791053793191,-6.1886817065215,-2.05022171621305,-5.42665870101267,-2.79837483279049,-5.80767020376709,-3.23747278116799,0.00366517322804623,0.300402208818331,0.762023005508836,0.212394011057865,FALSE,-1,-1,-1,-1,TRUE,TRUE,0.0656048736556773,0.938434146391793,TRUE,"young_high",17.6446023019708,17.6446023019708,0.481365092933025,1.02845845775836
"factorial_large_original",35,"Hist1h4c",-5.91546098812235,-3.70202933439132,0.00104781260852797,0.0920352663819364,-5.41492305545802,-1.8593374142913,-5.92402476342356,-3.07919010537381,-5.66947390944079,-3.24862654781953,0.00356873406981565,0.300402208818331,-0.50910170796554,-0.145858447402243,FALSE,-1,-1,-1,-1,TRUE,TRUE,0.0448984924526501,0.957030761574494,TRUE,"young_high",17.6265958726265,17.6265958726265,0.512695281000498,0.739949245666931
"factorial_large_original",36,"Sema3d",-6.96851873788868,-4.12773863278727,0.000350954689740678,0.0598169089399786,-5.03690699491604,-1.49928304548588,-7.86153549092869,-3.84395848807586,-6.44922124292237,-3.27946328844502,0.00331473706127387,0.300402208818331,-2.82462849601265,-0.718169303490327,FALSE,-1,-1,-1,-1,TRUE,TRUE,0.218989872623973,0.82035136013675,TRUE,"young_high",17.3504183916612,17.3504183916612,1.23267673513746,1.80399145097369
"factorial_large_original",37,"Fam110a",-6.69794566372248,-4.05295289545047,0.000425812510109025,0.0632684713286218,-5.19598179765178,-1.70087966740216,-6.96508109648643,-3.27730789462596,-6.08053144706911,-3.2678573457251,0.00340820498294917,0.300402208818331,-1.76909929883465,-0.475383129693419,FALSE,-1,-1,-1,-1,TRUE,TRUE,0.14547241213718,0.873002256016133,TRUE,"young_high",17.3468248948431,17.3468248948431,1.25261544798319,1.69933091603859
"factorial_large_original",38,"Arnt2",-5.79644814813035,-3.50185537080473,0.00173938650752846,0.109881244199729,-5.38174125480613,-1.83690128772839,-5.69700584093248,-2.95042733587445,-5.5393735478693,-3.15736376641447,0.00443585616592229,0.301079660737427,-0.315264586126345,-0.089848154531107,FALSE,-1,-1,-1,-1,TRUE,TRUE,0.028456697760608,0.972330679723735,TRUE,"young_high",17.0058859714368,17.0058859714368,0.504458306779024,0.911399276738572
"factorial_large_original",39,"Fgf12",-4.97451317566537,-3.15654634131656,0.00410133727112072,0.138409339907505,-8.92247038529678,-3.82489294267591,-3.0840409691292,-1.87676940211838,-6.00325567721299,-4.20776232136174,0.000340721104224851,0.128511983546456,5.83842941616759,2.0461166935243,FALSE,-1,-1,-1,-1,TRUE,TRUE,0.48627188677446,0.672824406421507,TRUE,"young_high",16.9957282169269,16.9957282169269,0.312837192131647,0.666077360939094
"factorial_large_original",40,"Nr2c1",-5.84158117629706,-3.526612241024,0.00163424626688162,0.108570628323993,-7.14717273966745,-2.47554430026428,-4.90584491065563,-2.27388826382858,-6.02650882516154,-3.34418066710321,0.00283745169810877,0.294053946874339,2.24132782901182,0.621869594144403,FALSE,-1,-1,-1,-1,TRUE,TRUE,0.185955725618308,0.843201797840001,TRUE,"young_high",16.993664997675,16.993664997675,1.93355461187038,1.73912270857097
"factorial_large_original",41,"Zfp456",-5.67965727612495,-3.29373094840676,0.00292530543197916,0.126913964392336,-6.72965986750948,-2.50869195712281,-4.75589147741524,-2.42666331220731,-5.74277567246236,-3.45721275210143,0.00215936173436334,0.266265912321879,1.97376839009424,0.594114905153755,FALSE,-1,-1,-1,-1,TRUE,TRUE,0.17184792953962,0.853353045896379,TRUE,"young_high",16.9424690583314,16.9424690583314,0.599610107098191,0.944388819966523
"factorial_large_original",42,"6720456H20Rik",-6.65775763352773,-4.85055698561568,5.35556637120591e-05,0.0244974147032792,-3.9289503907049,-1.45617832988327,-7.94357564692855,-5.10030709938868,-5.93626301881673,-3.81094068577301,0.000909370274610708,0.191176465600127,-4.01462525622366,-1.28864730880171,FALSE,-1,-1,-1,-1,TRUE,TRUE,0.338144124119333,0.747303658832808,TRUE,"young_high",16.9060610528384,16.9060610528384,1.95973845272981,1.93674586136346
"factorial_large_original",43,"Efcab7",-5.58742677092786,-3.31226777210357,0.00279388086172675,0.124426124186289,-6.59360877618348,-2.18295619803983,-5.1768681745746,-2.49367927682335,-5.88523847537904,-3.21147922439556,0.00389982046029998,0.300402208818331,1.41674060160889,0.386546189033705,FALSE,-1,-1,-1,-1,TRUE,TRUE,0.120363897501515,0.892567140221196,TRUE,"young_high",16.8698055483956,16.8698055483956,0.638441707107414,1.19975947763646
"factorial_large_original",44,"4933400A11Rik",-5.04482207839267,-3.02190149192853,0.0056900714849284,0.157601461604151,-9.34797802068914,-3.88891297181121,-2.94012310097184,-1.65312442850019,-6.14405056083049,-4.10948702256217,0.000434786176603825,0.14296661355814,6.4078549197173,2.14296711707724,FALSE,-1,-1,-1,-1,TRUE,TRUE,0.521468234579675,0.657259860753033,TRUE,"young_high",16.5950858991637,16.5950858991637,0.432788494736969,0.858484735711812
"factorial_large_original",45,"Tmem8b",-5.56977622563686,-3.3582614990778,0.00249198781820921,0.120140044288402,-6.94686066665033,-2.38356063770442,-4.83107298371928,-2.38796803950578,-5.8889668251848,-3.31975204342579,0.00300919348403832,0.296845363379288,2.11578768293105,0.596360167442873,FALSE,-1,-1,-1,-1,TRUE,TRUE,0.179639957746297,0.847716282780469,TRUE,"young_high",16.5727767385263,16.5727767385263,0.604186397083776,1.1159144082576
"factorial_large_original",46,"Mmp27",-5.44262746296909,-3.46317553704914,0.00191696579640007,0.115413940718472,-5.84186186473368,-1.87411797473572,-5.32792784847687,-2.7569898346457,-5.58489485660528,-3.04555324104334,0.0057775916568139,0.31894549392361,0.513934016256809,0.140129174235228,FALSE,-1,-1,-1,-1,TRUE,TRUE,0.0460110694508338,0.956012827402496,TRUE,"young_high",16.2609126501409,16.2609126501409,1.94934829017332,1.58327847006024
"factorial_large_original",47,"Carf",-5.75388402395691,-3.42872388439603,0.00208988804675217,0.116324862355683,-5.34648788319629,-1.70155181436313,-5.98029563040829,-2.95617192995595,-5.66339175680229,-3.0309556367602,0.00597924954638155,0.31894549392361,-0.633807747212009,-0.169601825772265,FALSE,-1,-1,-1,-1,TRUE,TRUE,0.0559565467543541,0.947008665341064,TRUE,"young_high",16.2558669873509,16.2558669873509,0.564448358387671,1.24807110997205
"factorial_large_original",48,"Pcdhga1",-5.48370884838619,-3.55707236107523,0.00151335859477157,0.107791053793191,-5.13206036609107,-1.78898575968162,-5.64799772881722,-3.05784412285199,-5.39002904745415,-3.15955097357237,0.0044128735244083,0.301079660737427,-0.515937362726155,-0.151217218158939,FALSE,-1,-1,-1,-1,TRUE,TRUE,0.0478603464214631,0.954325644075653,TRUE,"young_high",16.2522339762415,16.2522339762415,0.368964953826932,0.87456100085119
"factorial_large_original",49,"Zfp558",-4.93176833916377,-2.77228874813213,0.0103071610705179,0.19029619807033,-10.1257956372585,-4.28899939149545,-2.42456186089692,-1.29105626481935,-6.27517874907772,-4.16028921659881,0.000383318563207495,0.129359927751919,7.70123377636161,2.5528643179298,FALSE,-1,-1,-1,-1,TRUE,TRUE,0.613626597000674,0.619722060765947,TRUE,"young_high",16.1788102219829,16.1788102219829,0.510937906613952,1.03656898926456
"factorial_large_original",50,"Fpgt",-5.78709540567127,-3.3644391401148,0.0024539285140842,0.120140044288402,-5.39464829780311,-1.75310472142416,-5.66728493296,-2.61942727182322,-5.53096661538155,-2.94070095886591,0.00738427985976045,0.336559389951386,-0.272636635156889,-0.0724776400022196,FALSE,-1,-1,-1,-1,TRUE,TRUE,0.0246463800515727,0.975946452813963,TRUE,"young_high",15.87368983677,15.87368983677,0.994982802084835,1.21408011772932
"factorial_large_original",51,"Ccdc15",-6.05997019858691,-3.6020470849646,0.00135066533974707,0.103100787600693,-5.14421022950969,-1.65660575834938,-6.21268287628785,-2.94304193639404,-5.67844655289877,-3.02459096537556,0.00606927455048311,0.31894549392361,-1.06847264677815,-0.28455781736172,FALSE,-1,-1,-1,-1,TRUE,TRUE,0.0940814131772799,0.914008763841384,TRUE,"young_high",15.698080539901,15.698080539901,1.22829325722938,1.26924225044127
"factorial_large_original",52,"Klf12",-4.73184279989447,-3.42487958512599,0.0021100986422829,0.116324862355683,-5.77586887480417,-2.14830428743426,-4.64840567826014,-2.92035761792157,-5.21213727653215,-3.33638670894306,0.00289118349807294,0.294053946874339,1.12746319654403,0.360855156358693,FALSE,-1,-1,-1,-1,TRUE,TRUE,0.108157462914783,0.90239883181376,TRUE,"young_high",15.692449960016,15.692449960016,1.59583206366955,1.60239928795584
"factorial_large_original",53,"Lass6",-6.31377964460584,-4.34929603383665,0.000197533048423865,0.0506022637434747,-3.66199458382203,-1.75916564484077,-6.85929744416881,-3.96324413514735,-5.26064601399542,-3.88645904015012,0.000754916403535121,0.186173999210277,-3.19730286034678,-1.18105139298805,FALSE,-1,-1,-1,-1,TRUE,TRUE,0.303888776012671,0.766936581092468,TRUE,"young_high",15.6802371753245,15.6802371753245,2.19288640098383,1.92115106774832
"factorial_large_original",54,"Mertk",-6.06926994234285,-3.60882735780069,0.00132766879772119,0.102524019441369,-5.00581444053127,-1.55445112427442,-6.48797109835077,-3.16496002337471,-5.74689276944102,-3.01088352022773,0.0062675982263206,0.31894549392361,-1.4821566578195,-0.388262077827025,FALSE,-1,-1,-1,-1,TRUE,TRUE,0.128952860991942,0.885776576288014,TRUE,"young_high",15.3267911618759,15.3267911618759,0.691100640955342,1.18718474942998
"factorial_large_original",55,"Chn2",-5.39450195400704,-3.16282924377177,0.00403872305565307,0.138316819598523,-7.0198807578188,-2.37559617325418,-4.53354770973773,-2.22943417377477,-5.77671423377826,-3.22084777237309,0.00381362002795753,0.300402208818331,2.48633304808108,0.693136265289327,FALSE,-1,-1,-1,-1,TRUE,TRUE,0.215203031711321,0.822907756074095,TRUE,"young_high",15.3109535493001,15.3109535493001,0.527309310180138,0.963792544449885
"factorial_large_original",56,"Spnb3",-5.33050725829677,-3.06984525473958,0.00506651957836754,0.154662386634549,-7.11229743971257,-2.37628618927999,-4.55385795412364,-2.12489948259372,-5.83307769691811,-3.16913525857685,0.00431351321412452,0.300974146154813,2.55843948558893,0.69500538155003,FALSE,-1,-1,-1,-1,TRUE,TRUE,0.21930440491443,0.820139741945884,TRUE,"young_high",15.160949243531,15.160949243531,0.648828486502886,0.953587780596561
"factorial_large_original",57,"Uprt",-5.74049739012716,-3.17453327738202,0.0039245253673965,0.137508506315554,-5.69036061488634,-1.80715101510882,-5.3359341796647,-2.32192555664167,-5.51314739727552,-2.8285522054595,0.00957241542385433,0.358987064787081,0.354426435221638,0.090920267750753,FALSE,-1,-1,-1,-1,TRUE,TRUE,0.0321437445381057,0.968857298503039,TRUE,"young_high",15.1085789281856,15.1085789281856,1.11574465401479,1.28656409981057
"factorial_large_original",58,"Zc4h2",-5.91074523278478,-3.05342573589847,0.00527232012536764,0.155717635582072,-5.9059136683335,-1.77799841991444,-5.47808388217095,-2.20815541414656,-5.69199877525223,-2.74588133829561,0.0115663694287659,0.384267154286255,0.427829786162554,0.103194841757385,FALSE,-1,-1,-1,-1,TRUE,TRUE,0.0375816796062044,0.963779545895155,TRUE,"young_high",15.0634436996791,15.0634436996791,1.88649952169461,1.88323604180866
"factorial_large_original",59,"Gpr88",-4.89654834355073,-3.0017882254159,0.00597293937988364,0.16024471675236,-8.23668116976196,-3.08753999955251,-3.38264523556042,-1.89237459640192,-5.80966320266119,-3.6183558575732,0.00145865103845921,0.230935073051863,4.85403593420154,1.51158756908178,FALSE,-1,-1,-1,-1,TRUE,TRUE,0.417755328245428,0.705340322182087,TRUE,"young_high",14.82726141886,14.82726141886,0.342171924633442,0.713875306949698
"factorial_large_original",60,"B4galt2",-4.94110909763041,-3.32954260487997,0.0026765574478061,0.123917616154594,-5.58595881529357,-1.89518398793201,-4.84603576467607,-2.7030766443302,-5.21599728998482,-3.02388895105482,0.00607928348691888,0.31894549392361,0.7399230506175,0.214479131506561,FALSE,-1,-1,-1,-1,TRUE,TRUE,0.0709282365914935,0.933769384195863,TRUE,"young_high",14.7279677899962,14.7279677899962,2.35468734951986,1.84299273594825
"factorial_large_original",61,"Gm266",-5.38261288568449,-2.6447610177226,0.0138605744225148,0.206204183752122,-8.95006226710474,-2.71232487701158,-3.96693285528822,-1.58127204522237,-6.45849756119648,-3.11618800230516,0.00489070767067309,0.311439216944396,4.98312941181652,1.20216566932943,FALSE,-1,-1,-1,-1,TRUE,TRUE,0.385780824318569,0.721614834360066,TRUE,"young_high",14.5231426643633,14.5231426643633,1.22717325561638,1.48433227130861
"factorial_large_original",62,"Dhx34",-6.64955585579417,-4.47470080613228,0.000142548992118626,0.0425127505797504,-3.57999740323325,-1.18328757835598,-8.16632198713064,-5.03282712289332,-5.87315969518195,-3.42147003876583,0.00235460109943548,0.270682127928693,-4.5863245838974,-1.33590545517884,FALSE,-1,-1,-1,-1,TRUE,TRUE,0.39044776844839,0.71919278285146,TRUE,"young_high",14.4520638501769,14.4520638501769,0.938764902470093,1.29742792736412
"factorial_large_original",63,"6330408A02Rik",-5.16282439038452,-3.04044638892333,0.00544063845785114,0.156228710231465,-5.70602807354847,-2.1779567774619,-4.45217280442738,-2.42701880385726,-5.07910043898793,-3.17614850460961,0.00424217993305618,0.300974146154813,1.25385526912109,0.392040931839634,FALSE,-1,-1,-1,-1,TRUE,TRUE,0.123432796885007,0.890128900253531,TRUE,"young_high",14.3595391809669,14.3595391809669,0.46837307905462,0.986792228649001
"factorial_large_original",64,"Rbm20",-4.64900504714822,-2.47753096800432,0.0202667022006917,0.231022390241485,-10.0646528871951,-4.00821841164656,-2.22429470829673,-1.11041802339306,-6.14447379774592,-3.82582528088344,0.000876640267896609,0.191176465600127,7.84035817889838,2.44087952193844,FALSE,-1,-1,-1,-1,TRUE,TRUE,0.638000730328923,0.610500338299112,TRUE,"young_high",14.3514485420417,14.3514485420417,0.56631480456511,1.05360605677755
"factorial_large_original",65,"Slc27a5",-4.94921957375441,-3.20767064503223,0.00361780202974494,0.132556266369855,-5.20113833280568,-1.80477398880295,-4.87086889083325,-2.63902354228842,-5.03600361181946,-2.94308678542304,0.00734337475163982,0.336559389951386,0.330269441972434,0.0965062483292118,FALSE,-1,-1,-1,-1,TRUE,TRUE,0.0327908233034693,0.968250276277064,TRUE,"young_high",14.3508204632194,14.3508204632194,0.290399093264453,0.556623435870057
"factorial_large_original",66,"Hhip",-5.24358141962607,-2.76600484758849,0.010459992140397,0.190347431362593,-8.70712944213827,-2.8560251232652,-3.65675933566366,-1.59640749552907,-6.18194438890096,-3.24228779105287,0.00362323521441845,0.300402208818331,5.05037010647461,1.32440153990387,FALSE,-1,-1,-1,-1,TRUE,TRUE,0.40847744498192,0.70998652024054,TRUE,"young_high",14.2307162166581,14.2307162166581,0.782460800008768,1.10568452029027
"factorial_large_original",67,"Bdnf",-5.21285398966151,-2.54819265874167,0.0172821786044429,0.219964659656447,-10.0498675010806,-3.4664790764003,-2.91041284223385,-1.17545666731424,-6.4801401716572,-3.39936441423053,0.00248385956431984,0.27512807350463,7.13945465884671,1.87261443899363,FALSE,-1,-1,-1,-1,TRUE,TRUE,0.550871888481774,0.644798585509826,TRUE,"young_high",14.2038540142229,14.2038540142229,1.10271390087975,1.53392138317309
"factorial_large_original",68,"Cd38",-5.61227690721919,-3.48641339301644,0.0018082726447819,0.111772469826397,-4.8095930171073,-1.5598485897952,-5.92662329546294,-2.96111762940991,-5.36810815628512,-2.92061010389482,0.00773748352989257,0.337087685565753,-1.11703027835564,-0.303869614987378,FALSE,-1,-1,-1,-1,TRUE,TRUE,0.104043188195138,0.905761668286523,TRUE,"young_high",14.2006681329892,14.2006681329892,1.13996486782393,1.40207830770939
"factorial_large_original",69,"Usp27x",-4.9836409448345,-2.89812615972521,0.0076565110163507,0.175238283085594,-8.20799080043002,-2.85572478477503,-3.56401896257651,-1.74976008484019,-5.88600488150326,-3.34168372243861,0.00285455909213368,0.294053946874339,4.6439718378535,1.31826981207455,FALSE,-1,-1,-1,-1,TRUE,TRUE,0.39449265986463,0.717106678852705,TRUE,"young_high",14.1048908099832,14.1048908099832,0.444991736834242,0.643395348124109
"factorial_large_original",70,"2310079F23Rik",-5.50699772206956,-3.40296535318077,0.00222898371624222,0.119102029904543,-4.75797747312097,-1.6105721826685,-5.54237299748188,-2.92904939529392,-5.15017523530142,-2.93603353542469,0.00746493379809833,0.336984436223304,-0.784395524360907,-0.223585747993084,FALSE,-1,-1,-1,-1,TRUE,TRUE,0.0761523067052195,0.929236497259045,TRUE,"young_high",14.051066108341,14.051066108341,0.452638527615007,0.900839112990992
"factorial_large_original",71,"Adamts19",-4.53888193246739,-2.73704291113262,0.0111923872677088,0.194051387732314,-9.04960268000955,-3.80758441464584,-2.34173950037536,-1.38741165895446,-5.69567109019245,-3.90773183354064,0.000716300352369406,0.180682154763446,6.7078631796342,2.30109236181386,FALSE,-1,-1,-1,-1,TRUE,TRUE,0.588856210669227,0.629383573721123,TRUE,"young_high",14.0082879011106,14.0082879011106,0.329314914027831,0.826337466192241
"factorial_large_original",72,"Zfp943",-7.11003862057519,-4.74692364915395,7.01495984630349e-05,0.0281124515840612,-2.6087128927262,-1.09265250403338,-8.53080303042072,-5.1858341949968,-5.56975796157346,-3.84206441005547,0.000842257727306088,0.191176465600127,-5.92209013769452,-2.04255300752323,FALSE,-1,-1,-1,-1,TRUE,TRUE,0.531628990606312,0.652899629174647,TRUE,"young_high",13.9716399781081,13.9716399781081,1.36601263120984,1.6783403668412
"factorial_large_original",73,"Wdr67",-5.47426277539287,-2.85593710503506,0.00846340343547315,0.179617952890693,-8.4909015211933,-3.05842623432527,-3.4927941706291,-1.49581588323025,-5.9918478459112,-3.3034263896677,0.00312955695238565,0.299865750526175,4.99810735056419,1.37777862062309,FALSE,-1,-1,-1,-1,TRUE,TRUE,0.417075588534786,0.70567865828101,TRUE,"young_high",13.9679410591799,13.9679410591799,0.969859382143441,1.38665252466451
"factorial_large_original",74,"D630037F22Rik",-5.152866208968,-2.97177521468067,0.00642011532412257,0.163869078466323,-5.85188636411051,-1.84177580110324,-4.87783245561391,-2.24006481045163,-5.36485940986221,-2.78558147236806,0.0105641743983817,0.365907140288238,0.974053908496598,0.25287769103585,FALSE,-1,-1,-1,-1,TRUE,TRUE,0.0907809267028573,0.91677437285481,TRUE,"young_high",13.7005081479965,13.7005081479965,0.933370795584504,1.09114845509899
"factorial_large_original",75,"Clvs1",-5.02535832588805,-3.07606421957377,0.00499059841710775,0.154281250756381,-5.271570167737,-1.71586470645552,-4.89415665480075,-2.50240777424453,-5.08286341126888,-2.79128579860484,0.010427121643878,0.365348109183312,0.377413512936253,0.103629479450988,FALSE,-1,-1,-1,-1,TRUE,TRUE,0.0371260690355604,0.964202935261203,TRUE,"young_high",13.6798455652709,13.6798455652709,0.384577428669823,0.834676835152115
"factorial_large_original",76,"Zfp933",-5.10790717660158,-3.03464719661892,0.00551749330411771,0.156228710231465,-6.18479681266753,-2.19936842405642,-4.34207921942053,-2.15748551004228,-5.26343801604403,-3.04415354690423,0.00579664081250297,0.31894549392361,1.842717593247,0.532875591992035,FALSE,-1,-1,-1,-1,TRUE,TRUE,0.175048838096049,0.851028457353582,TRUE,"young_high",13.6357851571624,13.6357851571624,0.543016798622713,0.750088828780321
"factorial_large_original",77,"Pde5a",-5.79425606644093,-3.61644426107255,0.0013022908200191,0.102457530527147,-4.50212612451622,-1.38792337992676,-6.46584688463802,-3.3560408863846,-5.48398650457712,-2.90711476878634,0.00798373403420797,0.337087685565753,-1.9637207601218,-0.520493770248859,FALSE,-1,-1,-1,-1,TRUE,TRUE,0.179041339675205,0.84814668184194,TRUE,"young_high",13.5216447658,13.5216447658,1.60814901535163,1.70867677772662
"factorial_large_original",78,"Ctrb1",-4.96803160483386,-3.05820107334862,0.00521165568387732,0.155428540674518,-6.25595185641785,-2.05879614444072,-4.42869577039699,-2.28198620996867,-5.34232381340742,-2.96341538011409,0.00700352151441124,0.336559389951386,1.82725608602086,0.506794325638936,FALSE,-1,-1,-1,-1,TRUE,TRUE,0.171016956180952,0.853958599593049,TRUE,"young_high",13.5194665377287,13.5194665377287,0.348477537376181,0.699447608430321
"factorial_large_original",79,"Nhlrc3",-5.16676662666347,-2.75358806475491,0.0107682822415749,0.191633612134231,-8.37232864905935,-3.08127685230459,-3.29266788086418,-1.47857117291916,-5.83249826496176,-3.32038851474096,0.00300459328349756,0.296845363379288,5.07966076819517,1.44590246814296,FALSE,-1,-1,-1,-1,TRUE,TRUE,0.435461795440987,0.696639926730193,TRUE,"young_high",13.491240458459,13.491240458459,0.822912355647641,1.16533280494199
"factorial_large_original",80,"Wdr35",-5.14633121723308,-3.44201418644564,0.00202145564140437,0.116324862355683,-4.52301939343846,-1.67925765497366,-5.17198802746051,-2.73644078137846,-4.84750371044948,-2.94641540489757,0.00728666724865056,0.336559389951386,-0.648968634022044,-0.197228439088764,FALSE,-1,-1,-1,-1,TRUE,TRUE,0.0669384291222584,0.937261207118271,TRUE,"young_high",13.3866765109553,13.3866765109553,1.75123868529363,1.74639584410832
"factorial_large_original",81,"A930038C07Rik",-5.25546198580823,-3.04505976876325,0.0053802310032483,0.156228710231465,-5.98574798227352,-2.07311916660462,-4.48860900712555,-2.10093183014774,-5.23717849469953,-2.91617157538669,0.0078176621826234,0.337087685565753,1.49713897514797,0.416819297657005,FALSE,-1,-1,-1,-1,TRUE,TRUE,0.142933722206478,0.87494137286409,TRUE,"young_high",13.3625517952039,13.3625517952039,0.724389461365926,1.07603074915819
"factorial_large_original",82,"4930412F15Rik",-4.9102524980818,-3.034803327466,0.00551541062299502,0.156228710231465,-4.94735303273779,-1.63092380234609,-4.88426871136652,-2.51790384445494,-4.91581087205216,-2.73050001198094,0.0119783171034669,0.385750905929446,0.06308432137127,0.0175201756885486,FALSE,-1,-1,-1,-1,TRUE,TRUE,0.00641647091362404,0.993624437696455,TRUE,"young_high",13.3370448844596,13.3370448844596,0.357730638358846,0.774779022880778
"factorial_large_original",83,"Serac1",-4.56213506932406,-3.16311046852495,0.00403594202176797,0.138316819598523,-5.31101460910116,-1.94977890445056,-4.3932765102697,-2.51595713074573,-4.85214555968543,-2.99927481064098,0.00644040499066752,0.32136869105183,0.917738098831457,0.283642434952959,FALSE,-1,-1,-1,-1,TRUE,TRUE,0.0945703290402346,0.91360050009472,TRUE,"young_high",13.2955531212769,13.2955531212769,0.958333376516916,1.14508209259996
"factorial_large_original",84,"Rab11fip4",-4.78737351000132,-3.09124389383114,0.00480983424924682,0.152044347538188,-5.88206908070742,-2.03205035772053,-4.30439397015674,-2.33378398264032,-5.09323152543208,-2.96781763297515,0.00693193351536363,0.336559389951386,1.57767511055068,0.459654346049103,FALSE,-1,-1,-1,-1,TRUE,TRUE,0.154879563965755,0.865891155408524,TRUE,"young_high",13.0886222266294,13.0886222266294,0.266031739687444,0.512187087438006
"factorial_large_original",85,"Slurp1",-5.16401538415609,-3.05900024502175,0.00520156872380585,0.155428540674518,-4.82327178638665,-1.52421914883775,-5.33421710765486,-2.6237640843117,-5.07874444702076,-2.70057987594426,0.0128196661959941,0.389572036249831,-0.510945321268211,-0.135845450260274,FALSE,-1,-1,-1,-1,TRUE,TRUE,0.0503023214000869,0.952106816889605,TRUE,"young_high",13.0586734592804,13.0586734592804,0.452794542618152,0.901613865769889
"factorial_large_original",86,"Fzd9",-5.72081571449638,-3.317013916541,0.00276116041517005,0.124426124186289,-4.37679445906495,-1.38252915821479,-6.41219841435671,-3.10064282221526,-5.39449643671083,-2.85317968299618,0.0090445798842879,0.35254617761735,-2.03540395529176,-0.538268333296873,FALSE,-1,-1,-1,-1,TRUE,TRUE,0.188655585420798,0.841286586514452,TRUE,"young_high",12.9486352665982,12.9486352665982,0.605523177383592,1.39465878791066
"factorial_large_original",87,"Pgap1",-5.92134916266981,-3.36147525047948,0.002472117661438,0.120140044288402,-4.29894624645953,-1.45596714798724,-6.14705040824939,-3.02805374277588,-5.22299832735446,-2.91529370132528,0.00783361400450119,0.337087685565753,-1.84810416178986,-0.515773324494632,FALSE,-1,-1,-1,-1,TRUE,TRUE,0.176919833114912,0.849675544470464,TRUE,"young_high",12.9376476607326,12.9376476607326,0.830447970769207,1.08492867974998
"factorial_large_original",88,"Lypd1",-4.70318306030596,-2.84050503192936,0.00877819418461601,0.181556450721621,-6.98895588158861,-2.80971038798848,-3.31289346555558,-1.9123493641733,-5.15092467357209,-3.39856157862512,0.00248868188759647,0.27512807350463,3.67606241603303,1.21272638210546,FALSE,-1,-1,-1,-1,TRUE,TRUE,0.356835159913975,0.737009203139607,TRUE,"young_high",12.901887574246,12.901887574246,0.379607883745039,0.759910412398301
"factorial_large_original",89,"Zfp385c",-5.1031716148747,-2.97272513295941,0.00640548551732274,0.163869078466323,-5.49481123831404,-1.79669617669993,-4.63797441549024,-2.28261594072934,-5.06639282690214,-2.75967598305233,0.0112083474236127,0.37627185172882,0.856836822823801,0.23336050737972,FALSE,-1,-1,-1,-1,TRUE,TRUE,0.084560827351685,0.922032194765721,TRUE,"young_high",12.8914877363321,12.8914877363321,0.54699204097371,0.9515696049422
"factorial_large_original",90,"Fbxl13",-5.80888090633024,-3.53959020213887,0.00158163103475533,0.107791053793191,-4.25024335583055,-1.38983111394041,-6.2588819384834,-3.20895268792125,-5.25456264715697,-2.89735136482191,0.00816653183273069,0.341132261312503,-2.00863858265284,-0.553778889859842,FALSE,-1,-1,-1,-1,TRUE,TRUE,0.191132785580818,0.839536961878169,TRUE,"young_high",12.7813745382374,12.7813745382374,0.557943969744702,0.827946107844993
"factorial_large_original",91,"D0H4S114",-2.66953039560812,-6.50060947025129,7.89077221011498e-07,0.00337304209408382,-2.15969464617088,-2.92410900386276,-2.94162029517973,-5.9141353854377,-2.5506574706753,-5.72892789627381,8.0545765040867e-06,0.0180331583835999,-0.781925649008847,-0.878125682283946,FALSE,-1,-1,-1,-1,TRUE,TRUE,0.153279204424619,0.867092718019579,TRUE,"young_high",12.6704207285878,12.6704207285878,6.05665587326347,1.83222847351984
"factorial_large_original",92,"Cnn1",-5.02380165749359,-2.86416498217424,0.00829996832352966,0.179323146555403,-5.94800577710757,-1.78627061911759,-4.6370818251004,-2.21046363698782,-5.29254380110399,-2.68960563790026,0.0131420043945527,0.390866842799013,1.31092395200717,0.333097711108362,FALSE,-1,-1,-1,-1,TRUE,TRUE,0.123846289934099,0.889801398070762,TRUE,"young_high",12.6661944553984,12.6661944553984,0.555652841786304,1.5697820222766
"factorial_large_original",93,"Rnf152",-4.9077636462575,-2.98809721745882,0.00617311156043857,0.16322470649704,-4.72538975413333,-1.53287227599137,-5.03507781130535,-2.55579278367922,-4.88023378271934,-2.66792861174588,0.0138012795376356,0.393310899168445,-0.309688057172028,-0.0846502099316298,FALSE,-1,-1,-1,-1,TRUE,TRUE,0.031728810465987,0.96924694731394,TRUE,"young_high",12.6197070478677,12.6197070478677,0.372748471950557,0.814878992486173
"factorial_large_original",94,"Tmeff1",-4.95122848901106,-2.79782983217439,0.00970738675677246,0.186774788995952,-5.40787136922884,-1.62641520022528,-4.82458949594121,-2.24771311618478,-5.11623043258503,-2.58548754152593,0.0166035338174092,0.403264616807682,0.583281873287634,0.147380775402362,FALSE,-1,-1,-1,-1,TRUE,TRUE,0.0570030830286354,0.946071034281845,TRUE,"young_high",12.5145803786327,12.5145803786327,0.516908302593609,1.21268788952413
"factorial_large_original",95,"Mthfsd",-5.03542063544287,-2.85458819710551,0.00849048679922585,0.17967327180408,-5.02533851131355,-1.3926173218666,-5.24365309588818,-2.58514510475802,-5.13449580360087,-2.4806932154154,0.0209357719895225,0.437264397383774,-0.218314584574629,-0.0527385287179225,FALSE,-1,-1,-1,-1,TRUE,TRUE,0.0212595911717302,0.979182970367663,TRUE,"young_high",12.4719601310748,12.4719601310748,2.32283686998297,2.1751459942336
"factorial_large_original",96,"S100a7a",-5.33011767315409,-2.95210758093649,0.00673026977488824,0.167265464327843,-4.4103593886989,-1.56050219866271,-5.10416330010372,-2.65488032056771,-4.75726134440131,-2.78351373444967,0.0106142744999395,0.365907140288238,-0.693803911404813,-0.202975259986819,FALSE,-1,-1,-1,-1,TRUE,TRUE,0.072920509118216,0.932035497039621,TRUE,"young_high",12.3419229830833,12.3419229830833,0.60201067621468,0.975091911286844
"factorial_large_original",97,"Zfp37",-4.89104085748385,-2.85541550960639,0.00847386630527677,0.179617952890693,-5.07354551803351,-1.57471393398062,-4.80194878172546,-2.28407371019343,-4.93774714987949,-2.56697259873226,0.0173022864776637,0.408987464553762,0.271596736308046,0.0705971122908634,FALSE,-1,-1,-1,-1,TRUE,TRUE,0.027502087547414,0.973234032435827,TRUE,"young_high",12.3358013446606,12.3358013446606,0.541073897113556,0.787779813215819
"factorial_large_original",98,"Kcnq4",-5.91213060012825,-3.39951340830379,0.00224829376672148,0.119140988696018,-4.30790738162403,-1.20595725653643,-6.68614644326084,-3.54988145646458,-5.49702691244243,-2.72243086459275,0.012199934582253,0.385750905929446,-2.3782390616368,-0.58891756652355,FALSE,-1,-1,-1,-1,TRUE,TRUE,0.216320465880677,0.82215175034151,TRUE,"young_high",12.3037276357055,12.3037276357055,1.28901479663142,1.46736848229272
"factorial_large_original",99,"4933402P03Rik",-4.94789882426509,-2.90587347330335,0.00751650635229186,0.174622604097447,-4.73616546261358,-1.48462651252271,-5.09477453173685,-2.48308732014271,-4.91546999717522,-2.59186543404214,0.0163690120396132,0.403264616807682,-0.358609069123272,-0.0945450232763883,FALSE,-1,-1,-1,-1,TRUE,TRUE,0.0364775934805584,0.964806191942785,TRUE,"young_high",12.2918593299901,12.2918593299901,0.449697088444809,0.947559226203794
"factorial_large_original",100,"Adamts8",-4.65735514656005,-2.50583124662169,0.0190182787009923,0.229220306448802,-9.05054924953575,-3.22182663051883,-2.58181495354387,-1.19730172352577,-5.81618210153981,-3.28472870175166,0.00327315707037983,0.300402208818331,6.46873429599189,1.82663101284471,FALSE,-1,-1,-1,-1,TRUE,TRUE,0.556097937354934,0.642633073403983,TRUE,"young_high",12.2772351437058,12.2772351437058,0.642478780007101,0.99878894458714
"factorial_large_original",101,"Nrxn2",5.82894369737625,4.36096901630754,0.000191629074415692,0.0501520663327926,6.59995628939988,2.80014564592188,5.50693564377708,3.37586422956355,6.05344596658848,4.22366209379138,0.000327535689612072,0.127284609098579,-1.0930206456228,-0.381315856631832,FALSE,1,1,1,1,TRUE,TRUE,0.090280855018347,0.917194863504388,TRUE,"old_high",23.4505725274464,23.4505725274464,1.28958467508492,1.16431167588137
"factorial_large_original",102,"Aox3",6.69168265809956,4.18826769774301,0.000300034651601562,0.0549663481734062,5.26502983379523,1.73304478904174,7.21375217846282,3.99936014324539,6.23939100612902,3.53193324998332,0.00180093291695738,0.253793007989687,1.94872234466759,0.551556813586128,FALSE,1,1,1,1,TRUE,TRUE,0.156162851998736,0.864930055719428,TRUE,"old_high",19.0605609893943,19.0605609893943,2.17899456477534,1.78848703211307
"factorial_large_original",103,"Rgs20",5.173392256917,3.27456392619509,0.0030674751382127,0.126913964392336,7.62735823143722,2.81670211350521,4.07320920256322,2.16048508994127,5.85028371700022,3.54608561469216,0.00173993253171872,0.253555622576828,-3.55414902887399,-1.07715431878444,FALSE,1,1,1,1,TRUE,TRUE,0.303758663429211,0.76701311987431,TRUE,"old_high",15.9121526956194,15.9121526956194,0.801022403147215,0.942708062397911
"factorial_large_original",104,"Acot1",5.72406554693477,3.70943302621918,0.00102824112209538,0.090939063101732,4.85412386453411,1.65357921496391,6.08467632901754,3.2524988982736,5.46940009677583,3.14246568055043,0.00459550451473576,0.302219230240879,1.23055246448343,0.353509417791127,FALSE,1,1,1,1,TRUE,TRUE,0.112494270872098,0.898881033532054,TRUE,"old_high",15.4494297609675,15.4494297609675,1.99710541229476,1.56110424447021
"factorial_large_original",105,"Trim46",4.57253092484464,2.48933946641571,0.0197368455613024,0.229720374304014,9.41606418677168,3.83226427742789,2.87006828767535,1.39934291353482,6.14306623722352,3.83871515584291,0.000849238198795912,0.191176465600127,-6.54599589909634,-2.04525009967204,FALSE,1,1,1,1,TRUE,TRUE,0.532795440706455,0.652402775636589,TRUE,"old_high",15.3846239634613,15.3846239634613,0.651552536919976,1.16184610550071
"factorial_large_original",106,"Mutyh",5.08258835901849,3.3652583063458,0.00244892427833851,0.120140044288402,4.46848233078239,1.59495376622821,5.40507202895663,2.96141911149879,4.93677717986951,2.95287459571937,0.00717781881897844,0.336559389951386,0.936589698174247,0.280104998219132,FALSE,1,1,1,1,TRUE,TRUE,0.0948584034879006,0.913360117449243,TRUE,"old_high",13.3146750965454,13.3146750965454,1.54356164855051,1.15647718983245
"factorial_large_original",107,"Lect1",4.92984079864018,2.50474551750488,0.0190648298504193,0.229350260789659,7.17403145339288,2.29898139149509,4.15538996425383,1.62149182837858,5.66471070882336,2.80573148704272,0.0100875511833239,0.362990460018096,-3.01864148913905,-0.747566637514151,FALSE,1,1,1,1,TRUE,TRUE,0.266442663876422,0.789613322832259,TRUE,"old_high",12.5498434742283,12.5498434742283,1.24775640729388,1.8407719859351
"factorial_large_original",108,"Nudt7",4.83001366185364,3.14542085337656,0.00421450771640722,0.140254972184815,4.79442855483156,1.56033925775264,4.72950252743216,2.54681981730512,4.76196554113186,2.65271859457012,0.014282322876928,0.397648756714767,-0.064926027399403,-0.0180839695989304,FALSE,1,1,1,1,TRUE,TRUE,0.0068171451495663,0.993229013647207,TRUE,"old_high",12.5466223916818,12.5466223916818,1.54997983176267,1.38905043611033
"factorial_large_original",109,"Fam196a",4.74211099354751,3.04428327433423,0.00539035330039811,0.156228710231465,4.44371865126733,1.54795768985641,4.9669460788871,2.63667020760942,4.70533236507721,2.74075975031742,0.0117020265146032,0.385750905929446,0.523227427619771,0.152384631160785,FALSE,1,1,1,1,TRUE,TRUE,0.0555994063143911,0.947329066327808,TRUE,"old_high",12.2169314239161,12.2169314239161,1.23902749139096,0.990777703093078
"factorial_large_original",110,"1810010H24Rik",4.57072011287781,2.79068224389126,0.00987182577275635,0.187828328946331,5.56127448440254,1.95824007514986,4.23492249705977,2.12120867328334,4.89809849073116,2.82191536411594,0.00971959401629781,0.359971951611836,-1.32635198734277,-0.382072048815576,FALSE,1,1,1,1,TRUE,TRUE,0.135394567346706,0.880751087559712,TRUE,"old_high",12.1737586064446,12.1737586064446,2.41064708356001,1.65089310819945
"factorial_large_original",111,"Foxf2",4.8757260965825,2.77910066741801,0.0101438675528412,0.190141681104575,4.41566712045321,1.50059333128433,5.30758027212073,2.60173136392668,4.86162369628697,2.71554030582405,0.0123922422948355,0.38760515899749,0.891913151667517,0.249096419628026,FALSE,1,1,1,1,TRUE,TRUE,0.0917299564566003,0.915977430211473,TRUE,"old_high",12.0926745858159,12.0926745858159,1.02290180660855,1.36989976263744
"factorial_large_original",112,"Ankrd33b",4.49642789209107,2.89895037186769,0.00764149947228062,0.175238283085594,4.76548607014913,1.68413820591648,4.36194667010719,2.28346846620261,4.56371637012816,2.6734871935314,0.0136293158612717,0.390866842799013,-0.40353940004194,-0.118199437760762,FALSE,1,1,1,1,TRUE,TRUE,0.0442117041356477,0.957660210127367,TRUE,"old_high",11.6844479161883,11.6844479161883,1.83444792347576,1.37109793162361
"factorial_large_original",113,"Hp",4.69677827144881,2.447066042291,0.0216949875699733,0.235377767002823,7.63888883491619,2.52394933287459,3.42153918124319,1.48301911785742,5.53021400807969,2.90631571503972,0.00799854659110986,0.337087685565753,-4.217349653673,-1.10818040281802,FALSE,1,1,1,1,TRUE,TRUE,0.381300729611069,0.72395531151393,TRUE,"old_high",11.6358064067195,11.6358064067195,1.07722608955895,1.55162035959404
"factorial_large_original",114,"Lcn2",6.45161626281447,2.11852298049346,0.0441415338891302,0.301743619719726,9.43315235176917,1.803739913807,4.66468872953998,1.24938019647596,7.04892054065457,2.19395880363273,0.0386996476569868,0.480279456714779,-4.76846362222919,-0.742086159395169,FALSE,1,1,1,1,TRUE,TRUE,0.338240675042828,0.747249742627944,TRUE,"old_high",11.5562481134283,11.5562481134283,3.53370639756706,2.86303142328958
"factorial_large_original",115,"Chaf1b",3.36334391833206,1.80916008412227,0.0823486435946323,0.37458521002448,9.95864313966177,4.47403833842438,1.03029957144274,0.545770286800227,5.49447135555226,3.76513359274655,0.00101785011023075,0.196742868571047,-8.92834356821903,-3.05911198011016,FALSE,1,1,1,1,TRUE,TRUE,0.812484238971648,0.551728935622288,TRUE,"old_high",11.4138474864261,11.4138474864261,0.554551208088269,1.14247431643167
"factorial_large_original",116,"Ddb2",4.96305273780807,2.17290217401183,0.0393718565873604,0.29091521197551,8.85126671426507,2.52584031644079,3.2692495819701,1.19209588846406,6.06025814811758,2.72381547959415,0.0121616331506399,0.385750905929446,-5.58201713229496,-1.25443374693762,FALSE,1,1,1,1,TRUE,TRUE,0.46054281313792,0.684676950928633,TRUE,"old_high",11.3019795145303,11.3019795145303,1.62296235035473,2.17806066083488
"factorial_large_original",117,"Miip",4.53128967249927,2.87174035810061,0.00815214301655321,0.17799227577411,5.50534106763866,1.87460619752208,4.03553888692956,2.06446326637367,4.77043997728411,2.7044282046059,0.0127084086656242,0.389572036249831,-1.46980218070909,-0.416625561963777,FALSE,1,1,1,1,TRUE,TRUE,0.154053088777441,0.86651126341108,TRUE,"old_high",11.1791325272686,11.1791325272686,2.65919849208758,1.64837254473957
"factorial_large_original",118,"Cenpt",4.1663227761797,2.1500298660792,0.0413185431948108,0.296096066561298,9.41841606891604,3.71919684825198,1.84013417776892,0.806483953833446,5.62927512334248,3.30292261177347,0.00313334455478068,0.299865750526175,-7.57828189114712,-2.22324172013473,FALSE,1,1,1,1,TRUE,TRUE,0.673113416202508,0.59768811266227,TRUE,"old_high",11.1128509954709,11.1128509954709,1.56097459304119,1.4439352036377
"factorial_large_original",119,"Chchd10",6.55339245475022,4.30315931336411,0.000222691670620838,0.0528851478526227,2.32805773281576,0.785173178745526,8.47672671508369,5.01541688576944,5.40239222394973,3.16586107548082,0.00434721115489386,0.300974146154813,6.14866898226793,1.8015937190457,FALSE,1,1,1,1,TRUE,TRUE,0.569069049257548,0.637320582209674,TRUE,"old_high",10.9002362033561,10.9002362033561,1.47500517039108,1.50831539976428
"factorial_large_original",120,"Cdh9",4.46321459478497,2.10759481527042,0.045160279443417,0.302978148219489,7.46479607502634,2.36637334781997,3.42963086549716,1.37134847007829,5.44721347026175,2.7062698979623,0.0126554870538691,0.389572036249831,-4.03516520952919,-1.00236994561265,FALSE,1,1,1,1,TRUE,TRUE,0.370387984716459,0.729720350114501,TRUE,"old_high",10.7572672898137,10.7572672898137,1.35137630638017,1.58304481954906
"factorial_large_original",121,"Cdk20",4.45972148641284,2.61967806006902,0.0146826915764037,0.209677991955235,5.01244639063582,1.64320101090634,4.24914506049764,2.00129935025964,4.63079572556673,2.49196440632384,0.0204237547620351,0.432974210984391,-0.763301330138178,-0.205377202831723,FALSE,1,1,1,1,TRUE,TRUE,0.0824157761384504,0.923859409706249,TRUE,"old_high",10.6611326030718,10.6611326030718,2.83833787459576,1.80505675384738
"factorial_large_original",122,"Abcg1",4.15922378333064,2.63317141048231,0.0142349353020786,0.20886591569091,4.38003547187316,1.575173067141,4.12227363533177,2.11370601687653,4.25115455360246,2.50331907391134,0.0199197382868709,0.428383614594159,-0.257761836541394,-0.0758923386346528,FALSE,1,1,1,1,TRUE,TRUE,0.0303166825593628,0.970575374472192,TRUE,"old_high",10.3288595247655,10.3288595247655,2.20950295468751,1.81778553823765
"factorial_large_original",123,"Immp2l",4.25175368207116,2.2493093523188,0.0334532137166014,0.274487240063039,6.9791141868622,2.43521375677884,3.12077451349229,1.37321090118539,5.04994435017725,2.76132359998299,0.0111662937516496,0.37627185172882,-3.8583396733699,-1.05487542614732,FALSE,1,1,1,1,TRUE,TRUE,0.382018000972276,0.7235795766021,TRUE,"old_high",10.0899774843272,10.0899774843272,1.24053218351073,1.36220884075503
"factorial_large_original",124,"Msrb2",5.16676238414898,3.38989420915224,0.00230296350932337,0.119894440457384,2.76731504185205,1.1205785367974,6.45303638310979,3.58527470248402,4.61017571248092,3.01728601454369,0.00617420306912366,0.31894549392361,3.68572134125774,1.20612273262982,FALSE,1,1,1,1,TRUE,TRUE,0.399737577414021,0.714419628461696,TRUE,"old_high",9.93773327680209,9.93773327680209,2.44354297656001,1.76269478350503
"factorial_large_original",125,"F2",3.73467923170838,1.971744523521,0.0596890401953133,0.332216528270479,8.76441577526932,3.1778341003029,1.8987775989894,0.881292315709313,5.33159668712936,3.0468120874895,0.00576051075712349,0.31894549392361,-6.86563817627991,-1.96173028563061,FALSE,1,1,1,1,TRUE,TRUE,0.643863174139803,0.608323135241032,TRUE,"old_high",9.88182805449427,9.88182805449427,0.553522979339805,0.953150320303137
"factorial_large_original",126,"Cygb",2.14198721667817,6.23819724394444,1.51948646092422e-06,0.00348823723993244,1.57120414870617,2.922460429006,2.49004109257942,5.83750654889732,2.03062262064279,5.91764765109407,5.11900772351003e-06,0.0180331583835999,0.918836943873258,1.3388389421489,FALSE,1,1,1,1,TRUE,TRUE,0.226245070917542,0.815497671482379,TRUE,"old_high",9.79943525670112,9.79943525670112,7.77200314250961,1.01713173866413
"factorial_large_original",127,"Pltp",3.2782142633894,4.208939985036,0.000284379683628214,0.0549663481734062,2.30592231145209,2.22685760558477,3.8140778404612,3.36578047259313,3.06000007595665,3.98682577445785,0.000589119217814944,0.171701473846792,1.50815552900912,0.982476010734232,FALSE,1,1,1,1,TRUE,TRUE,0.24643059561151,0.802290960700777,TRUE,"old_high",9.7876987420079,9.7876987420079,5.16211526079966,1.77751740203223
"factorial_large_original",128,"Prr13",2.21792730911635,6.56330617225418,6.75478502454275e-07,0.00337304209408382,1.50649493008267,2.79679989757638,2.57533075485674,6.19476009517616,2.0409128424697,5.99897243913281,4.21546924638945e-06,0.0180331583835999,1.06883582477408,1.57084529073236,FALSE,1,1,1,1,TRUE,TRUE,0.261852329183335,0.792485758335284,TRUE,"old_high",9.70270419881209,9.70270419881209,7.68346787715246,0.951335937425869
"factorial_large_original",129,"Ninl",3.48560717479569,1.83777396356079,0.0778910127303938,0.367346298334852,9.05006538134678,3.46213749171573,1.45579857377565,0.70358172848726,5.25293197756122,3.15130249965102,0.00450015205590285,0.301148299542853,-7.59426680757112,-2.27794992167655,FALSE,1,1,1,1,TRUE,TRUE,0.722859739775003,0.580430302544881,TRUE,"old_high",9.60819809600243,9.60819809600243,0.567007773859352,0.97643296758185
"factorial_large_original",130,"Cxcl13",4.66704890046787,2.68935315383711,0.0125044202327092,0.199342505263832,4.28181322447748,1.29756857985437,4.51872563145103,2.01266254669748,4.40026942796425,2.20497299402451,0.0378192075848045,0.476417994172429,0.236912406973551,0.0593583492872277,FALSE,1,1,1,1,TRUE,TRUE,0.0269202129473858,0.97378548731637,TRUE,"old_high",9.4481295944556,9.4481295944556,5.59718028847539,2.8621178423064
"factorial_large_original",131,"Crym",4.81970232849231,2.5064964057802,0.018989811729104,0.229213722748528,3.69600590676079,1.21784276839934,5.46856900533136,2.48678533120446,4.58228745604608,2.44529376868811,0.0226224094210346,0.445340904790426,1.77256309857057,0.472955651638795,FALSE,1,1,1,1,TRUE,TRUE,0.193414634302038,0.837931739109974,TRUE,"old_high",9.38905778473245,9.38905778473245,1.64550123208671,1.81026147161985
"factorial_large_original",132,"Ephb3",4.72158902023886,1.9731978443539,0.0595140020525609,0.331685163981765,8.01096337346378,2.18964053677346,3.12663721549679,1.11172960156253,5.56880029448029,2.41354156780812,0.0242415151317077,0.451763730879066,-4.88432615796699,-1.05844379306172,FALSE,1,1,1,1,TRUE,TRUE,0.438543803075903,0.695147410778729,TRUE,"old_high",9.34315031965773,9.34315031965773,2.33207857174741,1.94172544642271
"factorial_large_original",133,"Irak1bp1",4.00419994033349,2.539922387589,0.0176091042363122,0.222097143007328,5.86786608603906,2.14152889952966,3.13388654974351,1.64117702172884,4.50087631789129,2.69531378709351,0.0129734013909124,0.390617252617321,-2.73397953629555,-0.81861089011899,FALSE,1,1,1,1,TRUE,TRUE,0.303716325386622,0.767038028540025,TRUE,"old_high",9.30514848774138,9.30514848774138,2.19639658690272,1.66407696925193
"factorial_large_original",134,"Pik3cd",4.1210885131312,2.07719675111488,0.0481053716413554,0.30884475209449,7.66287078616032,2.33947651736104,2.6543641594048,1.12265877212203,5.15861747278256,2.55398703550688,0.0178086624597537,0.412580756486063,-5.00850662675552,-1.23983422491337,FALSE,1,1,1,1,TRUE,TRUE,0.485450430055197,0.673196479510152,TRUE,"old_high",8.86939199050645,8.86939199050645,0.919036373758581,1.47505051458047
"factorial_large_original",135,"Tuba4a",2.76773893162874,5.5225552587635,9.38581509341305e-06,0.0109421538870845,1.46365339489365,2.03136368507546,3.5273577154122,5.14423604280761,2.49550555515292,5.01784709890762,4.57084583091728e-05,0.0384199360100163,2.06370432051854,2.07480057825047,FALSE,1,1,1,1,TRUE,TRUE,0.413484134061154,0.707471683553213,TRUE,"old_high",8.85900662659309,8.85900662659309,6.89776302491956,1.38030400076442
"factorial_large_original",136,"Ubxn11",3.69052279530533,1.94635379818983,0.0628209283726585,0.340075639973027,8.27186948294541,2.86996380248659,1.87655550363855,0.853362585445129,5.07421249329198,2.79932793470942,0.0102367622160272,0.362990460018096,-6.39531397930686,-1.76407482906739,FALSE,1,1,1,1,TRUE,TRUE,0.630177919981024,0.613429974570898,TRUE,"old_high",8.71339539385315,8.71339539385315,0.66478091772603,0.893259686941447
"factorial_large_original",137,"Il12a",3.49846429550398,1.73039622470727,0.0957656726197369,0.398345438104283,9.04259541742692,3.21488866254489,1.42061079405034,0.611297999143798,5.23160310573863,2.86775720533659,0.00874531575851081,0.351567176448723,-7.62198462337658,-2.08903474526542,FALSE,1,1,1,1,TRUE,TRUE,0.728455861508305,0.578551076871219,TRUE,"old_high",8.67998300451317,8.67998300451317,0.80544427960971,1.07155632785261
"factorial_large_original",138,"Ltb",4.37334398120277,2.27130499938035,0.0319055850547398,0.269636139936433,4.47347026181031,1.21949401959961,4.2930168339902,1.84443280965213,4.38324354790026,2.01787555173361,0.055522279215543,0.523241951586395,-0.18045342782011,-0.0415368843010284,FALSE,1,1,1,1,TRUE,TRUE,0.0205844604872678,0.979830713395891,TRUE,"old_high",8.66644587982374,8.66644587982374,1.02413683561339,1.79867771961086
"factorial_large_original",139,"S100a5",3.7342441866715,1.96854246502311,0.0600762944772467,0.332937943118501,8.32743354569823,2.91445716361256,1.80791804579145,0.815006881664072,5.06767579574484,2.8019099510177,0.0101763476604969,0.362990460018096,-6.51951549990678,-1.80231491627199,FALSE,1,1,1,1,TRUE,TRUE,0.64324506138849,0.608551958254499,TRUE,"old_high",8.64093346407574,8.64093346407574,0.767458663929819,0.904029558920063
"factorial_large_original",140,"Napsa",3.31267566305608,1.88274022094724,0.0713069633279726,0.358604116752126,7.85826012402515,3.09904671278989,1.68982200375656,0.861090929284727,4.77404106389085,2.97783775246476,0.00677159238288634,0.331446185947078,-6.16843812026859,-1.92380078663463,FALSE,1,1,1,1,TRUE,TRUE,0.646039423590742,0.607518863563156,TRUE,"old_high",8.63668239540649,8.63668239540649,0.433262550194331,0.741325159654811
"factorial_large_original",141,"Lpar3",3.80619502099847,2.28722058907439,0.0308266240433157,0.265672464201264,6.74048060645523,2.30974340911203,2.58832812801137,1.32700906324461,4.6644043672333,2.65770411356638,0.0141229360759064,0.39544221012538,-4.15215247844386,-1.18291552932627,FALSE,1,1,1,1,TRUE,TRUE,0.445089201798505,0.691998804472026,TRUE,"old_high",8.57843699800993,8.57843699800993,0.354432310688498,0.573851146838974
"factorial_large_original",142,"Gm12359",3.68241985698566,1.97698566813003,0.0590599158052806,0.33059116555518,6.31781538788,2.1920354680346,2.86807559784023,1.32572629667983,4.59294549286011,2.54896372147266,0.0180082358199422,0.412580756486063,-3.44973979003976,-0.957257340306072,FALSE,1,1,1,1,TRUE,TRUE,0.375547610988949,0.72698319709999,TRUE,"old_high",8.51097507819803,8.51097507819803,0.709698130315176,1.32592088620356
"factorial_large_original",143,"Kdm6b",1.97366337186084,4.95914411220407,4.03709354760505e-05,0.0244974147032792,1.77497658294079,2.64039481243267,2.16269333466239,4.33501613747178,1.96883495880159,4.70374223779754,9.94249452969788e-05,0.0578307283492409,0.387716751721596,0.463146911634639,FALSE,1,1,1,1,TRUE,TRUE,0.0984634724014966,0.91036254288344,TRUE,"old_high",8.43076933156545,8.43076933156545,8.89875017540403,1.137643460287
"factorial_large_original",144,"Cfl1",1.95120707476237,6.37950924953567,1.06671616988296e-06,0.00341989204064477,1.37994054177129,2.7110703680937,2.20775293079469,6.11599128937812,1.79384673628299,5.74940546555783,7.66668389880172e-06,0.0180331583835999,0.827812389023405,1.32659858215357,FALSE,1,1,1,1,TRUE,TRUE,0.230736590128685,0.812521548494338,TRUE,"old_high",8.3799834283631,8.3799834283631,8.94284557139023,0.83421436909851
"factorial_large_original",145,"Snrpc",3.2710265672673,3.21175386893681,0.00358164455778053,0.131791879189099,2.95440649256203,1.63905787510517,3.31844845005993,2.50958637463288,3.13642747131098,2.80600271524447,0.0100812770042735,0.362990460018096,0.364041957497906,0.162844945490651,FALSE,1,1,1,1,TRUE,TRUE,0.0580344839460384,0.945148778393693,TRUE,"old_high",8.31808805308732,8.31808805308732,4.06527981794534,1.5417373987302
"factorial_large_original",146,"Cmya5",3.92781318860138,2.14581135106085,0.0416868833295998,0.29617318106304,5.71773970583087,1.92180704642645,3.16729948440526,1.42436752672524,4.44251959511806,2.39208548218484,0.0253955424368507,0.454401352289124,-2.55044022142561,-0.686645370518658,FALSE,1,1,1,1,TRUE,TRUE,0.287048810902208,0.776971309502248,TRUE,"old_high",8.2567860191365,8.2567860191365,1.22279836187898,1.37992333693644
"factorial_large_original",147,"Cib2",4.19311006517706,2.21273346919774,0.0361779399474415,0.282205536427001,4.08369332875179,1.19261962928988,4.25013957227282,1.8424560712326,4.1669164505123,2.01852541624993,0.0554497456473266,0.523241951586395,0.166446243521031,0.0403146999677928,FALSE,1,1,1,1,TRUE,TRUE,0.0199723495209771,0.980418734360439,TRUE,"old_high",8.24632821340619,8.24632821340619,1.5038054472186,1.31554357111663
"factorial_large_original",148,"Gsta3",4.43409640505443,2.206813946259,0.0366373082283628,0.28440486726424,4.97336721165372,1.27014791743097,4.14169179164332,1.65070493764397,4.55752950164852,1.960020226863,0.0623268938490624,0.530971449681658,-0.831675420010404,-0.178835994897624,FALSE,1,1,1,1,TRUE,TRUE,0.0912419029287329,0.916387097412725,TRUE,"old_high",8.18594849023072,8.18594849023072,1.65581631223842,1.56287993487973
"factorial_large_original",149,"Tmsb10",2.43231373689536,4.27328217855838,0.000240657111687701,0.0549228026261143,2.16474430893389,2.19398152662263,2.49816017322007,3.20521023327474,2.33145224107698,3.70843526617522,0.00116991657892635,0.204654658853153,0.333415864286181,0.265167591176992,FALSE,1,1,1,1,TRUE,TRUE,0.0715038864849913,0.933267730162365,TRUE,"old_high",8.06906985711083,8.06906985711083,6.74288033312539,1.35847134176452
"factorial_large_original",150,"Map4k2",4.25147292551211,2.45961943384109,0.0210955511239082,0.232639981966992,4.02240390357895,1.13674548593317,4.1905380971668,2.00093742690115,4.10647100037287,1.99738965870952,0.0578524025433414,0.526024458399422,0.168134193587854,0.0408902801842933,FALSE,1,1,1,1,TRUE,TRUE,0.0204718568694057,0.979938832480683,TRUE,"old_high",8.03767654612055,8.03767654612055,1.82416770895162,1.64194551714374
"factorial_large_original",151,"Jund",2.00584495803198,4.69617333430366,8.00652333454486e-05,0.0301987221300598,2.33365642243099,3.023700349164,1.75293518838042,3.40352147435872,2.0432958054057,4.40433264267362,0.000209108303498045,0.103138649386882,-0.580721234050571,-0.625873522731282,FALSE,1,1,1,1,TRUE,TRUE,0.142104019009438,0.875576990673156,TRUE,"old_high",7.87962765614965,7.87962765614965,9.40738014941216,1.22651216324585
"factorial_large_original",152,"Abr",3.05488529974228,1.63311035725171,0.114855468845264,0.42747564523266,8.90022521354264,3.73769785964627,0.722902417012028,0.337204207144686,4.81156381527734,3.00340699362941,0.00637837621576293,0.319516783558374,-8.17732279653061,-2.55216696890568,FALSE,1,1,1,1,TRUE,TRUE,0.849757195447493,0.540611493476624,TRUE,"old_high",7.81242232692174,7.81242232692174,0.903979907920148,1.12157999371307
"factorial_large_original",153,"Fbxl15",3.93629469813932,2.36689793339342,0.0259082408137711,0.252117642480092,4.03030308749483,1.29956508671184,3.68273675157369,1.89987934370302,3.85651991953426,2.10898685677755,0.0461399718437676,0.499745776118645,-0.347566335921138,-0.0950355306870205,FALSE,1,1,1,1,TRUE,TRUE,0.0450621672013747,0.956880874061254,TRUE,"old_high",7.78264688786818,7.78264688786818,3.2259258417001,1.66964126943854
"factorial_large_original",154,"Rhoc",2.11546350668943,6.20975284026564,1.63205111038636e-06,0.00348823723993244,1.15736470304631,2.19768213771144,2.62009124171245,6.54289570033354,1.88872797237938,5.70968690048941,8.43722319881469e-06,0.0180331583835999,1.46272653866614,2.21093526409178,FALSE,1,1,1,1,TRUE,TRUE,0.387225204696424,0.720863488216996,TRUE,"old_high",7.77382455708943,7.77382455708943,8.24726922619147,0.919478843306705
"factorial_large_original",155,"Map1lc3a",2.20752047261995,5.7218778829081,5.627523294103e-06,0.00801859541373077,1.41734698056674,2.23024804273592,2.53149889109712,5.39449628648273,1.97442293583193,4.9985688373768,4.79350418091283e-05,0.0384199360100163,1.11415191053038,1.4103272705689,FALSE,1,1,1,1,TRUE,TRUE,0.28214614208652,0.779942291424467,TRUE,"old_high",7.69747584529684,7.69747584529684,7.90039413080695,1.02335630774116
"factorial_large_original",156,"Drap1",2.2788256965772,4.86171676831412,5.20219371416232e-05,0.0244974147032792,1.76571864560725,2.23204305848725,2.36536604289624,4.11232561212228,2.06554234425174,4.22365495693722,0.000327541492533773,0.127284609098579,0.599647397288993,0.613084430106817,FALSE,1,1,1,1,TRUE,TRUE,0.145154916286963,0.873244297149235,TRUE,"old_high",7.61830389668993,7.61830389668993,6.32720914823482,1.00464070842516
"factorial_large_original",157,"Haus1",3.5584303276726,2.52600810615532,0.0181721284897494,0.224508069125767,3.7551271912035,1.42877418188319,3.35803014926779,1.91404453952219,3.55657867023564,2.25101104464135,0.0343325211295558,0.460208137147775,-0.397097041935709,-0.125664284424849,FALSE,1,1,1,1,TRUE,TRUE,0.0558256997705746,0.947126026783867,TRUE,"old_high",7.5825942384012,7.5825942384012,2.92956243095158,1.48923739914442
"factorial_large_original",158,"Inmt",2.44243423574333,5.59631052659039,7.76459640823154e-06,0.00995731843391613,1.21118798756359,1.86647382550357,2.83961280369079,6.61141936882721,2.02540039562719,5.20547427142174,2.88042292179449e-05,0.0335804941355386,1.6284248161272,2.09260438123641,FALSE,1,1,1,1,TRUE,TRUE,0.402000616184912,0.71326644828529,TRUE,"old_high",7.52008916904369,7.52008916904369,10.0949158790856,1.19960737023458
"factorial_large_original",159,"Aes",2.06231589322469,4.53035592497005,0.000123319919971238,0.0416172277292411,2.38567012589882,2.97632902043209,1.74768795664668,3.03674408490652,2.06667904127275,4.1888186213968,0.000357122671571027,0.129359927751919,-0.637982169252137,-0.646542481273896,FALSE,1,1,1,1,TRUE,TRUE,0.154349563275601,0.866288715146549,TRUE,"old_high",7.49941259384955,7.49941259384955,6.40926057211571,1.10847386227164
"factorial_large_original",160,"Evc2",3.7187282302794,2.47836192210741,0.0202289906784686,0.230826330676186,5.90305558409376,2.19591069762308,2.31789276237046,1.33674437004123,4.11047417323211,2.56990745802655,0.0171897208505633,0.408987464553762,-3.5851628217233,-1.1207389081515,FALSE,1,1,1,1,TRUE,TRUE,0.436100828581952,0.696329937353653,TRUE,"old_high",7.35570791658513,7.35570791658513,3.05647438177429,1.58891273370915
"factorial_large_original",161,"Rgs2",4.29698931114912,2.4157058067368,0.0232617430476187,0.243189546277406,3.67104383433206,1.08570269980249,4.20521477581511,2.04898845346148,3.93812930507359,1.99127863486223,0.0585640775802628,0.526024458399422,0.534170941483048,0.135049296345991,FALSE,1,1,1,1,TRUE,TRUE,0.0678203827607285,0.936487087289543,TRUE,"old_high",7.34385002676526,7.34385002676526,2.80750430047278,1.95942496720974
"factorial_large_original",162,"H2-Q10",3.92866199388858,1.91960172242083,0.0662756257124489,0.347899559613772,5.29212297693366,1.59891462344287,3.31469599464754,1.32474504690574,4.3034094857906,2.07434658838188,0.0495254050591644,0.510917169136172,-1.97742698228612,-0.476583616783788,FALSE,1,1,1,1,TRUE,TRUE,0.229751172769429,0.813172633735308,TRUE,"old_high",7.25899920482015,7.25899920482015,1.87010720063976,1.60892079604988
"factorial_large_original",163,"Ptpn6",3.57094740054633,2.14714375585961,0.0415702271529747,0.296164773894304,5.36256877153121,1.8764147996793,2.78035125820508,1.37576469644325,4.07146001486815,2.32638553366672,0.0292515593339778,0.454401352289124,-2.58221751332613,-0.737724728456814,FALSE,1,1,1,1,TRUE,TRUE,0.317111943477825,0.759236908413044,TRUE,"old_high",7.19132927644825,7.19132927644825,1.12299219312928,1.04481101032925
"factorial_large_original",164,"Prss57",3.18092631335639,1.53689139119029,0.136757837022195,0.459105367008543,7.8739913910912,2.86165662064699,1.459851665293,0.623017496171925,4.6669215281921,2.58263148007743,0.0167095706392159,0.40507284286825,-6.4141397257982,-1.77476298598477,FALSE,1,1,1,1,TRUE,TRUE,0.687191652983641,0.592700893364185,TRUE,"old_high",7.14378738920708,7.14378738920708,1.00388483782454,1.54406356206563
"factorial_large_original",165,"Prkrip1",3.4137998035953,2.69952465365473,0.012213017793541,0.197543554419913,2.68661312330057,1.30377961370838,3.92143369082824,2.4381640566624,3.3040234070644,2.52793994698161,0.0188663663404601,0.419551529130625,1.23482056752767,0.472386520224622,FALSE,1,1,1,1,TRUE,TRUE,0.186866167173833,0.842554980214156,TRUE,"old_high",7.03733326257758,7.03733326257758,2.3550666344544,1.30300093503912
"factorial_large_original",166,"Lfng",3.7901929228054,2.1710648732285,0.0395251284291843,0.291472252430051,4.48548294205474,1.37428887630112,3.37791925869242,1.61498968209234,3.93170110037358,2.02845818314453,0.0543515495971274,0.523241951586395,-1.10756368336232,-0.285709233677063,FALSE,1,1,1,1,TRUE,TRUE,0.140850425075123,0.876539095766346,TRUE,"old_high",6.99065459891993,6.99065459891993,0.427488723574771,0.795425389960099
"factorial_large_original",167,"Nudt16",3.46531435279014,2.40897950337781,0.0236110712702718,0.243878528359438,3.94595482270006,1.45394183414235,3.10675084631454,1.85253923212282,3.5263528345073,2.21066876953755,0.0373710671620476,0.474971818915856,-0.839203976385516,-0.263048269548216,FALSE,1,1,1,1,TRUE,TRUE,0.118990341690018,0.893662762530813,TRUE,"old_high",6.96663571719642,6.96663571719642,3.17513393992092,1.55585726608982
"factorial_large_original",168,"Ptms",1.91778603376738,4.49290481368432,0.000135951250487233,0.0416249149682686,1.99712907031791,2.66056282749291,1.71109459786479,3.25226628526005,1.85411183409135,4.04535605328801,0.000509668556744295,0.155618799325925,-0.286034472453124,-0.31203923714622,FALSE,1,1,1,1,TRUE,TRUE,0.0771351517364511,0.928388604148605,TRUE,"old_high",6.96341821118988,6.96341821118988,6.36590414730124,0.95910825002659
"factorial_large_original",169,"Mboat2",3.26648013213496,1.69605066002665,0.102173594715262,0.407550288842463,5.29632600781192,1.83431039778918,2.79341027376904,1.30613129331514,4.04486814079048,2.25141958655567,0.0343029350866521,0.460208137147775,-2.50291573404288,-0.696575674531289,FALSE,1,1,1,1,TRUE,TRUE,0.309393945306682,0.76371210023106,TRUE,"old_high",6.95489343741982,6.95489343741982,0.70355271793335,1.12721986233909
"factorial_large_original",170,"Cdo1",4.50850216881646,2.34067275838168,0.0274416233507168,0.256196398875832,3.199332134036,0.936871739579791,5.19043169538961,2.27774714817262,4.1948819147128,2.04359050793058,0.0527156588079495,0.519619991201495,1.99109956135361,0.484994839742175,FALSE,1,1,1,1,TRUE,TRUE,0.237324835896494,0.808195205485759,TRUE,"old_high",6.9283510797595,6.9283510797595,1.54043637199075,1.66175142951385
"factorial_large_original",171,"Med26",2.63978047951403,1.84191181171769,0.0772639409040031,0.36600142383636,2.99659342754514,1.57824464507788,2.99609901686958,1.69136286200081,2.99634622220736,2.30780043596682,0.030436029014103,0.454401352289124,-0.000494410675566659,-0.000190398753682548,FALSE,1,1,1,1,TRUE,TRUE,8.25022471368791e-05,0.999917504558922,TRUE,"old_high",6.91439866449027,6.91439866449027,2.61451907467215,1.49438410801279
"factorial_large_original",172,"Ass1",3.42941228015036,2.04559407193292,0.0513473258621234,0.316247559098018,4.93938637633117,1.71796322013972,2.88183163141046,1.40447378920711,3.91060900387081,2.21423868623404,0.0370926503934104,0.474327160918871,-2.05755474492071,-0.582507393444129,FALSE,1,1,1,1,TRUE,TRUE,0.263073408746654,0.791719620629413,TRUE,"old_high",6.85551740947366,6.85551740947366,0.950829653246549,0.798007565675423
"factorial_large_original",173,"Acp6",3.29729795334708,2.11186050374051,0.0447601491530654,0.302442983911417,3.29911302117965,1.24400892839842,3.56039049907476,1.77910424387359,3.4297517601272,2.06465338303463,0.0505117227913904,0.512981911275431,0.261277477895112,0.0786423429996128,FALSE,1,1,1,1,TRUE,TRUE,0.0380898470324824,0.963307754968062,TRUE,"old_high",6.82142166668741,6.82142166668741,2.5579565369303,1.59414823711088
"factorial_large_original",174,"Fbxl12",3.33493177737918,1.69893569784078,0.101621745469499,0.407121919369213,5.83512549834368,2.0615015278395,2.50430483224348,1.0858150111077,4.16971516529358,2.2840250198106,0.0320153004263432,0.454401352289124,-3.33082066610021,-0.912253887411447,FALSE,1,1,1,1,TRUE,TRUE,0.399406210574995,0.714588796621901,TRUE,"old_high",6.80555344905969,6.80555344905969,1.35184900438424,1.37679438472716
"factorial_large_original",175,"Pglyrp1",2.78182087054406,1.49002788550116,0.148603657942135,0.471433417022276,8.33604991251759,3.24115825738186,0.762912047323179,0.359177806117598,4.54948097992038,2.72780691186601,0.012051856196207,0.385750905929446,-7.57313786519441,-2.27037522569806,FALSE,1,1,1,1,TRUE,TRUE,0.83230780239674,0.545759832868667,TRUE,"old_high",6.77293719221018,6.77293719221018,0.641517615885877,1.08773637448183
"factorial_large_original",176,"Ptpre",3.52516265188443,1.73731110192455,0.0945176277526673,0.396627636878339,8.95726667986041,3.01729284793466,0.679843438453168,0.310212389366636,4.81855505915679,2.6117213463497,0.0156586039468205,0.400091406903321,-8.27742324140724,-2.24323710188522,FALSE,1,1,1,1,TRUE,TRUE,0.858911258756528,0.537949294399844,TRUE,"old_high",6.76994291539198,6.76994291539198,1.96626113600976,1.72172142866635
"factorial_large_original",177,"Gm6402",3.38557120800535,2.557525181778,0.0169200402266005,0.21970945341367,2.70612637323531,1.25619256972938,3.8477235402797,2.32899141134278,3.27692495675751,2.41411999419153,0.0242110856011829,0.451763730879066,1.14159716704439,0.420508950104439,FALSE,1,1,1,1,TRUE,TRUE,0.174187234666911,0.851652931045257,TRUE,"old_high",6.73733270470925,6.73733270470925,2.04877967628006,1.33707072103582
"factorial_large_original",178,"Scx",4.09990165006251,1.56763404961351,0.129414791770961,0.448774677962205,9.59629896685521,2.40493839593107,1.18501120707913,0.407371263968779,5.39065508696717,2.18333286648521,0.0395666096445363,0.480279456714779,-8.41128775977607,-1.70337748558459,FALSE,1,1,1,1,TRUE,TRUE,0.780172988616802,0.561743160015591,TRUE,"old_high",6.61148916342457,6.61148916342457,2.53677535547992,2.31340211697837
"factorial_large_original",179,"Arrb2",3.08152150555192,2.085450139793,0.0472892790651494,0.307458008608083,3.59497840264798,1.46087792482843,3.02185527197532,1.67356696778708,3.30841683731165,2.16787748565898,0.0408589918240771,0.482799801186698,-0.573123130672663,-0.187772701051971,FALSE,1,1,1,1,TRUE,TRUE,0.0866159060722325,0.92028838747141,TRUE,"old_high",6.60053136964319,6.60053136964319,1.30078399796886,1.08860969979087
"factorial_large_original",180,"Tox",3.31746486282854,1.61023679172317,0.119778569856144,0.435632552420643,3.46702633878296,1.24654122132512,3.54236574186692,1.45784967143628,3.50469604032494,1.89790432908997,0.0704415770881064,0.54431957207145,0.07533940308396,0.0203993410011735,FALSE,1,1,1,1,TRUE,TRUE,0.0107483489964262,0.989365949489704,TRUE,"old_high",6.58084457291623,6.58084457291623,2.34976136587576,2.01894537782741
"factorial_large_original",181,"Tmem154",3.77135099702184,2.09057848801119,0.0467884267062064,0.306259174693937,4.20114857277008,1.24502611588713,3.41450525791675,1.59693263190988,3.80782691534341,1.90641977077834,0.069277016959388,0.543143320885519,-0.786643314853335,-0.196919713176059,FALSE,1,1,1,1,TRUE,TRUE,0.103292931775689,0.90637760036272,TRUE,"old_high",6.5796818832412,6.5796818832412,0.791565031961826,1.1351411672676
"factorial_large_original",182,"Trpm6",3.82601738006392,2.04841740862446,0.0510500008032248,0.316217366105082,4.3939891653763,1.28893013816116,3.36619656449596,1.54320854901171,3.88009286493613,1.91744134612671,0.0677947822961921,0.541833784071356,-1.02779260088035,-0.253954234701483,FALSE,1,1,1,1,TRUE,TRUE,0.132444313089005,0.883045628329633,TRUE,"old_high",6.56972744712351,6.56972744712351,0.716873963819338,0.913880219209217
"factorial_large_original",183,"Acvr2b",3.2465607313371,1.84984508807875,0.076073875990667,0.365731286833134,6.23187845221898,2.0583713394915,2.17122263916544,1.05608444687746,4.20155054569221,2.29615022288599,0.0312007583381508,0.454401352289124,-4.06065581305354,-1.10957557796916,FALSE,1,1,1,1,TRUE,TRUE,0.483232950033639,0.6742029294706,TRUE,"old_high",6.50429942359299,6.50429942359299,0.39408858589671,0.578658547203287
"factorial_large_original",184,"H2-Ab1",3.48931443554192,2.6010506717377,0.0153224527923076,0.213814074655661,2.89402345405669,1.17296494967247,3.71203612476358,2.19045847112311,3.30302978941013,2.20702424818551,0.0376572574114192,0.476417994172429,0.818012670706884,0.273290571789771,FALSE,1,1,1,1,TRUE,TRUE,0.123827606626787,0.889816190760378,TRUE,"old_high",6.48664154067907,6.48664154067907,2.29938682865261,1.4906376201536
"factorial_large_original",185,"Zfand2b",3.41592118316152,2.57790213902139,0.0161537270539345,0.217371873808663,2.01417962232826,1.37152523181336,4.51344474797904,2.3658222518596,3.26381218515365,2.7113177185287,0.012511500453284,0.389325149292691,2.49926512565078,1.03809616394315,FALSE,1,1,1,1,TRUE,TRUE,0.382875086094765,0.723131112893209,TRUE,"old_high",6.39915484524865,6.39915484524865,3.90797678235373,1.7507967187935
"factorial_large_original",186,"Hoxa7",3.518625473462,1.90841932938906,0.0677681741121343,0.35101900434141,4.87301029207604,1.55195864978363,2.96672205309879,1.30638179355792,3.91986617258741,2.02311610001527,0.054939758037659,0.523241951586395,-1.90628823897726,-0.49193547148562,FALSE,1,1,1,1,TRUE,TRUE,0.243157280362161,0.80440344580428,TRUE,"old_high",6.37919633254816,6.37919633254816,1.28165402046609,1.34954529395941
"factorial_large_original",187,"Tom1l1",2.92948044844903,1.48650790185021,0.14952600136375,0.472063378012982,8.90005981019376,3.27660427400012,0.39523320245627,0.172575887943528,4.64764650632501,2.61626536185501,0.0155001432807112,0.400091406903321,-8.50482660773748,-2.39377965085394,FALSE,1,1,1,1,TRUE,TRUE,0.914960473134385,0.522203990123729,TRUE,"old_high",6.3497271819622,6.3497271819622,0.96545235756572,1.15612001687955
"factorial_large_original",188,"Nhedc2",3.19443404883087,1.7365732693301,0.0946501350865651,0.3969239150916,6.55043243388,2.09935747012093,2.00478711370046,0.935896745103657,4.27760977379023,2.26044733520631,0.0336550585960262,0.457680245424645,-4.54564532017954,-1.20104361947074,FALSE,1,1,1,1,TRUE,TRUE,0.531329998437634,0.65302710782148,TRUE,"old_high",6.31432259805652,6.31432259805652,0.438123250920436,0.741384217083867
"factorial_large_original",189,"Zfp36",1.52446855005718,5.16266630441792,2.37923016628058e-05,0.0174146195155982,1.30449326080963,2.57839554591476,1.63321945995884,4.64261550543231,1.46885636038424,4.76733959193131,8.49223745317531e-05,0.0544522265497601,0.32872619914921,0.533459045545875,FALSE,1,1,1,1,TRUE,TRUE,0.111898649900855,0.89936254539851,TRUE,"old_high",6.29781957406306,6.29781957406306,10.7021882271497,0.763730327782549
"factorial_large_original",190,"Cybb",3.01007779064652,1.75595764306279,0.0912208638480758,0.389720607324224,5.91139677577519,2.11051714775165,2.07279096915759,1.04877059588053,3.99209387246639,2.32909499399745,0.0290824544308372,0.454401352289124,-3.8386058066176,-1.11977296297883,FALSE,1,1,1,1,TRUE,TRUE,0.480775934693904,0.675321617923723,TRUE,"old_high",6.2791173438751,6.2791173438751,0.418192723529268,0.645829657347895
"factorial_large_original",191,"Rnu12",3.40181656199641,1.7489921912522,0.0924407347832399,0.391611849387315,6.6131452677168,2.00735913104045,2.10668213500723,0.91460271370266,4.35991370136202,2.16920617740619,0.0407464055321682,0.482799801186698,-4.50646313270956,-1.12105976577851,FALSE,1,1,1,1,TRUE,TRUE,0.516806400834879,0.659279918287252,TRUE,"old_high",6.23517393435757,6.23517393435757,0.659508560229997,0.980928160071496
"factorial_large_original",192,"Tgtp2",3.54928436026092,2.01005566593383,0.0552232898788326,0.324453600052253,3.10689954857334,1.09793370186444,3.85852598152153,1.81464142885322,3.48271276504743,1.96784831850509,0.0613650574637455,0.530356143248698,0.751626432948189,0.212346942168935,FALSE,1,1,1,1,TRUE,TRUE,0.107908170404312,0.902601882279709,TRUE,"old_high",6.18593728398426,6.18593728398426,1.59490731694399,1.49908648105278
"factorial_large_original",193,"2610306M01Rik",3.29677415541416,1.68917118301744,0.1034997069797,0.408814748830597,5.64817282758033,1.84248360842431,2.4791921650623,1.0635571802746,4.06368249632132,2.11038755424311,0.0460075562868175,0.499229709005653,-3.16898066251803,-0.822871540267884,FALSE,1,1,1,1,TRUE,TRUE,0.389914846382798,0.719468536221815,TRUE,"old_high",6.17012257042267,6.17012257042267,0.975928174731602,1.19776517712553
"factorial_large_original",194,"Rpl13a",2.07869686432531,5.46153394361757,1.09832315773552e-05,0.0112467920779538,1.07294230133266,1.78129980332139,2.48470143971189,5.75833763265288,1.77882187052227,4.80149892771628,7.80312570821531e-05,0.0544522265497601,1.41175913837923,1.90535098017749,FALSE,1,1,1,1,TRUE,TRUE,0.39682409041346,0.715909760479575,TRUE,"old_high",6.11459335683624,6.11459335683624,8.25318252941588,0.920148357399867
"factorial_large_original",195,"Akr1c13",3.5686848485503,2.04325362096908,0.0515949619444891,0.316247559098018,3.82114533337742,1.18421648741348,3.28567518663374,1.57458183913972,3.55341026000558,1.84945046049489,0.0773991430066301,0.562274585010419,-0.535470146743685,-0.139348602752504,FALSE,1,1,1,1,TRUE,TRUE,0.0753459398460937,0.929933301411007,TRUE,"old_high",6.11138797123759,6.11138797123759,0.455049504297081,0.973278104052625
"factorial_large_original",196,"Ppp1r13l",2.56189315403234,1.3539645650837,0.187743090899605,0.518137989655063,8.8552954052839,3.39842604514454,0.110401379759005,0.0523630868218987,4.48284839252145,2.67484149642185,0.0135877250267969,0.390866842799013,-8.74489402552489,-2.60896681898813,FALSE,1,1,1,1,TRUE,TRUE,0.975372384301603,0.506233664066106,TRUE,"old_high",6.07020174918754,6.07020174918754,0.587259908028703,0.927043462415856
"factorial_large_original",197,"Cdkn1c",2.24457731070616,5.2550322627633,1.87267992869417e-05,0.0150095296284837,1.02228784702538,1.60559957502288,2.74395230029092,5.59653281803337,1.88312007365815,4.68669104849327,0.000103720114787316,0.0578307283492409,1.72166445326554,2.14243093005588,FALSE,1,1,1,1,TRUE,TRUE,0.457130700325002,0.686280235381052,TRUE,"old_high",6.05683621275921,6.05683621275921,7.44968267681666,1.07702769018078
"factorial_large_original",198,"Catsper2",3.04277560955546,1.45561446047495,0.157820998634701,0.481879261133717,8.28215579068717,2.86403980741517,0.838758263447426,0.34072500329697,4.5604570270673,2.40171637442067,0.0248714061968643,0.453055274245154,-7.44339752723975,-1.95999322177477,FALSE,1,1,1,1,TRUE,TRUE,0.816080128261427,0.550636496946487,TRUE,"old_high",6.03107987709486,6.03107987709486,1.29534563725226,1.53295710692168
"factorial_large_original",199,"Cd79a",2.94474298379707,1.77360933582618,0.0881907875489907,0.385729420030101,5.51062364581455,2.17761963282921,1.99397963110989,1.01745283700216,3.75230163846222,2.34467140070162,0.0281275718886524,0.454401352289124,-3.51664401470466,-1.09870893150073,FALSE,1,1,1,1,TRUE,TRUE,0.468598194513444,0.680921441777549,TRUE,"old_high",5.99068851601237,5.99068851601237,0.756139028058831,0.824576442810845
"factorial_large_original",200,"Lmo4",1.80002167763525,4.09118555144079,0.000385756774494872,0.0626195553939524,1.59643050256369,2.12359446226802,1.88840817608204,3.24657961926075,1.74241933932287,3.66628075459477,0.00129726729792477,0.213284049084452,0.29197767351835,0.307179822053537,FALSE,1,1,1,1,TRUE,TRUE,0.0837851093430551,0.92269213830236,TRUE,"old_high",5.89434052481622,5.89434052481622,5.89045690834255,0.892937755295253
"factorial_stability_selected",1,"Scml4",-7.92900716733324,-6.02711123949426,2.58737727202701e-06,0.00474007516235348,-9.05918605442661,-3.76756889641171,-7.55987517287401,-4.70296003851275,-8.30953061365031,-5.74587413179717,7.73219432432713e-06,0.0180331583835999,1.4993108815526,0.51837173544335,FALSE,-1,-1,-1,-1,TRUE,TRUE,0.090216334775475,0.917249144139769,TRUE,"young_high",43.7945346050818,43.7945346050818,0.985486275645563,1.41349799396382
"factorial_stability_selected",2,"Plcb1",-8.44648698530266,-6.90736677570058,2.90175066444832e-07,0.00337304209408382,-6.52103743699229,-2.59135298664227,-9.22183223891904,-6.60552313272884,-7.87143483795566,-5.4704935568474,1.50667820636284e-05,0.0241520516479963,-2.70079480192675,-0.938499833033266,FALSE,-1,-1,-1,-1,TRUE,TRUE,0.171556691122371,0.853565181759991,TRUE,"young_high",36.7550575149102,36.7550575149102,1.51698422595541,1.78502399597702
"factorial_stability_selected",3,"Gm16515",-8.10216265866713,-4.92271906257689,4.43840845716019e-05,0.0244974147032792,-9.9566862839517,-3.9941244185226,-6.83620594965665,-3.19463026366824,-8.39644611680418,-5.11147359566473,3.62917290441047e-05,0.0358003948662769,3.12048033429505,0.949821663395078,FALSE,-1,-1,-1,-1,TRUE,TRUE,0.185821483581513,0.843297253292899,TRUE,"young_high",36.1928108216097,36.1928108216097,1.21450049615635,1.55082511515969
"factorial_stability_selected",4,"A630033H20Rik",-7.74704167256497,-4.93183097585513,4.33440918368302e-05,0.0244974147032792,-9.82246730458796,-3.87532414475546,-6.74651712504282,-3.39201869644085,-8.28449221481539,-5.1427300284119,3.36056143953518e-05,0.0358003948662769,3.07595017954515,0.95472244671536,FALSE,-1,-1,-1,-1,TRUE,TRUE,0.185645053078768,0.843422740560758,TRUE,"young_high",35.9339473248283,35.9339473248283,1.03656801135516,1.5443514189132
"factorial_stability_selected",5,"Dgkb",-7.79821201421062,-5.40128195032101,1.28301265686885e-05,0.0112467920779538,-7.30043543994625,-2.68849511139406,-8.11707177952126,-4.65591341336512,-7.70875360973376,-4.77778118722376,8.2753354480684e-05,0.0544522265497601,-0.816636339575006,-0.253070077054875,FALSE,-1,-1,-1,-1,TRUE,TRUE,0.0529681144287537,0.94969637379999,TRUE,"young_high",34.9780182978382,34.9780182978382,0.7175977002595,1.25367529819895
"factorial_stability_selected",6,"Olfr267",-7.06127870981258,-4.58237317141668,0.000107695179827414,0.0394595138887644,-10.0228159511958,-4.72115255156547,-5.26486021670883,-3.00013973155809,-7.64383808395232,-5.55034311265166,1.24081671839389e-05,0.022731762280976,4.75795573448699,1.72742322320076,FALSE,-1,-1,-1,-1,TRUE,TRUE,0.311228166465732,0.762643775945866,TRUE,"young_high",32.355866925772,32.355866925772,0.580525688444477,1.0999853951594
"factorial_stability_selected",7,"Tbck",-7.26591643461308,-4.40379345726515,0.00017143388452892,0.0467759177701887,-10.7750346771537,-4.39935239499362,-5.59205589533633,-2.65350603097994,-8.18354528624504,-5.06549630319162,4.06424219679078e-05,0.0372284585226036,5.18297878181742,1.60409449330874,FALSE,-1,-1,-1,-1,TRUE,TRUE,0.316670726675044,0.759491328956083,TRUE,"young_high",31.4837396735914,31.4837396735914,1.23032913695403,1.45717604705357
"factorial_stability_selected",8,"Fam132b",-8.39978262025864,-4.17223843155687,0.000312758956490806,0.0564904346202549,-6.50753189252191,-1.76473099685504,-10.3167629232445,-5.24146799855009,-8.41214740788323,-4.02497302188171,0.000536051067741759,0.159867881226054,-3.80923103072263,-0.91130429540531,FALSE,-1,-1,-1,-1,TRUE,TRUE,0.226412509173365,0.815386334141379,TRUE,"young_high",27.6078938526514,27.6078938526514,1.56511381998733,2.65674492886216
"factorial_stability_selected",9,"Chml",-6.42882456274318,-4.04883034458793,0.000430369917114845,0.0632684713286218,-8.12096493948698,-2.70027927646242,-6.36463681644908,-3.65092455671012,-7.24280087796803,-4.16709894382364,0.000376897110603972,0.129359927751919,1.7563281230379,0.5052460498246,FALSE,-1,-1,-1,-1,TRUE,TRUE,0.121246464688408,0.891864573484206,TRUE,"young_high",26.917781985866,26.917781985866,1.82549853146658,1.7568157094974
"factorial_stability_selected",10,"Tmem132c",-6.54657622640349,-3.66718500066264,0.00114493214923748,0.0954045108346216,-6.94898270724338,-2.06078743860225,-7.05807124248105,-3.60507205103162,-7.00352697486221,-3.59232519806891,0.00155440698152548,0.239133709989759,-0.109088535237662,-0.027977438750594,FALSE,-1,-1,-1,-1,TRUE,TRUE,0.00778811360626584,0.992272072372042,TRUE,"young_high",24.9645199099681,24.9645199099681,1.17102058220966,1.41664486095351
"factorial_stability_selected",11,"Suox",-7.40846499848963,-4.96614568649504,3.96423251401929e-05,0.0244974147032792,-6.06959309156571,-2.02907558853679,-7.60254743164909,-4.31193329323803,-6.8360702616074,-3.93753198334486,0.000665471304991533,0.177791750316905,-1.53295434008338,-0.44148586191289,FALSE,-1,-1,-1,-1,TRUE,TRUE,0.112122474557514,0.899181540592348,TRUE,"young_high",24.2034900932845,24.2034900932845,2.01840655315644,1.95533195168984
"factorial_stability_selected",12,"Awat2",-6.24145151588064,-4.0494805174325,0.000429647973582033,0.0632684713286218,-8.69230810720517,-3.48055982556906,-4.94961600394886,-2.77854326809457,-6.82096205557701,-4.44708614168302,0.000188035839747383,0.0964548643568178,3.74269210325631,1.22006793538522,FALSE,-1,-1,-1,-1,TRUE,TRUE,0.27435219536546,0.784712423799936,TRUE,"young_high",23.8030004112036,23.8030004112036,0.440738078857648,0.814688161195311
"factorial_stability_selected",13,"Osbpl10",-6.30856080279143,-4.1238564451696,0.000354498212682344,0.0598169089399786,-8.23606220565375,-3.20336396689096,-5.20792841573603,-2.91256794665786,-6.72199531069489,-4.29285158860614,0.000275832204206033,0.120795237532218,3.02813378991772,0.966924874960707,FALSE,-1,-1,-1,-1,TRUE,TRUE,0.225240678155428,0.816166176840845,TRUE,"young_high",23.5517223371676,23.5517223371676,0.43465212183852,0.72446582855551
"factorial_stability_selected",14,"Pcdhb14",-6.74191597156534,-3.85754923382527,0.000704145606442343,0.0799111792656337,-7.31651932098529,-2.29028037939056,-6.55135928757158,-2.99749708672395,-6.93393930427844,-3.58278164320376,0.00159103683474562,0.240040663162093,0.765160033413711,0.197679933550637,FALSE,-1,-1,-1,-1,TRUE,TRUE,0.0551749838484021,0.947710109988421,TRUE,"young_high",23.5437636740135,23.5437636740135,0.957066770930318,1.37249246967002
"factorial_stability_selected",15,"2010310C07Rik",-6.20188259927477,-3.89712082468963,0.000636137656163134,0.0754785648895075,-7.41351938472554,-2.55309289519434,-5.71621742780767,-2.93475319610992,-6.5648684062666,-3.75510911153696,0.00104324041350836,0.196742868571047,1.69730195691787,0.4854289262956,FALSE,-1,-1,-1,-1,TRUE,TRUE,0.129271580373652,0.885526579593122,TRUE,"young_high",21.8298216273681,21.8298216273681,0.541494762524592,0.721871164271312
"factorial_stability_selected",16,"4933407K13Rik",-6.51885213685879,-3.82675873321907,0.00076196600416625,0.0832540810706509,-6.52369144014228,-2.11552839116729,-6.29308936122437,-2.91854267166915,-6.40839040068333,-3.4061775174501,0.00244330086857627,0.274849915251071,0.230602078917919,0.0612846259026067,FALSE,-1,-1,-1,-1,TRUE,TRUE,0.0179921982360135,0.982325799483345,TRUE,"young_high",21.4423208190343,21.4423208190343,0.951513532758803,1.27546457269222
"factorial_stability_selected",17,"Nek4",-7.65670671684456,-4.81986389806277,5.80117713124569e-05,0.0245243584664211,-4.60658051952344,-1.50919864543008,-9.32405164602926,-5.89328251019762,-6.96531608277635,-4.05194042993798,0.000501424738271671,0.155618799325925,-4.71747112650582,-1.37214964528464,FALSE,-1,-1,-1,-1,TRUE,TRUE,0.338640108489186,0.747026772661562,TRUE,"young_high",21.0833708508494,21.0833708508494,1.04800306332634,1.78407263536535
"factorial_stability_selected",18,"Xylb",-6.30131991625613,-3.65829663601875,0.00117108435884898,0.0961144882719578,-8.4653000548574,-2.88379511855052,-5.20213264752534,-2.48337546638822,-6.83371635119137,-3.78991871136356,0.000957659646636885,0.195589959560876,3.26316740733207,0.904861906742988,FALSE,-1,-1,-1,-1,TRUE,TRUE,0.23875494686052,0.807262164752103,TRUE,"young_high",20.9074680453708,20.9074680453708,0.718225372955279,1.26511293996295
"factorial_stability_selected",19,"Slc26a6",-6.24178505364956,-3.84782392873975,0.000721925860295391,0.0805041498472009,-6.83256401247707,-2.35239578057921,-5.81618083760601,-2.86192064777258,-6.32437242504154,-3.56815563047759,0.0016488225126568,0.243040228762193,1.01638317487106,0.286717250693458,FALSE,-1,-1,-1,-1,TRUE,TRUE,0.0803544625623404,0.92562213111819,TRUE,"young_high",20.8879084223221,20.8879084223221,0.713636382542876,0.97984927719318
"factorial_stability_selected",20,"Clcn2",-6.70011120671496,-4.07663366031209,0.000400543135529077,0.0632684713286218,-5.88798085383149,-1.805886385003,-7.32991179365098,-3.6981994966848,-6.60894632374123,-3.46416388775482,0.00212327228164102,0.2658040540516,-1.44193093981949,-0.377903287882312,FALSE,-1,-1,-1,-1,TRUE,TRUE,0.109089313189786,0.901640641657577,TRUE,"young_high",20.6425874981781,20.6425874981781,1.35259842870983,1.72749861122806
"factorial_stability_selected",21,"Pcdhgb2",-6.25377060062942,-3.74497365532075,0.000939168675084807,0.0902589688386686,-7.09232255612238,-2.29909070741823,-5.81735222140788,-2.85927447786092,-6.45483738876513,-3.49348794112295,0.00197740532581924,0.264405646386737,1.2749703347145,0.34501980618188,FALSE,-1,-1,-1,-1,TRUE,TRUE,0.0987608330902959,0.91011616894595,TRUE,"young_high",20.523025485117,20.523025485117,0.646503219822559,1.29131032752828
"factorial_stability_selected",22,"Postn",-8.00612759186668,-4.70459287803585,7.83281399151029e-05,0.0301987221300598,-2.46366770652104,-2.36148755308383,-9.91814184282083,-4.70929789270717,-6.19090477467094,-5.26815428072229,2.46993858063714e-05,0.0316744923580907,-7.45447413629979,-3.17169470869213,FALSE,-1,-1,-1,-1,TRUE,TRUE,0.602050411496242,0.624200083108524,TRUE,"young_high",20.3580619287543,20.3580619287543,4.4314826253923,3.56529440451891
"factorial_stability_selected",23,"Prosapip1",-5.93924718064991,-3.71133593688334,0.00102326896907691,0.090939063101732,-7.68573515616672,-2.69116212125669,-5.14264452822917,-2.64265938824957,-6.41418984219795,-3.71202666644206,0.00115965367212834,0.204654658853153,2.54309062793755,0.735870036460308,FALSE,-1,-1,-1,-1,TRUE,TRUE,0.198239410764517,0.834557761175596,TRUE,"young_high",19.8705229722574,19.8705229722574,0.536757877494429,1.03266548146253
"factorial_stability_selected",24,"Atp8b2",-6.59994195145323,-4.55481720615833,0.000115708926452471,0.0401040884547698,-5.06348711962717,-1.71272495404828,-7.47748150423827,-4.58973977124552,-6.27048431193272,-3.71521686817539,0.00115061160337367,0.204654658853153,-2.4139943846111,-0.715137157772705,FALSE,-1,-1,-1,-1,TRUE,TRUE,0.192488655742956,0.83858240091766,TRUE,"young_high",19.5357909487259,19.5357909487259,1.56516684953363,1.8357197399403
"factorial_stability_selected",25,"Gm20257",-5.92165589658741,-3.74834041654387,0.000931134162212615,0.0902589688386686,-6.54957728004445,-2.45955333468055,-5.23554164120034,-2.86460124395912,-5.89255946062239,-3.64889202752103,0.0013536853362666,0.217224773564604,1.31403563884412,0.406849875550544,FALSE,-1,-1,-1,-1,TRUE,TRUE,0.111499556018546,0.899685469584942,TRUE,"young_high",19.3444190968259,19.3444190968259,0.459898543931098,0.751344853192251
"factorial_stability_selected",26,"Vstm2b",-6.77065102463528,-3.81519802465625,0.00078486000422013,0.0845802075136046,-5.57682650215868,-1.99087489186689,-6.42927646381916,-2.94889338568435,-6.00305148298892,-3.38232216602761,0.00258820780195316,0.28368527224143,-0.852449961660481,-0.240149564677568,FALSE,-1,-1,-1,-1,TRUE,TRUE,0.0710013809705548,0.933705612119554,TRUE,"young_high",18.95819599814,18.95819599814,1.26957477363676,1.44153124192674
"factorial_stability_selected",27,"Camsap3",-6.22426223437914,-3.78122438350443,0.00085612222313321,0.0878312911156823,-5.72982772092134,-1.81480516902743,-6.56337449356228,-3.2797249456053,-6.14660110724181,-3.28865345169371,0.00324249381265054,0.300402208818331,-0.833546772640939,-0.222988804964429,FALSE,-1,-1,-1,-1,TRUE,TRUE,0.0678054985423872,0.93650014105102,TRUE,"young_high",18.930452198559,18.930452198559,0.872622179712816,1.3285702054872
"factorial_stability_selected",28,"Fastkd5",-6.61461134878595,-3.68520901636532,0.00109364306069427,0.0934991907356221,-5.95950088806134,-1.78715200910516,-6.75061751099622,-2.97458818910532,-6.35505919952878,-3.15104369468049,0.00450291730633504,0.301148299542853,-0.791116622934884,-0.196130592036084,FALSE,-1,-1,-1,-1,TRUE,TRUE,0.062243052019916,0.941404133544054,TRUE,"young_high",18.8516829382104,18.8516829382104,1.20231588033669,1.52355284520966
"factorial_stability_selected",29,"Brwd3",-7.28556820157282,-4.90210977725964,4.68296497312832e-05,0.0244974147032792,-4.43954817083445,-1.55106450137882,-8.34699208791147,-4.79949291460632,-6.39327012937296,-3.81779029598158,0.000894161365426026,0.191176465600127,-3.90744391707703,-1.16668005315239,FALSE,-1,-1,-1,-1,TRUE,TRUE,0.305590373347003,0.765937020074992,TRUE,"young_high",18.695116904804,18.695116904804,1.01886360695336,1.3539309456965
"factorial_stability_selected",30,"Mical3",-6.30332670345221,-4.24611209425239,0.000258240720352677,0.0549663481734062,-5.17031290108649,-1.83879956028496,-6.67156087042657,-3.65964624006969,-5.92093688575653,-3.53378554584903,0.0017928314928983,0.253793007989687,-1.50124796934008,-0.447993998006561,FALSE,-1,-1,-1,-1,TRUE,TRUE,0.126774518250395,0.887489008495466,TRUE,"young_high",18.5692175727044,18.5692175727044,0.936791484061971,1.29608769134129
"factorial_stability_selected",31,"Nrxn2",5.82894369737625,4.36096901630754,0.000191629074415692,0.0501520663327926,6.59995628939988,2.80014564592188,5.50693564377708,3.37586422956355,6.05344596658848,4.22366209379138,0.000327535689612072,0.127284609098579,-1.0930206456228,-0.381315856631832,FALSE,1,1,1,1,TRUE,TRUE,0.090280855018347,0.917194863504388,TRUE,"old_high",23.4505725274464,23.4505725274464,1.28958467508492,1.16431167588137
"factorial_stability_selected",32,"Aox3",6.69168265809956,4.18826769774301,0.000300034651601562,0.0549663481734062,5.26502983379523,1.73304478904174,7.21375217846282,3.99936014324539,6.23939100612902,3.53193324998332,0.00180093291695738,0.253793007989687,1.94872234466759,0.551556813586128,FALSE,1,1,1,1,TRUE,TRUE,0.156162851998736,0.864930055719428,TRUE,"old_high",19.0605609893943,19.0605609893943,2.17899456477534,1.78848703211307
"factorial_stability_selected",33,"Rgs20",5.173392256917,3.27456392619509,0.0030674751382127,0.126913964392336,7.62735823143722,2.81670211350521,4.07320920256322,2.16048508994127,5.85028371700022,3.54608561469216,0.00173993253171872,0.253555622576828,-3.55414902887399,-1.07715431878444,FALSE,1,1,1,1,TRUE,TRUE,0.303758663429211,0.76701311987431,TRUE,"old_high",15.9121526956194,15.9121526956194,0.801022403147215,0.942708062397911
"factorial_stability_selected",34,"Acot1",5.72406554693477,3.70943302621918,0.00102824112209538,0.090939063101732,4.85412386453411,1.65357921496391,6.08467632901754,3.2524988982736,5.46940009677583,3.14246568055043,0.00459550451473576,0.302219230240879,1.23055246448343,0.353509417791127,FALSE,1,1,1,1,TRUE,TRUE,0.112494270872098,0.898881033532054,TRUE,"old_high",15.4494297609675,15.4494297609675,1.99710541229476,1.56110424447021
"factorial_stability_selected",35,"Trim46",4.57253092484464,2.48933946641571,0.0197368455613024,0.229720374304014,9.41606418677168,3.83226427742789,2.87006828767535,1.39934291353482,6.14306623722352,3.83871515584291,0.000849238198795912,0.191176465600127,-6.54599589909634,-2.04525009967204,FALSE,1,1,1,1,TRUE,TRUE,0.532795440706455,0.652402775636589,TRUE,"old_high",15.3846239634613,15.3846239634613,0.651552536919976,1.16184610550071
"factorial_stability_selected",36,"Mutyh",5.08258835901849,3.3652583063458,0.00244892427833851,0.120140044288402,4.46848233078239,1.59495376622821,5.40507202895663,2.96141911149879,4.93677717986951,2.95287459571937,0.00717781881897844,0.336559389951386,0.936589698174247,0.280104998219132,FALSE,1,1,1,1,TRUE,TRUE,0.0948584034879006,0.913360117449243,TRUE,"old_high",13.3146750965454,13.3146750965454,1.54356164855051,1.15647718983245
"factorial_stability_selected",37,"Lect1",4.92984079864018,2.50474551750488,0.0190648298504193,0.229350260789659,7.17403145339288,2.29898139149509,4.15538996425383,1.62149182837858,5.66471070882336,2.80573148704272,0.0100875511833239,0.362990460018096,-3.01864148913905,-0.747566637514151,FALSE,1,1,1,1,TRUE,TRUE,0.266442663876422,0.789613322832259,TRUE,"old_high",12.5498434742283,12.5498434742283,1.24775640729388,1.8407719859351
"factorial_stability_selected",38,"Nudt7",4.83001366185364,3.14542085337656,0.00421450771640722,0.140254972184815,4.79442855483156,1.56033925775264,4.72950252743216,2.54681981730512,4.76196554113186,2.65271859457012,0.014282322876928,0.397648756714767,-0.064926027399403,-0.0180839695989304,FALSE,1,1,1,1,TRUE,TRUE,0.0068171451495663,0.993229013647207,TRUE,"old_high",12.5466223916818,12.5466223916818,1.54997983176267,1.38905043611033
"factorial_stability_selected",39,"Fam196a",4.74211099354751,3.04428327433423,0.00539035330039811,0.156228710231465,4.44371865126733,1.54795768985641,4.9669460788871,2.63667020760942,4.70533236507721,2.74075975031742,0.0117020265146032,0.385750905929446,0.523227427619771,0.152384631160785,FALSE,1,1,1,1,TRUE,TRUE,0.0555994063143911,0.947329066327808,TRUE,"old_high",12.2169314239161,12.2169314239161,1.23902749139096,0.990777703093078
"factorial_stability_selected",40,"1810010H24Rik",4.57072011287781,2.79068224389126,0.00987182577275635,0.187828328946331,5.56127448440254,1.95824007514986,4.23492249705977,2.12120867328334,4.89809849073116,2.82191536411594,0.00971959401629781,0.359971951611836,-1.32635198734277,-0.382072048815576,FALSE,1,1,1,1,TRUE,TRUE,0.135394567346706,0.880751087559712,TRUE,"old_high",12.1737586064446,12.1737586064446,2.41064708356001,1.65089310819945
"factorial_stability_selected",41,"Foxf2",4.8757260965825,2.77910066741801,0.0101438675528412,0.190141681104575,4.41566712045321,1.50059333128433,5.30758027212073,2.60173136392668,4.86162369628697,2.71554030582405,0.0123922422948355,0.38760515899749,0.891913151667517,0.249096419628026,FALSE,1,1,1,1,TRUE,TRUE,0.0917299564566003,0.915977430211473,TRUE,"old_high",12.0926745858159,12.0926745858159,1.02290180660855,1.36989976263744
"factorial_stability_selected",42,"Ankrd33b",4.49642789209107,2.89895037186769,0.00764149947228062,0.175238283085594,4.76548607014913,1.68413820591648,4.36194667010719,2.28346846620261,4.56371637012816,2.6734871935314,0.0136293158612717,0.390866842799013,-0.40353940004194,-0.118199437760762,FALSE,1,1,1,1,TRUE,TRUE,0.0442117041356477,0.957660210127367,TRUE,"old_high",11.6844479161883,11.6844479161883,1.83444792347576,1.37109793162361
"factorial_stability_selected",43,"Hp",4.69677827144881,2.447066042291,0.0216949875699733,0.235377767002823,7.63888883491619,2.52394933287459,3.42153918124319,1.48301911785742,5.53021400807969,2.90631571503972,0.00799854659110986,0.337087685565753,-4.217349653673,-1.10818040281802,FALSE,1,1,1,1,TRUE,TRUE,0.381300729611069,0.72395531151393,TRUE,"old_high",11.6358064067195,11.6358064067195,1.07722608955895,1.55162035959404
"factorial_stability_selected",44,"Lcn2",6.45161626281447,2.11852298049346,0.0441415338891302,0.301743619719726,9.43315235176917,1.803739913807,4.66468872953998,1.24938019647596,7.04892054065457,2.19395880363273,0.0386996476569868,0.480279456714779,-4.76846362222919,-0.742086159395169,FALSE,1,1,1,1,TRUE,TRUE,0.338240675042828,0.747249742627944,TRUE,"old_high",11.5562481134283,11.5562481134283,3.53370639756706,2.86303142328958
"factorial_stability_selected",45,"Chaf1b",3.36334391833206,1.80916008412227,0.0823486435946323,0.37458521002448,9.95864313966177,4.47403833842438,1.03029957144274,0.545770286800227,5.49447135555226,3.76513359274655,0.00101785011023075,0.196742868571047,-8.92834356821903,-3.05911198011016,FALSE,1,1,1,1,TRUE,TRUE,0.812484238971648,0.551728935622288,TRUE,"old_high",11.4138474864261,11.4138474864261,0.554551208088269,1.14247431643167
"factorial_stability_selected",46,"Ddb2",4.96305273780807,2.17290217401183,0.0393718565873604,0.29091521197551,8.85126671426507,2.52584031644079,3.2692495819701,1.19209588846406,6.06025814811758,2.72381547959415,0.0121616331506399,0.385750905929446,-5.58201713229496,-1.25443374693762,FALSE,1,1,1,1,TRUE,TRUE,0.46054281313792,0.684676950928633,TRUE,"old_high",11.3019795145303,11.3019795145303,1.62296235035473,2.17806066083488
"factorial_stability_selected",47,"Miip",4.53128967249927,2.87174035810061,0.00815214301655321,0.17799227577411,5.50534106763866,1.87460619752208,4.03553888692956,2.06446326637367,4.77043997728411,2.7044282046059,0.0127084086656242,0.389572036249831,-1.46980218070909,-0.416625561963777,FALSE,1,1,1,1,TRUE,TRUE,0.154053088777441,0.86651126341108,TRUE,"old_high",11.1791325272686,11.1791325272686,2.65919849208758,1.64837254473957
"factorial_stability_selected",48,"Cenpt",4.1663227761797,2.1500298660792,0.0413185431948108,0.296096066561298,9.41841606891604,3.71919684825198,1.84013417776892,0.806483953833446,5.62927512334248,3.30292261177347,0.00313334455478068,0.299865750526175,-7.57828189114712,-2.22324172013473,FALSE,1,1,1,1,TRUE,TRUE,0.673113416202508,0.59768811266227,TRUE,"old_high",11.1128509954709,11.1128509954709,1.56097459304119,1.4439352036377
"factorial_stability_selected",49,"Chchd10",6.55339245475022,4.30315931336411,0.000222691670620838,0.0528851478526227,2.32805773281576,0.785173178745526,8.47672671508369,5.01541688576944,5.40239222394973,3.16586107548082,0.00434721115489386,0.300974146154813,6.14866898226793,1.8015937190457,FALSE,1,1,1,1,TRUE,TRUE,0.569069049257548,0.637320582209674,TRUE,"old_high",10.9002362033561,10.9002362033561,1.47500517039108,1.50831539976428
"factorial_stability_selected",50,"Cdh9",4.46321459478497,2.10759481527042,0.045160279443417,0.302978148219489,7.46479607502634,2.36637334781997,3.42963086549716,1.37134847007829,5.44721347026175,2.7062698979623,0.0126554870538691,0.389572036249831,-4.03516520952919,-1.00236994561265,FALSE,1,1,1,1,TRUE,TRUE,0.370387984716459,0.729720350114501,TRUE,"old_high",10.7572672898137,10.7572672898137,1.35137630638017,1.58304481954906
"factorial_stability_selected",51,"Cdk20",4.45972148641284,2.61967806006902,0.0146826915764037,0.209677991955235,5.01244639063582,1.64320101090634,4.24914506049764,2.00129935025964,4.63079572556673,2.49196440632384,0.0204237547620351,0.432974210984391,-0.763301330138178,-0.205377202831723,FALSE,1,1,1,1,TRUE,TRUE,0.0824157761384504,0.923859409706249,TRUE,"old_high",10.6611326030718,10.6611326030718,2.83833787459576,1.80505675384738
"factorial_stability_selected",52,"Abcg1",4.15922378333064,2.63317141048231,0.0142349353020786,0.20886591569091,4.38003547187316,1.575173067141,4.12227363533177,2.11370601687653,4.25115455360246,2.50331907391134,0.0199197382868709,0.428383614594159,-0.257761836541394,-0.0758923386346528,FALSE,1,1,1,1,TRUE,TRUE,0.0303166825593628,0.970575374472192,TRUE,"old_high",10.3288595247655,10.3288595247655,2.20950295468751,1.81778553823765
"factorial_stability_selected",53,"Immp2l",4.25175368207116,2.2493093523188,0.0334532137166014,0.274487240063039,6.9791141868622,2.43521375677884,3.12077451349229,1.37321090118539,5.04994435017725,2.76132359998299,0.0111662937516496,0.37627185172882,-3.8583396733699,-1.05487542614732,FALSE,1,1,1,1,TRUE,TRUE,0.382018000972276,0.7235795766021,TRUE,"old_high",10.0899774843272,10.0899774843272,1.24053218351073,1.36220884075503
"factorial_stability_selected",54,"Msrb2",5.16676238414898,3.38989420915224,0.00230296350932337,0.119894440457384,2.76731504185205,1.1205785367974,6.45303638310979,3.58527470248402,4.61017571248092,3.01728601454369,0.00617420306912366,0.31894549392361,3.68572134125774,1.20612273262982,FALSE,1,1,1,1,TRUE,TRUE,0.399737577414021,0.714419628461696,TRUE,"old_high",9.93773327680209,9.93773327680209,2.44354297656001,1.76269478350503
"factorial_stability_selected",55,"Cygb",2.14198721667817,6.23819724394444,1.51948646092422e-06,0.00348823723993244,1.57120414870617,2.922460429006,2.49004109257942,5.83750654889732,2.03062262064279,5.91764765109407,5.11900772351003e-06,0.0180331583835999,0.918836943873258,1.3388389421489,FALSE,1,1,1,1,TRUE,TRUE,0.226245070917542,0.815497671482379,TRUE,"old_high",9.79943525670112,9.79943525670112,7.77200314250961,1.01713173866413
"factorial_stability_selected",56,"Pltp",3.2782142633894,4.208939985036,0.000284379683628214,0.0549663481734062,2.30592231145209,2.22685760558477,3.8140778404612,3.36578047259313,3.06000007595665,3.98682577445785,0.000589119217814944,0.171701473846792,1.50815552900912,0.982476010734232,FALSE,1,1,1,1,TRUE,TRUE,0.24643059561151,0.802290960700777,TRUE,"old_high",9.7876987420079,9.7876987420079,5.16211526079966,1.77751740203223
"factorial_stability_selected",57,"Prr13",2.21792730911635,6.56330617225418,6.75478502454275e-07,0.00337304209408382,1.50649493008267,2.79679989757638,2.57533075485674,6.19476009517616,2.0409128424697,5.99897243913281,4.21546924638945e-06,0.0180331583835999,1.06883582477408,1.57084529073236,FALSE,1,1,1,1,TRUE,TRUE,0.261852329183335,0.792485758335284,TRUE,"old_high",9.70270419881209,9.70270419881209,7.68346787715246,0.951335937425869
"factorial_stability_selected",58,"Irak1bp1",4.00419994033349,2.539922387589,0.0176091042363122,0.222097143007328,5.86786608603906,2.14152889952966,3.13388654974351,1.64117702172884,4.50087631789129,2.69531378709351,0.0129734013909124,0.390617252617321,-2.73397953629555,-0.81861089011899,FALSE,1,1,1,1,TRUE,TRUE,0.303716325386622,0.767038028540025,TRUE,"old_high",9.30514848774138,9.30514848774138,2.19639658690272,1.66407696925193
"factorial_medium_equal_weight",1,"Scml4",-7.92900716733324,-6.02711123949426,2.58737727202701e-06,0.00474007516235348,-9.05918605442661,-3.76756889641171,-7.55987517287401,-4.70296003851275,-8.30953061365031,-5.74587413179717,7.73219432432713e-06,0.0180331583835999,1.4993108815526,0.51837173544335,FALSE,-1,-1,-1,-1,TRUE,TRUE,0.090216334775475,0.917249144139769,TRUE,"young_high",1,43.7945346050818,0.985486275645563,1.41349799396382
"factorial_medium_equal_weight",2,"Plcb1",-8.44648698530266,-6.90736677570058,2.90175066444832e-07,0.00337304209408382,-6.52103743699229,-2.59135298664227,-9.22183223891904,-6.60552313272884,-7.87143483795566,-5.4704935568474,1.50667820636284e-05,0.0241520516479963,-2.70079480192675,-0.938499833033266,FALSE,-1,-1,-1,-1,TRUE,TRUE,0.171556691122371,0.853565181759991,TRUE,"young_high",1,36.7550575149102,1.51698422595541,1.78502399597702
"factorial_medium_equal_weight",3,"Gm16515",-8.10216265866713,-4.92271906257689,4.43840845716019e-05,0.0244974147032792,-9.9566862839517,-3.9941244185226,-6.83620594965665,-3.19463026366824,-8.39644611680418,-5.11147359566473,3.62917290441047e-05,0.0358003948662769,3.12048033429505,0.949821663395078,FALSE,-1,-1,-1,-1,TRUE,TRUE,0.185821483581513,0.843297253292899,TRUE,"young_high",1,36.1928108216097,1.21450049615635,1.55082511515969
"factorial_medium_equal_weight",4,"A630033H20Rik",-7.74704167256497,-4.93183097585513,4.33440918368302e-05,0.0244974147032792,-9.82246730458796,-3.87532414475546,-6.74651712504282,-3.39201869644085,-8.28449221481539,-5.1427300284119,3.36056143953518e-05,0.0358003948662769,3.07595017954515,0.95472244671536,FALSE,-1,-1,-1,-1,TRUE,TRUE,0.185645053078768,0.843422740560758,TRUE,"young_high",1,35.9339473248283,1.03656801135516,1.5443514189132
"factorial_medium_equal_weight",5,"Dgkb",-7.79821201421062,-5.40128195032101,1.28301265686885e-05,0.0112467920779538,-7.30043543994625,-2.68849511139406,-8.11707177952126,-4.65591341336512,-7.70875360973376,-4.77778118722376,8.2753354480684e-05,0.0544522265497601,-0.816636339575006,-0.253070077054875,FALSE,-1,-1,-1,-1,TRUE,TRUE,0.0529681144287537,0.94969637379999,TRUE,"young_high",1,34.9780182978382,0.7175977002595,1.25367529819895
"factorial_medium_equal_weight",6,"Olfr267",-7.06127870981258,-4.58237317141668,0.000107695179827414,0.0394595138887644,-10.0228159511958,-4.72115255156547,-5.26486021670883,-3.00013973155809,-7.64383808395232,-5.55034311265166,1.24081671839389e-05,0.022731762280976,4.75795573448699,1.72742322320076,FALSE,-1,-1,-1,-1,TRUE,TRUE,0.311228166465732,0.762643775945866,TRUE,"young_high",1,32.355866925772,0.580525688444477,1.0999853951594
"factorial_medium_equal_weight",7,"Tbck",-7.26591643461308,-4.40379345726515,0.00017143388452892,0.0467759177701887,-10.7750346771537,-4.39935239499362,-5.59205589533633,-2.65350603097994,-8.18354528624504,-5.06549630319162,4.06424219679078e-05,0.0372284585226036,5.18297878181742,1.60409449330874,FALSE,-1,-1,-1,-1,TRUE,TRUE,0.316670726675044,0.759491328956083,TRUE,"young_high",1,31.4837396735914,1.23032913695403,1.45717604705357
"factorial_medium_equal_weight",8,"Fam132b",-8.39978262025864,-4.17223843155687,0.000312758956490806,0.0564904346202549,-6.50753189252191,-1.76473099685504,-10.3167629232445,-5.24146799855009,-8.41214740788323,-4.02497302188171,0.000536051067741759,0.159867881226054,-3.80923103072263,-0.91130429540531,FALSE,-1,-1,-1,-1,TRUE,TRUE,0.226412509173365,0.815386334141379,TRUE,"young_high",1,27.6078938526514,1.56511381998733,2.65674492886216
"factorial_medium_equal_weight",9,"Chml",-6.42882456274318,-4.04883034458793,0.000430369917114845,0.0632684713286218,-8.12096493948698,-2.70027927646242,-6.36463681644908,-3.65092455671012,-7.24280087796803,-4.16709894382364,0.000376897110603972,0.129359927751919,1.7563281230379,0.5052460498246,FALSE,-1,-1,-1,-1,TRUE,TRUE,0.121246464688408,0.891864573484206,TRUE,"young_high",1,26.917781985866,1.82549853146658,1.7568157094974
"factorial_medium_equal_weight",10,"Tmem132c",-6.54657622640349,-3.66718500066264,0.00114493214923748,0.0954045108346216,-6.94898270724338,-2.06078743860225,-7.05807124248105,-3.60507205103162,-7.00352697486221,-3.59232519806891,0.00155440698152548,0.239133709989759,-0.109088535237662,-0.027977438750594,FALSE,-1,-1,-1,-1,TRUE,TRUE,0.00778811360626584,0.992272072372042,TRUE,"young_high",1,24.9645199099681,1.17102058220966,1.41664486095351
"factorial_medium_equal_weight",11,"Suox",-7.40846499848963,-4.96614568649504,3.96423251401929e-05,0.0244974147032792,-6.06959309156571,-2.02907558853679,-7.60254743164909,-4.31193329323803,-6.8360702616074,-3.93753198334486,0.000665471304991533,0.177791750316905,-1.53295434008338,-0.44148586191289,FALSE,-1,-1,-1,-1,TRUE,TRUE,0.112122474557514,0.899181540592348,TRUE,"young_high",1,24.2034900932845,2.01840655315644,1.95533195168984
"factorial_medium_equal_weight",12,"Awat2",-6.24145151588064,-4.0494805174325,0.000429647973582033,0.0632684713286218,-8.69230810720517,-3.48055982556906,-4.94961600394886,-2.77854326809457,-6.82096205557701,-4.44708614168302,0.000188035839747383,0.0964548643568178,3.74269210325631,1.22006793538522,FALSE,-1,-1,-1,-1,TRUE,TRUE,0.27435219536546,0.784712423799936,TRUE,"young_high",1,23.8030004112036,0.440738078857648,0.814688161195311
"factorial_medium_equal_weight",13,"Osbpl10",-6.30856080279143,-4.1238564451696,0.000354498212682344,0.0598169089399786,-8.23606220565375,-3.20336396689096,-5.20792841573603,-2.91256794665786,-6.72199531069489,-4.29285158860614,0.000275832204206033,0.120795237532218,3.02813378991772,0.966924874960707,FALSE,-1,-1,-1,-1,TRUE,TRUE,0.225240678155428,0.816166176840845,TRUE,"young_high",1,23.5517223371676,0.43465212183852,0.72446582855551
"factorial_medium_equal_weight",14,"Pcdhb14",-6.74191597156534,-3.85754923382527,0.000704145606442343,0.0799111792656337,-7.31651932098529,-2.29028037939056,-6.55135928757158,-2.99749708672395,-6.93393930427844,-3.58278164320376,0.00159103683474562,0.240040663162093,0.765160033413711,0.197679933550637,FALSE,-1,-1,-1,-1,TRUE,TRUE,0.0551749838484021,0.947710109988421,TRUE,"young_high",1,23.5437636740135,0.957066770930318,1.37249246967002
"factorial_medium_equal_weight",15,"2010310C07Rik",-6.20188259927477,-3.89712082468963,0.000636137656163134,0.0754785648895075,-7.41351938472554,-2.55309289519434,-5.71621742780767,-2.93475319610992,-6.5648684062666,-3.75510911153696,0.00104324041350836,0.196742868571047,1.69730195691787,0.4854289262956,FALSE,-1,-1,-1,-1,TRUE,TRUE,0.129271580373652,0.885526579593122,TRUE,"young_high",1,21.8298216273681,0.541494762524592,0.721871164271312
"factorial_medium_equal_weight",16,"4933407K13Rik",-6.51885213685879,-3.82675873321907,0.00076196600416625,0.0832540810706509,-6.52369144014228,-2.11552839116729,-6.29308936122437,-2.91854267166915,-6.40839040068333,-3.4061775174501,0.00244330086857627,0.274849915251071,0.230602078917919,0.0612846259026067,FALSE,-1,-1,-1,-1,TRUE,TRUE,0.0179921982360135,0.982325799483345,TRUE,"young_high",1,21.4423208190343,0.951513532758803,1.27546457269222
"factorial_medium_equal_weight",17,"Nek4",-7.65670671684456,-4.81986389806277,5.80117713124569e-05,0.0245243584664211,-4.60658051952344,-1.50919864543008,-9.32405164602926,-5.89328251019762,-6.96531608277635,-4.05194042993798,0.000501424738271671,0.155618799325925,-4.71747112650582,-1.37214964528464,FALSE,-1,-1,-1,-1,TRUE,TRUE,0.338640108489186,0.747026772661562,TRUE,"young_high",1,21.0833708508494,1.04800306332634,1.78407263536535
"factorial_medium_equal_weight",18,"Xylb",-6.30131991625613,-3.65829663601875,0.00117108435884898,0.0961144882719578,-8.4653000548574,-2.88379511855052,-5.20213264752534,-2.48337546638822,-6.83371635119137,-3.78991871136356,0.000957659646636885,0.195589959560876,3.26316740733207,0.904861906742988,FALSE,-1,-1,-1,-1,TRUE,TRUE,0.23875494686052,0.807262164752103,TRUE,"young_high",1,20.9074680453708,0.718225372955279,1.26511293996295
"factorial_medium_equal_weight",19,"Slc26a6",-6.24178505364956,-3.84782392873975,0.000721925860295391,0.0805041498472009,-6.83256401247707,-2.35239578057921,-5.81618083760601,-2.86192064777258,-6.32437242504154,-3.56815563047759,0.0016488225126568,0.243040228762193,1.01638317487106,0.286717250693458,FALSE,-1,-1,-1,-1,TRUE,TRUE,0.0803544625623404,0.92562213111819,TRUE,"young_high",1,20.8879084223221,0.713636382542876,0.97984927719318
"factorial_medium_equal_weight",20,"Clcn2",-6.70011120671496,-4.07663366031209,0.000400543135529077,0.0632684713286218,-5.88798085383149,-1.805886385003,-7.32991179365098,-3.6981994966848,-6.60894632374123,-3.46416388775482,0.00212327228164102,0.2658040540516,-1.44193093981949,-0.377903287882312,FALSE,-1,-1,-1,-1,TRUE,TRUE,0.109089313189786,0.901640641657577,TRUE,"young_high",1,20.6425874981781,1.35259842870983,1.72749861122806
"factorial_medium_equal_weight",21,"Pcdhgb2",-6.25377060062942,-3.74497365532075,0.000939168675084807,0.0902589688386686,-7.09232255612238,-2.29909070741823,-5.81735222140788,-2.85927447786092,-6.45483738876513,-3.49348794112295,0.00197740532581924,0.264405646386737,1.2749703347145,0.34501980618188,FALSE,-1,-1,-1,-1,TRUE,TRUE,0.0987608330902959,0.91011616894595,TRUE,"young_high",1,20.523025485117,0.646503219822559,1.29131032752828
"factorial_medium_equal_weight",22,"Postn",-8.00612759186668,-4.70459287803585,7.83281399151029e-05,0.0301987221300598,-2.46366770652104,-2.36148755308383,-9.91814184282083,-4.70929789270717,-6.19090477467094,-5.26815428072229,2.46993858063714e-05,0.0316744923580907,-7.45447413629979,-3.17169470869213,FALSE,-1,-1,-1,-1,TRUE,TRUE,0.602050411496242,0.624200083108524,TRUE,"young_high",1,20.3580619287543,4.4314826253923,3.56529440451891
"factorial_medium_equal_weight",23,"Prosapip1",-5.93924718064991,-3.71133593688334,0.00102326896907691,0.090939063101732,-7.68573515616672,-2.69116212125669,-5.14264452822917,-2.64265938824957,-6.41418984219795,-3.71202666644206,0.00115965367212834,0.204654658853153,2.54309062793755,0.735870036460308,FALSE,-1,-1,-1,-1,TRUE,TRUE,0.198239410764517,0.834557761175596,TRUE,"young_high",1,19.8705229722574,0.536757877494429,1.03266548146253
"factorial_medium_equal_weight",24,"Atp8b2",-6.59994195145323,-4.55481720615833,0.000115708926452471,0.0401040884547698,-5.06348711962717,-1.71272495404828,-7.47748150423827,-4.58973977124552,-6.27048431193272,-3.71521686817539,0.00115061160337367,0.204654658853153,-2.4139943846111,-0.715137157772705,FALSE,-1,-1,-1,-1,TRUE,TRUE,0.192488655742956,0.83858240091766,TRUE,"young_high",1,19.5357909487259,1.56516684953363,1.8357197399403
"factorial_medium_equal_weight",25,"Gm20257",-5.92165589658741,-3.74834041654387,0.000931134162212615,0.0902589688386686,-6.54957728004445,-2.45955333468055,-5.23554164120034,-2.86460124395912,-5.89255946062239,-3.64889202752103,0.0013536853362666,0.217224773564604,1.31403563884412,0.406849875550544,FALSE,-1,-1,-1,-1,TRUE,TRUE,0.111499556018546,0.899685469584942,TRUE,"young_high",1,19.3444190968259,0.459898543931098,0.751344853192251
"factorial_medium_equal_weight",26,"Vstm2b",-6.77065102463528,-3.81519802465625,0.00078486000422013,0.0845802075136046,-5.57682650215868,-1.99087489186689,-6.42927646381916,-2.94889338568435,-6.00305148298892,-3.38232216602761,0.00258820780195316,0.28368527224143,-0.852449961660481,-0.240149564677568,FALSE,-1,-1,-1,-1,TRUE,TRUE,0.0710013809705548,0.933705612119554,TRUE,"young_high",1,18.95819599814,1.26957477363676,1.44153124192674
"factorial_medium_equal_weight",27,"Camsap3",-6.22426223437914,-3.78122438350443,0.00085612222313321,0.0878312911156823,-5.72982772092134,-1.81480516902743,-6.56337449356228,-3.2797249456053,-6.14660110724181,-3.28865345169371,0.00324249381265054,0.300402208818331,-0.833546772640939,-0.222988804964429,FALSE,-1,-1,-1,-1,TRUE,TRUE,0.0678054985423872,0.93650014105102,TRUE,"young_high",1,18.930452198559,0.872622179712816,1.3285702054872
"factorial_medium_equal_weight",28,"H19",-6.15962760852834,-3.51097658167766,0.00169990469470607,0.109388869159509,-7.51781511695405,-2.58089086573114,-5.28682251259892,-2.31939397634866,-6.40231881477648,-3.46191387918955,0.00213488908042068,0.2658040540516,2.23099260435513,0.603180229291339,FALSE,-1,-1,-1,-1,TRUE,TRUE,0.174233156350545,0.851619624766812,TRUE,"young_high",1,18.8755327202278,1.21226658259737,1.52687267342324
"factorial_medium_equal_weight",29,"Fastkd5",-6.61461134878595,-3.68520901636532,0.00109364306069427,0.0934991907356221,-5.95950088806134,-1.78715200910516,-6.75061751099622,-2.97458818910532,-6.35505919952878,-3.15104369468049,0.00450291730633504,0.301148299542853,-0.791116622934884,-0.196130592036084,FALSE,-1,-1,-1,-1,TRUE,TRUE,0.062243052019916,0.941404133544054,TRUE,"young_high",1,18.8516829382104,1.20231588033669,1.52355284520966
"factorial_medium_equal_weight",30,"Brwd3",-7.28556820157282,-4.90210977725964,4.68296497312832e-05,0.0244974147032792,-4.43954817083445,-1.55106450137882,-8.34699208791147,-4.79949291460632,-6.39327012937296,-3.81779029598158,0.000894161365426026,0.191176465600127,-3.90744391707703,-1.16668005315239,FALSE,-1,-1,-1,-1,TRUE,TRUE,0.305590373347003,0.765937020074992,TRUE,"young_high",1,18.695116904804,1.01886360695336,1.3539309456965
"factorial_medium_equal_weight",31,"Mical3",-6.30332670345221,-4.24611209425239,0.000258240720352677,0.0549663481734062,-5.17031290108649,-1.83879956028496,-6.67156087042657,-3.65964624006969,-5.92093688575653,-3.53378554584903,0.0017928314928983,0.253793007989687,-1.50124796934008,-0.447993998006561,FALSE,-1,-1,-1,-1,TRUE,TRUE,0.126774518250395,0.887489008495466,TRUE,"young_high",1,18.5692175727044,0.936791484061971,1.29608769134129
"factorial_medium_equal_weight",32,"Pyroxd2",-5.6616852861633,-3.371323270013,0.00241218026949373,0.120140044288402,-8.97000948326785,-3.54612748781275,-4.0249203166879,-1.87992044316226,-6.49746489997787,-3.92125886797313,0.000692768361451104,0.180682154763446,4.94508916657995,1.49219542128158,FALSE,-1,-1,-1,-1,TRUE,TRUE,0.380539861481739,0.724354310875671,TRUE,"young_high",1,18.4552743236523,1.30137951349559,1.51170928341187
"factorial_medium_equal_weight",33,"Ccdc141",-5.31154569944731,-3.32753879908549,0.0026899180324418,0.123917616154594,-8.02328198731407,-3.00779378715459,-4.37727162555443,-2.25586103607413,-6.20027680643425,-3.75935040916933,0.00103242262814784,0.196742868571047,3.64601036175964,1.1053240825549,FALSE,-1,-1,-1,-1,TRUE,TRUE,0.294019943106096,0.772785616889067,TRUE,"young_high",1,18.0128701056044,0.980399653475333,1.28166448388431
"factorial_medium_equal_weight",34,"Fbn2",-5.71819130371022,-3.53697121458498,0.00159211417146633,0.107791053793191,-6.1886817065215,-2.05022171621305,-5.42665870101267,-2.79837483279049,-5.80767020376709,-3.23747278116799,0.00366517322804623,0.300402208818331,0.762023005508836,0.212394011057865,FALSE,-1,-1,-1,-1,TRUE,TRUE,0.0656048736556773,0.938434146391793,TRUE,"young_high",1,17.6446023019708,0.481365092933025,1.02845845775836
"factorial_medium_equal_weight",35,"Hist1h4c",-5.91546098812235,-3.70202933439132,0.00104781260852797,0.0920352663819364,-5.41492305545802,-1.8593374142913,-5.92402476342356,-3.07919010537381,-5.66947390944079,-3.24862654781953,0.00356873406981565,0.300402208818331,-0.50910170796554,-0.145858447402243,FALSE,-1,-1,-1,-1,TRUE,TRUE,0.0448984924526501,0.957030761574494,TRUE,"young_high",1,17.6265958726265,0.512695281000498,0.739949245666931
"factorial_medium_equal_weight",36,"Sema3d",-6.96851873788868,-4.12773863278727,0.000350954689740678,0.0598169089399786,-5.03690699491604,-1.49928304548588,-7.86153549092869,-3.84395848807586,-6.44922124292237,-3.27946328844502,0.00331473706127387,0.300402208818331,-2.82462849601265,-0.718169303490327,FALSE,-1,-1,-1,-1,TRUE,TRUE,0.218989872623973,0.82035136013675,TRUE,"young_high",1,17.3504183916612,1.23267673513746,1.80399145097369
"factorial_medium_equal_weight",37,"Fam110a",-6.69794566372248,-4.05295289545047,0.000425812510109025,0.0632684713286218,-5.19598179765178,-1.70087966740216,-6.96508109648643,-3.27730789462596,-6.08053144706911,-3.2678573457251,0.00340820498294917,0.300402208818331,-1.76909929883465,-0.475383129693419,FALSE,-1,-1,-1,-1,TRUE,TRUE,0.14547241213718,0.873002256016133,TRUE,"young_high",1,17.3468248948431,1.25261544798319,1.69933091603859
"factorial_medium_equal_weight",38,"Arnt2",-5.79644814813035,-3.50185537080473,0.00173938650752846,0.109881244199729,-5.38174125480613,-1.83690128772839,-5.69700584093248,-2.95042733587445,-5.5393735478693,-3.15736376641447,0.00443585616592229,0.301079660737427,-0.315264586126345,-0.089848154531107,FALSE,-1,-1,-1,-1,TRUE,TRUE,0.028456697760608,0.972330679723735,TRUE,"young_high",1,17.0058859714368,0.504458306779024,0.911399276738572
"factorial_medium_equal_weight",39,"Fgf12",-4.97451317566537,-3.15654634131656,0.00410133727112072,0.138409339907505,-8.92247038529678,-3.82489294267591,-3.0840409691292,-1.87676940211838,-6.00325567721299,-4.20776232136174,0.000340721104224851,0.128511983546456,5.83842941616759,2.0461166935243,FALSE,-1,-1,-1,-1,TRUE,TRUE,0.48627188677446,0.672824406421507,TRUE,"young_high",1,16.9957282169269,0.312837192131647,0.666077360939094
"factorial_medium_equal_weight",40,"Nr2c1",-5.84158117629706,-3.526612241024,0.00163424626688162,0.108570628323993,-7.14717273966745,-2.47554430026428,-4.90584491065563,-2.27388826382858,-6.02650882516154,-3.34418066710321,0.00283745169810877,0.294053946874339,2.24132782901182,0.621869594144403,FALSE,-1,-1,-1,-1,TRUE,TRUE,0.185955725618308,0.843201797840001,TRUE,"young_high",1,16.993664997675,1.93355461187038,1.73912270857097
"factorial_medium_equal_weight",41,"Zfp456",-5.67965727612495,-3.29373094840676,0.00292530543197916,0.126913964392336,-6.72965986750948,-2.50869195712281,-4.75589147741524,-2.42666331220731,-5.74277567246236,-3.45721275210143,0.00215936173436334,0.266265912321879,1.97376839009424,0.594114905153755,FALSE,-1,-1,-1,-1,TRUE,TRUE,0.17184792953962,0.853353045896379,TRUE,"young_high",1,16.9424690583314,0.599610107098191,0.944388819966523
"factorial_medium_equal_weight",42,"6720456H20Rik",-6.65775763352773,-4.85055698561568,5.35556637120591e-05,0.0244974147032792,-3.9289503907049,-1.45617832988327,-7.94357564692855,-5.10030709938868,-5.93626301881673,-3.81094068577301,0.000909370274610708,0.191176465600127,-4.01462525622366,-1.28864730880171,FALSE,-1,-1,-1,-1,TRUE,TRUE,0.338144124119333,0.747303658832808,TRUE,"young_high",1,16.9060610528384,1.95973845272981,1.93674586136346
"factorial_medium_equal_weight",43,"Efcab7",-5.58742677092786,-3.31226777210357,0.00279388086172675,0.124426124186289,-6.59360877618348,-2.18295619803983,-5.1768681745746,-2.49367927682335,-5.88523847537904,-3.21147922439556,0.00389982046029998,0.300402208818331,1.41674060160889,0.386546189033705,FALSE,-1,-1,-1,-1,TRUE,TRUE,0.120363897501515,0.892567140221196,TRUE,"young_high",1,16.8698055483956,0.638441707107414,1.19975947763646
"factorial_medium_equal_weight",44,"4933400A11Rik",-5.04482207839267,-3.02190149192853,0.0056900714849284,0.157601461604151,-9.34797802068914,-3.88891297181121,-2.94012310097184,-1.65312442850019,-6.14405056083049,-4.10948702256217,0.000434786176603825,0.14296661355814,6.4078549197173,2.14296711707724,FALSE,-1,-1,-1,-1,TRUE,TRUE,0.521468234579675,0.657259860753033,TRUE,"young_high",1,16.5950858991637,0.432788494736969,0.858484735711812
"factorial_medium_equal_weight",45,"Tmem8b",-5.56977622563686,-3.3582614990778,0.00249198781820921,0.120140044288402,-6.94686066665033,-2.38356063770442,-4.83107298371928,-2.38796803950578,-5.8889668251848,-3.31975204342579,0.00300919348403832,0.296845363379288,2.11578768293105,0.596360167442873,FALSE,-1,-1,-1,-1,TRUE,TRUE,0.179639957746297,0.847716282780469,TRUE,"young_high",1,16.5727767385263,0.604186397083776,1.1159144082576
"factorial_medium_equal_weight",46,"Mmp27",-5.44262746296909,-3.46317553704914,0.00191696579640007,0.115413940718472,-5.84186186473368,-1.87411797473572,-5.32792784847687,-2.7569898346457,-5.58489485660528,-3.04555324104334,0.0057775916568139,0.31894549392361,0.513934016256809,0.140129174235228,FALSE,-1,-1,-1,-1,TRUE,TRUE,0.0460110694508338,0.956012827402496,TRUE,"young_high",1,16.2609126501409,1.94934829017332,1.58327847006024
"factorial_medium_equal_weight",47,"Carf",-5.75388402395691,-3.42872388439603,0.00208988804675217,0.116324862355683,-5.34648788319629,-1.70155181436313,-5.98029563040829,-2.95617192995595,-5.66339175680229,-3.0309556367602,0.00597924954638155,0.31894549392361,-0.633807747212009,-0.169601825772265,FALSE,-1,-1,-1,-1,TRUE,TRUE,0.0559565467543541,0.947008665341064,TRUE,"young_high",1,16.2558669873509,0.564448358387671,1.24807110997205
"factorial_medium_equal_weight",48,"Pcdhga1",-5.48370884838619,-3.55707236107523,0.00151335859477157,0.107791053793191,-5.13206036609107,-1.78898575968162,-5.64799772881722,-3.05784412285199,-5.39002904745415,-3.15955097357237,0.0044128735244083,0.301079660737427,-0.515937362726155,-0.151217218158939,FALSE,-1,-1,-1,-1,TRUE,TRUE,0.0478603464214631,0.954325644075653,TRUE,"young_high",1,16.2522339762415,0.368964953826932,0.87456100085119
"factorial_medium_equal_weight",49,"Zfp558",-4.93176833916377,-2.77228874813213,0.0103071610705179,0.19029619807033,-10.1257956372585,-4.28899939149545,-2.42456186089692,-1.29105626481935,-6.27517874907772,-4.16028921659881,0.000383318563207495,0.129359927751919,7.70123377636161,2.5528643179298,FALSE,-1,-1,-1,-1,TRUE,TRUE,0.613626597000674,0.619722060765947,TRUE,"young_high",1,16.1788102219829,0.510937906613952,1.03656898926456
"factorial_medium_equal_weight",50,"Fpgt",-5.78709540567127,-3.3644391401148,0.0024539285140842,0.120140044288402,-5.39464829780311,-1.75310472142416,-5.66728493296,-2.61942727182322,-5.53096661538155,-2.94070095886591,0.00738427985976045,0.336559389951386,-0.272636635156889,-0.0724776400022196,FALSE,-1,-1,-1,-1,TRUE,TRUE,0.0246463800515727,0.975946452813963,TRUE,"young_high",1,15.87368983677,0.994982802084835,1.21408011772932
"factorial_medium_equal_weight",51,"Nrxn2",5.82894369737625,4.36096901630754,0.000191629074415692,0.0501520663327926,6.59995628939988,2.80014564592188,5.50693564377708,3.37586422956355,6.05344596658848,4.22366209379138,0.000327535689612072,0.127284609098579,-1.0930206456228,-0.381315856631832,FALSE,1,1,1,1,TRUE,TRUE,0.090280855018347,0.917194863504388,TRUE,"old_high",1,23.4505725274464,1.28958467508492,1.16431167588137
"factorial_medium_equal_weight",52,"Aox3",6.69168265809956,4.18826769774301,0.000300034651601562,0.0549663481734062,5.26502983379523,1.73304478904174,7.21375217846282,3.99936014324539,6.23939100612902,3.53193324998332,0.00180093291695738,0.253793007989687,1.94872234466759,0.551556813586128,FALSE,1,1,1,1,TRUE,TRUE,0.156162851998736,0.864930055719428,TRUE,"old_high",1,19.0605609893943,2.17899456477534,1.78848703211307
"factorial_medium_equal_weight",53,"Rgs20",5.173392256917,3.27456392619509,0.0030674751382127,0.126913964392336,7.62735823143722,2.81670211350521,4.07320920256322,2.16048508994127,5.85028371700022,3.54608561469216,0.00173993253171872,0.253555622576828,-3.55414902887399,-1.07715431878444,FALSE,1,1,1,1,TRUE,TRUE,0.303758663429211,0.76701311987431,TRUE,"old_high",1,15.9121526956194,0.801022403147215,0.942708062397911
"factorial_medium_equal_weight",54,"Acot1",5.72406554693477,3.70943302621918,0.00102824112209538,0.090939063101732,4.85412386453411,1.65357921496391,6.08467632901754,3.2524988982736,5.46940009677583,3.14246568055043,0.00459550451473576,0.302219230240879,1.23055246448343,0.353509417791127,FALSE,1,1,1,1,TRUE,TRUE,0.112494270872098,0.898881033532054,TRUE,"old_high",1,15.4494297609675,1.99710541229476,1.56110424447021
"factorial_medium_equal_weight",55,"Trim46",4.57253092484464,2.48933946641571,0.0197368455613024,0.229720374304014,9.41606418677168,3.83226427742789,2.87006828767535,1.39934291353482,6.14306623722352,3.83871515584291,0.000849238198795912,0.191176465600127,-6.54599589909634,-2.04525009967204,FALSE,1,1,1,1,TRUE,TRUE,0.532795440706455,0.652402775636589,TRUE,"old_high",1,15.3846239634613,0.651552536919976,1.16184610550071
"factorial_medium_equal_weight",56,"Mutyh",5.08258835901849,3.3652583063458,0.00244892427833851,0.120140044288402,4.46848233078239,1.59495376622821,5.40507202895663,2.96141911149879,4.93677717986951,2.95287459571937,0.00717781881897844,0.336559389951386,0.936589698174247,0.280104998219132,FALSE,1,1,1,1,TRUE,TRUE,0.0948584034879006,0.913360117449243,TRUE,"old_high",1,13.3146750965454,1.54356164855051,1.15647718983245
"factorial_medium_equal_weight",57,"Lect1",4.92984079864018,2.50474551750488,0.0190648298504193,0.229350260789659,7.17403145339288,2.29898139149509,4.15538996425383,1.62149182837858,5.66471070882336,2.80573148704272,0.0100875511833239,0.362990460018096,-3.01864148913905,-0.747566637514151,FALSE,1,1,1,1,TRUE,TRUE,0.266442663876422,0.789613322832259,TRUE,"old_high",1,12.5498434742283,1.24775640729388,1.8407719859351
"factorial_medium_equal_weight",58,"Nudt7",4.83001366185364,3.14542085337656,0.00421450771640722,0.140254972184815,4.79442855483156,1.56033925775264,4.72950252743216,2.54681981730512,4.76196554113186,2.65271859457012,0.014282322876928,0.397648756714767,-0.064926027399403,-0.0180839695989304,FALSE,1,1,1,1,TRUE,TRUE,0.0068171451495663,0.993229013647207,TRUE,"old_high",1,12.5466223916818,1.54997983176267,1.38905043611033
"factorial_medium_equal_weight",59,"Fam196a",4.74211099354751,3.04428327433423,0.00539035330039811,0.156228710231465,4.44371865126733,1.54795768985641,4.9669460788871,2.63667020760942,4.70533236507721,2.74075975031742,0.0117020265146032,0.385750905929446,0.523227427619771,0.152384631160785,FALSE,1,1,1,1,TRUE,TRUE,0.0555994063143911,0.947329066327808,TRUE,"old_high",1,12.2169314239161,1.23902749139096,0.990777703093078
"factorial_medium_equal_weight",60,"1810010H24Rik",4.57072011287781,2.79068224389126,0.00987182577275635,0.187828328946331,5.56127448440254,1.95824007514986,4.23492249705977,2.12120867328334,4.89809849073116,2.82191536411594,0.00971959401629781,0.359971951611836,-1.32635198734277,-0.382072048815576,FALSE,1,1,1,1,TRUE,TRUE,0.135394567346706,0.880751087559712,TRUE,"old_high",1,12.1737586064446,2.41064708356001,1.65089310819945
"factorial_medium_equal_weight",61,"Foxf2",4.8757260965825,2.77910066741801,0.0101438675528412,0.190141681104575,4.41566712045321,1.50059333128433,5.30758027212073,2.60173136392668,4.86162369628697,2.71554030582405,0.0123922422948355,0.38760515899749,0.891913151667517,0.249096419628026,FALSE,1,1,1,1,TRUE,TRUE,0.0917299564566003,0.915977430211473,TRUE,"old_high",1,12.0926745858159,1.02290180660855,1.36989976263744
"factorial_medium_equal_weight",62,"Ankrd33b",4.49642789209107,2.89895037186769,0.00764149947228062,0.175238283085594,4.76548607014913,1.68413820591648,4.36194667010719,2.28346846620261,4.56371637012816,2.6734871935314,0.0136293158612717,0.390866842799013,-0.40353940004194,-0.118199437760762,FALSE,1,1,1,1,TRUE,TRUE,0.0442117041356477,0.957660210127367,TRUE,"old_high",1,11.6844479161883,1.83444792347576,1.37109793162361
"factorial_medium_equal_weight",63,"Hp",4.69677827144881,2.447066042291,0.0216949875699733,0.235377767002823,7.63888883491619,2.52394933287459,3.42153918124319,1.48301911785742,5.53021400807969,2.90631571503972,0.00799854659110986,0.337087685565753,-4.217349653673,-1.10818040281802,FALSE,1,1,1,1,TRUE,TRUE,0.381300729611069,0.72395531151393,TRUE,"old_high",1,11.6358064067195,1.07722608955895,1.55162035959404
"factorial_medium_equal_weight",64,"Lcn2",6.45161626281447,2.11852298049346,0.0441415338891302,0.301743619719726,9.43315235176917,1.803739913807,4.66468872953998,1.24938019647596,7.04892054065457,2.19395880363273,0.0386996476569868,0.480279456714779,-4.76846362222919,-0.742086159395169,FALSE,1,1,1,1,TRUE,TRUE,0.338240675042828,0.747249742627944,TRUE,"old_high",1,11.5562481134283,3.53370639756706,2.86303142328958
"factorial_medium_equal_weight",65,"Chaf1b",3.36334391833206,1.80916008412227,0.0823486435946323,0.37458521002448,9.95864313966177,4.47403833842438,1.03029957144274,0.545770286800227,5.49447135555226,3.76513359274655,0.00101785011023075,0.196742868571047,-8.92834356821903,-3.05911198011016,FALSE,1,1,1,1,TRUE,TRUE,0.812484238971648,0.551728935622288,TRUE,"old_high",1,11.4138474864261,0.554551208088269,1.14247431643167
"factorial_medium_equal_weight",66,"Ddb2",4.96305273780807,2.17290217401183,0.0393718565873604,0.29091521197551,8.85126671426507,2.52584031644079,3.2692495819701,1.19209588846406,6.06025814811758,2.72381547959415,0.0121616331506399,0.385750905929446,-5.58201713229496,-1.25443374693762,FALSE,1,1,1,1,TRUE,TRUE,0.46054281313792,0.684676950928633,TRUE,"old_high",1,11.3019795145303,1.62296235035473,2.17806066083488
"factorial_medium_equal_weight",67,"Miip",4.53128967249927,2.87174035810061,0.00815214301655321,0.17799227577411,5.50534106763866,1.87460619752208,4.03553888692956,2.06446326637367,4.77043997728411,2.7044282046059,0.0127084086656242,0.389572036249831,-1.46980218070909,-0.416625561963777,FALSE,1,1,1,1,TRUE,TRUE,0.154053088777441,0.86651126341108,TRUE,"old_high",1,11.1791325272686,2.65919849208758,1.64837254473957
"factorial_medium_equal_weight",68,"Cenpt",4.1663227761797,2.1500298660792,0.0413185431948108,0.296096066561298,9.41841606891604,3.71919684825198,1.84013417776892,0.806483953833446,5.62927512334248,3.30292261177347,0.00313334455478068,0.299865750526175,-7.57828189114712,-2.22324172013473,FALSE,1,1,1,1,TRUE,TRUE,0.673113416202508,0.59768811266227,TRUE,"old_high",1,11.1128509954709,1.56097459304119,1.4439352036377
"factorial_medium_equal_weight",69,"Chchd10",6.55339245475022,4.30315931336411,0.000222691670620838,0.0528851478526227,2.32805773281576,0.785173178745526,8.47672671508369,5.01541688576944,5.40239222394973,3.16586107548082,0.00434721115489386,0.300974146154813,6.14866898226793,1.8015937190457,FALSE,1,1,1,1,TRUE,TRUE,0.569069049257548,0.637320582209674,TRUE,"old_high",1,10.9002362033561,1.47500517039108,1.50831539976428
"factorial_medium_equal_weight",70,"Cdh9",4.46321459478497,2.10759481527042,0.045160279443417,0.302978148219489,7.46479607502634,2.36637334781997,3.42963086549716,1.37134847007829,5.44721347026175,2.7062698979623,0.0126554870538691,0.389572036249831,-4.03516520952919,-1.00236994561265,FALSE,1,1,1,1,TRUE,TRUE,0.370387984716459,0.729720350114501,TRUE,"old_high",1,10.7572672898137,1.35137630638017,1.58304481954906
"factorial_medium_equal_weight",71,"Cdk20",4.45972148641284,2.61967806006902,0.0146826915764037,0.209677991955235,5.01244639063582,1.64320101090634,4.24914506049764,2.00129935025964,4.63079572556673,2.49196440632384,0.0204237547620351,0.432974210984391,-0.763301330138178,-0.205377202831723,FALSE,1,1,1,1,TRUE,TRUE,0.0824157761384504,0.923859409706249,TRUE,"old_high",1,10.6611326030718,2.83833787459576,1.80505675384738
"factorial_medium_equal_weight",72,"Abcg1",4.15922378333064,2.63317141048231,0.0142349353020786,0.20886591569091,4.38003547187316,1.575173067141,4.12227363533177,2.11370601687653,4.25115455360246,2.50331907391134,0.0199197382868709,0.428383614594159,-0.257761836541394,-0.0758923386346528,FALSE,1,1,1,1,TRUE,TRUE,0.0303166825593628,0.970575374472192,TRUE,"old_high",1,10.3288595247655,2.20950295468751,1.81778553823765
"factorial_medium_equal_weight",73,"Immp2l",4.25175368207116,2.2493093523188,0.0334532137166014,0.274487240063039,6.9791141868622,2.43521375677884,3.12077451349229,1.37321090118539,5.04994435017725,2.76132359998299,0.0111662937516496,0.37627185172882,-3.8583396733699,-1.05487542614732,FALSE,1,1,1,1,TRUE,TRUE,0.382018000972276,0.7235795766021,TRUE,"old_high",1,10.0899774843272,1.24053218351073,1.36220884075503
"factorial_medium_equal_weight",74,"Msrb2",5.16676238414898,3.38989420915224,0.00230296350932337,0.119894440457384,2.76731504185205,1.1205785367974,6.45303638310979,3.58527470248402,4.61017571248092,3.01728601454369,0.00617420306912366,0.31894549392361,3.68572134125774,1.20612273262982,FALSE,1,1,1,1,TRUE,TRUE,0.399737577414021,0.714419628461696,TRUE,"old_high",1,9.93773327680209,2.44354297656001,1.76269478350503
"factorial_medium_equal_weight",75,"F2",3.73467923170838,1.971744523521,0.0596890401953133,0.332216528270479,8.76441577526932,3.1778341003029,1.8987775989894,0.881292315709313,5.33159668712936,3.0468120874895,0.00576051075712349,0.31894549392361,-6.86563817627991,-1.96173028563061,FALSE,1,1,1,1,TRUE,TRUE,0.643863174139803,0.608323135241032,TRUE,"old_high",1,9.88182805449427,0.553522979339805,0.953150320303137
"factorial_medium_equal_weight",76,"Cygb",2.14198721667817,6.23819724394444,1.51948646092422e-06,0.00348823723993244,1.57120414870617,2.922460429006,2.49004109257942,5.83750654889732,2.03062262064279,5.91764765109407,5.11900772351003e-06,0.0180331583835999,0.918836943873258,1.3388389421489,FALSE,1,1,1,1,TRUE,TRUE,0.226245070917542,0.815497671482379,TRUE,"old_high",1,9.79943525670112,7.77200314250961,1.01713173866413
"factorial_medium_equal_weight",77,"Pltp",3.2782142633894,4.208939985036,0.000284379683628214,0.0549663481734062,2.30592231145209,2.22685760558477,3.8140778404612,3.36578047259313,3.06000007595665,3.98682577445785,0.000589119217814944,0.171701473846792,1.50815552900912,0.982476010734232,FALSE,1,1,1,1,TRUE,TRUE,0.24643059561151,0.802290960700777,TRUE,"old_high",1,9.7876987420079,5.16211526079966,1.77751740203223
"factorial_medium_equal_weight",78,"Prr13",2.21792730911635,6.56330617225418,6.75478502454275e-07,0.00337304209408382,1.50649493008267,2.79679989757638,2.57533075485674,6.19476009517616,2.0409128424697,5.99897243913281,4.21546924638945e-06,0.0180331583835999,1.06883582477408,1.57084529073236,FALSE,1,1,1,1,TRUE,TRUE,0.261852329183335,0.792485758335284,TRUE,"old_high",1,9.70270419881209,7.68346787715246,0.951335937425869
"factorial_medium_equal_weight",79,"Ninl",3.48560717479569,1.83777396356079,0.0778910127303938,0.367346298334852,9.05006538134678,3.46213749171573,1.45579857377565,0.70358172848726,5.25293197756122,3.15130249965102,0.00450015205590285,0.301148299542853,-7.59426680757112,-2.27794992167655,FALSE,1,1,1,1,TRUE,TRUE,0.722859739775003,0.580430302544881,TRUE,"old_high",1,9.60819809600243,0.567007773859352,0.97643296758185
"factorial_medium_equal_weight",80,"Cxcl13",4.66704890046787,2.68935315383711,0.0125044202327092,0.199342505263832,4.28181322447748,1.29756857985437,4.51872563145103,2.01266254669748,4.40026942796425,2.20497299402451,0.0378192075848045,0.476417994172429,0.236912406973551,0.0593583492872277,FALSE,1,1,1,1,TRUE,TRUE,0.0269202129473858,0.97378548731637,TRUE,"old_high",1,9.4481295944556,5.59718028847539,2.8621178423064
"factorial_medium_equal_weight",81,"Crym",4.81970232849231,2.5064964057802,0.018989811729104,0.229213722748528,3.69600590676079,1.21784276839934,5.46856900533136,2.48678533120446,4.58228745604608,2.44529376868811,0.0226224094210346,0.445340904790426,1.77256309857057,0.472955651638795,FALSE,1,1,1,1,TRUE,TRUE,0.193414634302038,0.837931739109974,TRUE,"old_high",1,9.38905778473245,1.64550123208671,1.81026147161985
"factorial_medium_equal_weight",82,"Ephb3",4.72158902023886,1.9731978443539,0.0595140020525609,0.331685163981765,8.01096337346378,2.18964053677346,3.12663721549679,1.11172960156253,5.56880029448029,2.41354156780812,0.0242415151317077,0.451763730879066,-4.88432615796699,-1.05844379306172,FALSE,1,1,1,1,TRUE,TRUE,0.438543803075903,0.695147410778729,TRUE,"old_high",1,9.34315031965773,2.33207857174741,1.94172544642271
"factorial_medium_equal_weight",83,"Irak1bp1",4.00419994033349,2.539922387589,0.0176091042363122,0.222097143007328,5.86786608603906,2.14152889952966,3.13388654974351,1.64117702172884,4.50087631789129,2.69531378709351,0.0129734013909124,0.390617252617321,-2.73397953629555,-0.81861089011899,FALSE,1,1,1,1,TRUE,TRUE,0.303716325386622,0.767038028540025,TRUE,"old_high",1,9.30514848774138,2.19639658690272,1.66407696925193
"factorial_medium_equal_weight",84,"Pik3cd",4.1210885131312,2.07719675111488,0.0481053716413554,0.30884475209449,7.66287078616032,2.33947651736104,2.6543641594048,1.12265877212203,5.15861747278256,2.55398703550688,0.0178086624597537,0.412580756486063,-5.00850662675552,-1.23983422491337,FALSE,1,1,1,1,TRUE,TRUE,0.485450430055197,0.673196479510152,TRUE,"old_high",1,8.86939199050645,0.919036373758581,1.47505051458047
"factorial_medium_equal_weight",85,"Tuba4a",2.76773893162874,5.5225552587635,9.38581509341305e-06,0.0109421538870845,1.46365339489365,2.03136368507546,3.5273577154122,5.14423604280761,2.49550555515292,5.01784709890762,4.57084583091728e-05,0.0384199360100163,2.06370432051854,2.07480057825047,FALSE,1,1,1,1,TRUE,TRUE,0.413484134061154,0.707471683553213,TRUE,"old_high",1,8.85900662659309,6.89776302491956,1.38030400076442
"factorial_medium_equal_weight",86,"Ubxn11",3.69052279530533,1.94635379818983,0.0628209283726585,0.340075639973027,8.27186948294541,2.86996380248659,1.87655550363855,0.853362585445129,5.07421249329198,2.79932793470942,0.0102367622160272,0.362990460018096,-6.39531397930686,-1.76407482906739,FALSE,1,1,1,1,TRUE,TRUE,0.630177919981024,0.613429974570898,TRUE,"old_high",1,8.71339539385315,0.66478091772603,0.893259686941447
"factorial_medium_equal_weight",87,"Il12a",3.49846429550398,1.73039622470727,0.0957656726197369,0.398345438104283,9.04259541742692,3.21488866254489,1.42061079405034,0.611297999143798,5.23160310573863,2.86775720533659,0.00874531575851081,0.351567176448723,-7.62198462337658,-2.08903474526542,FALSE,1,1,1,1,TRUE,TRUE,0.728455861508305,0.578551076871219,TRUE,"old_high",1,8.67998300451317,0.80544427960971,1.07155632785261
"factorial_medium_equal_weight",88,"Ltb",4.37334398120277,2.27130499938035,0.0319055850547398,0.269636139936433,4.47347026181031,1.21949401959961,4.2930168339902,1.84443280965213,4.38324354790026,2.01787555173361,0.055522279215543,0.523241951586395,-0.18045342782011,-0.0415368843010284,FALSE,1,1,1,1,TRUE,TRUE,0.0205844604872678,0.979830713395891,TRUE,"old_high",1,8.66644587982374,1.02413683561339,1.79867771961086
"factorial_medium_equal_weight",89,"S100a5",3.7342441866715,1.96854246502311,0.0600762944772467,0.332937943118501,8.32743354569823,2.91445716361256,1.80791804579145,0.815006881664072,5.06767579574484,2.8019099510177,0.0101763476604969,0.362990460018096,-6.51951549990678,-1.80231491627199,FALSE,1,1,1,1,TRUE,TRUE,0.64324506138849,0.608551958254499,TRUE,"old_high",1,8.64093346407574,0.767458663929819,0.904029558920063
"factorial_medium_equal_weight",90,"Napsa",3.31267566305608,1.88274022094724,0.0713069633279726,0.358604116752126,7.85826012402515,3.09904671278989,1.68982200375656,0.861090929284727,4.77404106389085,2.97783775246476,0.00677159238288634,0.331446185947078,-6.16843812026859,-1.92380078663463,FALSE,1,1,1,1,TRUE,TRUE,0.646039423590742,0.607518863563156,TRUE,"old_high",1,8.63668239540649,0.433262550194331,0.741325159654811
"factorial_medium_equal_weight",91,"Lpar3",3.80619502099847,2.28722058907439,0.0308266240433157,0.265672464201264,6.74048060645523,2.30974340911203,2.58832812801137,1.32700906324461,4.6644043672333,2.65770411356638,0.0141229360759064,0.39544221012538,-4.15215247844386,-1.18291552932627,FALSE,1,1,1,1,TRUE,TRUE,0.445089201798505,0.691998804472026,TRUE,"old_high",1,8.57843699800993,0.354432310688498,0.573851146838974
"factorial_medium_equal_weight",92,"Gm12359",3.68241985698566,1.97698566813003,0.0590599158052806,0.33059116555518,6.31781538788,2.1920354680346,2.86807559784023,1.32572629667983,4.59294549286011,2.54896372147266,0.0180082358199422,0.412580756486063,-3.44973979003976,-0.957257340306072,FALSE,1,1,1,1,TRUE,TRUE,0.375547610988949,0.72698319709999,TRUE,"old_high",1,8.51097507819803,0.709698130315176,1.32592088620356
"factorial_medium_equal_weight",93,"Kdm6b",1.97366337186084,4.95914411220407,4.03709354760505e-05,0.0244974147032792,1.77497658294079,2.64039481243267,2.16269333466239,4.33501613747178,1.96883495880159,4.70374223779754,9.94249452969788e-05,0.0578307283492409,0.387716751721596,0.463146911634639,FALSE,1,1,1,1,TRUE,TRUE,0.0984634724014966,0.91036254288344,TRUE,"old_high",1,8.43076933156545,8.89875017540403,1.137643460287
"factorial_medium_equal_weight",94,"Cfl1",1.95120707476237,6.37950924953567,1.06671616988296e-06,0.00341989204064477,1.37994054177129,2.7110703680937,2.20775293079469,6.11599128937812,1.79384673628299,5.74940546555783,7.66668389880172e-06,0.0180331583835999,0.827812389023405,1.32659858215357,FALSE,1,1,1,1,TRUE,TRUE,0.230736590128685,0.812521548494338,TRUE,"old_high",1,8.3799834283631,8.94284557139023,0.83421436909851
"factorial_medium_equal_weight",95,"Snrpc",3.2710265672673,3.21175386893681,0.00358164455778053,0.131791879189099,2.95440649256203,1.63905787510517,3.31844845005993,2.50958637463288,3.13642747131098,2.80600271524447,0.0100812770042735,0.362990460018096,0.364041957497906,0.162844945490651,FALSE,1,1,1,1,TRUE,TRUE,0.0580344839460384,0.945148778393693,TRUE,"old_high",1,8.31808805308732,4.06527981794534,1.5417373987302
"factorial_medium_equal_weight",96,"Cmya5",3.92781318860138,2.14581135106085,0.0416868833295998,0.29617318106304,5.71773970583087,1.92180704642645,3.16729948440526,1.42436752672524,4.44251959511806,2.39208548218484,0.0253955424368507,0.454401352289124,-2.55044022142561,-0.686645370518658,FALSE,1,1,1,1,TRUE,TRUE,0.287048810902208,0.776971309502248,TRUE,"old_high",1,8.2567860191365,1.22279836187898,1.37992333693644
"factorial_medium_equal_weight",97,"Cib2",4.19311006517706,2.21273346919774,0.0361779399474415,0.282205536427001,4.08369332875179,1.19261962928988,4.25013957227282,1.8424560712326,4.1669164505123,2.01852541624993,0.0554497456473266,0.523241951586395,0.166446243521031,0.0403146999677928,FALSE,1,1,1,1,TRUE,TRUE,0.0199723495209771,0.980418734360439,TRUE,"old_high",1,8.24632821340619,1.5038054472186,1.31554357111663
"factorial_medium_equal_weight",98,"Gsta3",4.43409640505443,2.206813946259,0.0366373082283628,0.28440486726424,4.97336721165372,1.27014791743097,4.14169179164332,1.65070493764397,4.55752950164852,1.960020226863,0.0623268938490624,0.530971449681658,-0.831675420010404,-0.178835994897624,FALSE,1,1,1,1,TRUE,TRUE,0.0912419029287329,0.916387097412725,TRUE,"old_high",1,8.18594849023072,1.65581631223842,1.56287993487973
"factorial_medium_equal_weight",99,"Tmsb10",2.43231373689536,4.27328217855838,0.000240657111687701,0.0549228026261143,2.16474430893389,2.19398152662263,2.49816017322007,3.20521023327474,2.33145224107698,3.70843526617522,0.00116991657892635,0.204654658853153,0.333415864286181,0.265167591176992,FALSE,1,1,1,1,TRUE,TRUE,0.0715038864849913,0.933267730162365,TRUE,"old_high",1,8.06906985711083,6.74288033312539,1.35847134176452
"factorial_medium_equal_weight",100,"Map4k2",4.25147292551211,2.45961943384109,0.0210955511239082,0.232639981966992,4.02240390357895,1.13674548593317,4.1905380971668,2.00093742690115,4.10647100037287,1.99738965870952,0.0578524025433414,0.526024458399422,0.168134193587854,0.0408902801842933,FALSE,1,1,1,1,TRUE,TRUE,0.0204718568694057,0.979938832480683,TRUE,"old_high",1,8.03767654612055,1.82416770895162,1.64194551714374
"age_only_de",1,"Plcb1",-8.44648698530266,-6.90736677570058,2.90175066444832e-07,0.00337304209408382,NA,NA,NA,NA,NA,NA,NA,NA,NA,NA,FALSE,NA,NA,NA,NA,NA,NA,NA,NA,TRUE,"young_high",58.342983573667,58.342983573667,1.51698422595541,1.78502399597702
"age_only_de",2,"Scml4",-7.92900716733324,-6.02711123949426,2.58737727202701e-06,0.00474007516235348,NA,NA,NA,NA,NA,NA,NA,NA,NA,NA,FALSE,NA,NA,NA,NA,NA,NA,NA,NA,TRUE,"young_high",47.7890082162647,47.7890082162647,0.985486275645563,1.41349799396382
"age_only_de",3,"Dgkb",-7.79821201421062,-5.40128195032101,1.28301265686885e-05,0.0112467920779538,NA,NA,NA,NA,NA,NA,NA,NA,NA,NA,FALSE,NA,NA,NA,NA,NA,NA,NA,NA,TRUE,"young_high",42.1203417971322,42.1203417971322,0.7175977002595,1.25367529819895
"age_only_de",4,"Gm16515",-8.10216265866713,-4.92271906257689,4.43840845716019e-05,0.0244974147032792,NA,NA,NA,NA,NA,NA,NA,NA,NA,NA,FALSE,NA,NA,NA,NA,NA,NA,NA,NA,TRUE,"young_high",39.8846705679193,39.8846705679193,1.21450049615635,1.55082511515969
"age_only_de",5,"A630033H20Rik",-7.74704167256497,-4.93183097585513,4.33440918368302e-05,0.0244974147032792,NA,NA,NA,NA,NA,NA,NA,NA,NA,NA,FALSE,NA,NA,NA,NA,NA,NA,NA,NA,TRUE,"young_high",38.2071000919964,38.2071000919964,1.03656801135516,1.5443514189132
"age_only_de",6,"Postn",-8.00612759186668,-4.70459287803585,7.83281399151029e-05,0.0301987221300598,NA,NA,NA,NA,NA,NA,NA,NA,NA,NA,FALSE,NA,NA,NA,NA,NA,NA,NA,NA,TRUE,"young_high",37.6655708493423,37.6655708493423,4.4314826253923,3.56529440451891
"age_only_de",7,"Nek4",-7.65670671684456,-4.81986389806277,5.80117713124569e-05,0.0245243584664211,NA,NA,NA,NA,NA,NA,NA,NA,NA,NA,FALSE,NA,NA,NA,NA,NA,NA,NA,NA,TRUE,"young_high",36.9042842825738,36.9042842825738,1.04800306332634,1.78407263536535
"age_only_de",8,"Suox",-7.40846499848963,-4.96614568649504,3.96423251401929e-05,0.0244974147032792,NA,NA,NA,NA,NA,NA,NA,NA,NA,NA,FALSE,NA,NA,NA,NA,NA,NA,NA,NA,TRUE,"young_high",36.7915164957987,36.7915164957987,2.01840655315644,1.95533195168984
"age_only_de",9,"Brwd3",-7.28556820157282,-4.90210977725964,4.68296497312832e-05,0.0244974147032792,NA,NA,NA,NA,NA,NA,NA,NA,NA,NA,FALSE,NA,NA,NA,NA,NA,NA,NA,NA,TRUE,"young_high",35.7146551138221,35.7146551138221,1.01886360695336,1.3539309456965
"age_only_de",10,"Fam132b",-8.39978262025864,-4.17223843155687,0.000312758956490806,0.0564904346202549,NA,NA,NA,NA,NA,NA,NA,NA,NA,NA,FALSE,NA,NA,NA,NA,NA,NA,NA,NA,TRUE,"young_high",35.0458958649666,35.0458958649666,1.56511381998733,2.65674492886216
"age_only_de",11,"Zfp943",-7.11003862057519,-4.74692364915395,7.01495984630349e-05,0.0281124515840612,NA,NA,NA,NA,NA,NA,NA,NA,NA,NA,FALSE,NA,NA,NA,NA,NA,NA,NA,NA,TRUE,"young_high",33.7508104744063,33.7508104744063,1.36601263120984,1.6783403668412
"age_only_de",12,"Olfr267",-7.06127870981258,-4.58237317141668,0.000107695179827414,0.0394595138887644,NA,NA,NA,NA,NA,NA,NA,NA,NA,NA,FALSE,NA,NA,NA,NA,NA,NA,NA,NA,TRUE,"young_high",32.357414115741,32.357414115741,0.580525688444477,1.0999853951594
"age_only_de",13,"6720456H20Rik",-6.65775763352773,-4.85055698561568,5.35556637120591e-05,0.0244974147032792,NA,NA,NA,NA,NA,NA,NA,NA,NA,NA,FALSE,NA,NA,NA,NA,NA,NA,NA,NA,TRUE,"young_high",32.293832797844,32.293832797844,1.95973845272981,1.93674586136346
"age_only_de",14,"Tbck",-7.26591643461308,-4.40379345726515,0.00017143388452892,0.0467759177701887,NA,NA,NA,NA,NA,NA,NA,NA,NA,NA,FALSE,NA,NA,NA,NA,NA,NA,NA,NA,TRUE,"young_high",31.9975952557844,31.9975952557844,1.23032913695403,1.45717604705357
"age_only_de",15,"Atp8b2",-6.59994195145323,-4.55481720615833,0.000115708926452471,0.0401040884547698,NA,NA,NA,NA,NA,NA,NA,NA,NA,NA,FALSE,NA,NA,NA,NA,NA,NA,NA,NA,TRUE,"young_high",30.0615291601253,30.0615291601253,1.56516684953363,1.8357197399403
"age_only_de",16,"Dhx34",-6.64955585579417,-4.47470080613228,0.000142548992118626,0.0425127505797504,NA,NA,NA,NA,NA,NA,NA,NA,NA,NA,FALSE,NA,NA,NA,NA,NA,NA,NA,NA,TRUE,"young_high",29.7547729483438,29.7547729483438,0.938764902470093,1.29742792736412
"age_only_de",17,"Sema3d",-6.96851873788868,-4.12773863278727,0.000350954689740678,0.0598169089399786,NA,NA,NA,NA,NA,NA,NA,NA,NA,NA,FALSE,NA,NA,NA,NA,NA,NA,NA,NA,TRUE,"young_high",28.7642240076851,28.7642240076851,1.23267673513746,1.80399145097369
"age_only_de",18,"Lass6",-6.31377964460584,-4.34929603383665,0.000197533048423865,0.0506022637434747,NA,NA,NA,NA,NA,NA,NA,NA,NA,NA,FALSE,NA,NA,NA,NA,NA,NA,NA,NA,TRUE,"young_high",27.4604967668027,27.4604967668027,2.19288640098383,1.92115106774832
"age_only_de",19,"Clcn2",-6.70011120671496,-4.07663366031209,0.000400543135529077,0.0632684713286218,NA,NA,NA,NA,NA,NA,NA,NA,NA,NA,FALSE,NA,NA,NA,NA,NA,NA,NA,NA,TRUE,"young_high",27.3138988731284,27.3138988731284,1.35259842870983,1.72749861122806
"age_only_de",20,"Fam110a",-6.69794566372248,-4.05295289545047,0.000425812510109025,0.0632684713286218,NA,NA,NA,NA,NA,NA,NA,NA,NA,NA,FALSE,NA,NA,NA,NA,NA,NA,NA,NA,TRUE,"young_high",27.146458271354,27.146458271354,1.25261544798319,1.69933091603859
"age_only_de",21,"Mical3",-6.30332670345221,-4.24611209425239,0.000258240720352677,0.0549663481734062,NA,NA,NA,NA,NA,NA,NA,NA,NA,NA,FALSE,NA,NA,NA,NA,NA,NA,NA,NA,TRUE,"young_high",26.7646317495524,26.7646317495524,0.936791484061971,1.29608769134129
"age_only_de",22,"Vash1",-6.29185304744797,-4.19646973543883,0.000293723590362398,0.0549663481734062,NA,NA,NA,NA,NA,NA,NA,NA,NA,NA,FALSE,NA,NA,NA,NA,NA,NA,NA,NA,TRUE,"young_high",26.403570893444,26.403570893444,2.12375372220714,1.85422796971975
"age_only_de",23,"Chml",-6.42882456274318,-4.04883034458793,0.000430369917114845,0.0632684713286218,NA,NA,NA,NA,NA,NA,NA,NA,NA,NA,FALSE,NA,NA,NA,NA,NA,NA,NA,NA,TRUE,"young_high",26.0292199696668,26.0292199696668,1.82549853146658,1.7568157094974
"age_only_de",24,"Osbpl10",-6.30856080279143,-4.1238564451696,0.000354498212682344,0.0598169089399786,NA,NA,NA,NA,NA,NA,NA,NA,NA,NA,FALSE,NA,NA,NA,NA,NA,NA,NA,NA,TRUE,"young_high",26.0155991263357,26.0155991263357,0.43465212183852,0.72446582855551
"age_only_de",25,"Pcdhb14",-6.74191597156534,-3.85754923382527,0.000704145606442343,0.0799111792656337,NA,NA,NA,NA,NA,NA,NA,NA,NA,NA,FALSE,NA,NA,NA,NA,NA,NA,NA,NA,TRUE,"young_high",26.0072727906262,26.0072727906262,0.957066770930318,1.37249246967002
"age_only_de",26,"Vstm2b",-6.77065102463528,-3.81519802465625,0.00078486000422013,0.0845802075136046,NA,NA,NA,NA,NA,NA,NA,NA,NA,NA,FALSE,NA,NA,NA,NA,NA,NA,NA,NA,TRUE,"young_high",25.8313744148254,25.8313744148254,1.26957477363676,1.44153124192674
"age_only_de",27,"Awat2",-6.24145151588064,-4.0494805174325,0.000429647973582033,0.0632684713286218,NA,NA,NA,NA,NA,NA,NA,NA,NA,NA,FALSE,NA,NA,NA,NA,NA,NA,NA,NA,TRUE,"young_high",25.2746363140582,25.2746363140582,0.440738078857648,0.814688161195311
"age_only_de",28,"Tsen2",-6.0019516842055,-4.19096567366282,0.00029794399483231,0.0549663481734062,NA,NA,NA,NA,NA,NA,NA,NA,NA,NA,FALSE,NA,NA,NA,NA,NA,NA,NA,NA,TRUE,"young_high",25.153973483488,25.153973483488,2.3896433654013,1.94559758702051
"age_only_de",29,"4933407K13Rik",-6.51885213685879,-3.82675873321907,0.00076196600416625,0.0832540810706509,NA,NA,NA,NA,NA,NA,NA,NA,NA,NA,FALSE,NA,NA,NA,NA,NA,NA,NA,NA,TRUE,"young_high",24.9460743452881,24.9460743452881,0.951513532758803,1.27546457269222
"age_only_de",30,"Fastkd5",-6.61461134878595,-3.68520901636532,0.00109364306069427,0.0934991907356221,NA,NA,NA,NA,NA,NA,NA,NA,NA,NA,FALSE,NA,NA,NA,NA,NA,NA,NA,NA,TRUE,"young_high",24.3762253822984,24.3762253822984,1.20231588033669,1.52355284520966
"age_only_de",31,"2010310C07Rik",-6.20188259927477,-3.89712082468963,0.000636137656163134,0.0754785648895075,NA,NA,NA,NA,NA,NA,NA,NA,NA,NA,FALSE,NA,NA,NA,NA,NA,NA,NA,NA,TRUE,"young_high",24.1694858299139,24.1694858299139,0.541494762524592,0.721871164271312
"age_only_de",32,"Slc26a6",-6.24178505364956,-3.84782392873975,0.000721925860295391,0.0805041498472009,NA,NA,NA,NA,NA,NA,NA,NA,NA,NA,FALSE,NA,NA,NA,NA,NA,NA,NA,NA,TRUE,"young_high",24.0172898874829,24.0172898874829,0.713636382542876,0.97984927719318
"age_only_de",33,"Tmem132c",-6.54657622640349,-3.66718500066264,0.00114493214923748,0.0954045108346216,NA,NA,NA,NA,NA,NA,NA,NA,NA,NA,FALSE,NA,NA,NA,NA,NA,NA,NA,NA,TRUE,"young_high",24.0075061431615,24.0075061431615,1.17102058220966,1.41664486095351
"age_only_de",34,"Alas2",-6.1039871166305,-3.89382595888404,0.000641544258652239,0.0754785648895075,NA,NA,NA,NA,NA,NA,NA,NA,NA,NA,FALSE,NA,NA,NA,NA,NA,NA,NA,NA,TRUE,"young_high",23.7678634874296,23.7678634874296,0.621369428875703,1.3257917416918
"age_only_de",35,"Camsap3",-6.22426223437914,-3.78122438350443,0.00085612222313321,0.0878312911156823,NA,NA,NA,NA,NA,NA,NA,NA,NA,NA,FALSE,NA,NA,NA,NA,NA,NA,NA,NA,TRUE,"young_high",23.5353321299602,23.5353321299602,0.872622179712816,1.3285702054872
"age_only_de",36,"Pcdhgb2",-6.25377060062942,-3.74497365532075,0.000939168675084807,0.0902589688386686,NA,NA,NA,NA,NA,NA,NA,NA,NA,NA,FALSE,NA,NA,NA,NA,NA,NA,NA,NA,TRUE,"young_high",23.4202061457766,23.4202061457766,0.646503219822559,1.29131032752828
"age_only_de",37,"Tes",-6.19703827185626,-3.72551696860179,0.000986949936860055,0.090939063101732,NA,NA,NA,NA,NA,NA,NA,NA,NA,NA,FALSE,NA,NA,NA,NA,NA,NA,NA,NA,TRUE,"young_high",23.0871712368752,23.0871712368752,0.992448812596041,1.61286833897249
"age_only_de",38,"Xylb",-6.30131991625613,-3.65829663601875,0.00117108435884898,0.0961144882719578,NA,NA,NA,NA,NA,NA,NA,NA,NA,NA,FALSE,NA,NA,NA,NA,NA,NA,NA,NA,TRUE,"young_high",23.0520974521177,23.0520974521177,0.718225372955279,1.26511293996295
"age_only_de",39,"Arl5c",-6.09715646691334,-3.69063768690641,0.0010786409937282,0.0928355174736273,NA,NA,NA,NA,NA,NA,NA,NA,NA,NA,FALSE,NA,NA,NA,NA,NA,NA,NA,NA,TRUE,"young_high",22.5023954397555,22.5023954397555,0.895853404221098,1.3013041357558
"age_only_de",40,"Gm20257",-5.92165589658741,-3.74834041654387,0.000931134162212615,0.0902589688386686,NA,NA,NA,NA,NA,NA,NA,NA,NA,NA,FALSE,NA,NA,NA,NA,NA,NA,NA,NA,TRUE,"young_high",22.196382130044,22.196382130044,0.459898543931098,0.751344853192251
"age_only_de",41,"Prosapip1",-5.93924718064991,-3.71133593688334,0.00102326896907691,0.090939063101732,NA,NA,NA,NA,NA,NA,NA,NA,NA,NA,FALSE,NA,NA,NA,NA,NA,NA,NA,NA,TRUE,"young_high",22.0425414995791,22.0425414995791,0.536757877494429,1.03266548146253
"age_only_de",42,"Mertk",-6.06926994234285,-3.60882735780069,0.00132766879772119,0.102524019441369,NA,NA,NA,NA,NA,NA,NA,NA,NA,NA,FALSE,NA,NA,NA,NA,NA,NA,NA,NA,TRUE,"young_high",21.9029474098043,21.9029474098043,0.691100640955342,1.18718474942998
"age_only_de",43,"Hist1h4c",-5.91546098812235,-3.70202933439132,0.00104781260852797,0.0920352663819364,NA,NA,NA,NA,NA,NA,NA,NA,NA,NA,FALSE,NA,NA,NA,NA,NA,NA,NA,NA,TRUE,"young_high",21.8992101044764,21.8992101044764,0.512695281000498,0.739949245666931
"age_only_de",44,"5930412G12Rik",-6.05402188856221,-3.61331250711435,0.00131266728435596,0.102524019441369,NA,NA,NA,NA,NA,NA,NA,NA,NA,NA,FALSE,NA,NA,NA,NA,NA,NA,NA,NA,TRUE,"young_high",21.8750730082859,21.8750730082859,0.66731070413817,1.05970654685933
"age_only_de",45,"Ccdc15",-6.05997019858691,-3.6020470849646,0.00135066533974707,0.103100787600693,NA,NA,NA,NA,NA,NA,NA,NA,NA,NA,FALSE,NA,NA,NA,NA,NA,NA,NA,NA,TRUE,"young_high",21.8282979887923,21.8282979887923,1.22829325722938,1.26924225044127
"age_only_de",46,"H19",-6.15962760852834,-3.51097658167766,0.00169990469470607,0.109388869159509,NA,NA,NA,NA,NA,NA,NA,NA,NA,NA,FALSE,NA,NA,NA,NA,NA,NA,NA,NA,TRUE,"young_high",21.6263082853982,21.6263082853982,1.21226658259737,1.52687267342324
"age_only_de",47,"Nup133",-5.8157525108257,-3.69409743555496,0.00106918537359461,0.0926434677768736,NA,NA,NA,NA,NA,NA,NA,NA,NA,NA,FALSE,NA,NA,NA,NA,NA,NA,NA,NA,TRUE,"young_high",21.4839564360635,21.4839564360635,2.2821560899343,2.12778330935581
"age_only_de",48,"Pde5a",-5.79425606644093,-3.61644426107255,0.0013022908200191,0.102457530527147,NA,NA,NA,NA,NA,NA,NA,NA,NA,NA,FALSE,NA,NA,NA,NA,NA,NA,NA,NA,TRUE,"young_high",20.9546040986651,20.9546040986651,1.60814901535163,1.70867677772662
"age_only_de",49,"Fgd5",-6.11306151793556,-3.42473855803256,0.00211084366082837,0.116324862355683,NA,NA,NA,NA,NA,NA,NA,NA,NA,NA,FALSE,NA,NA,NA,NA,NA,NA,NA,NA,TRUE,"young_high",20.935637488099,20.935637488099,1.53999288937689,1.63394182948361
"age_only_de",50,"Pde4c",-6.0186088239713,-3.44893264168289,0.00198669907698539,0.116324862355683,NA,NA,NA,NA,NA,NA,NA,NA,NA,NA,FALSE,NA,NA,NA,NA,NA,NA,NA,NA,TRUE,"young_high",20.7577764305153,20.7577764305153,0.878810615872059,1.18272517981867
"age_only_de",51,"Chchd10",6.55339245475022,4.30315931336411,0.000222691670620838,0.0528851478526227,NA,NA,NA,NA,NA,NA,NA,NA,NA,NA,FALSE,NA,NA,NA,NA,NA,NA,NA,NA,TRUE,"old_high",28.2002917757885,28.2002917757885,1.47500517039108,1.50831539976428
"age_only_de",52,"Aox3",6.69168265809956,4.18826769774301,0.000300034651601562,0.0549663481734062,NA,NA,NA,NA,NA,NA,NA,NA,NA,NA,FALSE,NA,NA,NA,NA,NA,NA,NA,NA,TRUE,"old_high",28.0265583204655,28.0265583204655,2.17899456477534,1.78848703211307
"age_only_de",53,"Nrxn2",5.82894369737625,4.36096901630754,0.000191629074415692,0.0501520663327926,NA,NA,NA,NA,NA,NA,NA,NA,NA,NA,FALSE,NA,NA,NA,NA,NA,NA,NA,NA,TRUE,"old_high",25.4198428620589,25.4198428620589,1.28958467508492,1.16431167588137
"age_only_de",54,"Acot1",5.72406554693477,3.70943302621918,0.00102824112209538,0.090939063101732,NA,NA,NA,NA,NA,NA,NA,NA,NA,NA,FALSE,NA,NA,NA,NA,NA,NA,NA,NA,TRUE,"old_high",21.2330377840432,21.2330377840432,1.99710541229476,1.56110424447021
"age_only_de",55,"Msrb2",5.16676238414898,3.38989420915224,0.00230296350932337,0.119894440457384,NA,NA,NA,NA,NA,NA,NA,NA,NA,NA,FALSE,NA,NA,NA,NA,NA,NA,NA,NA,TRUE,"old_high",17.5147778860923,17.5147778860923,2.44354297656001,1.76269478350503
"age_only_de",56,"Mutyh",5.08258835901849,3.3652583063458,0.00244892427833851,0.120140044288402,NA,NA,NA,NA,NA,NA,NA,NA,NA,NA,FALSE,NA,NA,NA,NA,NA,NA,NA,NA,TRUE,"old_high",17.1042226929235,17.1042226929235,1.54356164855051,1.15647718983245
"age_only_de",57,"Rgs20",5.173392256917,3.27456392619509,0.0030674751382127,0.126913964392336,NA,NA,NA,NA,NA,NA,NA,NA,NA,NA,FALSE,NA,NA,NA,NA,NA,NA,NA,NA,TRUE,"old_high",16.9406036605574,16.9406036605574,0.801022403147215,0.942708062397911
"age_only_de",58,"Tuba4a",2.76773893162874,5.5225552587635,9.38581509341305e-06,0.0109421538870845,NA,NA,NA,NA,NA,NA,NA,NA,NA,NA,FALSE,NA,NA,NA,NA,NA,NA,NA,NA,TRUE,"old_high",15.2849911917508,15.2849911917508,6.89776302491956,1.38030400076442
"age_only_de",59,"Nudt7",4.83001366185364,3.14542085337656,0.00421450771640722,0.140254972184815,NA,NA,NA,NA,NA,NA,NA,NA,NA,NA,FALSE,NA,NA,NA,NA,NA,NA,NA,NA,TRUE,"old_high",15.1924256940881,15.1924256940881,1.54997983176267,1.38905043611033
"age_only_de",60,"Prr13",2.21792730911635,6.56330617225418,6.75478502454275e-07,0.00337304209408382,NA,NA,NA,NA,NA,NA,NA,NA,NA,NA,FALSE,NA,NA,NA,NA,NA,NA,NA,NA,TRUE,"old_high",14.5569359975344,14.5569359975344,7.68346787715246,0.951335937425869
"age_only_de",61,"Fam196a",4.74211099354751,3.04428327433423,0.00539035330039811,0.156228710231465,NA,NA,NA,NA,NA,NA,NA,NA,NA,NA,FALSE,NA,NA,NA,NA,NA,NA,NA,NA,TRUE,"old_high",14.4363291826932,14.4363291826932,1.23902749139096,0.990777703093078
"age_only_de",62,"Pltp",3.2782142633894,4.208939985036,0.000284379683628214,0.0549663481734062,NA,NA,NA,NA,NA,NA,NA,NA,NA,NA,FALSE,NA,NA,NA,NA,NA,NA,NA,NA,TRUE,"old_high",13.797807092695,13.797807092695,5.16211526079966,1.77751740203223
"age_only_de",63,"Inmt",2.44243423574333,5.59631052659039,7.76459640823154e-06,0.00995731843391613,NA,NA,NA,NA,NA,NA,NA,NA,NA,NA,FALSE,NA,NA,NA,NA,NA,NA,NA,NA,TRUE,"old_high",13.6686204239952,13.6686204239952,10.0949158790856,1.19960737023458
"age_only_de",64,"Lcn2",6.45161626281447,2.11852298049346,0.0441415338891302,0.301743619719726,NA,NA,NA,NA,NA,NA,NA,NA,NA,NA,FALSE,NA,NA,NA,NA,NA,NA,NA,NA,TRUE,"old_high",13.6678973140978,13.6678973140978,3.53370639756706,2.86303142328958
"age_only_de",65,"Foxf2",4.8757260965825,2.77910066741801,0.0101438675528412,0.190141681104575,NA,NA,NA,NA,NA,NA,NA,NA,NA,NA,FALSE,NA,NA,NA,NA,NA,NA,NA,NA,TRUE,"old_high",13.5501336491598,13.5501336491598,1.02290180660855,1.36989976263744
"age_only_de",66,"Cygb",2.14198721667817,6.23819724394444,1.51948646092422e-06,0.00348823723993244,NA,NA,NA,NA,NA,NA,NA,NA,NA,NA,FALSE,NA,NA,NA,NA,NA,NA,NA,NA,TRUE,"old_high",13.362138751646,13.362138751646,7.77200314250961,1.01713173866413
"age_only_de",67,"Rhoc",2.11546350668943,6.20975284026564,1.63205111038636e-06,0.00348823723993244,NA,NA,NA,NA,NA,NA,NA,NA,NA,NA,FALSE,NA,NA,NA,NA,NA,NA,NA,NA,TRUE,"old_high",13.136505519143,13.136505519143,8.24726922619147,0.919478843306705
"age_only_de",68,"Ankrd33b",4.49642789209107,2.89895037186769,0.00764149947228062,0.175238283085594,NA,NA,NA,NA,NA,NA,NA,NA,NA,NA,FALSE,NA,NA,NA,NA,NA,NA,NA,NA,TRUE,"old_high",13.0349213098536,13.0349213098536,1.83444792347576,1.37109793162361
"age_only_de",69,"Miip",4.53128967249927,2.87174035810061,0.00815214301655321,0.17799227577411,NA,NA,NA,NA,NA,NA,NA,NA,NA,NA,FALSE,NA,NA,NA,NA,NA,NA,NA,NA,TRUE,"old_high",13.0126874267607,13.0126874267607,2.65919849208758,1.64837254473957
"age_only_de",70,"1810010H24Rik",4.57072011287781,2.79068224389126,0.00987182577275635,0.187828328946331,NA,NA,NA,NA,NA,NA,NA,NA,NA,NA,FALSE,NA,NA,NA,NA,NA,NA,NA,NA,TRUE,"old_high",12.7554274608047,12.7554274608047,2.41064708356001,1.65089310819945
"age_only_de",71,"Map1lc3a",2.20752047261995,5.7218778829081,5.627523294103e-06,0.00801859541373077,NA,NA,NA,NA,NA,NA,NA,NA,NA,NA,FALSE,NA,NA,NA,NA,NA,NA,NA,NA,TRUE,"old_high",12.631162568351,12.631162568351,7.90039413080695,1.02335630774116
"age_only_de",72,"Cxcl13",4.66704890046787,2.68935315383711,0.0125044202327092,0.199342505263832,NA,NA,NA,NA,NA,NA,NA,NA,NA,NA,FALSE,NA,NA,NA,NA,NA,NA,NA,NA,TRUE,"old_high",12.5513426795853,12.5513426795853,5.59718028847539,2.8621178423064
"age_only_de",73,"Cfl1",1.95120707476237,6.37950924953567,1.06671616988296e-06,0.00341989204064477,NA,NA,NA,NA,NA,NA,NA,NA,NA,NA,FALSE,NA,NA,NA,NA,NA,NA,NA,NA,TRUE,"old_high",12.447743581206,12.447743581206,8.94284557139023,0.83421436909851
"age_only_de",74,"Lect1",4.92984079864018,2.50474551750488,0.0190648298504193,0.229350260789659,NA,NA,NA,NA,NA,NA,NA,NA,NA,NA,FALSE,NA,NA,NA,NA,NA,NA,NA,NA,TRUE,"old_high",12.3479966424067,12.3479966424067,1.24775640729388,1.8407719859351
"age_only_de",75,"Crym",4.81970232849231,2.5064964057802,0.018989811729104,0.229213722748528,NA,NA,NA,NA,NA,NA,NA,NA,NA,NA,FALSE,NA,NA,NA,NA,NA,NA,NA,NA,TRUE,"old_high",12.0805665632964,12.0805665632964,1.64550123208671,1.81026147161985
"age_only_de",76,"Cdkn1c",2.24457731070616,5.2550322627633,1.87267992869417e-05,0.0150095296284837,NA,NA,NA,NA,NA,NA,NA,NA,NA,NA,FALSE,NA,NA,NA,NA,NA,NA,NA,NA,TRUE,"old_high",11.7953261840274,11.7953261840274,7.44968267681666,1.07702769018078
"age_only_de",77,"Cdk20",4.45972148641284,2.61967806006902,0.0146826915764037,0.209677991955235,NA,NA,NA,NA,NA,NA,NA,NA,NA,NA,FALSE,NA,NA,NA,NA,NA,NA,NA,NA,TRUE,"old_high",11.6830345319741,11.6830345319741,2.83833787459576,1.80505675384738
"age_only_de",78,"Hp",4.69677827144881,2.447066042291,0.0216949875699733,0.235377767002823,NA,NA,NA,NA,NA,NA,NA,NA,NA,NA,FALSE,NA,NA,NA,NA,NA,NA,NA,NA,TRUE,"old_high",11.4933266162326,11.4933266162326,1.07722608955895,1.55162035959404
"age_only_de",79,"Trim46",4.57253092484464,2.48933946641571,0.0197368455613024,0.229720374304014,NA,NA,NA,NA,NA,NA,NA,NA,NA,NA,FALSE,NA,NA,NA,NA,NA,NA,NA,NA,TRUE,"old_high",11.3825816926221,11.3825816926221,0.651552536919976,1.16184610550071
"age_only_de",80,"Rpl13a",2.07869686432531,5.46153394361757,1.09832315773552e-05,0.0112467920779538,NA,NA,NA,NA,NA,NA,NA,NA,NA,NA,FALSE,NA,NA,NA,NA,NA,NA,NA,NA,TRUE,"old_high",11.3528734830041,11.3528734830041,8.25318252941588,0.920148357399867
"age_only_de",81,"A330009N23Rik",4.04857846285456,2.77774355538018,0.0101762039751028,0.190141681104575,NA,NA,NA,NA,NA,NA,NA,NA,NA,NA,FALSE,NA,NA,NA,NA,NA,NA,NA,NA,TRUE,"old_high",11.2459127336452,11.2459127336452,2.32633232255388,1.34133159944482
"age_only_de",82,"Drap1",2.2788256965772,4.86171676831412,5.20219371416232e-05,0.0244974147032792,NA,NA,NA,NA,NA,NA,NA,NA,NA,NA,FALSE,NA,NA,NA,NA,NA,NA,NA,NA,TRUE,"old_high",11.0790051011145,11.0790051011145,6.32720914823482,1.00464070842516
"age_only_de",83,"Abcg1",4.15922378333064,2.63317141048231,0.0142349353020786,0.20886591569091,NA,NA,NA,NA,NA,NA,NA,NA,NA,NA,FALSE,NA,NA,NA,NA,NA,NA,NA,NA,TRUE,"old_high",10.9519491560643,10.9519491560643,2.20950295468751,1.81778553823765
"age_only_de",84,"Ddb2",4.96305273780807,2.17290217401183,0.0393718565873604,0.29091521197551,NA,NA,NA,NA,NA,NA,NA,NA,NA,NA,FALSE,NA,NA,NA,NA,NA,NA,NA,NA,TRUE,"old_high",10.7842280837185,10.7842280837185,1.62296235035473,2.17806066083488
"age_only_de",85,"Ifitm1",4.24405643591291,2.54011997460889,0.0176012270458993,0.222097143007328,NA,NA,NA,NA,NA,NA,NA,NA,NA,NA,FALSE,NA,NA,NA,NA,NA,NA,NA,NA,TRUE,"old_high",10.7804125262298,10.7804125262298,2.37382313116986,1.81403057616017
"age_only_de",86,"Cdo1",4.50850216881646,2.34067275838168,0.0274416233507168,0.256196398875832,NA,NA,NA,NA,NA,NA,NA,NA,NA,NA,FALSE,NA,NA,NA,NA,NA,NA,NA,NA,TRUE,"old_high",10.5529282076534,10.5529282076534,1.54043637199075,1.66175142951385
"age_only_de",87,"Snrpc",3.2710265672673,3.21175386893681,0.00358164455778053,0.131791879189099,NA,NA,NA,NA,NA,NA,NA,NA,NA,NA,FALSE,NA,NA,NA,NA,NA,NA,NA,NA,TRUE,"old_high",10.5057322328158,10.5057322328158,4.06527981794534,1.5417373987302
"age_only_de",88,"Map4k2",4.25147292551211,2.45961943384109,0.0210955511239082,0.232639981966992,NA,NA,NA,NA,NA,NA,NA,NA,NA,NA,FALSE,NA,NA,NA,NA,NA,NA,NA,NA,TRUE,"old_high",10.4570054300388,10.4570054300388,1.82416770895162,1.64194551714374
"age_only_de",89,"Ccl7",1.92467967229057,5.42975648384043,1.19211539767352e-05,0.0112467920779538,NA,NA,NA,NA,NA,NA,NA,NA,NA,NA,FALSE,NA,NA,NA,NA,NA,NA,NA,NA,TRUE,"old_high",10.4505419299356,10.4505419299356,10.7493560290836,0.938811360881656
"age_only_de",90,"Tmsb10",2.43231373689536,4.27328217855838,0.000240657111687701,0.0549228026261143,NA,NA,NA,NA,NA,NA,NA,NA,NA,NA,FALSE,NA,NA,NA,NA,NA,NA,NA,NA,TRUE,"old_high",10.3939629445377,10.3939629445377,6.74288033312539,1.35847134176452
"age_only_de",91,"Rgs2",4.29698931114912,2.4157058067368,0.0232617430476187,0.243189546277406,NA,NA,NA,NA,NA,NA,NA,NA,NA,NA,FALSE,NA,NA,NA,NA,NA,NA,NA,NA,TRUE,"old_high",10.3802620304289,10.3802620304289,2.80750430047278,1.95942496720974
"age_only_de",92,"Irak1bp1",4.00419994033349,2.539922387589,0.0176091042363122,0.222097143007328,NA,NA,NA,NA,NA,NA,NA,NA,NA,NA,FALSE,NA,NA,NA,NA,NA,NA,NA,NA,TRUE,"old_high",10.1703570728356,10.1703570728356,2.19639658690272,1.66407696925193
"age_only_de",93,"Cxcl2",3.18954090141062,3.16690708212067,0.00399857703988143,0.138316819598523,NA,NA,NA,NA,NA,NA,NA,NA,NA,NA,FALSE,NA,NA,NA,NA,NA,NA,NA,NA,TRUE,"old_high",10.1009796693908,10.1009796693908,6.44353844584073,2.50262915249884
"age_only_de",94,"Hoxa5",4.22774658014685,2.38265685096276,0.0250249890075614,0.248198344186363,NA,NA,NA,NA,NA,NA,NA,NA,NA,NA,FALSE,NA,NA,NA,NA,NA,NA,NA,NA,TRUE,"old_high",10.0732693533213,10.0732693533213,1.10247024036777,1.26920831698999
"age_only_de",95,"Apod",2.04625878884194,4.8765927208327,5.00457416271525e-05,0.0244974147032792,NA,NA,NA,NA,NA,NA,NA,NA,NA,NA,FALSE,NA,NA,NA,NA,NA,NA,NA,NA,TRUE,"old_high",9.97877071460656,9.97877071460656,10.4305629429085,1.1087967410333
"age_only_de",96,"Mir1956",3.78858914425425,2.62426823259841,0.0145289175748742,0.209112052727483,NA,NA,NA,NA,NA,NA,NA,NA,NA,NA,FALSE,NA,NA,NA,NA,NA,NA,NA,NA,TRUE,"old_high",9.94227413763364,9.94227413763364,1.0971676335129,0.845330041287722
"age_only_de",97,"Ltb",4.37334398120277,2.27130499938035,0.0319055850547398,0.269636139936433,NA,NA,NA,NA,NA,NA,NA,NA,NA,NA,FALSE,NA,NA,NA,NA,NA,NA,NA,NA,TRUE,"old_high",9.9331980485158,9.9331980485158,1.02413683561339,1.79867771961086
"age_only_de",98,"Tcf7l2",1.9692592445175,4.97592611673046,3.86465860219419e-05,0.0244974147032792,NA,NA,NA,NA,NA,NA,NA,NA,NA,NA,FALSE,NA,NA,NA,NA,NA,NA,NA,NA,TRUE,"old_high",9.79888850540752,9.79888850540752,7.77011101159941,0.895760520550739
"age_only_de",99,"Kdm6b",1.97366337186084,4.95914411220407,4.03709354760505e-05,0.0244974147032792,NA,NA,NA,NA,NA,NA,NA,NA,NA,NA,FALSE,NA,NA,NA,NA,NA,NA,NA,NA,TRUE,"old_high",9.7876810900365,9.7876810900365,8.89875017540403,1.137643460287
"age_only_de",100,"Gsta3",4.43409640505443,2.206813946259,0.0366373082283628,0.28440486726424,NA,NA,NA,NA,NA,NA,NA,NA,NA,NA,FALSE,NA,NA,NA,NA,NA,NA,NA,NA,TRUE,"old_high",9.78522578573101,9.78522578573101,1.65581631223842,1.56287993487973
