gene_symbol,module,direction,source_type,source_id,source_version,source_url,rationale,included,exclusion_reason
Aaas,dna_repair,1,Mouse_MSigDB_native_hallmark,HALLMARK_DNA_REPAIR,2026.1.Mm,http://www.broadinstitute.org/gsea/msigdb/cards/HALLMARK_DNA_REPAIR,Mouse genes annotated to HALLMARK_DNA_REPAIR based on orthology mappings provided by the Alliance Genome Consortium,True,
Ada,dna_repair,1,Mouse_MSigDB_native_hallmark,HALLMARK_DNA_REPAIR,2026.1.Mm,http://www.broadinstitute.org/gsea/msigdb/cards/HALLMARK_DNA_REPAIR,Mouse genes annotated to HALLMARK_DNA_REPAIR based on orthology mappings provided by the Alliance Genome Consortium,True,
Adcy6,dna_repair,1,Mouse_MSigDB_native_hallmark,HALLMARK_DNA_REPAIR,2026.1.Mm,http://www.broadinstitute.org/gsea/msigdb/cards/HALLMARK_DNA_REPAIR,Mouse genes annotated to HALLMARK_DNA_REPAIR based on orthology mappings provided by the Alliance Genome Consortium,True,
Adrm1,dna_repair,1,Mouse_MSigDB_native_hallmark,HALLMARK_DNA_REPAIR,2026.1.Mm,http://www.broadinstitute.org/gsea/msigdb/cards/HALLMARK_DNA_REPAIR,Mouse genes annotated to HALLMARK_DNA_REPAIR based on orthology mappings provided by the Alliance Genome Consortium,True,
Ago4,dna_repair,1,Mouse_MSigDB_native_hallmark,HALLMARK_DNA_REPAIR,2026.1.Mm,http://www.broadinstitute.org/gsea/msigdb/cards/HALLMARK_DNA_REPAIR,Mouse genes annotated to HALLMARK_DNA_REPAIR based on orthology mappings provided by the Alliance Genome Consortium,True,
Ak1,dna_repair,1,Mouse_MSigDB_native_hallmark,HALLMARK_DNA_REPAIR,2026.1.Mm,http://www.broadinstitute.org/gsea/msigdb/cards/HALLMARK_DNA_REPAIR,Mouse genes annotated to HALLMARK_DNA_REPAIR based on orthology mappings provided by the Alliance Genome Consortium,True,
Ak3,dna_repair,1,Mouse_MSigDB_native_hallmark,HALLMARK_DNA_REPAIR,2026.1.Mm,http://www.broadinstitute.org/gsea/msigdb/cards/HALLMARK_DNA_REPAIR,Mouse genes annotated to HALLMARK_DNA_REPAIR based on orthology mappings provided by the Alliance Genome Consortium,True,
Alyref,dna_repair,1,Mouse_MSigDB_native_hallmark,HALLMARK_DNA_REPAIR,2026.1.Mm,http://www.broadinstitute.org/gsea/msigdb/cards/HALLMARK_DNA_REPAIR,Mouse genes annotated to HALLMARK_DNA_REPAIR based on orthology mappings provided by the Alliance Genome Consortium,True,
Aprt,dna_repair,1,Mouse_MSigDB_native_hallmark,HALLMARK_DNA_REPAIR,2026.1.Mm,http://www.broadinstitute.org/gsea/msigdb/cards/HALLMARK_DNA_REPAIR,Mouse genes annotated to HALLMARK_DNA_REPAIR based on orthology mappings provided by the Alliance Genome Consortium,True,
Arl6ip1,dna_repair,1,Mouse_MSigDB_native_hallmark,HALLMARK_DNA_REPAIR,2026.1.Mm,http://www.broadinstitute.org/gsea/msigdb/cards/HALLMARK_DNA_REPAIR,Mouse genes annotated to HALLMARK_DNA_REPAIR based on orthology mappings provided by the Alliance Genome Consortium,True,
Bcam,dna_repair,1,Mouse_MSigDB_native_hallmark,HALLMARK_DNA_REPAIR,2026.1.Mm,http://www.broadinstitute.org/gsea/msigdb/cards/HALLMARK_DNA_REPAIR,Mouse genes annotated to HALLMARK_DNA_REPAIR based on orthology mappings provided by the Alliance Genome Consortium,True,
Bcap31,dna_repair,1,Mouse_MSigDB_native_hallmark,HALLMARK_DNA_REPAIR,2026.1.Mm,http://www.broadinstitute.org/gsea/msigdb/cards/HALLMARK_DNA_REPAIR,Mouse genes annotated to HALLMARK_DNA_REPAIR based on orthology mappings provided by the Alliance Genome Consortium,True,
Brf2,dna_repair,1,Mouse_MSigDB_native_hallmark,HALLMARK_DNA_REPAIR,2026.1.Mm,http://www.broadinstitute.org/gsea/msigdb/cards/HALLMARK_DNA_REPAIR,Mouse genes annotated to HALLMARK_DNA_REPAIR based on orthology mappings provided by the Alliance Genome Consortium,True,
Cant1,dna_repair,1,Mouse_MSigDB_native_hallmark,HALLMARK_DNA_REPAIR,2026.1.Mm,http://www.broadinstitute.org/gsea/msigdb/cards/HALLMARK_DNA_REPAIR,Mouse genes annotated to HALLMARK_DNA_REPAIR based on orthology mappings provided by the Alliance Genome Consortium,True,
Ccno,dna_repair,1,Mouse_MSigDB_native_hallmark,HALLMARK_DNA_REPAIR,2026.1.Mm,http://www.broadinstitute.org/gsea/msigdb/cards/HALLMARK_DNA_REPAIR,Mouse genes annotated to HALLMARK_DNA_REPAIR based on orthology mappings provided by the Alliance Genome Consortium,True,
Cda,dna_repair,1,Mouse_MSigDB_native_hallmark,HALLMARK_DNA_REPAIR,2026.1.Mm,http://www.broadinstitute.org/gsea/msigdb/cards/HALLMARK_DNA_REPAIR,Mouse genes annotated to HALLMARK_DNA_REPAIR based on orthology mappings provided by the Alliance Genome Consortium,True,
Cetn2,dna_repair,1,Mouse_MSigDB_native_hallmark,HALLMARK_DNA_REPAIR,2026.1.Mm,http://www.broadinstitute.org/gsea/msigdb/cards/HALLMARK_DNA_REPAIR,Mouse genes annotated to HALLMARK_DNA_REPAIR based on orthology mappings provided by the Alliance Genome Consortium,True,
Clp1,dna_repair,1,Mouse_MSigDB_native_hallmark,HALLMARK_DNA_REPAIR,2026.1.Mm,http://www.broadinstitute.org/gsea/msigdb/cards/HALLMARK_DNA_REPAIR,Mouse genes annotated to HALLMARK_DNA_REPAIR based on orthology mappings provided by the Alliance Genome Consortium,True,
Cmpk2,dna_repair,1,Mouse_MSigDB_native_hallmark,HALLMARK_DNA_REPAIR,2026.1.Mm,http://www.broadinstitute.org/gsea/msigdb/cards/HALLMARK_DNA_REPAIR,Mouse genes annotated to HALLMARK_DNA_REPAIR based on orthology mappings provided by the Alliance Genome Consortium,True,
Cox17,dna_repair,1,Mouse_MSigDB_native_hallmark,HALLMARK_DNA_REPAIR,2026.1.Mm,http://www.broadinstitute.org/gsea/msigdb/cards/HALLMARK_DNA_REPAIR,Mouse genes annotated to HALLMARK_DNA_REPAIR based on orthology mappings provided by the Alliance Genome Consortium,True,
Cstf3,dna_repair,1,Mouse_MSigDB_native_hallmark,HALLMARK_DNA_REPAIR,2026.1.Mm,http://www.broadinstitute.org/gsea/msigdb/cards/HALLMARK_DNA_REPAIR,Mouse genes annotated to HALLMARK_DNA_REPAIR based on orthology mappings provided by the Alliance Genome Consortium,True,
Dad1,dna_repair,1,Mouse_MSigDB_native_hallmark,HALLMARK_DNA_REPAIR,2026.1.Mm,http://www.broadinstitute.org/gsea/msigdb/cards/HALLMARK_DNA_REPAIR,Mouse genes annotated to HALLMARK_DNA_REPAIR based on orthology mappings provided by the Alliance Genome Consortium,True,
Dctn4,dna_repair,1,Mouse_MSigDB_native_hallmark,HALLMARK_DNA_REPAIR,2026.1.Mm,http://www.broadinstitute.org/gsea/msigdb/cards/HALLMARK_DNA_REPAIR,Mouse genes annotated to HALLMARK_DNA_REPAIR based on orthology mappings provided by the Alliance Genome Consortium,True,
Ddb1,dna_repair,1,Mouse_MSigDB_native_hallmark,HALLMARK_DNA_REPAIR,2026.1.Mm,http://www.broadinstitute.org/gsea/msigdb/cards/HALLMARK_DNA_REPAIR,Mouse genes annotated to HALLMARK_DNA_REPAIR based on orthology mappings provided by the Alliance Genome Consortium,True,
Ddb2,dna_repair,1,Mouse_MSigDB_native_hallmark,HALLMARK_DNA_REPAIR,2026.1.Mm,http://www.broadinstitute.org/gsea/msigdb/cards/HALLMARK_DNA_REPAIR,Mouse genes annotated to HALLMARK_DNA_REPAIR based on orthology mappings provided by the Alliance Genome Consortium,True,
Dgcr8,dna_repair,1,Mouse_MSigDB_native_hallmark,HALLMARK_DNA_REPAIR,2026.1.Mm,http://www.broadinstitute.org/gsea/msigdb/cards/HALLMARK_DNA_REPAIR,Mouse genes annotated to HALLMARK_DNA_REPAIR based on orthology mappings provided by the Alliance Genome Consortium,True,
Dguok,dna_repair,1,Mouse_MSigDB_native_hallmark,HALLMARK_DNA_REPAIR,2026.1.Mm,http://www.broadinstitute.org/gsea/msigdb/cards/HALLMARK_DNA_REPAIR,Mouse genes annotated to HALLMARK_DNA_REPAIR based on orthology mappings provided by the Alliance Genome Consortium,True,
Dut,dna_repair,1,Mouse_MSigDB_native_hallmark,HALLMARK_DNA_REPAIR,2026.1.Mm,http://www.broadinstitute.org/gsea/msigdb/cards/HALLMARK_DNA_REPAIR,Mouse genes annotated to HALLMARK_DNA_REPAIR based on orthology mappings provided by the Alliance Genome Consortium,True,
Edf1,dna_repair,1,Mouse_MSigDB_native_hallmark,HALLMARK_DNA_REPAIR,2026.1.Mm,http://www.broadinstitute.org/gsea/msigdb/cards/HALLMARK_DNA_REPAIR,Mouse genes annotated to HALLMARK_DNA_REPAIR based on orthology mappings provided by the Alliance Genome Consortium,True,
Eif1b,dna_repair,1,Mouse_MSigDB_native_hallmark,HALLMARK_DNA_REPAIR,2026.1.Mm,http://www.broadinstitute.org/gsea/msigdb/cards/HALLMARK_DNA_REPAIR,Mouse genes annotated to HALLMARK_DNA_REPAIR based on orthology mappings provided by the Alliance Genome Consortium,True,
Ell,dna_repair,1,Mouse_MSigDB_native_hallmark,HALLMARK_DNA_REPAIR,2026.1.Mm,http://www.broadinstitute.org/gsea/msigdb/cards/HALLMARK_DNA_REPAIR,Mouse genes annotated to HALLMARK_DNA_REPAIR based on orthology mappings provided by the Alliance Genome Consortium,True,
Eloa,dna_repair,1,Mouse_MSigDB_native_hallmark,HALLMARK_DNA_REPAIR,2026.1.Mm,http://www.broadinstitute.org/gsea/msigdb/cards/HALLMARK_DNA_REPAIR,Mouse genes annotated to HALLMARK_DNA_REPAIR based on orthology mappings provided by the Alliance Genome Consortium,True,
Ercc1,dna_repair,1,Mouse_MSigDB_native_hallmark,HALLMARK_DNA_REPAIR,2026.1.Mm,http://www.broadinstitute.org/gsea/msigdb/cards/HALLMARK_DNA_REPAIR,Mouse genes annotated to HALLMARK_DNA_REPAIR based on orthology mappings provided by the Alliance Genome Consortium,True,
Ercc2,dna_repair,1,Mouse_MSigDB_native_hallmark,HALLMARK_DNA_REPAIR,2026.1.Mm,http://www.broadinstitute.org/gsea/msigdb/cards/HALLMARK_DNA_REPAIR,Mouse genes annotated to HALLMARK_DNA_REPAIR based on orthology mappings provided by the Alliance Genome Consortium,True,
Ercc3,dna_repair,1,Mouse_MSigDB_native_hallmark,HALLMARK_DNA_REPAIR,2026.1.Mm,http://www.broadinstitute.org/gsea/msigdb/cards/HALLMARK_DNA_REPAIR,Mouse genes annotated to HALLMARK_DNA_REPAIR based on orthology mappings provided by the Alliance Genome Consortium,True,
Ercc4,dna_repair,1,Mouse_MSigDB_native_hallmark,HALLMARK_DNA_REPAIR,2026.1.Mm,http://www.broadinstitute.org/gsea/msigdb/cards/HALLMARK_DNA_REPAIR,Mouse genes annotated to HALLMARK_DNA_REPAIR based on orthology mappings provided by the Alliance Genome Consortium,True,
Ercc5,dna_repair,1,Mouse_MSigDB_native_hallmark,HALLMARK_DNA_REPAIR,2026.1.Mm,http://www.broadinstitute.org/gsea/msigdb/cards/HALLMARK_DNA_REPAIR,Mouse genes annotated to HALLMARK_DNA_REPAIR based on orthology mappings provided by the Alliance Genome Consortium,True,
Ercc8,dna_repair,1,Mouse_MSigDB_native_hallmark,HALLMARK_DNA_REPAIR,2026.1.Mm,http://www.broadinstitute.org/gsea/msigdb/cards/HALLMARK_DNA_REPAIR,Mouse genes annotated to HALLMARK_DNA_REPAIR based on orthology mappings provided by the Alliance Genome Consortium,True,
Fen1,dna_repair,1,Mouse_MSigDB_native_hallmark,HALLMARK_DNA_REPAIR,2026.1.Mm,http://www.broadinstitute.org/gsea/msigdb/cards/HALLMARK_DNA_REPAIR,Mouse genes annotated to HALLMARK_DNA_REPAIR based on orthology mappings provided by the Alliance Genome Consortium,True,
Gmpr2,dna_repair,1,Mouse_MSigDB_native_hallmark,HALLMARK_DNA_REPAIR,2026.1.Mm,http://www.broadinstitute.org/gsea/msigdb/cards/HALLMARK_DNA_REPAIR,Mouse genes annotated to HALLMARK_DNA_REPAIR based on orthology mappings provided by the Alliance Genome Consortium,True,
Gpx4,dna_repair,1,Mouse_MSigDB_native_hallmark,HALLMARK_DNA_REPAIR,2026.1.Mm,http://www.broadinstitute.org/gsea/msigdb/cards/HALLMARK_DNA_REPAIR,Mouse genes annotated to HALLMARK_DNA_REPAIR based on orthology mappings provided by the Alliance Genome Consortium,True,
Gsdme,dna_repair,1,Mouse_MSigDB_native_hallmark,HALLMARK_DNA_REPAIR,2026.1.Mm,http://www.broadinstitute.org/gsea/msigdb/cards/HALLMARK_DNA_REPAIR,Mouse genes annotated to HALLMARK_DNA_REPAIR based on orthology mappings provided by the Alliance Genome Consortium,True,
Gtf2a2,dna_repair,1,Mouse_MSigDB_native_hallmark,HALLMARK_DNA_REPAIR,2026.1.Mm,http://www.broadinstitute.org/gsea/msigdb/cards/HALLMARK_DNA_REPAIR,Mouse genes annotated to HALLMARK_DNA_REPAIR based on orthology mappings provided by the Alliance Genome Consortium,True,
Gtf2b,dna_repair,1,Mouse_MSigDB_native_hallmark,HALLMARK_DNA_REPAIR,2026.1.Mm,http://www.broadinstitute.org/gsea/msigdb/cards/HALLMARK_DNA_REPAIR,Mouse genes annotated to HALLMARK_DNA_REPAIR based on orthology mappings provided by the Alliance Genome Consortium,True,
Gtf2f1,dna_repair,1,Mouse_MSigDB_native_hallmark,HALLMARK_DNA_REPAIR,2026.1.Mm,http://www.broadinstitute.org/gsea/msigdb/cards/HALLMARK_DNA_REPAIR,Mouse genes annotated to HALLMARK_DNA_REPAIR based on orthology mappings provided by the Alliance Genome Consortium,True,
Gtf2h1,dna_repair,1,Mouse_MSigDB_native_hallmark,HALLMARK_DNA_REPAIR,2026.1.Mm,http://www.broadinstitute.org/gsea/msigdb/cards/HALLMARK_DNA_REPAIR,Mouse genes annotated to HALLMARK_DNA_REPAIR based on orthology mappings provided by the Alliance Genome Consortium,True,
Gtf2h3,dna_repair,1,Mouse_MSigDB_native_hallmark,HALLMARK_DNA_REPAIR,2026.1.Mm,http://www.broadinstitute.org/gsea/msigdb/cards/HALLMARK_DNA_REPAIR,Mouse genes annotated to HALLMARK_DNA_REPAIR based on orthology mappings provided by the Alliance Genome Consortium,True,
Gtf2h5,dna_repair,1,Mouse_MSigDB_native_hallmark,HALLMARK_DNA_REPAIR,2026.1.Mm,http://www.broadinstitute.org/gsea/msigdb/cards/HALLMARK_DNA_REPAIR,Mouse genes annotated to HALLMARK_DNA_REPAIR based on orthology mappings provided by the Alliance Genome Consortium,True,
Gtf3c5,dna_repair,1,Mouse_MSigDB_native_hallmark,HALLMARK_DNA_REPAIR,2026.1.Mm,http://www.broadinstitute.org/gsea/msigdb/cards/HALLMARK_DNA_REPAIR,Mouse genes annotated to HALLMARK_DNA_REPAIR based on orthology mappings provided by the Alliance Genome Consortium,True,
Guk1,dna_repair,1,Mouse_MSigDB_native_hallmark,HALLMARK_DNA_REPAIR,2026.1.Mm,http://www.broadinstitute.org/gsea/msigdb/cards/HALLMARK_DNA_REPAIR,Mouse genes annotated to HALLMARK_DNA_REPAIR based on orthology mappings provided by the Alliance Genome Consortium,True,
Hcls1,dna_repair,1,Mouse_MSigDB_native_hallmark,HALLMARK_DNA_REPAIR,2026.1.Mm,http://www.broadinstitute.org/gsea/msigdb/cards/HALLMARK_DNA_REPAIR,Mouse genes annotated to HALLMARK_DNA_REPAIR based on orthology mappings provided by the Alliance Genome Consortium,True,
Hprt1,dna_repair,1,Mouse_MSigDB_native_hallmark,HALLMARK_DNA_REPAIR,2026.1.Mm,http://www.broadinstitute.org/gsea/msigdb/cards/HALLMARK_DNA_REPAIR,Mouse genes annotated to HALLMARK_DNA_REPAIR based on orthology mappings provided by the Alliance Genome Consortium,True,
Impdh2,dna_repair,1,Mouse_MSigDB_native_hallmark,HALLMARK_DNA_REPAIR,2026.1.Mm,http://www.broadinstitute.org/gsea/msigdb/cards/HALLMARK_DNA_REPAIR,Mouse genes annotated to HALLMARK_DNA_REPAIR based on orthology mappings provided by the Alliance Genome Consortium,True,
Itpa,dna_repair,1,Mouse_MSigDB_native_hallmark,HALLMARK_DNA_REPAIR,2026.1.Mm,http://www.broadinstitute.org/gsea/msigdb/cards/HALLMARK_DNA_REPAIR,Mouse genes annotated to HALLMARK_DNA_REPAIR based on orthology mappings provided by the Alliance Genome Consortium,True,
Lig1,dna_repair,1,Mouse_MSigDB_native_hallmark,HALLMARK_DNA_REPAIR,2026.1.Mm,http://www.broadinstitute.org/gsea/msigdb/cards/HALLMARK_DNA_REPAIR,Mouse genes annotated to HALLMARK_DNA_REPAIR based on orthology mappings provided by the Alliance Genome Consortium,True,
Mpc2,dna_repair,1,Mouse_MSigDB_native_hallmark,HALLMARK_DNA_REPAIR,2026.1.Mm,http://www.broadinstitute.org/gsea/msigdb/cards/HALLMARK_DNA_REPAIR,Mouse genes annotated to HALLMARK_DNA_REPAIR based on orthology mappings provided by the Alliance Genome Consortium,True,
Mpg,dna_repair,1,Mouse_MSigDB_native_hallmark,HALLMARK_DNA_REPAIR,2026.1.Mm,http://www.broadinstitute.org/gsea/msigdb/cards/HALLMARK_DNA_REPAIR,Mouse genes annotated to HALLMARK_DNA_REPAIR based on orthology mappings provided by the Alliance Genome Consortium,True,
Mrpl40,dna_repair,1,Mouse_MSigDB_native_hallmark,HALLMARK_DNA_REPAIR,2026.1.Mm,http://www.broadinstitute.org/gsea/msigdb/cards/HALLMARK_DNA_REPAIR,Mouse genes annotated to HALLMARK_DNA_REPAIR based on orthology mappings provided by the Alliance Genome Consortium,True,
Ncbp2,dna_repair,1,Mouse_MSigDB_native_hallmark,HALLMARK_DNA_REPAIR,2026.1.Mm,http://www.broadinstitute.org/gsea/msigdb/cards/HALLMARK_DNA_REPAIR,Mouse genes annotated to HALLMARK_DNA_REPAIR based on orthology mappings provided by the Alliance Genome Consortium,True,
Nelfb,dna_repair,1,Mouse_MSigDB_native_hallmark,HALLMARK_DNA_REPAIR,2026.1.Mm,http://www.broadinstitute.org/gsea/msigdb/cards/HALLMARK_DNA_REPAIR,Mouse genes annotated to HALLMARK_DNA_REPAIR based on orthology mappings provided by the Alliance Genome Consortium,True,
Nelfcd,dna_repair,1,Mouse_MSigDB_native_hallmark,HALLMARK_DNA_REPAIR,2026.1.Mm,http://www.broadinstitute.org/gsea/msigdb/cards/HALLMARK_DNA_REPAIR,Mouse genes annotated to HALLMARK_DNA_REPAIR based on orthology mappings provided by the Alliance Genome Consortium,True,
Nelfe,dna_repair,1,Mouse_MSigDB_native_hallmark,HALLMARK_DNA_REPAIR,2026.1.Mm,http://www.broadinstitute.org/gsea/msigdb/cards/HALLMARK_DNA_REPAIR,Mouse genes annotated to HALLMARK_DNA_REPAIR based on orthology mappings provided by the Alliance Genome Consortium,True,
Nfx1,dna_repair,1,Mouse_MSigDB_native_hallmark,HALLMARK_DNA_REPAIR,2026.1.Mm,http://www.broadinstitute.org/gsea/msigdb/cards/HALLMARK_DNA_REPAIR,Mouse genes annotated to HALLMARK_DNA_REPAIR based on orthology mappings provided by the Alliance Genome Consortium,True,
Nme1,dna_repair,1,Mouse_MSigDB_native_hallmark,HALLMARK_DNA_REPAIR,2026.1.Mm,http://www.broadinstitute.org/gsea/msigdb/cards/HALLMARK_DNA_REPAIR,Mouse genes annotated to HALLMARK_DNA_REPAIR based on orthology mappings provided by the Alliance Genome Consortium,True,
Nme3,dna_repair,1,Mouse_MSigDB_native_hallmark,HALLMARK_DNA_REPAIR,2026.1.Mm,http://www.broadinstitute.org/gsea/msigdb/cards/HALLMARK_DNA_REPAIR,Mouse genes annotated to HALLMARK_DNA_REPAIR based on orthology mappings provided by the Alliance Genome Consortium,True,
Nme4,dna_repair,1,Mouse_MSigDB_native_hallmark,HALLMARK_DNA_REPAIR,2026.1.Mm,http://www.broadinstitute.org/gsea/msigdb/cards/HALLMARK_DNA_REPAIR,Mouse genes annotated to HALLMARK_DNA_REPAIR based on orthology mappings provided by the Alliance Genome Consortium,True,
Npr2,dna_repair,1,Mouse_MSigDB_native_hallmark,HALLMARK_DNA_REPAIR,2026.1.Mm,http://www.broadinstitute.org/gsea/msigdb/cards/HALLMARK_DNA_REPAIR,Mouse genes annotated to HALLMARK_DNA_REPAIR based on orthology mappings provided by the Alliance Genome Consortium,True,
Nt5c,dna_repair,1,Mouse_MSigDB_native_hallmark,HALLMARK_DNA_REPAIR,2026.1.Mm,http://www.broadinstitute.org/gsea/msigdb/cards/HALLMARK_DNA_REPAIR,Mouse genes annotated to HALLMARK_DNA_REPAIR based on orthology mappings provided by the Alliance Genome Consortium,True,
Nt5c3,dna_repair,1,Mouse_MSigDB_native_hallmark,HALLMARK_DNA_REPAIR,2026.1.Mm,http://www.broadinstitute.org/gsea/msigdb/cards/HALLMARK_DNA_REPAIR,Mouse genes annotated to HALLMARK_DNA_REPAIR based on orthology mappings provided by the Alliance Genome Consortium,True,
Nudt21,dna_repair,1,Mouse_MSigDB_native_hallmark,HALLMARK_DNA_REPAIR,2026.1.Mm,http://www.broadinstitute.org/gsea/msigdb/cards/HALLMARK_DNA_REPAIR,Mouse genes annotated to HALLMARK_DNA_REPAIR based on orthology mappings provided by the Alliance Genome Consortium,True,
Nudt9,dna_repair,1,Mouse_MSigDB_native_hallmark,HALLMARK_DNA_REPAIR,2026.1.Mm,http://www.broadinstitute.org/gsea/msigdb/cards/HALLMARK_DNA_REPAIR,Mouse genes annotated to HALLMARK_DNA_REPAIR based on orthology mappings provided by the Alliance Genome Consortium,True,
Pcna,dna_repair,1,Mouse_MSigDB_native_hallmark,HALLMARK_DNA_REPAIR,2026.1.Mm,http://www.broadinstitute.org/gsea/msigdb/cards/HALLMARK_DNA_REPAIR,Mouse genes annotated to HALLMARK_DNA_REPAIR based on orthology mappings provided by the Alliance Genome Consortium,True,
Pde4b,dna_repair,1,Mouse_MSigDB_native_hallmark,HALLMARK_DNA_REPAIR,2026.1.Mm,http://www.broadinstitute.org/gsea/msigdb/cards/HALLMARK_DNA_REPAIR,Mouse genes annotated to HALLMARK_DNA_REPAIR based on orthology mappings provided by the Alliance Genome Consortium,True,
Pde6g,dna_repair,1,Mouse_MSigDB_native_hallmark,HALLMARK_DNA_REPAIR,2026.1.Mm,http://www.broadinstitute.org/gsea/msigdb/cards/HALLMARK_DNA_REPAIR,Mouse genes annotated to HALLMARK_DNA_REPAIR based on orthology mappings provided by the Alliance Genome Consortium,True,
Pnp,dna_repair,1,Mouse_MSigDB_native_hallmark,HALLMARK_DNA_REPAIR,2026.1.Mm,http://www.broadinstitute.org/gsea/msigdb/cards/HALLMARK_DNA_REPAIR,Mouse genes annotated to HALLMARK_DNA_REPAIR based on orthology mappings provided by the Alliance Genome Consortium,True,
Pola1,dna_repair,1,Mouse_MSigDB_native_hallmark,HALLMARK_DNA_REPAIR,2026.1.Mm,http://www.broadinstitute.org/gsea/msigdb/cards/HALLMARK_DNA_REPAIR,Mouse genes annotated to HALLMARK_DNA_REPAIR based on orthology mappings provided by the Alliance Genome Consortium,True,
Pola2,dna_repair,1,Mouse_MSigDB_native_hallmark,HALLMARK_DNA_REPAIR,2026.1.Mm,http://www.broadinstitute.org/gsea/msigdb/cards/HALLMARK_DNA_REPAIR,Mouse genes annotated to HALLMARK_DNA_REPAIR based on orthology mappings provided by the Alliance Genome Consortium,True,
Polb,dna_repair,1,Mouse_MSigDB_native_hallmark,HALLMARK_DNA_REPAIR,2026.1.Mm,http://www.broadinstitute.org/gsea/msigdb/cards/HALLMARK_DNA_REPAIR,Mouse genes annotated to HALLMARK_DNA_REPAIR based on orthology mappings provided by the Alliance Genome Consortium,True,
Pold1,dna_repair,1,Mouse_MSigDB_native_hallmark,HALLMARK_DNA_REPAIR,2026.1.Mm,http://www.broadinstitute.org/gsea/msigdb/cards/HALLMARK_DNA_REPAIR,Mouse genes annotated to HALLMARK_DNA_REPAIR based on orthology mappings provided by the Alliance Genome Consortium,True,
Pold3,dna_repair,1,Mouse_MSigDB_native_hallmark,HALLMARK_DNA_REPAIR,2026.1.Mm,http://www.broadinstitute.org/gsea/msigdb/cards/HALLMARK_DNA_REPAIR,Mouse genes annotated to HALLMARK_DNA_REPAIR based on orthology mappings provided by the Alliance Genome Consortium,True,
Pold4,dna_repair,1,Mouse_MSigDB_native_hallmark,HALLMARK_DNA_REPAIR,2026.1.Mm,http://www.broadinstitute.org/gsea/msigdb/cards/HALLMARK_DNA_REPAIR,Mouse genes annotated to HALLMARK_DNA_REPAIR based on orthology mappings provided by the Alliance Genome Consortium,True,
Pole4,dna_repair,1,Mouse_MSigDB_native_hallmark,HALLMARK_DNA_REPAIR,2026.1.Mm,http://www.broadinstitute.org/gsea/msigdb/cards/HALLMARK_DNA_REPAIR,Mouse genes annotated to HALLMARK_DNA_REPAIR based on orthology mappings provided by the Alliance Genome Consortium,True,
Polh,dna_repair,1,Mouse_MSigDB_native_hallmark,HALLMARK_DNA_REPAIR,2026.1.Mm,http://www.broadinstitute.org/gsea/msigdb/cards/HALLMARK_DNA_REPAIR,Mouse genes annotated to HALLMARK_DNA_REPAIR based on orthology mappings provided by the Alliance Genome Consortium,True,
Poll,dna_repair,1,Mouse_MSigDB_native_hallmark,HALLMARK_DNA_REPAIR,2026.1.Mm,http://www.broadinstitute.org/gsea/msigdb/cards/HALLMARK_DNA_REPAIR,Mouse genes annotated to HALLMARK_DNA_REPAIR based on orthology mappings provided by the Alliance Genome Consortium,True,
Polr1c,dna_repair,1,Mouse_MSigDB_native_hallmark,HALLMARK_DNA_REPAIR,2026.1.Mm,http://www.broadinstitute.org/gsea/msigdb/cards/HALLMARK_DNA_REPAIR,Mouse genes annotated to HALLMARK_DNA_REPAIR based on orthology mappings provided by the Alliance Genome Consortium,True,
Polr1d,dna_repair,1,Mouse_MSigDB_native_hallmark,HALLMARK_DNA_REPAIR,2026.1.Mm,http://www.broadinstitute.org/gsea/msigdb/cards/HALLMARK_DNA_REPAIR,Mouse genes annotated to HALLMARK_DNA_REPAIR based on orthology mappings provided by the Alliance Genome Consortium,True,
Polr1h,dna_repair,1,Mouse_MSigDB_native_hallmark,HALLMARK_DNA_REPAIR,2026.1.Mm,http://www.broadinstitute.org/gsea/msigdb/cards/HALLMARK_DNA_REPAIR,Mouse genes annotated to HALLMARK_DNA_REPAIR based on orthology mappings provided by the Alliance Genome Consortium,True,
Polr2a,dna_repair,1,Mouse_MSigDB_native_hallmark,HALLMARK_DNA_REPAIR,2026.1.Mm,http://www.broadinstitute.org/gsea/msigdb/cards/HALLMARK_DNA_REPAIR,Mouse genes annotated to HALLMARK_DNA_REPAIR based on orthology mappings provided by the Alliance Genome Consortium,True,
Polr2c,dna_repair,1,Mouse_MSigDB_native_hallmark,HALLMARK_DNA_REPAIR,2026.1.Mm,http://www.broadinstitute.org/gsea/msigdb/cards/HALLMARK_DNA_REPAIR,Mouse genes annotated to HALLMARK_DNA_REPAIR based on orthology mappings provided by the Alliance Genome Consortium,True,
Polr2d,dna_repair,1,Mouse_MSigDB_native_hallmark,HALLMARK_DNA_REPAIR,2026.1.Mm,http://www.broadinstitute.org/gsea/msigdb/cards/HALLMARK_DNA_REPAIR,Mouse genes annotated to HALLMARK_DNA_REPAIR based on orthology mappings provided by the Alliance Genome Consortium,True,
Polr2e,dna_repair,1,Mouse_MSigDB_native_hallmark,HALLMARK_DNA_REPAIR,2026.1.Mm,http://www.broadinstitute.org/gsea/msigdb/cards/HALLMARK_DNA_REPAIR,Mouse genes annotated to HALLMARK_DNA_REPAIR based on orthology mappings provided by the Alliance Genome Consortium,True,
Polr2f,dna_repair,1,Mouse_MSigDB_native_hallmark,HALLMARK_DNA_REPAIR,2026.1.Mm,http://www.broadinstitute.org/gsea/msigdb/cards/HALLMARK_DNA_REPAIR,Mouse genes annotated to HALLMARK_DNA_REPAIR based on orthology mappings provided by the Alliance Genome Consortium,True,
Polr2g,dna_repair,1,Mouse_MSigDB_native_hallmark,HALLMARK_DNA_REPAIR,2026.1.Mm,http://www.broadinstitute.org/gsea/msigdb/cards/HALLMARK_DNA_REPAIR,Mouse genes annotated to HALLMARK_DNA_REPAIR based on orthology mappings provided by the Alliance Genome Consortium,True,
Polr2h,dna_repair,1,Mouse_MSigDB_native_hallmark,HALLMARK_DNA_REPAIR,2026.1.Mm,http://www.broadinstitute.org/gsea/msigdb/cards/HALLMARK_DNA_REPAIR,Mouse genes annotated to HALLMARK_DNA_REPAIR based on orthology mappings provided by the Alliance Genome Consortium,True,
Polr2i,dna_repair,1,Mouse_MSigDB_native_hallmark,HALLMARK_DNA_REPAIR,2026.1.Mm,http://www.broadinstitute.org/gsea/msigdb/cards/HALLMARK_DNA_REPAIR,Mouse genes annotated to HALLMARK_DNA_REPAIR based on orthology mappings provided by the Alliance Genome Consortium,True,
Polr2j,dna_repair,1,Mouse_MSigDB_native_hallmark,HALLMARK_DNA_REPAIR,2026.1.Mm,http://www.broadinstitute.org/gsea/msigdb/cards/HALLMARK_DNA_REPAIR,Mouse genes annotated to HALLMARK_DNA_REPAIR based on orthology mappings provided by the Alliance Genome Consortium,True,
Polr2k,dna_repair,1,Mouse_MSigDB_native_hallmark,HALLMARK_DNA_REPAIR,2026.1.Mm,http://www.broadinstitute.org/gsea/msigdb/cards/HALLMARK_DNA_REPAIR,Mouse genes annotated to HALLMARK_DNA_REPAIR based on orthology mappings provided by the Alliance Genome Consortium,True,
Polr3c,dna_repair,1,Mouse_MSigDB_native_hallmark,HALLMARK_DNA_REPAIR,2026.1.Mm,http://www.broadinstitute.org/gsea/msigdb/cards/HALLMARK_DNA_REPAIR,Mouse genes annotated to HALLMARK_DNA_REPAIR based on orthology mappings provided by the Alliance Genome Consortium,True,
Polr3gl,dna_repair,1,Mouse_MSigDB_native_hallmark,HALLMARK_DNA_REPAIR,2026.1.Mm,http://www.broadinstitute.org/gsea/msigdb/cards/HALLMARK_DNA_REPAIR,Mouse genes annotated to HALLMARK_DNA_REPAIR based on orthology mappings provided by the Alliance Genome Consortium,True,
Pom121,dna_repair,1,Mouse_MSigDB_native_hallmark,HALLMARK_DNA_REPAIR,2026.1.Mm,http://www.broadinstitute.org/gsea/msigdb/cards/HALLMARK_DNA_REPAIR,Mouse genes annotated to HALLMARK_DNA_REPAIR based on orthology mappings provided by the Alliance Genome Consortium,True,
Prim1,dna_repair,1,Mouse_MSigDB_native_hallmark,HALLMARK_DNA_REPAIR,2026.1.Mm,http://www.broadinstitute.org/gsea/msigdb/cards/HALLMARK_DNA_REPAIR,Mouse genes annotated to HALLMARK_DNA_REPAIR based on orthology mappings provided by the Alliance Genome Consortium,True,
Rad51,dna_repair,1,Mouse_MSigDB_native_hallmark,HALLMARK_DNA_REPAIR,2026.1.Mm,http://www.broadinstitute.org/gsea/msigdb/cards/HALLMARK_DNA_REPAIR,Mouse genes annotated to HALLMARK_DNA_REPAIR based on orthology mappings provided by the Alliance Genome Consortium,True,
Rad52,dna_repair,1,Mouse_MSigDB_native_hallmark,HALLMARK_DNA_REPAIR,2026.1.Mm,http://www.broadinstitute.org/gsea/msigdb/cards/HALLMARK_DNA_REPAIR,Mouse genes annotated to HALLMARK_DNA_REPAIR based on orthology mappings provided by the Alliance Genome Consortium,True,
Rae1,dna_repair,1,Mouse_MSigDB_native_hallmark,HALLMARK_DNA_REPAIR,2026.1.Mm,http://www.broadinstitute.org/gsea/msigdb/cards/HALLMARK_DNA_REPAIR,Mouse genes annotated to HALLMARK_DNA_REPAIR based on orthology mappings provided by the Alliance Genome Consortium,True,
Rala,dna_repair,1,Mouse_MSigDB_native_hallmark,HALLMARK_DNA_REPAIR,2026.1.Mm,http://www.broadinstitute.org/gsea/msigdb/cards/HALLMARK_DNA_REPAIR,Mouse genes annotated to HALLMARK_DNA_REPAIR based on orthology mappings provided by the Alliance Genome Consortium,True,
Rbx1,dna_repair,1,Mouse_MSigDB_native_hallmark,HALLMARK_DNA_REPAIR,2026.1.Mm,http://www.broadinstitute.org/gsea/msigdb/cards/HALLMARK_DNA_REPAIR,Mouse genes annotated to HALLMARK_DNA_REPAIR based on orthology mappings provided by the Alliance Genome Consortium,True,
Rev3l,dna_repair,1,Mouse_MSigDB_native_hallmark,HALLMARK_DNA_REPAIR,2026.1.Mm,http://www.broadinstitute.org/gsea/msigdb/cards/HALLMARK_DNA_REPAIR,Mouse genes annotated to HALLMARK_DNA_REPAIR based on orthology mappings provided by the Alliance Genome Consortium,True,
Rfc2,dna_repair,1,Mouse_MSigDB_native_hallmark,HALLMARK_DNA_REPAIR,2026.1.Mm,http://www.broadinstitute.org/gsea/msigdb/cards/HALLMARK_DNA_REPAIR,Mouse genes annotated to HALLMARK_DNA_REPAIR based on orthology mappings provided by the Alliance Genome Consortium,True,
Rfc3,dna_repair,1,Mouse_MSigDB_native_hallmark,HALLMARK_DNA_REPAIR,2026.1.Mm,http://www.broadinstitute.org/gsea/msigdb/cards/HALLMARK_DNA_REPAIR,Mouse genes annotated to HALLMARK_DNA_REPAIR based on orthology mappings provided by the Alliance Genome Consortium,True,
Rfc4,dna_repair,1,Mouse_MSigDB_native_hallmark,HALLMARK_DNA_REPAIR,2026.1.Mm,http://www.broadinstitute.org/gsea/msigdb/cards/HALLMARK_DNA_REPAIR,Mouse genes annotated to HALLMARK_DNA_REPAIR based on orthology mappings provided by the Alliance Genome Consortium,True,
Rfc5,dna_repair,1,Mouse_MSigDB_native_hallmark,HALLMARK_DNA_REPAIR,2026.1.Mm,http://www.broadinstitute.org/gsea/msigdb/cards/HALLMARK_DNA_REPAIR,Mouse genes annotated to HALLMARK_DNA_REPAIR based on orthology mappings provided by the Alliance Genome Consortium,True,
Rnmt,dna_repair,1,Mouse_MSigDB_native_hallmark,HALLMARK_DNA_REPAIR,2026.1.Mm,http://www.broadinstitute.org/gsea/msigdb/cards/HALLMARK_DNA_REPAIR,Mouse genes annotated to HALLMARK_DNA_REPAIR based on orthology mappings provided by the Alliance Genome Consortium,True,
Rpa2,dna_repair,1,Mouse_MSigDB_native_hallmark,HALLMARK_DNA_REPAIR,2026.1.Mm,http://www.broadinstitute.org/gsea/msigdb/cards/HALLMARK_DNA_REPAIR,Mouse genes annotated to HALLMARK_DNA_REPAIR based on orthology mappings provided by the Alliance Genome Consortium,True,
Rpa3,dna_repair,1,Mouse_MSigDB_native_hallmark,HALLMARK_DNA_REPAIR,2026.1.Mm,http://www.broadinstitute.org/gsea/msigdb/cards/HALLMARK_DNA_REPAIR,Mouse genes annotated to HALLMARK_DNA_REPAIR based on orthology mappings provided by the Alliance Genome Consortium,True,
Rrm2b,dna_repair,1,Mouse_MSigDB_native_hallmark,HALLMARK_DNA_REPAIR,2026.1.Mm,http://www.broadinstitute.org/gsea/msigdb/cards/HALLMARK_DNA_REPAIR,Mouse genes annotated to HALLMARK_DNA_REPAIR based on orthology mappings provided by the Alliance Genome Consortium,True,
Sac3d1,dna_repair,1,Mouse_MSigDB_native_hallmark,HALLMARK_DNA_REPAIR,2026.1.Mm,http://www.broadinstitute.org/gsea/msigdb/cards/HALLMARK_DNA_REPAIR,Mouse genes annotated to HALLMARK_DNA_REPAIR based on orthology mappings provided by the Alliance Genome Consortium,True,
Sdcbp,dna_repair,1,Mouse_MSigDB_native_hallmark,HALLMARK_DNA_REPAIR,2026.1.Mm,http://www.broadinstitute.org/gsea/msigdb/cards/HALLMARK_DNA_REPAIR,Mouse genes annotated to HALLMARK_DNA_REPAIR based on orthology mappings provided by the Alliance Genome Consortium,True,
Sec61a1,dna_repair,1,Mouse_MSigDB_native_hallmark,HALLMARK_DNA_REPAIR,2026.1.Mm,http://www.broadinstitute.org/gsea/msigdb/cards/HALLMARK_DNA_REPAIR,Mouse genes annotated to HALLMARK_DNA_REPAIR based on orthology mappings provided by the Alliance Genome Consortium,True,
Sf3a3,dna_repair,1,Mouse_MSigDB_native_hallmark,HALLMARK_DNA_REPAIR,2026.1.Mm,http://www.broadinstitute.org/gsea/msigdb/cards/HALLMARK_DNA_REPAIR,Mouse genes annotated to HALLMARK_DNA_REPAIR based on orthology mappings provided by the Alliance Genome Consortium,True,
Smad5,dna_repair,1,Mouse_MSigDB_native_hallmark,HALLMARK_DNA_REPAIR,2026.1.Mm,http://www.broadinstitute.org/gsea/msigdb/cards/HALLMARK_DNA_REPAIR,Mouse genes annotated to HALLMARK_DNA_REPAIR based on orthology mappings provided by the Alliance Genome Consortium,True,
Snapc4,dna_repair,1,Mouse_MSigDB_native_hallmark,HALLMARK_DNA_REPAIR,2026.1.Mm,http://www.broadinstitute.org/gsea/msigdb/cards/HALLMARK_DNA_REPAIR,Mouse genes annotated to HALLMARK_DNA_REPAIR based on orthology mappings provided by the Alliance Genome Consortium,True,
Snapc5,dna_repair,1,Mouse_MSigDB_native_hallmark,HALLMARK_DNA_REPAIR,2026.1.Mm,http://www.broadinstitute.org/gsea/msigdb/cards/HALLMARK_DNA_REPAIR,Mouse genes annotated to HALLMARK_DNA_REPAIR based on orthology mappings provided by the Alliance Genome Consortium,True,
Srsf6,dna_repair,1,Mouse_MSigDB_native_hallmark,HALLMARK_DNA_REPAIR,2026.1.Mm,http://www.broadinstitute.org/gsea/msigdb/cards/HALLMARK_DNA_REPAIR,Mouse genes annotated to HALLMARK_DNA_REPAIR based on orthology mappings provided by the Alliance Genome Consortium,True,
Ssrp1,dna_repair,1,Mouse_MSigDB_native_hallmark,HALLMARK_DNA_REPAIR,2026.1.Mm,http://www.broadinstitute.org/gsea/msigdb/cards/HALLMARK_DNA_REPAIR,Mouse genes annotated to HALLMARK_DNA_REPAIR based on orthology mappings provided by the Alliance Genome Consortium,True,
Stx3,dna_repair,1,Mouse_MSigDB_native_hallmark,HALLMARK_DNA_REPAIR,2026.1.Mm,http://www.broadinstitute.org/gsea/msigdb/cards/HALLMARK_DNA_REPAIR,Mouse genes annotated to HALLMARK_DNA_REPAIR based on orthology mappings provided by the Alliance Genome Consortium,True,
Supt4a,dna_repair,1,Mouse_MSigDB_native_hallmark,HALLMARK_DNA_REPAIR,2026.1.Mm,http://www.broadinstitute.org/gsea/msigdb/cards/HALLMARK_DNA_REPAIR,Mouse genes annotated to HALLMARK_DNA_REPAIR based on orthology mappings provided by the Alliance Genome Consortium,True,
Supt5,dna_repair,1,Mouse_MSigDB_native_hallmark,HALLMARK_DNA_REPAIR,2026.1.Mm,http://www.broadinstitute.org/gsea/msigdb/cards/HALLMARK_DNA_REPAIR,Mouse genes annotated to HALLMARK_DNA_REPAIR based on orthology mappings provided by the Alliance Genome Consortium,True,
Surf1,dna_repair,1,Mouse_MSigDB_native_hallmark,HALLMARK_DNA_REPAIR,2026.1.Mm,http://www.broadinstitute.org/gsea/msigdb/cards/HALLMARK_DNA_REPAIR,Mouse genes annotated to HALLMARK_DNA_REPAIR based on orthology mappings provided by the Alliance Genome Consortium,True,
Taf10,dna_repair,1,Mouse_MSigDB_native_hallmark,HALLMARK_DNA_REPAIR,2026.1.Mm,http://www.broadinstitute.org/gsea/msigdb/cards/HALLMARK_DNA_REPAIR,Mouse genes annotated to HALLMARK_DNA_REPAIR based on orthology mappings provided by the Alliance Genome Consortium,True,
Taf12,dna_repair,1,Mouse_MSigDB_native_hallmark,HALLMARK_DNA_REPAIR,2026.1.Mm,http://www.broadinstitute.org/gsea/msigdb/cards/HALLMARK_DNA_REPAIR,Mouse genes annotated to HALLMARK_DNA_REPAIR based on orthology mappings provided by the Alliance Genome Consortium,True,
Taf13,dna_repair,1,Mouse_MSigDB_native_hallmark,HALLMARK_DNA_REPAIR,2026.1.Mm,http://www.broadinstitute.org/gsea/msigdb/cards/HALLMARK_DNA_REPAIR,Mouse genes annotated to HALLMARK_DNA_REPAIR based on orthology mappings provided by the Alliance Genome Consortium,True,
Taf1c,dna_repair,1,Mouse_MSigDB_native_hallmark,HALLMARK_DNA_REPAIR,2026.1.Mm,http://www.broadinstitute.org/gsea/msigdb/cards/HALLMARK_DNA_REPAIR,Mouse genes annotated to HALLMARK_DNA_REPAIR based on orthology mappings provided by the Alliance Genome Consortium,True,
Taf6,dna_repair,1,Mouse_MSigDB_native_hallmark,HALLMARK_DNA_REPAIR,2026.1.Mm,http://www.broadinstitute.org/gsea/msigdb/cards/HALLMARK_DNA_REPAIR,Mouse genes annotated to HALLMARK_DNA_REPAIR based on orthology mappings provided by the Alliance Genome Consortium,True,
Taf9,dna_repair,1,Mouse_MSigDB_native_hallmark,HALLMARK_DNA_REPAIR,2026.1.Mm,http://www.broadinstitute.org/gsea/msigdb/cards/HALLMARK_DNA_REPAIR,Mouse genes annotated to HALLMARK_DNA_REPAIR based on orthology mappings provided by the Alliance Genome Consortium,True,
Tarbp2,dna_repair,1,Mouse_MSigDB_native_hallmark,HALLMARK_DNA_REPAIR,2026.1.Mm,http://www.broadinstitute.org/gsea/msigdb/cards/HALLMARK_DNA_REPAIR,Mouse genes annotated to HALLMARK_DNA_REPAIR based on orthology mappings provided by the Alliance Genome Consortium,True,
Tk2,dna_repair,1,Mouse_MSigDB_native_hallmark,HALLMARK_DNA_REPAIR,2026.1.Mm,http://www.broadinstitute.org/gsea/msigdb/cards/HALLMARK_DNA_REPAIR,Mouse genes annotated to HALLMARK_DNA_REPAIR based on orthology mappings provided by the Alliance Genome Consortium,True,
Trp53,dna_repair,1,Mouse_MSigDB_native_hallmark,HALLMARK_DNA_REPAIR,2026.1.Mm,http://www.broadinstitute.org/gsea/msigdb/cards/HALLMARK_DNA_REPAIR,Mouse genes annotated to HALLMARK_DNA_REPAIR based on orthology mappings provided by the Alliance Genome Consortium,True,
Tsg101,dna_repair,1,Mouse_MSigDB_native_hallmark,HALLMARK_DNA_REPAIR,2026.1.Mm,http://www.broadinstitute.org/gsea/msigdb/cards/HALLMARK_DNA_REPAIR,Mouse genes annotated to HALLMARK_DNA_REPAIR based on orthology mappings provided by the Alliance Genome Consortium,True,
Tyms,dna_repair,1,Mouse_MSigDB_native_hallmark,HALLMARK_DNA_REPAIR,2026.1.Mm,http://www.broadinstitute.org/gsea/msigdb/cards/HALLMARK_DNA_REPAIR,Mouse genes annotated to HALLMARK_DNA_REPAIR based on orthology mappings provided by the Alliance Genome Consortium,True,
Umps,dna_repair,1,Mouse_MSigDB_native_hallmark,HALLMARK_DNA_REPAIR,2026.1.Mm,http://www.broadinstitute.org/gsea/msigdb/cards/HALLMARK_DNA_REPAIR,Mouse genes annotated to HALLMARK_DNA_REPAIR based on orthology mappings provided by the Alliance Genome Consortium,True,
Upf3b,dna_repair,1,Mouse_MSigDB_native_hallmark,HALLMARK_DNA_REPAIR,2026.1.Mm,http://www.broadinstitute.org/gsea/msigdb/cards/HALLMARK_DNA_REPAIR,Mouse genes annotated to HALLMARK_DNA_REPAIR based on orthology mappings provided by the Alliance Genome Consortium,True,
Usp11,dna_repair,1,Mouse_MSigDB_native_hallmark,HALLMARK_DNA_REPAIR,2026.1.Mm,http://www.broadinstitute.org/gsea/msigdb/cards/HALLMARK_DNA_REPAIR,Mouse genes annotated to HALLMARK_DNA_REPAIR based on orthology mappings provided by the Alliance Genome Consortium,True,
Vps28,dna_repair,1,Mouse_MSigDB_native_hallmark,HALLMARK_DNA_REPAIR,2026.1.Mm,http://www.broadinstitute.org/gsea/msigdb/cards/HALLMARK_DNA_REPAIR,Mouse genes annotated to HALLMARK_DNA_REPAIR based on orthology mappings provided by the Alliance Genome Consortium,True,
Vps37b,dna_repair,1,Mouse_MSigDB_native_hallmark,HALLMARK_DNA_REPAIR,2026.1.Mm,http://www.broadinstitute.org/gsea/msigdb/cards/HALLMARK_DNA_REPAIR,Mouse genes annotated to HALLMARK_DNA_REPAIR based on orthology mappings provided by the Alliance Genome Consortium,True,
Vps37d,dna_repair,1,Mouse_MSigDB_native_hallmark,HALLMARK_DNA_REPAIR,2026.1.Mm,http://www.broadinstitute.org/gsea/msigdb/cards/HALLMARK_DNA_REPAIR,Mouse genes annotated to HALLMARK_DNA_REPAIR based on orthology mappings provided by the Alliance Genome Consortium,True,
Xpc,dna_repair,1,Mouse_MSigDB_native_hallmark,HALLMARK_DNA_REPAIR,2026.1.Mm,http://www.broadinstitute.org/gsea/msigdb/cards/HALLMARK_DNA_REPAIR,Mouse genes annotated to HALLMARK_DNA_REPAIR based on orthology mappings provided by the Alliance Genome Consortium,True,
Zfp707,dna_repair,1,Mouse_MSigDB_native_hallmark,HALLMARK_DNA_REPAIR,2026.1.Mm,http://www.broadinstitute.org/gsea/msigdb/cards/HALLMARK_DNA_REPAIR,Mouse genes annotated to HALLMARK_DNA_REPAIR based on orthology mappings provided by the Alliance Genome Consortium,True,
Zwint,dna_repair,1,Mouse_MSigDB_native_hallmark,HALLMARK_DNA_REPAIR,2026.1.Mm,http://www.broadinstitute.org/gsea/msigdb/cards/HALLMARK_DNA_REPAIR,Mouse genes annotated to HALLMARK_DNA_REPAIR based on orthology mappings provided by the Alliance Genome Consortium,True,
Ak2,e2f_targets,1,Mouse_MSigDB_native_hallmark,HALLMARK_E2F_TARGETS,2026.1.Mm,http://www.broadinstitute.org/gsea/msigdb/cards/HALLMARK_E2F_TARGETS,Mouse genes annotated to HALLMARK_E2F_TARGETS based on orthology mappings provided by the Alliance Genome Consortium,True,
Anp32e,e2f_targets,1,Mouse_MSigDB_native_hallmark,HALLMARK_E2F_TARGETS,2026.1.Mm,http://www.broadinstitute.org/gsea/msigdb/cards/HALLMARK_E2F_TARGETS,Mouse genes annotated to HALLMARK_E2F_TARGETS based on orthology mappings provided by the Alliance Genome Consortium,True,
Asf1a,e2f_targets,1,Mouse_MSigDB_native_hallmark,HALLMARK_E2F_TARGETS,2026.1.Mm,http://www.broadinstitute.org/gsea/msigdb/cards/HALLMARK_E2F_TARGETS,Mouse genes annotated to HALLMARK_E2F_TARGETS based on orthology mappings provided by the Alliance Genome Consortium,True,
Asf1b,e2f_targets,1,Mouse_MSigDB_native_hallmark,HALLMARK_E2F_TARGETS,2026.1.Mm,http://www.broadinstitute.org/gsea/msigdb/cards/HALLMARK_E2F_TARGETS,Mouse genes annotated to HALLMARK_E2F_TARGETS based on orthology mappings provided by the Alliance Genome Consortium,True,
Atad2,e2f_targets,1,Mouse_MSigDB_native_hallmark,HALLMARK_E2F_TARGETS,2026.1.Mm,http://www.broadinstitute.org/gsea/msigdb/cards/HALLMARK_E2F_TARGETS,Mouse genes annotated to HALLMARK_E2F_TARGETS based on orthology mappings provided by the Alliance Genome Consortium,True,
Aurka,e2f_targets,1,Mouse_MSigDB_native_hallmark,HALLMARK_E2F_TARGETS,2026.1.Mm,http://www.broadinstitute.org/gsea/msigdb/cards/HALLMARK_E2F_TARGETS,Mouse genes annotated to HALLMARK_E2F_TARGETS based on orthology mappings provided by the Alliance Genome Consortium,True,
Aurkb,e2f_targets,1,Mouse_MSigDB_native_hallmark,HALLMARK_E2F_TARGETS,2026.1.Mm,http://www.broadinstitute.org/gsea/msigdb/cards/HALLMARK_E2F_TARGETS,Mouse genes annotated to HALLMARK_E2F_TARGETS based on orthology mappings provided by the Alliance Genome Consortium,True,
Bard1,e2f_targets,1,Mouse_MSigDB_native_hallmark,HALLMARK_E2F_TARGETS,2026.1.Mm,http://www.broadinstitute.org/gsea/msigdb/cards/HALLMARK_E2F_TARGETS,Mouse genes annotated to HALLMARK_E2F_TARGETS based on orthology mappings provided by the Alliance Genome Consortium,True,
Birc5,e2f_targets,1,Mouse_MSigDB_native_hallmark,HALLMARK_E2F_TARGETS,2026.1.Mm,http://www.broadinstitute.org/gsea/msigdb/cards/HALLMARK_E2F_TARGETS,Mouse genes annotated to HALLMARK_E2F_TARGETS based on orthology mappings provided by the Alliance Genome Consortium,True,
Brca1,e2f_targets,1,Mouse_MSigDB_native_hallmark,HALLMARK_E2F_TARGETS,2026.1.Mm,http://www.broadinstitute.org/gsea/msigdb/cards/HALLMARK_E2F_TARGETS,Mouse genes annotated to HALLMARK_E2F_TARGETS based on orthology mappings provided by the Alliance Genome Consortium,True,
Brca2,e2f_targets,1,Mouse_MSigDB_native_hallmark,HALLMARK_E2F_TARGETS,2026.1.Mm,http://www.broadinstitute.org/gsea/msigdb/cards/HALLMARK_E2F_TARGETS,Mouse genes annotated to HALLMARK_E2F_TARGETS based on orthology mappings provided by the Alliance Genome Consortium,True,
Brms1l,e2f_targets,1,Mouse_MSigDB_native_hallmark,HALLMARK_E2F_TARGETS,2026.1.Mm,http://www.broadinstitute.org/gsea/msigdb/cards/HALLMARK_E2F_TARGETS,Mouse genes annotated to HALLMARK_E2F_TARGETS based on orthology mappings provided by the Alliance Genome Consortium,True,
Bub1b,e2f_targets,1,Mouse_MSigDB_native_hallmark,HALLMARK_E2F_TARGETS,2026.1.Mm,http://www.broadinstitute.org/gsea/msigdb/cards/HALLMARK_E2F_TARGETS,Mouse genes annotated to HALLMARK_E2F_TARGETS based on orthology mappings provided by the Alliance Genome Consortium,True,
Cbx5,e2f_targets,1,Mouse_MSigDB_native_hallmark,HALLMARK_E2F_TARGETS,2026.1.Mm,http://www.broadinstitute.org/gsea/msigdb/cards/HALLMARK_E2F_TARGETS,Mouse genes annotated to HALLMARK_E2F_TARGETS based on orthology mappings provided by the Alliance Genome Consortium,True,
Ccnb2,e2f_targets,1,Mouse_MSigDB_native_hallmark,HALLMARK_E2F_TARGETS,2026.1.Mm,http://www.broadinstitute.org/gsea/msigdb/cards/HALLMARK_E2F_TARGETS,Mouse genes annotated to HALLMARK_E2F_TARGETS based on orthology mappings provided by the Alliance Genome Consortium,True,
Ccne1,e2f_targets,1,Mouse_MSigDB_native_hallmark,HALLMARK_E2F_TARGETS,2026.1.Mm,http://www.broadinstitute.org/gsea/msigdb/cards/HALLMARK_E2F_TARGETS,Mouse genes annotated to HALLMARK_E2F_TARGETS based on orthology mappings provided by the Alliance Genome Consortium,True,
Ccp110,e2f_targets,1,Mouse_MSigDB_native_hallmark,HALLMARK_E2F_TARGETS,2026.1.Mm,http://www.broadinstitute.org/gsea/msigdb/cards/HALLMARK_E2F_TARGETS,Mouse genes annotated to HALLMARK_E2F_TARGETS based on orthology mappings provided by the Alliance Genome Consortium,True,
Cdc20,e2f_targets,1,Mouse_MSigDB_native_hallmark,HALLMARK_E2F_TARGETS,2026.1.Mm,http://www.broadinstitute.org/gsea/msigdb/cards/HALLMARK_E2F_TARGETS,Mouse genes annotated to HALLMARK_E2F_TARGETS based on orthology mappings provided by the Alliance Genome Consortium,True,
Cdc25a,e2f_targets,1,Mouse_MSigDB_native_hallmark,HALLMARK_E2F_TARGETS,2026.1.Mm,http://www.broadinstitute.org/gsea/msigdb/cards/HALLMARK_E2F_TARGETS,Mouse genes annotated to HALLMARK_E2F_TARGETS based on orthology mappings provided by the Alliance Genome Consortium,True,
Cdc25b,e2f_targets,1,Mouse_MSigDB_native_hallmark,HALLMARK_E2F_TARGETS,2026.1.Mm,http://www.broadinstitute.org/gsea/msigdb/cards/HALLMARK_E2F_TARGETS,Mouse genes annotated to HALLMARK_E2F_TARGETS based on orthology mappings provided by the Alliance Genome Consortium,True,
Cdca3,e2f_targets,1,Mouse_MSigDB_native_hallmark,HALLMARK_E2F_TARGETS,2026.1.Mm,http://www.broadinstitute.org/gsea/msigdb/cards/HALLMARK_E2F_TARGETS,Mouse genes annotated to HALLMARK_E2F_TARGETS based on orthology mappings provided by the Alliance Genome Consortium,True,
Cdca8,e2f_targets,1,Mouse_MSigDB_native_hallmark,HALLMARK_E2F_TARGETS,2026.1.Mm,http://www.broadinstitute.org/gsea/msigdb/cards/HALLMARK_E2F_TARGETS,Mouse genes annotated to HALLMARK_E2F_TARGETS based on orthology mappings provided by the Alliance Genome Consortium,True,
Cdk1,e2f_targets,1,Mouse_MSigDB_native_hallmark,HALLMARK_E2F_TARGETS,2026.1.Mm,http://www.broadinstitute.org/gsea/msigdb/cards/HALLMARK_E2F_TARGETS,Mouse genes annotated to HALLMARK_E2F_TARGETS based on orthology mappings provided by the Alliance Genome Consortium,True,
Cdk4,e2f_targets,1,Mouse_MSigDB_native_hallmark,HALLMARK_E2F_TARGETS,2026.1.Mm,http://www.broadinstitute.org/gsea/msigdb/cards/HALLMARK_E2F_TARGETS,Mouse genes annotated to HALLMARK_E2F_TARGETS based on orthology mappings provided by the Alliance Genome Consortium,True,
Cdkn1a,e2f_targets,1,Mouse_MSigDB_native_hallmark,HALLMARK_E2F_TARGETS,2026.1.Mm,http://www.broadinstitute.org/gsea/msigdb/cards/HALLMARK_E2F_TARGETS,Mouse genes annotated to HALLMARK_E2F_TARGETS based on orthology mappings provided by the Alliance Genome Consortium,True,
Cdkn1b,e2f_targets,1,Mouse_MSigDB_native_hallmark,HALLMARK_E2F_TARGETS,2026.1.Mm,http://www.broadinstitute.org/gsea/msigdb/cards/HALLMARK_E2F_TARGETS,Mouse genes annotated to HALLMARK_E2F_TARGETS based on orthology mappings provided by the Alliance Genome Consortium,True,
Cdkn2a,e2f_targets,1,Mouse_MSigDB_native_hallmark,HALLMARK_E2F_TARGETS,2026.1.Mm,http://www.broadinstitute.org/gsea/msigdb/cards/HALLMARK_E2F_TARGETS,Mouse genes annotated to HALLMARK_E2F_TARGETS based on orthology mappings provided by the Alliance Genome Consortium,True,
Cdkn2c,e2f_targets,1,Mouse_MSigDB_native_hallmark,HALLMARK_E2F_TARGETS,2026.1.Mm,http://www.broadinstitute.org/gsea/msigdb/cards/HALLMARK_E2F_TARGETS,Mouse genes annotated to HALLMARK_E2F_TARGETS based on orthology mappings provided by the Alliance Genome Consortium,True,
Cdkn3,e2f_targets,1,Mouse_MSigDB_native_hallmark,HALLMARK_E2F_TARGETS,2026.1.Mm,http://www.broadinstitute.org/gsea/msigdb/cards/HALLMARK_E2F_TARGETS,Mouse genes annotated to HALLMARK_E2F_TARGETS based on orthology mappings provided by the Alliance Genome Consortium,True,
Cenpe,e2f_targets,1,Mouse_MSigDB_native_hallmark,HALLMARK_E2F_TARGETS,2026.1.Mm,http://www.broadinstitute.org/gsea/msigdb/cards/HALLMARK_E2F_TARGETS,Mouse genes annotated to HALLMARK_E2F_TARGETS based on orthology mappings provided by the Alliance Genome Consortium,True,
Cenpm,e2f_targets,1,Mouse_MSigDB_native_hallmark,HALLMARK_E2F_TARGETS,2026.1.Mm,http://www.broadinstitute.org/gsea/msigdb/cards/HALLMARK_E2F_TARGETS,Mouse genes annotated to HALLMARK_E2F_TARGETS based on orthology mappings provided by the Alliance Genome Consortium,True,
Chek1,e2f_targets,1,Mouse_MSigDB_native_hallmark,HALLMARK_E2F_TARGETS,2026.1.Mm,http://www.broadinstitute.org/gsea/msigdb/cards/HALLMARK_E2F_TARGETS,Mouse genes annotated to HALLMARK_E2F_TARGETS based on orthology mappings provided by the Alliance Genome Consortium,True,
Chek2,e2f_targets,1,Mouse_MSigDB_native_hallmark,HALLMARK_E2F_TARGETS,2026.1.Mm,http://www.broadinstitute.org/gsea/msigdb/cards/HALLMARK_E2F_TARGETS,Mouse genes annotated to HALLMARK_E2F_TARGETS based on orthology mappings provided by the Alliance Genome Consortium,True,
Cit,e2f_targets,1,Mouse_MSigDB_native_hallmark,HALLMARK_E2F_TARGETS,2026.1.Mm,http://www.broadinstitute.org/gsea/msigdb/cards/HALLMARK_E2F_TARGETS,Mouse genes annotated to HALLMARK_E2F_TARGETS based on orthology mappings provided by the Alliance Genome Consortium,True,
Cks1b,e2f_targets,1,Mouse_MSigDB_native_hallmark,HALLMARK_E2F_TARGETS,2026.1.Mm,http://www.broadinstitute.org/gsea/msigdb/cards/HALLMARK_E2F_TARGETS,Mouse genes annotated to HALLMARK_E2F_TARGETS based on orthology mappings provided by the Alliance Genome Consortium,True,
Cks2,e2f_targets,1,Mouse_MSigDB_native_hallmark,HALLMARK_E2F_TARGETS,2026.1.Mm,http://www.broadinstitute.org/gsea/msigdb/cards/HALLMARK_E2F_TARGETS,Mouse genes annotated to HALLMARK_E2F_TARGETS based on orthology mappings provided by the Alliance Genome Consortium,True,
Cnot9,e2f_targets,1,Mouse_MSigDB_native_hallmark,HALLMARK_E2F_TARGETS,2026.1.Mm,http://www.broadinstitute.org/gsea/msigdb/cards/HALLMARK_E2F_TARGETS,Mouse genes annotated to HALLMARK_E2F_TARGETS based on orthology mappings provided by the Alliance Genome Consortium,True,
Cse1l,e2f_targets,1,Mouse_MSigDB_native_hallmark,HALLMARK_E2F_TARGETS,2026.1.Mm,http://www.broadinstitute.org/gsea/msigdb/cards/HALLMARK_E2F_TARGETS,Mouse genes annotated to HALLMARK_E2F_TARGETS based on orthology mappings provided by the Alliance Genome Consortium,True,
Ctcf,e2f_targets,1,Mouse_MSigDB_native_hallmark,HALLMARK_E2F_TARGETS,2026.1.Mm,http://www.broadinstitute.org/gsea/msigdb/cards/HALLMARK_E2F_TARGETS,Mouse genes annotated to HALLMARK_E2F_TARGETS based on orthology mappings provided by the Alliance Genome Consortium,True,
Ctps1,e2f_targets,1,Mouse_MSigDB_native_hallmark,HALLMARK_E2F_TARGETS,2026.1.Mm,http://www.broadinstitute.org/gsea/msigdb/cards/HALLMARK_E2F_TARGETS,Mouse genes annotated to HALLMARK_E2F_TARGETS based on orthology mappings provided by the Alliance Genome Consortium,True,
Dck,e2f_targets,1,Mouse_MSigDB_native_hallmark,HALLMARK_E2F_TARGETS,2026.1.Mm,http://www.broadinstitute.org/gsea/msigdb/cards/HALLMARK_E2F_TARGETS,Mouse genes annotated to HALLMARK_E2F_TARGETS based on orthology mappings provided by the Alliance Genome Consortium,True,
Dclre1b,e2f_targets,1,Mouse_MSigDB_native_hallmark,HALLMARK_E2F_TARGETS,2026.1.Mm,http://www.broadinstitute.org/gsea/msigdb/cards/HALLMARK_E2F_TARGETS,Mouse genes annotated to HALLMARK_E2F_TARGETS based on orthology mappings provided by the Alliance Genome Consortium,True,
Dctpp1,e2f_targets,1,Mouse_MSigDB_native_hallmark,HALLMARK_E2F_TARGETS,2026.1.Mm,http://www.broadinstitute.org/gsea/msigdb/cards/HALLMARK_E2F_TARGETS,Mouse genes annotated to HALLMARK_E2F_TARGETS based on orthology mappings provided by the Alliance Genome Consortium,True,
Ddx39a,e2f_targets,1,Mouse_MSigDB_native_hallmark,HALLMARK_E2F_TARGETS,2026.1.Mm,http://www.broadinstitute.org/gsea/msigdb/cards/HALLMARK_E2F_TARGETS,Mouse genes annotated to HALLMARK_E2F_TARGETS based on orthology mappings provided by the Alliance Genome Consortium,True,
Dek,e2f_targets,1,Mouse_MSigDB_native_hallmark,HALLMARK_E2F_TARGETS,2026.1.Mm,http://www.broadinstitute.org/gsea/msigdb/cards/HALLMARK_E2F_TARGETS,Mouse genes annotated to HALLMARK_E2F_TARGETS based on orthology mappings provided by the Alliance Genome Consortium,True,
Depdc1a,e2f_targets,1,Mouse_MSigDB_native_hallmark,HALLMARK_E2F_TARGETS,2026.1.Mm,http://www.broadinstitute.org/gsea/msigdb/cards/HALLMARK_E2F_TARGETS,Mouse genes annotated to HALLMARK_E2F_TARGETS based on orthology mappings provided by the Alliance Genome Consortium,True,
Diaph3,e2f_targets,1,Mouse_MSigDB_native_hallmark,HALLMARK_E2F_TARGETS,2026.1.Mm,http://www.broadinstitute.org/gsea/msigdb/cards/HALLMARK_E2F_TARGETS,Mouse genes annotated to HALLMARK_E2F_TARGETS based on orthology mappings provided by the Alliance Genome Consortium,True,
Dlgap5,e2f_targets,1,Mouse_MSigDB_native_hallmark,HALLMARK_E2F_TARGETS,2026.1.Mm,http://www.broadinstitute.org/gsea/msigdb/cards/HALLMARK_E2F_TARGETS,Mouse genes annotated to HALLMARK_E2F_TARGETS based on orthology mappings provided by the Alliance Genome Consortium,True,
Dnmt1,e2f_targets,1,Mouse_MSigDB_native_hallmark,HALLMARK_E2F_TARGETS,2026.1.Mm,http://www.broadinstitute.org/gsea/msigdb/cards/HALLMARK_E2F_TARGETS,Mouse genes annotated to HALLMARK_E2F_TARGETS based on orthology mappings provided by the Alliance Genome Consortium,True,
Donson,e2f_targets,1,Mouse_MSigDB_native_hallmark,HALLMARK_E2F_TARGETS,2026.1.Mm,http://www.broadinstitute.org/gsea/msigdb/cards/HALLMARK_E2F_TARGETS,Mouse genes annotated to HALLMARK_E2F_TARGETS based on orthology mappings provided by the Alliance Genome Consortium,True,
Dscc1,e2f_targets,1,Mouse_MSigDB_native_hallmark,HALLMARK_E2F_TARGETS,2026.1.Mm,http://www.broadinstitute.org/gsea/msigdb/cards/HALLMARK_E2F_TARGETS,Mouse genes annotated to HALLMARK_E2F_TARGETS based on orthology mappings provided by the Alliance Genome Consortium,True,
Dut,e2f_targets,1,Mouse_MSigDB_native_hallmark,HALLMARK_E2F_TARGETS,2026.1.Mm,http://www.broadinstitute.org/gsea/msigdb/cards/HALLMARK_E2F_TARGETS,Mouse genes annotated to HALLMARK_E2F_TARGETS based on orthology mappings provided by the Alliance Genome Consortium,True,
E2f8,e2f_targets,1,Mouse_MSigDB_native_hallmark,HALLMARK_E2F_TARGETS,2026.1.Mm,http://www.broadinstitute.org/gsea/msigdb/cards/HALLMARK_E2F_TARGETS,Mouse genes annotated to HALLMARK_E2F_TARGETS based on orthology mappings provided by the Alliance Genome Consortium,True,
Eed,e2f_targets,1,Mouse_MSigDB_native_hallmark,HALLMARK_E2F_TARGETS,2026.1.Mm,http://www.broadinstitute.org/gsea/msigdb/cards/HALLMARK_E2F_TARGETS,Mouse genes annotated to HALLMARK_E2F_TARGETS based on orthology mappings provided by the Alliance Genome Consortium,True,
Eif2s1,e2f_targets,1,Mouse_MSigDB_native_hallmark,HALLMARK_E2F_TARGETS,2026.1.Mm,http://www.broadinstitute.org/gsea/msigdb/cards/HALLMARK_E2F_TARGETS,Mouse genes annotated to HALLMARK_E2F_TARGETS based on orthology mappings provided by the Alliance Genome Consortium,True,
Espl1,e2f_targets,1,Mouse_MSigDB_native_hallmark,HALLMARK_E2F_TARGETS,2026.1.Mm,http://www.broadinstitute.org/gsea/msigdb/cards/HALLMARK_E2F_TARGETS,Mouse genes annotated to HALLMARK_E2F_TARGETS based on orthology mappings provided by the Alliance Genome Consortium,True,
Exosc8,e2f_targets,1,Mouse_MSigDB_native_hallmark,HALLMARK_E2F_TARGETS,2026.1.Mm,http://www.broadinstitute.org/gsea/msigdb/cards/HALLMARK_E2F_TARGETS,Mouse genes annotated to HALLMARK_E2F_TARGETS based on orthology mappings provided by the Alliance Genome Consortium,True,
Ezh2,e2f_targets,1,Mouse_MSigDB_native_hallmark,HALLMARK_E2F_TARGETS,2026.1.Mm,http://www.broadinstitute.org/gsea/msigdb/cards/HALLMARK_E2F_TARGETS,Mouse genes annotated to HALLMARK_E2F_TARGETS based on orthology mappings provided by the Alliance Genome Consortium,True,
Gins1,e2f_targets,1,Mouse_MSigDB_native_hallmark,HALLMARK_E2F_TARGETS,2026.1.Mm,http://www.broadinstitute.org/gsea/msigdb/cards/HALLMARK_E2F_TARGETS,Mouse genes annotated to HALLMARK_E2F_TARGETS based on orthology mappings provided by the Alliance Genome Consortium,True,
Gins3,e2f_targets,1,Mouse_MSigDB_native_hallmark,HALLMARK_E2F_TARGETS,2026.1.Mm,http://www.broadinstitute.org/gsea/msigdb/cards/HALLMARK_E2F_TARGETS,Mouse genes annotated to HALLMARK_E2F_TARGETS based on orthology mappings provided by the Alliance Genome Consortium,True,
Gins4,e2f_targets,1,Mouse_MSigDB_native_hallmark,HALLMARK_E2F_TARGETS,2026.1.Mm,http://www.broadinstitute.org/gsea/msigdb/cards/HALLMARK_E2F_TARGETS,Mouse genes annotated to HALLMARK_E2F_TARGETS based on orthology mappings provided by the Alliance Genome Consortium,True,
Gspt1,e2f_targets,1,Mouse_MSigDB_native_hallmark,HALLMARK_E2F_TARGETS,2026.1.Mm,http://www.broadinstitute.org/gsea/msigdb/cards/HALLMARK_E2F_TARGETS,Mouse genes annotated to HALLMARK_E2F_TARGETS based on orthology mappings provided by the Alliance Genome Consortium,True,
H2ax,e2f_targets,1,Mouse_MSigDB_native_hallmark,HALLMARK_E2F_TARGETS,2026.1.Mm,http://www.broadinstitute.org/gsea/msigdb/cards/HALLMARK_E2F_TARGETS,Mouse genes annotated to HALLMARK_E2F_TARGETS based on orthology mappings provided by the Alliance Genome Consortium,True,
H2az1,e2f_targets,1,Mouse_MSigDB_native_hallmark,HALLMARK_E2F_TARGETS,2026.1.Mm,http://www.broadinstitute.org/gsea/msigdb/cards/HALLMARK_E2F_TARGETS,Mouse genes annotated to HALLMARK_E2F_TARGETS based on orthology mappings provided by the Alliance Genome Consortium,True,
Hells,e2f_targets,1,Mouse_MSigDB_native_hallmark,HALLMARK_E2F_TARGETS,2026.1.Mm,http://www.broadinstitute.org/gsea/msigdb/cards/HALLMARK_E2F_TARGETS,Mouse genes annotated to HALLMARK_E2F_TARGETS based on orthology mappings provided by the Alliance Genome Consortium,True,
Hmga1b,e2f_targets,1,Mouse_MSigDB_native_hallmark,HALLMARK_E2F_TARGETS,2026.1.Mm,http://www.broadinstitute.org/gsea/msigdb/cards/HALLMARK_E2F_TARGETS,Mouse genes annotated to HALLMARK_E2F_TARGETS based on orthology mappings provided by the Alliance Genome Consortium,True,
Hmgb2,e2f_targets,1,Mouse_MSigDB_native_hallmark,HALLMARK_E2F_TARGETS,2026.1.Mm,http://www.broadinstitute.org/gsea/msigdb/cards/HALLMARK_E2F_TARGETS,Mouse genes annotated to HALLMARK_E2F_TARGETS based on orthology mappings provided by the Alliance Genome Consortium,True,
Hmgb3,e2f_targets,1,Mouse_MSigDB_native_hallmark,HALLMARK_E2F_TARGETS,2026.1.Mm,http://www.broadinstitute.org/gsea/msigdb/cards/HALLMARK_E2F_TARGETS,Mouse genes annotated to HALLMARK_E2F_TARGETS based on orthology mappings provided by the Alliance Genome Consortium,True,
Hmmr,e2f_targets,1,Mouse_MSigDB_native_hallmark,HALLMARK_E2F_TARGETS,2026.1.Mm,http://www.broadinstitute.org/gsea/msigdb/cards/HALLMARK_E2F_TARGETS,Mouse genes annotated to HALLMARK_E2F_TARGETS based on orthology mappings provided by the Alliance Genome Consortium,True,
Hnrnpd,e2f_targets,1,Mouse_MSigDB_native_hallmark,HALLMARK_E2F_TARGETS,2026.1.Mm,http://www.broadinstitute.org/gsea/msigdb/cards/HALLMARK_E2F_TARGETS,Mouse genes annotated to HALLMARK_E2F_TARGETS based on orthology mappings provided by the Alliance Genome Consortium,True,
Hus1,e2f_targets,1,Mouse_MSigDB_native_hallmark,HALLMARK_E2F_TARGETS,2026.1.Mm,http://www.broadinstitute.org/gsea/msigdb/cards/HALLMARK_E2F_TARGETS,Mouse genes annotated to HALLMARK_E2F_TARGETS based on orthology mappings provided by the Alliance Genome Consortium,True,
Ilf3,e2f_targets,1,Mouse_MSigDB_native_hallmark,HALLMARK_E2F_TARGETS,2026.1.Mm,http://www.broadinstitute.org/gsea/msigdb/cards/HALLMARK_E2F_TARGETS,Mouse genes annotated to HALLMARK_E2F_TARGETS based on orthology mappings provided by the Alliance Genome Consortium,True,
Ing3,e2f_targets,1,Mouse_MSigDB_native_hallmark,HALLMARK_E2F_TARGETS,2026.1.Mm,http://www.broadinstitute.org/gsea/msigdb/cards/HALLMARK_E2F_TARGETS,Mouse genes annotated to HALLMARK_E2F_TARGETS based on orthology mappings provided by the Alliance Genome Consortium,True,
Ipo7,e2f_targets,1,Mouse_MSigDB_native_hallmark,HALLMARK_E2F_TARGETS,2026.1.Mm,http://www.broadinstitute.org/gsea/msigdb/cards/HALLMARK_E2F_TARGETS,Mouse genes annotated to HALLMARK_E2F_TARGETS based on orthology mappings provided by the Alliance Genome Consortium,True,
Jpt1,e2f_targets,1,Mouse_MSigDB_native_hallmark,HALLMARK_E2F_TARGETS,2026.1.Mm,http://www.broadinstitute.org/gsea/msigdb/cards/HALLMARK_E2F_TARGETS,Mouse genes annotated to HALLMARK_E2F_TARGETS based on orthology mappings provided by the Alliance Genome Consortium,True,
Kif18b,e2f_targets,1,Mouse_MSigDB_native_hallmark,HALLMARK_E2F_TARGETS,2026.1.Mm,http://www.broadinstitute.org/gsea/msigdb/cards/HALLMARK_E2F_TARGETS,Mouse genes annotated to HALLMARK_E2F_TARGETS based on orthology mappings provided by the Alliance Genome Consortium,True,
Kif22,e2f_targets,1,Mouse_MSigDB_native_hallmark,HALLMARK_E2F_TARGETS,2026.1.Mm,http://www.broadinstitute.org/gsea/msigdb/cards/HALLMARK_E2F_TARGETS,Mouse genes annotated to HALLMARK_E2F_TARGETS based on orthology mappings provided by the Alliance Genome Consortium,True,
Kif2c,e2f_targets,1,Mouse_MSigDB_native_hallmark,HALLMARK_E2F_TARGETS,2026.1.Mm,http://www.broadinstitute.org/gsea/msigdb/cards/HALLMARK_E2F_TARGETS,Mouse genes annotated to HALLMARK_E2F_TARGETS based on orthology mappings provided by the Alliance Genome Consortium,True,
Kif4,e2f_targets,1,Mouse_MSigDB_native_hallmark,HALLMARK_E2F_TARGETS,2026.1.Mm,http://www.broadinstitute.org/gsea/msigdb/cards/HALLMARK_E2F_TARGETS,Mouse genes annotated to HALLMARK_E2F_TARGETS based on orthology mappings provided by the Alliance Genome Consortium,True,
Lbr,e2f_targets,1,Mouse_MSigDB_native_hallmark,HALLMARK_E2F_TARGETS,2026.1.Mm,http://www.broadinstitute.org/gsea/msigdb/cards/HALLMARK_E2F_TARGETS,Mouse genes annotated to HALLMARK_E2F_TARGETS based on orthology mappings provided by the Alliance Genome Consortium,True,
Lig1,e2f_targets,1,Mouse_MSigDB_native_hallmark,HALLMARK_E2F_TARGETS,2026.1.Mm,http://www.broadinstitute.org/gsea/msigdb/cards/HALLMARK_E2F_TARGETS,Mouse genes annotated to HALLMARK_E2F_TARGETS based on orthology mappings provided by the Alliance Genome Consortium,True,
Lmnb1,e2f_targets,1,Mouse_MSigDB_native_hallmark,HALLMARK_E2F_TARGETS,2026.1.Mm,http://www.broadinstitute.org/gsea/msigdb/cards/HALLMARK_E2F_TARGETS,Mouse genes annotated to HALLMARK_E2F_TARGETS based on orthology mappings provided by the Alliance Genome Consortium,True,
Lsm8,e2f_targets,1,Mouse_MSigDB_native_hallmark,HALLMARK_E2F_TARGETS,2026.1.Mm,http://www.broadinstitute.org/gsea/msigdb/cards/HALLMARK_E2F_TARGETS,Mouse genes annotated to HALLMARK_E2F_TARGETS based on orthology mappings provided by the Alliance Genome Consortium,True,
Luc7l3,e2f_targets,1,Mouse_MSigDB_native_hallmark,HALLMARK_E2F_TARGETS,2026.1.Mm,http://www.broadinstitute.org/gsea/msigdb/cards/HALLMARK_E2F_TARGETS,Mouse genes annotated to HALLMARK_E2F_TARGETS based on orthology mappings provided by the Alliance Genome Consortium,True,
Lyar,e2f_targets,1,Mouse_MSigDB_native_hallmark,HALLMARK_E2F_TARGETS,2026.1.Mm,http://www.broadinstitute.org/gsea/msigdb/cards/HALLMARK_E2F_TARGETS,Mouse genes annotated to HALLMARK_E2F_TARGETS based on orthology mappings provided by the Alliance Genome Consortium,True,
Mad2l1,e2f_targets,1,Mouse_MSigDB_native_hallmark,HALLMARK_E2F_TARGETS,2026.1.Mm,http://www.broadinstitute.org/gsea/msigdb/cards/HALLMARK_E2F_TARGETS,Mouse genes annotated to HALLMARK_E2F_TARGETS based on orthology mappings provided by the Alliance Genome Consortium,True,
Mcm2,e2f_targets,1,Mouse_MSigDB_native_hallmark,HALLMARK_E2F_TARGETS,2026.1.Mm,http://www.broadinstitute.org/gsea/msigdb/cards/HALLMARK_E2F_TARGETS,Mouse genes annotated to HALLMARK_E2F_TARGETS based on orthology mappings provided by the Alliance Genome Consortium,True,
Mcm3,e2f_targets,1,Mouse_MSigDB_native_hallmark,HALLMARK_E2F_TARGETS,2026.1.Mm,http://www.broadinstitute.org/gsea/msigdb/cards/HALLMARK_E2F_TARGETS,Mouse genes annotated to HALLMARK_E2F_TARGETS based on orthology mappings provided by the Alliance Genome Consortium,True,
Mcm4,e2f_targets,1,Mouse_MSigDB_native_hallmark,HALLMARK_E2F_TARGETS,2026.1.Mm,http://www.broadinstitute.org/gsea/msigdb/cards/HALLMARK_E2F_TARGETS,Mouse genes annotated to HALLMARK_E2F_TARGETS based on orthology mappings provided by the Alliance Genome Consortium,True,
Mcm5,e2f_targets,1,Mouse_MSigDB_native_hallmark,HALLMARK_E2F_TARGETS,2026.1.Mm,http://www.broadinstitute.org/gsea/msigdb/cards/HALLMARK_E2F_TARGETS,Mouse genes annotated to HALLMARK_E2F_TARGETS based on orthology mappings provided by the Alliance Genome Consortium,True,
Mcm6,e2f_targets,1,Mouse_MSigDB_native_hallmark,HALLMARK_E2F_TARGETS,2026.1.Mm,http://www.broadinstitute.org/gsea/msigdb/cards/HALLMARK_E2F_TARGETS,Mouse genes annotated to HALLMARK_E2F_TARGETS based on orthology mappings provided by the Alliance Genome Consortium,True,
Mcm7,e2f_targets,1,Mouse_MSigDB_native_hallmark,HALLMARK_E2F_TARGETS,2026.1.Mm,http://www.broadinstitute.org/gsea/msigdb/cards/HALLMARK_E2F_TARGETS,Mouse genes annotated to HALLMARK_E2F_TARGETS based on orthology mappings provided by the Alliance Genome Consortium,True,
Melk,e2f_targets,1,Mouse_MSigDB_native_hallmark,HALLMARK_E2F_TARGETS,2026.1.Mm,http://www.broadinstitute.org/gsea/msigdb/cards/HALLMARK_E2F_TARGETS,Mouse genes annotated to HALLMARK_E2F_TARGETS based on orthology mappings provided by the Alliance Genome Consortium,True,
Mki67,e2f_targets,1,Mouse_MSigDB_native_hallmark,HALLMARK_E2F_TARGETS,2026.1.Mm,http://www.broadinstitute.org/gsea/msigdb/cards/HALLMARK_E2F_TARGETS,Mouse genes annotated to HALLMARK_E2F_TARGETS based on orthology mappings provided by the Alliance Genome Consortium,True,
Mlh1,e2f_targets,1,Mouse_MSigDB_native_hallmark,HALLMARK_E2F_TARGETS,2026.1.Mm,http://www.broadinstitute.org/gsea/msigdb/cards/HALLMARK_E2F_TARGETS,Mouse genes annotated to HALLMARK_E2F_TARGETS based on orthology mappings provided by the Alliance Genome Consortium,True,
Mms22l,e2f_targets,1,Mouse_MSigDB_native_hallmark,HALLMARK_E2F_TARGETS,2026.1.Mm,http://www.broadinstitute.org/gsea/msigdb/cards/HALLMARK_E2F_TARGETS,Mouse genes annotated to HALLMARK_E2F_TARGETS based on orthology mappings provided by the Alliance Genome Consortium,True,
Mre11a,e2f_targets,1,Mouse_MSigDB_native_hallmark,HALLMARK_E2F_TARGETS,2026.1.Mm,http://www.broadinstitute.org/gsea/msigdb/cards/HALLMARK_E2F_TARGETS,Mouse genes annotated to HALLMARK_E2F_TARGETS based on orthology mappings provided by the Alliance Genome Consortium,True,
Msh2,e2f_targets,1,Mouse_MSigDB_native_hallmark,HALLMARK_E2F_TARGETS,2026.1.Mm,http://www.broadinstitute.org/gsea/msigdb/cards/HALLMARK_E2F_TARGETS,Mouse genes annotated to HALLMARK_E2F_TARGETS based on orthology mappings provided by the Alliance Genome Consortium,True,
Mthfd2,e2f_targets,1,Mouse_MSigDB_native_hallmark,HALLMARK_E2F_TARGETS,2026.1.Mm,http://www.broadinstitute.org/gsea/msigdb/cards/HALLMARK_E2F_TARGETS,Mouse genes annotated to HALLMARK_E2F_TARGETS based on orthology mappings provided by the Alliance Genome Consortium,True,
Mxd3,e2f_targets,1,Mouse_MSigDB_native_hallmark,HALLMARK_E2F_TARGETS,2026.1.Mm,http://www.broadinstitute.org/gsea/msigdb/cards/HALLMARK_E2F_TARGETS,Mouse genes annotated to HALLMARK_E2F_TARGETS based on orthology mappings provided by the Alliance Genome Consortium,True,
Mybl2,e2f_targets,1,Mouse_MSigDB_native_hallmark,HALLMARK_E2F_TARGETS,2026.1.Mm,http://www.broadinstitute.org/gsea/msigdb/cards/HALLMARK_E2F_TARGETS,Mouse genes annotated to HALLMARK_E2F_TARGETS based on orthology mappings provided by the Alliance Genome Consortium,True,
Myc,e2f_targets,1,Mouse_MSigDB_native_hallmark,HALLMARK_E2F_TARGETS,2026.1.Mm,http://www.broadinstitute.org/gsea/msigdb/cards/HALLMARK_E2F_TARGETS,Mouse genes annotated to HALLMARK_E2F_TARGETS based on orthology mappings provided by the Alliance Genome Consortium,True,
Nap1l1,e2f_targets,1,Mouse_MSigDB_native_hallmark,HALLMARK_E2F_TARGETS,2026.1.Mm,http://www.broadinstitute.org/gsea/msigdb/cards/HALLMARK_E2F_TARGETS,Mouse genes annotated to HALLMARK_E2F_TARGETS based on orthology mappings provided by the Alliance Genome Consortium,True,
Nasp,e2f_targets,1,Mouse_MSigDB_native_hallmark,HALLMARK_E2F_TARGETS,2026.1.Mm,http://www.broadinstitute.org/gsea/msigdb/cards/HALLMARK_E2F_TARGETS,Mouse genes annotated to HALLMARK_E2F_TARGETS based on orthology mappings provided by the Alliance Genome Consortium,True,
Nbn,e2f_targets,1,Mouse_MSigDB_native_hallmark,HALLMARK_E2F_TARGETS,2026.1.Mm,http://www.broadinstitute.org/gsea/msigdb/cards/HALLMARK_E2F_TARGETS,Mouse genes annotated to HALLMARK_E2F_TARGETS based on orthology mappings provided by the Alliance Genome Consortium,True,
Ncapd2,e2f_targets,1,Mouse_MSigDB_native_hallmark,HALLMARK_E2F_TARGETS,2026.1.Mm,http://www.broadinstitute.org/gsea/msigdb/cards/HALLMARK_E2F_TARGETS,Mouse genes annotated to HALLMARK_E2F_TARGETS based on orthology mappings provided by the Alliance Genome Consortium,True,
Nme1,e2f_targets,1,Mouse_MSigDB_native_hallmark,HALLMARK_E2F_TARGETS,2026.1.Mm,http://www.broadinstitute.org/gsea/msigdb/cards/HALLMARK_E2F_TARGETS,Mouse genes annotated to HALLMARK_E2F_TARGETS based on orthology mappings provided by the Alliance Genome Consortium,True,
Nolc1,e2f_targets,1,Mouse_MSigDB_native_hallmark,HALLMARK_E2F_TARGETS,2026.1.Mm,http://www.broadinstitute.org/gsea/msigdb/cards/HALLMARK_E2F_TARGETS,Mouse genes annotated to HALLMARK_E2F_TARGETS based on orthology mappings provided by the Alliance Genome Consortium,True,
Nop56,e2f_targets,1,Mouse_MSigDB_native_hallmark,HALLMARK_E2F_TARGETS,2026.1.Mm,http://www.broadinstitute.org/gsea/msigdb/cards/HALLMARK_E2F_TARGETS,Mouse genes annotated to HALLMARK_E2F_TARGETS based on orthology mappings provided by the Alliance Genome Consortium,True,
Nudt21,e2f_targets,1,Mouse_MSigDB_native_hallmark,HALLMARK_E2F_TARGETS,2026.1.Mm,http://www.broadinstitute.org/gsea/msigdb/cards/HALLMARK_E2F_TARGETS,Mouse genes annotated to HALLMARK_E2F_TARGETS based on orthology mappings provided by the Alliance Genome Consortium,True,
Nup107,e2f_targets,1,Mouse_MSigDB_native_hallmark,HALLMARK_E2F_TARGETS,2026.1.Mm,http://www.broadinstitute.org/gsea/msigdb/cards/HALLMARK_E2F_TARGETS,Mouse genes annotated to HALLMARK_E2F_TARGETS based on orthology mappings provided by the Alliance Genome Consortium,True,
Nup153,e2f_targets,1,Mouse_MSigDB_native_hallmark,HALLMARK_E2F_TARGETS,2026.1.Mm,http://www.broadinstitute.org/gsea/msigdb/cards/HALLMARK_E2F_TARGETS,Mouse genes annotated to HALLMARK_E2F_TARGETS based on orthology mappings provided by the Alliance Genome Consortium,True,
Nup205,e2f_targets,1,Mouse_MSigDB_native_hallmark,HALLMARK_E2F_TARGETS,2026.1.Mm,http://www.broadinstitute.org/gsea/msigdb/cards/HALLMARK_E2F_TARGETS,Mouse genes annotated to HALLMARK_E2F_TARGETS based on orthology mappings provided by the Alliance Genome Consortium,True,
Orc2,e2f_targets,1,Mouse_MSigDB_native_hallmark,HALLMARK_E2F_TARGETS,2026.1.Mm,http://www.broadinstitute.org/gsea/msigdb/cards/HALLMARK_E2F_TARGETS,Mouse genes annotated to HALLMARK_E2F_TARGETS based on orthology mappings provided by the Alliance Genome Consortium,True,
Orc6,e2f_targets,1,Mouse_MSigDB_native_hallmark,HALLMARK_E2F_TARGETS,2026.1.Mm,http://www.broadinstitute.org/gsea/msigdb/cards/HALLMARK_E2F_TARGETS,Mouse genes annotated to HALLMARK_E2F_TARGETS based on orthology mappings provided by the Alliance Genome Consortium,True,
Pa2g4,e2f_targets,1,Mouse_MSigDB_native_hallmark,HALLMARK_E2F_TARGETS,2026.1.Mm,http://www.broadinstitute.org/gsea/msigdb/cards/HALLMARK_E2F_TARGETS,Mouse genes annotated to HALLMARK_E2F_TARGETS based on orthology mappings provided by the Alliance Genome Consortium,True,
Paics,e2f_targets,1,Mouse_MSigDB_native_hallmark,HALLMARK_E2F_TARGETS,2026.1.Mm,http://www.broadinstitute.org/gsea/msigdb/cards/HALLMARK_E2F_TARGETS,Mouse genes annotated to HALLMARK_E2F_TARGETS based on orthology mappings provided by the Alliance Genome Consortium,True,
Pan2,e2f_targets,1,Mouse_MSigDB_native_hallmark,HALLMARK_E2F_TARGETS,2026.1.Mm,http://www.broadinstitute.org/gsea/msigdb/cards/HALLMARK_E2F_TARGETS,Mouse genes annotated to HALLMARK_E2F_TARGETS based on orthology mappings provided by the Alliance Genome Consortium,True,
Pcna,e2f_targets,1,Mouse_MSigDB_native_hallmark,HALLMARK_E2F_TARGETS,2026.1.Mm,http://www.broadinstitute.org/gsea/msigdb/cards/HALLMARK_E2F_TARGETS,Mouse genes annotated to HALLMARK_E2F_TARGETS based on orthology mappings provided by the Alliance Genome Consortium,True,
Pds5b,e2f_targets,1,Mouse_MSigDB_native_hallmark,HALLMARK_E2F_TARGETS,2026.1.Mm,http://www.broadinstitute.org/gsea/msigdb/cards/HALLMARK_E2F_TARGETS,Mouse genes annotated to HALLMARK_E2F_TARGETS based on orthology mappings provided by the Alliance Genome Consortium,True,
Phf5a,e2f_targets,1,Mouse_MSigDB_native_hallmark,HALLMARK_E2F_TARGETS,2026.1.Mm,http://www.broadinstitute.org/gsea/msigdb/cards/HALLMARK_E2F_TARGETS,Mouse genes annotated to HALLMARK_E2F_TARGETS based on orthology mappings provided by the Alliance Genome Consortium,True,
Plk1,e2f_targets,1,Mouse_MSigDB_native_hallmark,HALLMARK_E2F_TARGETS,2026.1.Mm,http://www.broadinstitute.org/gsea/msigdb/cards/HALLMARK_E2F_TARGETS,Mouse genes annotated to HALLMARK_E2F_TARGETS based on orthology mappings provided by the Alliance Genome Consortium,True,
Plk4,e2f_targets,1,Mouse_MSigDB_native_hallmark,HALLMARK_E2F_TARGETS,2026.1.Mm,http://www.broadinstitute.org/gsea/msigdb/cards/HALLMARK_E2F_TARGETS,Mouse genes annotated to HALLMARK_E2F_TARGETS based on orthology mappings provided by the Alliance Genome Consortium,True,
Pms2,e2f_targets,1,Mouse_MSigDB_native_hallmark,HALLMARK_E2F_TARGETS,2026.1.Mm,http://www.broadinstitute.org/gsea/msigdb/cards/HALLMARK_E2F_TARGETS,Mouse genes annotated to HALLMARK_E2F_TARGETS based on orthology mappings provided by the Alliance Genome Consortium,True,
Pnn,e2f_targets,1,Mouse_MSigDB_native_hallmark,HALLMARK_E2F_TARGETS,2026.1.Mm,http://www.broadinstitute.org/gsea/msigdb/cards/HALLMARK_E2F_TARGETS,Mouse genes annotated to HALLMARK_E2F_TARGETS based on orthology mappings provided by the Alliance Genome Consortium,True,
Pola2,e2f_targets,1,Mouse_MSigDB_native_hallmark,HALLMARK_E2F_TARGETS,2026.1.Mm,http://www.broadinstitute.org/gsea/msigdb/cards/HALLMARK_E2F_TARGETS,Mouse genes annotated to HALLMARK_E2F_TARGETS based on orthology mappings provided by the Alliance Genome Consortium,True,
Pold1,e2f_targets,1,Mouse_MSigDB_native_hallmark,HALLMARK_E2F_TARGETS,2026.1.Mm,http://www.broadinstitute.org/gsea/msigdb/cards/HALLMARK_E2F_TARGETS,Mouse genes annotated to HALLMARK_E2F_TARGETS based on orthology mappings provided by the Alliance Genome Consortium,True,
Pold2,e2f_targets,1,Mouse_MSigDB_native_hallmark,HALLMARK_E2F_TARGETS,2026.1.Mm,http://www.broadinstitute.org/gsea/msigdb/cards/HALLMARK_E2F_TARGETS,Mouse genes annotated to HALLMARK_E2F_TARGETS based on orthology mappings provided by the Alliance Genome Consortium,True,
Pold3,e2f_targets,1,Mouse_MSigDB_native_hallmark,HALLMARK_E2F_TARGETS,2026.1.Mm,http://www.broadinstitute.org/gsea/msigdb/cards/HALLMARK_E2F_TARGETS,Mouse genes annotated to HALLMARK_E2F_TARGETS based on orthology mappings provided by the Alliance Genome Consortium,True,
Pole,e2f_targets,1,Mouse_MSigDB_native_hallmark,HALLMARK_E2F_TARGETS,2026.1.Mm,http://www.broadinstitute.org/gsea/msigdb/cards/HALLMARK_E2F_TARGETS,Mouse genes annotated to HALLMARK_E2F_TARGETS based on orthology mappings provided by the Alliance Genome Consortium,True,
Pole4,e2f_targets,1,Mouse_MSigDB_native_hallmark,HALLMARK_E2F_TARGETS,2026.1.Mm,http://www.broadinstitute.org/gsea/msigdb/cards/HALLMARK_E2F_TARGETS,Mouse genes annotated to HALLMARK_E2F_TARGETS based on orthology mappings provided by the Alliance Genome Consortium,True,
Pop7,e2f_targets,1,Mouse_MSigDB_native_hallmark,HALLMARK_E2F_TARGETS,2026.1.Mm,http://www.broadinstitute.org/gsea/msigdb/cards/HALLMARK_E2F_TARGETS,Mouse genes annotated to HALLMARK_E2F_TARGETS based on orthology mappings provided by the Alliance Genome Consortium,True,
Ppm1d,e2f_targets,1,Mouse_MSigDB_native_hallmark,HALLMARK_E2F_TARGETS,2026.1.Mm,http://www.broadinstitute.org/gsea/msigdb/cards/HALLMARK_E2F_TARGETS,Mouse genes annotated to HALLMARK_E2F_TARGETS based on orthology mappings provided by the Alliance Genome Consortium,True,
Ppp1r8,e2f_targets,1,Mouse_MSigDB_native_hallmark,HALLMARK_E2F_TARGETS,2026.1.Mm,http://www.broadinstitute.org/gsea/msigdb/cards/HALLMARK_E2F_TARGETS,Mouse genes annotated to HALLMARK_E2F_TARGETS based on orthology mappings provided by the Alliance Genome Consortium,True,
Prdx4,e2f_targets,1,Mouse_MSigDB_native_hallmark,HALLMARK_E2F_TARGETS,2026.1.Mm,http://www.broadinstitute.org/gsea/msigdb/cards/HALLMARK_E2F_TARGETS,Mouse genes annotated to HALLMARK_E2F_TARGETS based on orthology mappings provided by the Alliance Genome Consortium,True,
Prim2,e2f_targets,1,Mouse_MSigDB_native_hallmark,HALLMARK_E2F_TARGETS,2026.1.Mm,http://www.broadinstitute.org/gsea/msigdb/cards/HALLMARK_E2F_TARGETS,Mouse genes annotated to HALLMARK_E2F_TARGETS based on orthology mappings provided by the Alliance Genome Consortium,True,
Prkdc,e2f_targets,1,Mouse_MSigDB_native_hallmark,HALLMARK_E2F_TARGETS,2026.1.Mm,http://www.broadinstitute.org/gsea/msigdb/cards/HALLMARK_E2F_TARGETS,Mouse genes annotated to HALLMARK_E2F_TARGETS based on orthology mappings provided by the Alliance Genome Consortium,True,
Prps1,e2f_targets,1,Mouse_MSigDB_native_hallmark,HALLMARK_E2F_TARGETS,2026.1.Mm,http://www.broadinstitute.org/gsea/msigdb/cards/HALLMARK_E2F_TARGETS,Mouse genes annotated to HALLMARK_E2F_TARGETS based on orthology mappings provided by the Alliance Genome Consortium,True,
Psip1,e2f_targets,1,Mouse_MSigDB_native_hallmark,HALLMARK_E2F_TARGETS,2026.1.Mm,http://www.broadinstitute.org/gsea/msigdb/cards/HALLMARK_E2F_TARGETS,Mouse genes annotated to HALLMARK_E2F_TARGETS based on orthology mappings provided by the Alliance Genome Consortium,True,
Psmc3ip,e2f_targets,1,Mouse_MSigDB_native_hallmark,HALLMARK_E2F_TARGETS,2026.1.Mm,http://www.broadinstitute.org/gsea/msigdb/cards/HALLMARK_E2F_TARGETS,Mouse genes annotated to HALLMARK_E2F_TARGETS based on orthology mappings provided by the Alliance Genome Consortium,True,
Pttg1,e2f_targets,1,Mouse_MSigDB_native_hallmark,HALLMARK_E2F_TARGETS,2026.1.Mm,http://www.broadinstitute.org/gsea/msigdb/cards/HALLMARK_E2F_TARGETS,Mouse genes annotated to HALLMARK_E2F_TARGETS based on orthology mappings provided by the Alliance Genome Consortium,True,
Racgap1,e2f_targets,1,Mouse_MSigDB_native_hallmark,HALLMARK_E2F_TARGETS,2026.1.Mm,http://www.broadinstitute.org/gsea/msigdb/cards/HALLMARK_E2F_TARGETS,Mouse genes annotated to HALLMARK_E2F_TARGETS based on orthology mappings provided by the Alliance Genome Consortium,True,
Rad1,e2f_targets,1,Mouse_MSigDB_native_hallmark,HALLMARK_E2F_TARGETS,2026.1.Mm,http://www.broadinstitute.org/gsea/msigdb/cards/HALLMARK_E2F_TARGETS,Mouse genes annotated to HALLMARK_E2F_TARGETS based on orthology mappings provided by the Alliance Genome Consortium,True,
Rad21,e2f_targets,1,Mouse_MSigDB_native_hallmark,HALLMARK_E2F_TARGETS,2026.1.Mm,http://www.broadinstitute.org/gsea/msigdb/cards/HALLMARK_E2F_TARGETS,Mouse genes annotated to HALLMARK_E2F_TARGETS based on orthology mappings provided by the Alliance Genome Consortium,True,
Rad50,e2f_targets,1,Mouse_MSigDB_native_hallmark,HALLMARK_E2F_TARGETS,2026.1.Mm,http://www.broadinstitute.org/gsea/msigdb/cards/HALLMARK_E2F_TARGETS,Mouse genes annotated to HALLMARK_E2F_TARGETS based on orthology mappings provided by the Alliance Genome Consortium,True,
Rad51ap1,e2f_targets,1,Mouse_MSigDB_native_hallmark,HALLMARK_E2F_TARGETS,2026.1.Mm,http://www.broadinstitute.org/gsea/msigdb/cards/HALLMARK_E2F_TARGETS,Mouse genes annotated to HALLMARK_E2F_TARGETS based on orthology mappings provided by the Alliance Genome Consortium,True,
Rad51c,e2f_targets,1,Mouse_MSigDB_native_hallmark,HALLMARK_E2F_TARGETS,2026.1.Mm,http://www.broadinstitute.org/gsea/msigdb/cards/HALLMARK_E2F_TARGETS,Mouse genes annotated to HALLMARK_E2F_TARGETS based on orthology mappings provided by the Alliance Genome Consortium,True,
Ran,e2f_targets,1,Mouse_MSigDB_native_hallmark,HALLMARK_E2F_TARGETS,2026.1.Mm,http://www.broadinstitute.org/gsea/msigdb/cards/HALLMARK_E2F_TARGETS,Mouse genes annotated to HALLMARK_E2F_TARGETS based on orthology mappings provided by the Alliance Genome Consortium,True,
Ranbp1,e2f_targets,1,Mouse_MSigDB_native_hallmark,HALLMARK_E2F_TARGETS,2026.1.Mm,http://www.broadinstitute.org/gsea/msigdb/cards/HALLMARK_E2F_TARGETS,Mouse genes annotated to HALLMARK_E2F_TARGETS based on orthology mappings provided by the Alliance Genome Consortium,True,
Rbbp7,e2f_targets,1,Mouse_MSigDB_native_hallmark,HALLMARK_E2F_TARGETS,2026.1.Mm,http://www.broadinstitute.org/gsea/msigdb/cards/HALLMARK_E2F_TARGETS,Mouse genes annotated to HALLMARK_E2F_TARGETS based on orthology mappings provided by the Alliance Genome Consortium,True,
Rfc1,e2f_targets,1,Mouse_MSigDB_native_hallmark,HALLMARK_E2F_TARGETS,2026.1.Mm,http://www.broadinstitute.org/gsea/msigdb/cards/HALLMARK_E2F_TARGETS,Mouse genes annotated to HALLMARK_E2F_TARGETS based on orthology mappings provided by the Alliance Genome Consortium,True,
Rfc2,e2f_targets,1,Mouse_MSigDB_native_hallmark,HALLMARK_E2F_TARGETS,2026.1.Mm,http://www.broadinstitute.org/gsea/msigdb/cards/HALLMARK_E2F_TARGETS,Mouse genes annotated to HALLMARK_E2F_TARGETS based on orthology mappings provided by the Alliance Genome Consortium,True,
Rfc3,e2f_targets,1,Mouse_MSigDB_native_hallmark,HALLMARK_E2F_TARGETS,2026.1.Mm,http://www.broadinstitute.org/gsea/msigdb/cards/HALLMARK_E2F_TARGETS,Mouse genes annotated to HALLMARK_E2F_TARGETS based on orthology mappings provided by the Alliance Genome Consortium,True,
Rnaseh2a,e2f_targets,1,Mouse_MSigDB_native_hallmark,HALLMARK_E2F_TARGETS,2026.1.Mm,http://www.broadinstitute.org/gsea/msigdb/cards/HALLMARK_E2F_TARGETS,Mouse genes annotated to HALLMARK_E2F_TARGETS based on orthology mappings provided by the Alliance Genome Consortium,True,
Rpa1,e2f_targets,1,Mouse_MSigDB_native_hallmark,HALLMARK_E2F_TARGETS,2026.1.Mm,http://www.broadinstitute.org/gsea/msigdb/cards/HALLMARK_E2F_TARGETS,Mouse genes annotated to HALLMARK_E2F_TARGETS based on orthology mappings provided by the Alliance Genome Consortium,True,
Rpa2,e2f_targets,1,Mouse_MSigDB_native_hallmark,HALLMARK_E2F_TARGETS,2026.1.Mm,http://www.broadinstitute.org/gsea/msigdb/cards/HALLMARK_E2F_TARGETS,Mouse genes annotated to HALLMARK_E2F_TARGETS based on orthology mappings provided by the Alliance Genome Consortium,True,
Rpa3,e2f_targets,1,Mouse_MSigDB_native_hallmark,HALLMARK_E2F_TARGETS,2026.1.Mm,http://www.broadinstitute.org/gsea/msigdb/cards/HALLMARK_E2F_TARGETS,Mouse genes annotated to HALLMARK_E2F_TARGETS based on orthology mappings provided by the Alliance Genome Consortium,True,
Rrm2,e2f_targets,1,Mouse_MSigDB_native_hallmark,HALLMARK_E2F_TARGETS,2026.1.Mm,http://www.broadinstitute.org/gsea/msigdb/cards/HALLMARK_E2F_TARGETS,Mouse genes annotated to HALLMARK_E2F_TARGETS based on orthology mappings provided by the Alliance Genome Consortium,True,
Shmt1,e2f_targets,1,Mouse_MSigDB_native_hallmark,HALLMARK_E2F_TARGETS,2026.1.Mm,http://www.broadinstitute.org/gsea/msigdb/cards/HALLMARK_E2F_TARGETS,Mouse genes annotated to HALLMARK_E2F_TARGETS based on orthology mappings provided by the Alliance Genome Consortium,True,
Slbp,e2f_targets,1,Mouse_MSigDB_native_hallmark,HALLMARK_E2F_TARGETS,2026.1.Mm,http://www.broadinstitute.org/gsea/msigdb/cards/HALLMARK_E2F_TARGETS,Mouse genes annotated to HALLMARK_E2F_TARGETS based on orthology mappings provided by the Alliance Genome Consortium,True,
Smc1a,e2f_targets,1,Mouse_MSigDB_native_hallmark,HALLMARK_E2F_TARGETS,2026.1.Mm,http://www.broadinstitute.org/gsea/msigdb/cards/HALLMARK_E2F_TARGETS,Mouse genes annotated to HALLMARK_E2F_TARGETS based on orthology mappings provided by the Alliance Genome Consortium,True,
Smc3,e2f_targets,1,Mouse_MSigDB_native_hallmark,HALLMARK_E2F_TARGETS,2026.1.Mm,http://www.broadinstitute.org/gsea/msigdb/cards/HALLMARK_E2F_TARGETS,Mouse genes annotated to HALLMARK_E2F_TARGETS based on orthology mappings provided by the Alliance Genome Consortium,True,
Smc4,e2f_targets,1,Mouse_MSigDB_native_hallmark,HALLMARK_E2F_TARGETS,2026.1.Mm,http://www.broadinstitute.org/gsea/msigdb/cards/HALLMARK_E2F_TARGETS,Mouse genes annotated to HALLMARK_E2F_TARGETS based on orthology mappings provided by the Alliance Genome Consortium,True,
Smc6,e2f_targets,1,Mouse_MSigDB_native_hallmark,HALLMARK_E2F_TARGETS,2026.1.Mm,http://www.broadinstitute.org/gsea/msigdb/cards/HALLMARK_E2F_TARGETS,Mouse genes annotated to HALLMARK_E2F_TARGETS based on orthology mappings provided by the Alliance Genome Consortium,True,
Snrpb,e2f_targets,1,Mouse_MSigDB_native_hallmark,HALLMARK_E2F_TARGETS,2026.1.Mm,http://www.broadinstitute.org/gsea/msigdb/cards/HALLMARK_E2F_TARGETS,Mouse genes annotated to HALLMARK_E2F_TARGETS based on orthology mappings provided by the Alliance Genome Consortium,True,
Spag5,e2f_targets,1,Mouse_MSigDB_native_hallmark,HALLMARK_E2F_TARGETS,2026.1.Mm,http://www.broadinstitute.org/gsea/msigdb/cards/HALLMARK_E2F_TARGETS,Mouse genes annotated to HALLMARK_E2F_TARGETS based on orthology mappings provided by the Alliance Genome Consortium,True,
Spc24,e2f_targets,1,Mouse_MSigDB_native_hallmark,HALLMARK_E2F_TARGETS,2026.1.Mm,http://www.broadinstitute.org/gsea/msigdb/cards/HALLMARK_E2F_TARGETS,Mouse genes annotated to HALLMARK_E2F_TARGETS based on orthology mappings provided by the Alliance Genome Consortium,True,
Spc25,e2f_targets,1,Mouse_MSigDB_native_hallmark,HALLMARK_E2F_TARGETS,2026.1.Mm,http://www.broadinstitute.org/gsea/msigdb/cards/HALLMARK_E2F_TARGETS,Mouse genes annotated to HALLMARK_E2F_TARGETS based on orthology mappings provided by the Alliance Genome Consortium,True,
Srsf1,e2f_targets,1,Mouse_MSigDB_native_hallmark,HALLMARK_E2F_TARGETS,2026.1.Mm,http://www.broadinstitute.org/gsea/msigdb/cards/HALLMARK_E2F_TARGETS,Mouse genes annotated to HALLMARK_E2F_TARGETS based on orthology mappings provided by the Alliance Genome Consortium,True,
Srsf2,e2f_targets,1,Mouse_MSigDB_native_hallmark,HALLMARK_E2F_TARGETS,2026.1.Mm,http://www.broadinstitute.org/gsea/msigdb/cards/HALLMARK_E2F_TARGETS,Mouse genes annotated to HALLMARK_E2F_TARGETS based on orthology mappings provided by the Alliance Genome Consortium,True,
Ssrp1,e2f_targets,1,Mouse_MSigDB_native_hallmark,HALLMARK_E2F_TARGETS,2026.1.Mm,http://www.broadinstitute.org/gsea/msigdb/cards/HALLMARK_E2F_TARGETS,Mouse genes annotated to HALLMARK_E2F_TARGETS based on orthology mappings provided by the Alliance Genome Consortium,True,
Stag1,e2f_targets,1,Mouse_MSigDB_native_hallmark,HALLMARK_E2F_TARGETS,2026.1.Mm,http://www.broadinstitute.org/gsea/msigdb/cards/HALLMARK_E2F_TARGETS,Mouse genes annotated to HALLMARK_E2F_TARGETS based on orthology mappings provided by the Alliance Genome Consortium,True,
Stmn1,e2f_targets,1,Mouse_MSigDB_native_hallmark,HALLMARK_E2F_TARGETS,2026.1.Mm,http://www.broadinstitute.org/gsea/msigdb/cards/HALLMARK_E2F_TARGETS,Mouse genes annotated to HALLMARK_E2F_TARGETS based on orthology mappings provided by the Alliance Genome Consortium,True,
Suv39h1,e2f_targets,1,Mouse_MSigDB_native_hallmark,HALLMARK_E2F_TARGETS,2026.1.Mm,http://www.broadinstitute.org/gsea/msigdb/cards/HALLMARK_E2F_TARGETS,Mouse genes annotated to HALLMARK_E2F_TARGETS based on orthology mappings provided by the Alliance Genome Consortium,True,
Syncrip,e2f_targets,1,Mouse_MSigDB_native_hallmark,HALLMARK_E2F_TARGETS,2026.1.Mm,http://www.broadinstitute.org/gsea/msigdb/cards/HALLMARK_E2F_TARGETS,Mouse genes annotated to HALLMARK_E2F_TARGETS based on orthology mappings provided by the Alliance Genome Consortium,True,
Tacc3,e2f_targets,1,Mouse_MSigDB_native_hallmark,HALLMARK_E2F_TARGETS,2026.1.Mm,http://www.broadinstitute.org/gsea/msigdb/cards/HALLMARK_E2F_TARGETS,Mouse genes annotated to HALLMARK_E2F_TARGETS based on orthology mappings provided by the Alliance Genome Consortium,True,
Tbrg4,e2f_targets,1,Mouse_MSigDB_native_hallmark,HALLMARK_E2F_TARGETS,2026.1.Mm,http://www.broadinstitute.org/gsea/msigdb/cards/HALLMARK_E2F_TARGETS,Mouse genes annotated to HALLMARK_E2F_TARGETS based on orthology mappings provided by the Alliance Genome Consortium,True,
Tcf19,e2f_targets,1,Mouse_MSigDB_native_hallmark,HALLMARK_E2F_TARGETS,2026.1.Mm,http://www.broadinstitute.org/gsea/msigdb/cards/HALLMARK_E2F_TARGETS,Mouse genes annotated to HALLMARK_E2F_TARGETS based on orthology mappings provided by the Alliance Genome Consortium,True,
Tfrc,e2f_targets,1,Mouse_MSigDB_native_hallmark,HALLMARK_E2F_TARGETS,2026.1.Mm,http://www.broadinstitute.org/gsea/msigdb/cards/HALLMARK_E2F_TARGETS,Mouse genes annotated to HALLMARK_E2F_TARGETS based on orthology mappings provided by the Alliance Genome Consortium,True,
Timeless,e2f_targets,1,Mouse_MSigDB_native_hallmark,HALLMARK_E2F_TARGETS,2026.1.Mm,http://www.broadinstitute.org/gsea/msigdb/cards/HALLMARK_E2F_TARGETS,Mouse genes annotated to HALLMARK_E2F_TARGETS based on orthology mappings provided by the Alliance Genome Consortium,True,
Tipin,e2f_targets,1,Mouse_MSigDB_native_hallmark,HALLMARK_E2F_TARGETS,2026.1.Mm,http://www.broadinstitute.org/gsea/msigdb/cards/HALLMARK_E2F_TARGETS,Mouse genes annotated to HALLMARK_E2F_TARGETS based on orthology mappings provided by the Alliance Genome Consortium,True,
Tk1,e2f_targets,1,Mouse_MSigDB_native_hallmark,HALLMARK_E2F_TARGETS,2026.1.Mm,http://www.broadinstitute.org/gsea/msigdb/cards/HALLMARK_E2F_TARGETS,Mouse genes annotated to HALLMARK_E2F_TARGETS based on orthology mappings provided by the Alliance Genome Consortium,True,
Tmpo,e2f_targets,1,Mouse_MSigDB_native_hallmark,HALLMARK_E2F_TARGETS,2026.1.Mm,http://www.broadinstitute.org/gsea/msigdb/cards/HALLMARK_E2F_TARGETS,Mouse genes annotated to HALLMARK_E2F_TARGETS based on orthology mappings provided by the Alliance Genome Consortium,True,
Top2a,e2f_targets,1,Mouse_MSigDB_native_hallmark,HALLMARK_E2F_TARGETS,2026.1.Mm,http://www.broadinstitute.org/gsea/msigdb/cards/HALLMARK_E2F_TARGETS,Mouse genes annotated to HALLMARK_E2F_TARGETS based on orthology mappings provided by the Alliance Genome Consortium,True,
Tra2b,e2f_targets,1,Mouse_MSigDB_native_hallmark,HALLMARK_E2F_TARGETS,2026.1.Mm,http://www.broadinstitute.org/gsea/msigdb/cards/HALLMARK_E2F_TARGETS,Mouse genes annotated to HALLMARK_E2F_TARGETS based on orthology mappings provided by the Alliance Genome Consortium,True,
Trip13,e2f_targets,1,Mouse_MSigDB_native_hallmark,HALLMARK_E2F_TARGETS,2026.1.Mm,http://www.broadinstitute.org/gsea/msigdb/cards/HALLMARK_E2F_TARGETS,Mouse genes annotated to HALLMARK_E2F_TARGETS based on orthology mappings provided by the Alliance Genome Consortium,True,
Trp53,e2f_targets,1,Mouse_MSigDB_native_hallmark,HALLMARK_E2F_TARGETS,2026.1.Mm,http://www.broadinstitute.org/gsea/msigdb/cards/HALLMARK_E2F_TARGETS,Mouse genes annotated to HALLMARK_E2F_TARGETS based on orthology mappings provided by the Alliance Genome Consortium,True,
Tubb5,e2f_targets,1,Mouse_MSigDB_native_hallmark,HALLMARK_E2F_TARGETS,2026.1.Mm,http://www.broadinstitute.org/gsea/msigdb/cards/HALLMARK_E2F_TARGETS,Mouse genes annotated to HALLMARK_E2F_TARGETS based on orthology mappings provided by the Alliance Genome Consortium,True,
Tubg1,e2f_targets,1,Mouse_MSigDB_native_hallmark,HALLMARK_E2F_TARGETS,2026.1.Mm,http://www.broadinstitute.org/gsea/msigdb/cards/HALLMARK_E2F_TARGETS,Mouse genes annotated to HALLMARK_E2F_TARGETS based on orthology mappings provided by the Alliance Genome Consortium,True,
Ube2s,e2f_targets,1,Mouse_MSigDB_native_hallmark,HALLMARK_E2F_TARGETS,2026.1.Mm,http://www.broadinstitute.org/gsea/msigdb/cards/HALLMARK_E2F_TARGETS,Mouse genes annotated to HALLMARK_E2F_TARGETS based on orthology mappings provided by the Alliance Genome Consortium,True,
Ube2t,e2f_targets,1,Mouse_MSigDB_native_hallmark,HALLMARK_E2F_TARGETS,2026.1.Mm,http://www.broadinstitute.org/gsea/msigdb/cards/HALLMARK_E2F_TARGETS,Mouse genes annotated to HALLMARK_E2F_TARGETS based on orthology mappings provided by the Alliance Genome Consortium,True,
Ubr7,e2f_targets,1,Mouse_MSigDB_native_hallmark,HALLMARK_E2F_TARGETS,2026.1.Mm,http://www.broadinstitute.org/gsea/msigdb/cards/HALLMARK_E2F_TARGETS,Mouse genes annotated to HALLMARK_E2F_TARGETS based on orthology mappings provided by the Alliance Genome Consortium,True,
Ung,e2f_targets,1,Mouse_MSigDB_native_hallmark,HALLMARK_E2F_TARGETS,2026.1.Mm,http://www.broadinstitute.org/gsea/msigdb/cards/HALLMARK_E2F_TARGETS,Mouse genes annotated to HALLMARK_E2F_TARGETS based on orthology mappings provided by the Alliance Genome Consortium,True,
Usp1,e2f_targets,1,Mouse_MSigDB_native_hallmark,HALLMARK_E2F_TARGETS,2026.1.Mm,http://www.broadinstitute.org/gsea/msigdb/cards/HALLMARK_E2F_TARGETS,Mouse genes annotated to HALLMARK_E2F_TARGETS based on orthology mappings provided by the Alliance Genome Consortium,True,
Wdr90,e2f_targets,1,Mouse_MSigDB_native_hallmark,HALLMARK_E2F_TARGETS,2026.1.Mm,http://www.broadinstitute.org/gsea/msigdb/cards/HALLMARK_E2F_TARGETS,Mouse genes annotated to HALLMARK_E2F_TARGETS based on orthology mappings provided by the Alliance Genome Consortium,True,
Wee1,e2f_targets,1,Mouse_MSigDB_native_hallmark,HALLMARK_E2F_TARGETS,2026.1.Mm,http://www.broadinstitute.org/gsea/msigdb/cards/HALLMARK_E2F_TARGETS,Mouse genes annotated to HALLMARK_E2F_TARGETS based on orthology mappings provided by the Alliance Genome Consortium,True,
Xpo1,e2f_targets,1,Mouse_MSigDB_native_hallmark,HALLMARK_E2F_TARGETS,2026.1.Mm,http://www.broadinstitute.org/gsea/msigdb/cards/HALLMARK_E2F_TARGETS,Mouse genes annotated to HALLMARK_E2F_TARGETS based on orthology mappings provided by the Alliance Genome Consortium,True,
Xrcc6,e2f_targets,1,Mouse_MSigDB_native_hallmark,HALLMARK_E2F_TARGETS,2026.1.Mm,http://www.broadinstitute.org/gsea/msigdb/cards/HALLMARK_E2F_TARGETS,Mouse genes annotated to HALLMARK_E2F_TARGETS based on orthology mappings provided by the Alliance Genome Consortium,True,
Zw10,e2f_targets,1,Mouse_MSigDB_native_hallmark,HALLMARK_E2F_TARGETS,2026.1.Mm,http://www.broadinstitute.org/gsea/msigdb/cards/HALLMARK_E2F_TARGETS,Mouse genes annotated to HALLMARK_E2F_TARGETS based on orthology mappings provided by the Alliance Genome Consortium,True,
Acan,ecm_collagen_program,1,Mouse_MSigDB_native_ontology,GOBP_COLLAGEN_FIBRIL_ORGANIZATION,2026.1.Mm,http://amigo.geneontology.org/amigo/term/GO:0030199,"Any process that determines the size and arrangement of collagen fibrils within an extracellular matrix. [GOC:mah, ISBN:0815316194]",True,
Adamts12,ecm_collagen_program,1,Mouse_MSigDB_native_ontology,GOBP_COLLAGEN_FIBRIL_ORGANIZATION,2026.1.Mm,http://amigo.geneontology.org/amigo/term/GO:0030199,"Any process that determines the size and arrangement of collagen fibrils within an extracellular matrix. [GOC:mah, ISBN:0815316194]",True,
Adamts14,ecm_collagen_program,1,Mouse_MSigDB_native_ontology,GOBP_COLLAGEN_FIBRIL_ORGANIZATION,2026.1.Mm,http://amigo.geneontology.org/amigo/term/GO:0030199,"Any process that determines the size and arrangement of collagen fibrils within an extracellular matrix. [GOC:mah, ISBN:0815316194]",True,
Adamts17,ecm_collagen_program,1,Mouse_MSigDB_native_ontology,GOBP_COLLAGEN_FIBRIL_ORGANIZATION,2026.1.Mm,http://amigo.geneontology.org/amigo/term/GO:0030199,"Any process that determines the size and arrangement of collagen fibrils within an extracellular matrix. [GOC:mah, ISBN:0815316194]",True,
Adamts19,ecm_collagen_program,1,Mouse_MSigDB_native_ontology,GOBP_COLLAGEN_FIBRIL_ORGANIZATION,2026.1.Mm,http://amigo.geneontology.org/amigo/term/GO:0030199,"Any process that determines the size and arrangement of collagen fibrils within an extracellular matrix. [GOC:mah, ISBN:0815316194]",True,
Adamts2,ecm_collagen_program,1,Mouse_MSigDB_native_ontology,GOBP_COLLAGEN_FIBRIL_ORGANIZATION,2026.1.Mm,http://amigo.geneontology.org/amigo/term/GO:0030199,"Any process that determines the size and arrangement of collagen fibrils within an extracellular matrix. [GOC:mah, ISBN:0815316194]",True,
Adamts7,ecm_collagen_program,1,Mouse_MSigDB_native_ontology,GOBP_COLLAGEN_FIBRIL_ORGANIZATION,2026.1.Mm,http://amigo.geneontology.org/amigo/term/GO:0030199,"Any process that determines the size and arrangement of collagen fibrils within an extracellular matrix. [GOC:mah, ISBN:0815316194]",True,
Aebp1,ecm_collagen_program,1,Mouse_MSigDB_native_ontology,GOBP_COLLAGEN_FIBRIL_ORGANIZATION,2026.1.Mm,http://amigo.geneontology.org/amigo/term/GO:0030199,"Any process that determines the size and arrangement of collagen fibrils within an extracellular matrix. [GOC:mah, ISBN:0815316194]",True,
Agt,ecm_collagen_program,1,Mouse_MSigDB_native_ontology,GOBP_EXTRACELLULAR_MATRIX_ASSEMBLY,2026.1.Mm,http://amigo.geneontology.org/amigo/term/GO:0085029,"The aggregation, arrangement and bonding together of the extracellular matrix. [GOC:jl]",True,
Antxr1,ecm_collagen_program,1,Mouse_MSigDB_native_ontology,GOBP_EXTRACELLULAR_MATRIX_ASSEMBLY,2026.1.Mm,http://amigo.geneontology.org/amigo/term/GO:0085029,"The aggregation, arrangement and bonding together of the extracellular matrix. [GOC:jl]",True,
Antxr2,ecm_collagen_program,1,Mouse_MSigDB_native_ontology,GOBP_COLLAGEN_FIBRIL_ORGANIZATION,2026.1.Mm,http://amigo.geneontology.org/amigo/term/GO:0030199,"Any process that determines the size and arrangement of collagen fibrils within an extracellular matrix. [GOC:mah, ISBN:0815316194]",True,
Anxa2,ecm_collagen_program,1,Mouse_MSigDB_native_ontology,GOBP_COLLAGEN_FIBRIL_ORGANIZATION,2026.1.Mm,http://amigo.geneontology.org/amigo/term/GO:0030199,"Any process that determines the size and arrangement of collagen fibrils within an extracellular matrix. [GOC:mah, ISBN:0815316194]",True,
Atp7a,ecm_collagen_program,1,Mouse_MSigDB_native_ontology,GOBP_COLLAGEN_FIBRIL_ORGANIZATION;GOBP_EXTRACELLULAR_MATRIX_ASSEMBLY,2026.1.Mm,http://amigo.geneontology.org/amigo/term/GO:0030199;http://amigo.geneontology.org/amigo/term/GO:0085029,"Any process that determines the size and arrangement of collagen fibrils within an extracellular matrix. [GOC:mah, ISBN:0815316194];The aggregation, arrangement and bonding together of the extracellular matrix. [GOC:jl]",True,
Chadl,ecm_collagen_program,1,Mouse_MSigDB_native_ontology,GOBP_COLLAGEN_FIBRIL_ORGANIZATION,2026.1.Mm,http://amigo.geneontology.org/amigo/term/GO:0030199,"Any process that determines the size and arrangement of collagen fibrils within an extracellular matrix. [GOC:mah, ISBN:0815316194]",True,
Col11a1,ecm_collagen_program,1,Mouse_MSigDB_native_ontology,GOBP_COLLAGEN_FIBRIL_ORGANIZATION,2026.1.Mm,http://amigo.geneontology.org/amigo/term/GO:0030199,"Any process that determines the size and arrangement of collagen fibrils within an extracellular matrix. [GOC:mah, ISBN:0815316194]",True,
Col11a2,ecm_collagen_program,1,Mouse_MSigDB_native_ontology,GOBP_COLLAGEN_FIBRIL_ORGANIZATION,2026.1.Mm,http://amigo.geneontology.org/amigo/term/GO:0030199,"Any process that determines the size and arrangement of collagen fibrils within an extracellular matrix. [GOC:mah, ISBN:0815316194]",True,
Col14a1,ecm_collagen_program,1,Mouse_MSigDB_native_ontology,GOBP_COLLAGEN_FIBRIL_ORGANIZATION,2026.1.Mm,http://amigo.geneontology.org/amigo/term/GO:0030199,"Any process that determines the size and arrangement of collagen fibrils within an extracellular matrix. [GOC:mah, ISBN:0815316194]",True,
Col1a1,ecm_collagen_program,1,Mouse_MSigDB_native_ontology,GOBP_COLLAGEN_FIBRIL_ORGANIZATION,2026.1.Mm,http://amigo.geneontology.org/amigo/term/GO:0030199,"Any process that determines the size and arrangement of collagen fibrils within an extracellular matrix. [GOC:mah, ISBN:0815316194]",True,
Col1a2,ecm_collagen_program,1,Mouse_MSigDB_native_ontology,GOBP_COLLAGEN_FIBRIL_ORGANIZATION;GOBP_EXTRACELLULAR_MATRIX_ASSEMBLY,2026.1.Mm,http://amigo.geneontology.org/amigo/term/GO:0030199;http://amigo.geneontology.org/amigo/term/GO:0085029,"Any process that determines the size and arrangement of collagen fibrils within an extracellular matrix. [GOC:mah, ISBN:0815316194];The aggregation, arrangement and bonding together of the extracellular matrix. [GOC:jl]",True,
Col28a1,ecm_collagen_program,1,Mouse_MSigDB_native_ontology,GOBP_COLLAGEN_FIBRIL_ORGANIZATION,2026.1.Mm,http://amigo.geneontology.org/amigo/term/GO:0030199,"Any process that determines the size and arrangement of collagen fibrils within an extracellular matrix. [GOC:mah, ISBN:0815316194]",True,
Col2a1,ecm_collagen_program,1,Mouse_MSigDB_native_ontology,GOBP_COLLAGEN_FIBRIL_ORGANIZATION,2026.1.Mm,http://amigo.geneontology.org/amigo/term/GO:0030199,"Any process that determines the size and arrangement of collagen fibrils within an extracellular matrix. [GOC:mah, ISBN:0815316194]",True,
Col3a1,ecm_collagen_program,1,Mouse_MSigDB_native_ontology,GOBP_COLLAGEN_FIBRIL_ORGANIZATION;GOBP_EXTRACELLULAR_MATRIX_ASSEMBLY,2026.1.Mm,http://amigo.geneontology.org/amigo/term/GO:0030199;http://amigo.geneontology.org/amigo/term/GO:0085029,"Any process that determines the size and arrangement of collagen fibrils within an extracellular matrix. [GOC:mah, ISBN:0815316194];The aggregation, arrangement and bonding together of the extracellular matrix. [GOC:jl]",True,
Col4a1,ecm_collagen_program,1,Mouse_MSigDB_native_ontology,GOBP_COLLAGEN_FIBRIL_ORGANIZATION,2026.1.Mm,http://amigo.geneontology.org/amigo/term/GO:0030199,"Any process that determines the size and arrangement of collagen fibrils within an extracellular matrix. [GOC:mah, ISBN:0815316194]",True,
Col4a2,ecm_collagen_program,1,Mouse_MSigDB_native_ontology,GOBP_COLLAGEN_FIBRIL_ORGANIZATION,2026.1.Mm,http://amigo.geneontology.org/amigo/term/GO:0030199,"Any process that determines the size and arrangement of collagen fibrils within an extracellular matrix. [GOC:mah, ISBN:0815316194]",True,
Col4a3,ecm_collagen_program,1,Mouse_MSigDB_native_ontology,GOBP_COLLAGEN_FIBRIL_ORGANIZATION,2026.1.Mm,http://amigo.geneontology.org/amigo/term/GO:0030199,"Any process that determines the size and arrangement of collagen fibrils within an extracellular matrix. [GOC:mah, ISBN:0815316194]",True,
Col4a4,ecm_collagen_program,1,Mouse_MSigDB_native_ontology,GOBP_COLLAGEN_FIBRIL_ORGANIZATION,2026.1.Mm,http://amigo.geneontology.org/amigo/term/GO:0030199,"Any process that determines the size and arrangement of collagen fibrils within an extracellular matrix. [GOC:mah, ISBN:0815316194]",True,
Col4a5,ecm_collagen_program,1,Mouse_MSigDB_native_ontology,GOBP_COLLAGEN_FIBRIL_ORGANIZATION,2026.1.Mm,http://amigo.geneontology.org/amigo/term/GO:0030199,"Any process that determines the size and arrangement of collagen fibrils within an extracellular matrix. [GOC:mah, ISBN:0815316194]",True,
Col4a6,ecm_collagen_program,1,Mouse_MSigDB_native_ontology,GOBP_COLLAGEN_FIBRIL_ORGANIZATION,2026.1.Mm,http://amigo.geneontology.org/amigo/term/GO:0030199,"Any process that determines the size and arrangement of collagen fibrils within an extracellular matrix. [GOC:mah, ISBN:0815316194]",True,
Col5a1,ecm_collagen_program,1,Mouse_MSigDB_native_ontology,GOBP_COLLAGEN_FIBRIL_ORGANIZATION,2026.1.Mm,http://amigo.geneontology.org/amigo/term/GO:0030199,"Any process that determines the size and arrangement of collagen fibrils within an extracellular matrix. [GOC:mah, ISBN:0815316194]",True,
Col5a2,ecm_collagen_program,1,Mouse_MSigDB_native_ontology,GOBP_COLLAGEN_FIBRIL_ORGANIZATION,2026.1.Mm,http://amigo.geneontology.org/amigo/term/GO:0030199,"Any process that determines the size and arrangement of collagen fibrils within an extracellular matrix. [GOC:mah, ISBN:0815316194]",True,
Col5a3,ecm_collagen_program,1,Mouse_MSigDB_native_ontology,GOBP_COLLAGEN_FIBRIL_ORGANIZATION,2026.1.Mm,http://amigo.geneontology.org/amigo/term/GO:0030199,"Any process that determines the size and arrangement of collagen fibrils within an extracellular matrix. [GOC:mah, ISBN:0815316194]",True,
Col6a1,ecm_collagen_program,1,Mouse_MSigDB_native_ontology,GOBP_COLLAGEN_FIBRIL_ORGANIZATION;GOBP_EXTRACELLULAR_MATRIX_ASSEMBLY,2026.1.Mm,http://amigo.geneontology.org/amigo/term/GO:0030199;http://amigo.geneontology.org/amigo/term/GO:0085029,"Any process that determines the size and arrangement of collagen fibrils within an extracellular matrix. [GOC:mah, ISBN:0815316194];The aggregation, arrangement and bonding together of the extracellular matrix. [GOC:jl]",True,
Col7a1,ecm_collagen_program,1,Mouse_MSigDB_native_ontology,GOBP_COLLAGEN_FIBRIL_ORGANIZATION,2026.1.Mm,http://amigo.geneontology.org/amigo/term/GO:0030199,"Any process that determines the size and arrangement of collagen fibrils within an extracellular matrix. [GOC:mah, ISBN:0815316194]",True,
Col8a1,ecm_collagen_program,1,Mouse_MSigDB_native_ontology,GOBP_EXTRACELLULAR_MATRIX_ASSEMBLY,2026.1.Mm,http://amigo.geneontology.org/amigo/term/GO:0085029,"The aggregation, arrangement and bonding together of the extracellular matrix. [GOC:jl]",True,
Col8a2,ecm_collagen_program,1,Mouse_MSigDB_native_ontology,GOBP_EXTRACELLULAR_MATRIX_ASSEMBLY,2026.1.Mm,http://amigo.geneontology.org/amigo/term/GO:0085029,"The aggregation, arrangement and bonding together of the extracellular matrix. [GOC:jl]",True,
Colgalt1,ecm_collagen_program,1,Mouse_MSigDB_native_ontology,GOBP_COLLAGEN_FIBRIL_ORGANIZATION,2026.1.Mm,http://amigo.geneontology.org/amigo/term/GO:0030199,"Any process that determines the size and arrangement of collagen fibrils within an extracellular matrix. [GOC:mah, ISBN:0815316194]",True,
Comp,ecm_collagen_program,1,Mouse_MSigDB_native_ontology,GOBP_COLLAGEN_FIBRIL_ORGANIZATION,2026.1.Mm,http://amigo.geneontology.org/amigo/term/GO:0030199,"Any process that determines the size and arrangement of collagen fibrils within an extracellular matrix. [GOC:mah, ISBN:0815316194]",True,
Crtap,ecm_collagen_program,1,Mouse_MSigDB_native_ontology,GOBP_COLLAGEN_FIBRIL_ORGANIZATION,2026.1.Mm,http://amigo.geneontology.org/amigo/term/GO:0030199,"Any process that determines the size and arrangement of collagen fibrils within an extracellular matrix. [GOC:mah, ISBN:0815316194]",True,
Cyp1b1,ecm_collagen_program,1,Mouse_MSigDB_native_ontology,GOBP_COLLAGEN_FIBRIL_ORGANIZATION,2026.1.Mm,http://amigo.geneontology.org/amigo/term/GO:0030199,"Any process that determines the size and arrangement of collagen fibrils within an extracellular matrix. [GOC:mah, ISBN:0815316194]",True,
Dag1,ecm_collagen_program,1,Mouse_MSigDB_native_ontology,GOBP_EXTRACELLULAR_MATRIX_ASSEMBLY,2026.1.Mm,http://amigo.geneontology.org/amigo/term/GO:0085029,"The aggregation, arrangement and bonding together of the extracellular matrix. [GOC:jl]",True,
Ddr2,ecm_collagen_program,1,Mouse_MSigDB_native_ontology,GOBP_COLLAGEN_FIBRIL_ORGANIZATION,2026.1.Mm,http://amigo.geneontology.org/amigo/term/GO:0030199,"Any process that determines the size and arrangement of collagen fibrils within an extracellular matrix. [GOC:mah, ISBN:0815316194]",True,
Dpt,ecm_collagen_program,1,Mouse_MSigDB_native_ontology,GOBP_COLLAGEN_FIBRIL_ORGANIZATION,2026.1.Mm,http://amigo.geneontology.org/amigo/term/GO:0030199,"Any process that determines the size and arrangement of collagen fibrils within an extracellular matrix. [GOC:mah, ISBN:0815316194]",True,
Efemp2,ecm_collagen_program,1,Mouse_MSigDB_native_ontology,GOBP_COLLAGEN_FIBRIL_ORGANIZATION;GOBP_EXTRACELLULAR_MATRIX_ASSEMBLY,2026.1.Mm,http://amigo.geneontology.org/amigo/term/GO:0030199;http://amigo.geneontology.org/amigo/term/GO:0085029,"Any process that determines the size and arrangement of collagen fibrils within an extracellular matrix. [GOC:mah, ISBN:0815316194];The aggregation, arrangement and bonding together of the extracellular matrix. [GOC:jl]",True,
Eln,ecm_collagen_program,1,Mouse_MSigDB_native_ontology,GOBP_EXTRACELLULAR_MATRIX_ASSEMBLY,2026.1.Mm,http://amigo.geneontology.org/amigo/term/GO:0085029,"The aggregation, arrangement and bonding together of the extracellular matrix. [GOC:jl]",True,
Emilin1,ecm_collagen_program,1,Mouse_MSigDB_native_ontology,GOBP_COLLAGEN_FIBRIL_ORGANIZATION;GOBP_EXTRACELLULAR_MATRIX_ASSEMBLY,2026.1.Mm,http://amigo.geneontology.org/amigo/term/GO:0030199;http://amigo.geneontology.org/amigo/term/GO:0085029,"Any process that determines the size and arrangement of collagen fibrils within an extracellular matrix. [GOC:mah, ISBN:0815316194];The aggregation, arrangement and bonding together of the extracellular matrix. [GOC:jl]",True,
Ero1a,ecm_collagen_program,1,Mouse_MSigDB_native_ontology,GOBP_COLLAGEN_FIBRIL_ORGANIZATION,2026.1.Mm,http://amigo.geneontology.org/amigo/term/GO:0030199,"Any process that determines the size and arrangement of collagen fibrils within an extracellular matrix. [GOC:mah, ISBN:0815316194]",True,
Ext1,ecm_collagen_program,1,Mouse_MSigDB_native_ontology,GOBP_COLLAGEN_FIBRIL_ORGANIZATION,2026.1.Mm,http://amigo.geneontology.org/amigo/term/GO:0030199,"Any process that determines the size and arrangement of collagen fibrils within an extracellular matrix. [GOC:mah, ISBN:0815316194]",True,
Fbln5,ecm_collagen_program,1,Mouse_MSigDB_native_ontology,GOBP_EXTRACELLULAR_MATRIX_ASSEMBLY,2026.1.Mm,http://amigo.geneontology.org/amigo/term/GO:0085029,"The aggregation, arrangement and bonding together of the extracellular matrix. [GOC:jl]",True,
Fkbp10,ecm_collagen_program,1,Mouse_MSigDB_native_ontology,GOBP_COLLAGEN_FIBRIL_ORGANIZATION;GOBP_EXTRACELLULAR_MATRIX_ASSEMBLY,2026.1.Mm,http://amigo.geneontology.org/amigo/term/GO:0030199;http://amigo.geneontology.org/amigo/term/GO:0085029,"Any process that determines the size and arrangement of collagen fibrils within an extracellular matrix. [GOC:mah, ISBN:0815316194];The aggregation, arrangement and bonding together of the extracellular matrix. [GOC:jl]",True,
Foxc1,ecm_collagen_program,1,Mouse_MSigDB_native_ontology,GOBP_COLLAGEN_FIBRIL_ORGANIZATION,2026.1.Mm,http://amigo.geneontology.org/amigo/term/GO:0030199,"Any process that determines the size and arrangement of collagen fibrils within an extracellular matrix. [GOC:mah, ISBN:0815316194]",True,
Foxc2,ecm_collagen_program,1,Mouse_MSigDB_native_ontology,GOBP_COLLAGEN_FIBRIL_ORGANIZATION,2026.1.Mm,http://amigo.geneontology.org/amigo/term/GO:0030199,"Any process that determines the size and arrangement of collagen fibrils within an extracellular matrix. [GOC:mah, ISBN:0815316194]",True,
Gas6,ecm_collagen_program,1,Mouse_MSigDB_native_ontology,GOBP_EXTRACELLULAR_MATRIX_ASSEMBLY,2026.1.Mm,http://amigo.geneontology.org/amigo/term/GO:0085029,"The aggregation, arrangement and bonding together of the extracellular matrix. [GOC:jl]",True,
Gpm6b,ecm_collagen_program,1,Mouse_MSigDB_native_ontology,GOBP_EXTRACELLULAR_MATRIX_ASSEMBLY,2026.1.Mm,http://amigo.geneontology.org/amigo/term/GO:0085029,"The aggregation, arrangement and bonding together of the extracellular matrix. [GOC:jl]",True,
Grem1,ecm_collagen_program,1,Mouse_MSigDB_native_ontology,GOBP_COLLAGEN_FIBRIL_ORGANIZATION,2026.1.Mm,http://amigo.geneontology.org/amigo/term/GO:0030199,"Any process that determines the size and arrangement of collagen fibrils within an extracellular matrix. [GOC:mah, ISBN:0815316194]",True,
Hapln2,ecm_collagen_program,1,Mouse_MSigDB_native_ontology,GOBP_EXTRACELLULAR_MATRIX_ASSEMBLY,2026.1.Mm,http://amigo.geneontology.org/amigo/term/GO:0085029,"The aggregation, arrangement and bonding together of the extracellular matrix. [GOC:jl]",True,
Has1,ecm_collagen_program,1,Mouse_MSigDB_native_ontology,GOBP_EXTRACELLULAR_MATRIX_ASSEMBLY,2026.1.Mm,http://amigo.geneontology.org/amigo/term/GO:0085029,"The aggregation, arrangement and bonding together of the extracellular matrix. [GOC:jl]",True,
Has2,ecm_collagen_program,1,Mouse_MSigDB_native_ontology,GOBP_EXTRACELLULAR_MATRIX_ASSEMBLY,2026.1.Mm,http://amigo.geneontology.org/amigo/term/GO:0085029,"The aggregation, arrangement and bonding together of the extracellular matrix. [GOC:jl]",True,
Has3,ecm_collagen_program,1,Mouse_MSigDB_native_ontology,GOBP_EXTRACELLULAR_MATRIX_ASSEMBLY,2026.1.Mm,http://amigo.geneontology.org/amigo/term/GO:0085029,"The aggregation, arrangement and bonding together of the extracellular matrix. [GOC:jl]",True,
Ihh,ecm_collagen_program,1,Mouse_MSigDB_native_ontology,GOBP_EXTRACELLULAR_MATRIX_ASSEMBLY,2026.1.Mm,http://amigo.geneontology.org/amigo/term/GO:0085029,"The aggregation, arrangement and bonding together of the extracellular matrix. [GOC:jl]",True,
Lamb1,ecm_collagen_program,1,Mouse_MSigDB_native_ontology,GOBP_EXTRACELLULAR_MATRIX_ASSEMBLY,2026.1.Mm,http://amigo.geneontology.org/amigo/term/GO:0085029,"The aggregation, arrangement and bonding together of the extracellular matrix. [GOC:jl]",True,
Lamb2,ecm_collagen_program,1,Mouse_MSigDB_native_ontology,GOBP_EXTRACELLULAR_MATRIX_ASSEMBLY,2026.1.Mm,http://amigo.geneontology.org/amigo/term/GO:0085029,"The aggregation, arrangement and bonding together of the extracellular matrix. [GOC:jl]",True,
Lamb3,ecm_collagen_program,1,Mouse_MSigDB_native_ontology,GOBP_EXTRACELLULAR_MATRIX_ASSEMBLY,2026.1.Mm,http://amigo.geneontology.org/amigo/term/GO:0085029,"The aggregation, arrangement and bonding together of the extracellular matrix. [GOC:jl]",True,
Lmx1b,ecm_collagen_program,1,Mouse_MSigDB_native_ontology,GOBP_COLLAGEN_FIBRIL_ORGANIZATION,2026.1.Mm,http://amigo.geneontology.org/amigo/term/GO:0030199,"Any process that determines the size and arrangement of collagen fibrils within an extracellular matrix. [GOC:mah, ISBN:0815316194]",True,
Lox,ecm_collagen_program,1,Mouse_MSigDB_native_ontology,GOBP_COLLAGEN_FIBRIL_ORGANIZATION;GOBP_EXTRACELLULAR_MATRIX_ASSEMBLY,2026.1.Mm,http://amigo.geneontology.org/amigo/term/GO:0030199;http://amigo.geneontology.org/amigo/term/GO:0085029,"Any process that determines the size and arrangement of collagen fibrils within an extracellular matrix. [GOC:mah, ISBN:0815316194];The aggregation, arrangement and bonding together of the extracellular matrix. [GOC:jl]",True,
Loxl1,ecm_collagen_program,1,Mouse_MSigDB_native_ontology,GOBP_COLLAGEN_FIBRIL_ORGANIZATION,2026.1.Mm,http://amigo.geneontology.org/amigo/term/GO:0030199,"Any process that determines the size and arrangement of collagen fibrils within an extracellular matrix. [GOC:mah, ISBN:0815316194]",True,
Loxl2,ecm_collagen_program,1,Mouse_MSigDB_native_ontology,GOBP_COLLAGEN_FIBRIL_ORGANIZATION,2026.1.Mm,http://amigo.geneontology.org/amigo/term/GO:0030199,"Any process that determines the size and arrangement of collagen fibrils within an extracellular matrix. [GOC:mah, ISBN:0815316194]",True,
Loxl3,ecm_collagen_program,1,Mouse_MSigDB_native_ontology,GOBP_COLLAGEN_FIBRIL_ORGANIZATION,2026.1.Mm,http://amigo.geneontology.org/amigo/term/GO:0030199,"Any process that determines the size and arrangement of collagen fibrils within an extracellular matrix. [GOC:mah, ISBN:0815316194]",True,
Loxl4,ecm_collagen_program,1,Mouse_MSigDB_native_ontology,GOBP_COLLAGEN_FIBRIL_ORGANIZATION,2026.1.Mm,http://amigo.geneontology.org/amigo/term/GO:0030199,"Any process that determines the size and arrangement of collagen fibrils within an extracellular matrix. [GOC:mah, ISBN:0815316194]",True,
Ltbp4,ecm_collagen_program,1,Mouse_MSigDB_native_ontology,GOBP_EXTRACELLULAR_MATRIX_ASSEMBLY,2026.1.Mm,http://amigo.geneontology.org/amigo/term/GO:0085029,"The aggregation, arrangement and bonding together of the extracellular matrix. [GOC:jl]",True,
Mad2l2,ecm_collagen_program,1,Mouse_MSigDB_native_ontology,GOBP_EXTRACELLULAR_MATRIX_ASSEMBLY,2026.1.Mm,http://amigo.geneontology.org/amigo/term/GO:0085029,"The aggregation, arrangement and bonding together of the extracellular matrix. [GOC:jl]",True,
Megf9,ecm_collagen_program,1,Mouse_MSigDB_native_ontology,GOBP_EXTRACELLULAR_MATRIX_ASSEMBLY,2026.1.Mm,http://amigo.geneontology.org/amigo/term/GO:0085029,"The aggregation, arrangement and bonding together of the extracellular matrix. [GOC:jl]",True,
Mfap4,ecm_collagen_program,1,Mouse_MSigDB_native_ontology,GOBP_EXTRACELLULAR_MATRIX_ASSEMBLY,2026.1.Mm,http://amigo.geneontology.org/amigo/term/GO:0085029,"The aggregation, arrangement and bonding together of the extracellular matrix. [GOC:jl]",True,
Mia3,ecm_collagen_program,1,Mouse_MSigDB_native_ontology,GOBP_COLLAGEN_FIBRIL_ORGANIZATION,2026.1.Mm,http://amigo.geneontology.org/amigo/term/GO:0030199,"Any process that determines the size and arrangement of collagen fibrils within an extracellular matrix. [GOC:mah, ISBN:0815316194]",True,
Mkx,ecm_collagen_program,1,Mouse_MSigDB_native_ontology,GOBP_COLLAGEN_FIBRIL_ORGANIZATION,2026.1.Mm,http://amigo.geneontology.org/amigo/term/GO:0030199,"Any process that determines the size and arrangement of collagen fibrils within an extracellular matrix. [GOC:mah, ISBN:0815316194]",True,
Mmp11,ecm_collagen_program,1,Mouse_MSigDB_native_ontology,GOBP_COLLAGEN_FIBRIL_ORGANIZATION,2026.1.Mm,http://amigo.geneontology.org/amigo/term/GO:0030199,"Any process that determines the size and arrangement of collagen fibrils within an extracellular matrix. [GOC:mah, ISBN:0815316194]",True,
Myh11,ecm_collagen_program,1,Mouse_MSigDB_native_ontology,GOBP_EXTRACELLULAR_MATRIX_ASSEMBLY,2026.1.Mm,http://amigo.geneontology.org/amigo/term/GO:0085029,"The aggregation, arrangement and bonding together of the extracellular matrix. [GOC:jl]",True,
Nf1,ecm_collagen_program,1,Mouse_MSigDB_native_ontology,GOBP_COLLAGEN_FIBRIL_ORGANIZATION,2026.1.Mm,http://amigo.geneontology.org/amigo/term/GO:0030199,"Any process that determines the size and arrangement of collagen fibrils within an extracellular matrix. [GOC:mah, ISBN:0815316194]",True,
Notch1,ecm_collagen_program,1,Mouse_MSigDB_native_ontology,GOBP_EXTRACELLULAR_MATRIX_ASSEMBLY,2026.1.Mm,http://amigo.geneontology.org/amigo/term/GO:0085029,"The aggregation, arrangement and bonding together of the extracellular matrix. [GOC:jl]",True,
Ntn4,ecm_collagen_program,1,Mouse_MSigDB_native_ontology,GOBP_EXTRACELLULAR_MATRIX_ASSEMBLY,2026.1.Mm,http://amigo.geneontology.org/amigo/term/GO:0085029,"The aggregation, arrangement and bonding together of the extracellular matrix. [GOC:jl]",True,
Optc,ecm_collagen_program,1,Mouse_MSigDB_native_ontology,GOBP_COLLAGEN_FIBRIL_ORGANIZATION,2026.1.Mm,http://amigo.geneontology.org/amigo/term/GO:0030199,"Any process that determines the size and arrangement of collagen fibrils within an extracellular matrix. [GOC:mah, ISBN:0815316194]",True,
P3h1,ecm_collagen_program,1,Mouse_MSigDB_native_ontology,GOBP_COLLAGEN_FIBRIL_ORGANIZATION,2026.1.Mm,http://amigo.geneontology.org/amigo/term/GO:0030199,"Any process that determines the size and arrangement of collagen fibrils within an extracellular matrix. [GOC:mah, ISBN:0815316194]",True,
P3h4,ecm_collagen_program,1,Mouse_MSigDB_native_ontology,GOBP_COLLAGEN_FIBRIL_ORGANIZATION,2026.1.Mm,http://amigo.geneontology.org/amigo/term/GO:0030199,"Any process that determines the size and arrangement of collagen fibrils within an extracellular matrix. [GOC:mah, ISBN:0815316194]",True,
P4ha1,ecm_collagen_program,1,Mouse_MSigDB_native_ontology,GOBP_COLLAGEN_FIBRIL_ORGANIZATION,2026.1.Mm,http://amigo.geneontology.org/amigo/term/GO:0030199,"Any process that determines the size and arrangement of collagen fibrils within an extracellular matrix. [GOC:mah, ISBN:0815316194]",True,
P4ha3,ecm_collagen_program,1,Mouse_MSigDB_native_ontology,GOBP_COLLAGEN_FIBRIL_ORGANIZATION,2026.1.Mm,http://amigo.geneontology.org/amigo/term/GO:0030199,"Any process that determines the size and arrangement of collagen fibrils within an extracellular matrix. [GOC:mah, ISBN:0815316194]",True,
Plod1,ecm_collagen_program,1,Mouse_MSigDB_native_ontology,GOBP_COLLAGEN_FIBRIL_ORGANIZATION,2026.1.Mm,http://amigo.geneontology.org/amigo/term/GO:0030199,"Any process that determines the size and arrangement of collagen fibrils within an extracellular matrix. [GOC:mah, ISBN:0815316194]",True,
Plod2,ecm_collagen_program,1,Mouse_MSigDB_native_ontology,GOBP_COLLAGEN_FIBRIL_ORGANIZATION,2026.1.Mm,http://amigo.geneontology.org/amigo/term/GO:0030199,"Any process that determines the size and arrangement of collagen fibrils within an extracellular matrix. [GOC:mah, ISBN:0815316194]",True,
Plod3,ecm_collagen_program,1,Mouse_MSigDB_native_ontology,GOBP_COLLAGEN_FIBRIL_ORGANIZATION;GOBP_EXTRACELLULAR_MATRIX_ASSEMBLY,2026.1.Mm,http://amigo.geneontology.org/amigo/term/GO:0030199;http://amigo.geneontology.org/amigo/term/GO:0085029,"Any process that determines the size and arrangement of collagen fibrils within an extracellular matrix. [GOC:mah, ISBN:0815316194];The aggregation, arrangement and bonding together of the extracellular matrix. [GOC:jl]",True,
Pparg,ecm_collagen_program,1,Mouse_MSigDB_native_ontology,GOBP_EXTRACELLULAR_MATRIX_ASSEMBLY,2026.1.Mm,http://amigo.geneontology.org/amigo/term/GO:0085029,"The aggregation, arrangement and bonding together of the extracellular matrix. [GOC:jl]",True,
Prickle1,ecm_collagen_program,1,Mouse_MSigDB_native_ontology,GOBP_EXTRACELLULAR_MATRIX_ASSEMBLY,2026.1.Mm,http://amigo.geneontology.org/amigo/term/GO:0085029,"The aggregation, arrangement and bonding together of the extracellular matrix. [GOC:jl]",True,
Pxdn,ecm_collagen_program,1,Mouse_MSigDB_native_ontology,GOBP_COLLAGEN_FIBRIL_ORGANIZATION;GOBP_EXTRACELLULAR_MATRIX_ASSEMBLY,2026.1.Mm,http://amigo.geneontology.org/amigo/term/GO:0030199;http://amigo.geneontology.org/amigo/term/GO:0085029,"Any process that determines the size and arrangement of collagen fibrils within an extracellular matrix. [GOC:mah, ISBN:0815316194];The aggregation, arrangement and bonding together of the extracellular matrix. [GOC:jl]",True,
Qsox1,ecm_collagen_program,1,Mouse_MSigDB_native_ontology,GOBP_EXTRACELLULAR_MATRIX_ASSEMBLY,2026.1.Mm,http://amigo.geneontology.org/amigo/term/GO:0085029,"The aggregation, arrangement and bonding together of the extracellular matrix. [GOC:jl]",True,
Ramp2,ecm_collagen_program,1,Mouse_MSigDB_native_ontology,GOBP_EXTRACELLULAR_MATRIX_ASSEMBLY,2026.1.Mm,http://amigo.geneontology.org/amigo/term/GO:0085029,"The aggregation, arrangement and bonding together of the extracellular matrix. [GOC:jl]",True,
Rb1,ecm_collagen_program,1,Mouse_MSigDB_native_ontology,GOBP_COLLAGEN_FIBRIL_ORGANIZATION,2026.1.Mm,http://amigo.geneontology.org/amigo/term/GO:0030199,"Any process that determines the size and arrangement of collagen fibrils within an extracellular matrix. [GOC:mah, ISBN:0815316194]",True,
Rgcc,ecm_collagen_program,1,Mouse_MSigDB_native_ontology,GOBP_EXTRACELLULAR_MATRIX_ASSEMBLY,2026.1.Mm,http://amigo.geneontology.org/amigo/term/GO:0085029,"The aggregation, arrangement and bonding together of the extracellular matrix. [GOC:jl]",True,
Scara3,ecm_collagen_program,1,Mouse_MSigDB_native_ontology,GOBP_COLLAGEN_FIBRIL_ORGANIZATION,2026.1.Mm,http://amigo.geneontology.org/amigo/term/GO:0030199,"Any process that determines the size and arrangement of collagen fibrils within an extracellular matrix. [GOC:mah, ISBN:0815316194]",True,
Scx,ecm_collagen_program,1,Mouse_MSigDB_native_ontology,GOBP_COLLAGEN_FIBRIL_ORGANIZATION,2026.1.Mm,http://amigo.geneontology.org/amigo/term/GO:0030199,"Any process that determines the size and arrangement of collagen fibrils within an extracellular matrix. [GOC:mah, ISBN:0815316194]",True,
Selenon,ecm_collagen_program,1,Mouse_MSigDB_native_ontology,GOBP_COLLAGEN_FIBRIL_ORGANIZATION,2026.1.Mm,http://amigo.geneontology.org/amigo/term/GO:0030199,"Any process that determines the size and arrangement of collagen fibrils within an extracellular matrix. [GOC:mah, ISBN:0815316194]",True,
Serpinf2,ecm_collagen_program,1,Mouse_MSigDB_native_ontology,GOBP_COLLAGEN_FIBRIL_ORGANIZATION,2026.1.Mm,http://amigo.geneontology.org/amigo/term/GO:0030199,"Any process that determines the size and arrangement of collagen fibrils within an extracellular matrix. [GOC:mah, ISBN:0815316194]",True,
Serpinh1,ecm_collagen_program,1,Mouse_MSigDB_native_ontology,GOBP_COLLAGEN_FIBRIL_ORGANIZATION,2026.1.Mm,http://amigo.geneontology.org/amigo/term/GO:0030199,"Any process that determines the size and arrangement of collagen fibrils within an extracellular matrix. [GOC:mah, ISBN:0815316194]",True,
Sfrp2,ecm_collagen_program,1,Mouse_MSigDB_native_ontology,GOBP_COLLAGEN_FIBRIL_ORGANIZATION,2026.1.Mm,http://amigo.geneontology.org/amigo/term/GO:0030199,"Any process that determines the size and arrangement of collagen fibrils within an extracellular matrix. [GOC:mah, ISBN:0815316194]",True,
Smad3,ecm_collagen_program,1,Mouse_MSigDB_native_ontology,GOBP_EXTRACELLULAR_MATRIX_ASSEMBLY,2026.1.Mm,http://amigo.geneontology.org/amigo/term/GO:0085029,"The aggregation, arrangement and bonding together of the extracellular matrix. [GOC:jl]",True,
Smad4,ecm_collagen_program,1,Mouse_MSigDB_native_ontology,GOBP_EXTRACELLULAR_MATRIX_ASSEMBLY,2026.1.Mm,http://amigo.geneontology.org/amigo/term/GO:0085029,"The aggregation, arrangement and bonding together of the extracellular matrix. [GOC:jl]",True,
Smpd3,ecm_collagen_program,1,Mouse_MSigDB_native_ontology,GOBP_EXTRACELLULAR_MATRIX_ASSEMBLY,2026.1.Mm,http://amigo.geneontology.org/amigo/term/GO:0085029,"The aggregation, arrangement and bonding together of the extracellular matrix. [GOC:jl]",True,
Sox9,ecm_collagen_program,1,Mouse_MSigDB_native_ontology,GOBP_EXTRACELLULAR_MATRIX_ASSEMBLY,2026.1.Mm,http://amigo.geneontology.org/amigo/term/GO:0085029,"The aggregation, arrangement and bonding together of the extracellular matrix. [GOC:jl]",True,
Tgfb1,ecm_collagen_program,1,Mouse_MSigDB_native_ontology,GOBP_EXTRACELLULAR_MATRIX_ASSEMBLY,2026.1.Mm,http://amigo.geneontology.org/amigo/term/GO:0085029,"The aggregation, arrangement and bonding together of the extracellular matrix. [GOC:jl]",True,
Tgfb2,ecm_collagen_program,1,Mouse_MSigDB_native_ontology,GOBP_COLLAGEN_FIBRIL_ORGANIZATION,2026.1.Mm,http://amigo.geneontology.org/amigo/term/GO:0030199,"Any process that determines the size and arrangement of collagen fibrils within an extracellular matrix. [GOC:mah, ISBN:0815316194]",True,
Tgfbr1,ecm_collagen_program,1,Mouse_MSigDB_native_ontology,GOBP_COLLAGEN_FIBRIL_ORGANIZATION;GOBP_EXTRACELLULAR_MATRIX_ASSEMBLY,2026.1.Mm,http://amigo.geneontology.org/amigo/term/GO:0030199;http://amigo.geneontology.org/amigo/term/GO:0085029,"Any process that determines the size and arrangement of collagen fibrils within an extracellular matrix. [GOC:mah, ISBN:0815316194];The aggregation, arrangement and bonding together of the extracellular matrix. [GOC:jl]",True,
Tgfbr3,ecm_collagen_program,1,Mouse_MSigDB_native_ontology,GOBP_EXTRACELLULAR_MATRIX_ASSEMBLY,2026.1.Mm,http://amigo.geneontology.org/amigo/term/GO:0085029,"The aggregation, arrangement and bonding together of the extracellular matrix. [GOC:jl]",True,
Thsd4,ecm_collagen_program,1,Mouse_MSigDB_native_ontology,GOBP_EXTRACELLULAR_MATRIX_ASSEMBLY,2026.1.Mm,http://amigo.geneontology.org/amigo/term/GO:0085029,"The aggregation, arrangement and bonding together of the extracellular matrix. [GOC:jl]",True,
Tie1,ecm_collagen_program,1,Mouse_MSigDB_native_ontology,GOBP_EXTRACELLULAR_MATRIX_ASSEMBLY,2026.1.Mm,http://amigo.geneontology.org/amigo/term/GO:0085029,"The aggregation, arrangement and bonding together of the extracellular matrix. [GOC:jl]",True,
Tnxb,ecm_collagen_program,1,Mouse_MSigDB_native_ontology,GOBP_COLLAGEN_FIBRIL_ORGANIZATION;GOBP_EXTRACELLULAR_MATRIX_ASSEMBLY,2026.1.Mm,http://amigo.geneontology.org/amigo/term/GO:0030199;http://amigo.geneontology.org/amigo/term/GO:0085029,"Any process that determines the size and arrangement of collagen fibrils within an extracellular matrix. [GOC:mah, ISBN:0815316194];The aggregation, arrangement and bonding together of the extracellular matrix. [GOC:jl]",True,
Vipas39,ecm_collagen_program,1,Mouse_MSigDB_native_ontology,GOBP_COLLAGEN_FIBRIL_ORGANIZATION,2026.1.Mm,http://amigo.geneontology.org/amigo/term/GO:0030199,"Any process that determines the size and arrangement of collagen fibrils within an extracellular matrix. [GOC:mah, ISBN:0815316194]",True,
Vps33b,ecm_collagen_program,1,Mouse_MSigDB_native_ontology,GOBP_COLLAGEN_FIBRIL_ORGANIZATION,2026.1.Mm,http://amigo.geneontology.org/amigo/term/GO:0030199,"Any process that determines the size and arrangement of collagen fibrils within an extracellular matrix. [GOC:mah, ISBN:0815316194]",True,
Zfp469,ecm_collagen_program,1,Mouse_MSigDB_native_ontology,GOBP_COLLAGEN_FIBRIL_ORGANIZATION,2026.1.Mm,http://amigo.geneontology.org/amigo/term/GO:0030199,"Any process that determines the size and arrangement of collagen fibrils within an extracellular matrix. [GOC:mah, ISBN:0815316194]",True,
Abl1,g2m_checkpoint,1,Mouse_MSigDB_native_hallmark,HALLMARK_G2M_CHECKPOINT,2026.1.Mm,http://www.broadinstitute.org/gsea/msigdb/cards/HALLMARK_G2M_CHECKPOINT,Mouse genes annotated to HALLMARK_G2M_CHECKPOINT based on orthology mappings provided by the Alliance Genome Consortium,True,
Amd1,g2m_checkpoint,1,Mouse_MSigDB_native_hallmark,HALLMARK_G2M_CHECKPOINT,2026.1.Mm,http://www.broadinstitute.org/gsea/msigdb/cards/HALLMARK_G2M_CHECKPOINT,Mouse genes annotated to HALLMARK_G2M_CHECKPOINT based on orthology mappings provided by the Alliance Genome Consortium,True,
Arid4a,g2m_checkpoint,1,Mouse_MSigDB_native_hallmark,HALLMARK_G2M_CHECKPOINT,2026.1.Mm,http://www.broadinstitute.org/gsea/msigdb/cards/HALLMARK_G2M_CHECKPOINT,Mouse genes annotated to HALLMARK_G2M_CHECKPOINT based on orthology mappings provided by the Alliance Genome Consortium,True,
Atf5,g2m_checkpoint,1,Mouse_MSigDB_native_hallmark,HALLMARK_G2M_CHECKPOINT,2026.1.Mm,http://www.broadinstitute.org/gsea/msigdb/cards/HALLMARK_G2M_CHECKPOINT,Mouse genes annotated to HALLMARK_G2M_CHECKPOINT based on orthology mappings provided by the Alliance Genome Consortium,True,
Atrx,g2m_checkpoint,1,Mouse_MSigDB_native_hallmark,HALLMARK_G2M_CHECKPOINT,2026.1.Mm,http://www.broadinstitute.org/gsea/msigdb/cards/HALLMARK_G2M_CHECKPOINT,Mouse genes annotated to HALLMARK_G2M_CHECKPOINT based on orthology mappings provided by the Alliance Genome Consortium,True,
Aurka,g2m_checkpoint,1,Mouse_MSigDB_native_hallmark,HALLMARK_G2M_CHECKPOINT,2026.1.Mm,http://www.broadinstitute.org/gsea/msigdb/cards/HALLMARK_G2M_CHECKPOINT,Mouse genes annotated to HALLMARK_G2M_CHECKPOINT based on orthology mappings provided by the Alliance Genome Consortium,True,
Aurkb,g2m_checkpoint,1,Mouse_MSigDB_native_hallmark,HALLMARK_G2M_CHECKPOINT,2026.1.Mm,http://www.broadinstitute.org/gsea/msigdb/cards/HALLMARK_G2M_CHECKPOINT,Mouse genes annotated to HALLMARK_G2M_CHECKPOINT based on orthology mappings provided by the Alliance Genome Consortium,True,
Bard1,g2m_checkpoint,1,Mouse_MSigDB_native_hallmark,HALLMARK_G2M_CHECKPOINT,2026.1.Mm,http://www.broadinstitute.org/gsea/msigdb/cards/HALLMARK_G2M_CHECKPOINT,Mouse genes annotated to HALLMARK_G2M_CHECKPOINT based on orthology mappings provided by the Alliance Genome Consortium,True,
Bcl3,g2m_checkpoint,1,Mouse_MSigDB_native_hallmark,HALLMARK_G2M_CHECKPOINT,2026.1.Mm,http://www.broadinstitute.org/gsea/msigdb/cards/HALLMARK_G2M_CHECKPOINT,Mouse genes annotated to HALLMARK_G2M_CHECKPOINT based on orthology mappings provided by the Alliance Genome Consortium,True,
Birc5,g2m_checkpoint,1,Mouse_MSigDB_native_hallmark,HALLMARK_G2M_CHECKPOINT,2026.1.Mm,http://www.broadinstitute.org/gsea/msigdb/cards/HALLMARK_G2M_CHECKPOINT,Mouse genes annotated to HALLMARK_G2M_CHECKPOINT based on orthology mappings provided by the Alliance Genome Consortium,True,
Brca2,g2m_checkpoint,1,Mouse_MSigDB_native_hallmark,HALLMARK_G2M_CHECKPOINT,2026.1.Mm,http://www.broadinstitute.org/gsea/msigdb/cards/HALLMARK_G2M_CHECKPOINT,Mouse genes annotated to HALLMARK_G2M_CHECKPOINT based on orthology mappings provided by the Alliance Genome Consortium,True,
Bub1,g2m_checkpoint,1,Mouse_MSigDB_native_hallmark,HALLMARK_G2M_CHECKPOINT,2026.1.Mm,http://www.broadinstitute.org/gsea/msigdb/cards/HALLMARK_G2M_CHECKPOINT,Mouse genes annotated to HALLMARK_G2M_CHECKPOINT based on orthology mappings provided by the Alliance Genome Consortium,True,
Bub3,g2m_checkpoint,1,Mouse_MSigDB_native_hallmark,HALLMARK_G2M_CHECKPOINT,2026.1.Mm,http://www.broadinstitute.org/gsea/msigdb/cards/HALLMARK_G2M_CHECKPOINT,Mouse genes annotated to HALLMARK_G2M_CHECKPOINT based on orthology mappings provided by the Alliance Genome Consortium,True,
Casp8ap2,g2m_checkpoint,1,Mouse_MSigDB_native_hallmark,HALLMARK_G2M_CHECKPOINT,2026.1.Mm,http://www.broadinstitute.org/gsea/msigdb/cards/HALLMARK_G2M_CHECKPOINT,Mouse genes annotated to HALLMARK_G2M_CHECKPOINT based on orthology mappings provided by the Alliance Genome Consortium,True,
Cbx1,g2m_checkpoint,1,Mouse_MSigDB_native_hallmark,HALLMARK_G2M_CHECKPOINT,2026.1.Mm,http://www.broadinstitute.org/gsea/msigdb/cards/HALLMARK_G2M_CHECKPOINT,Mouse genes annotated to HALLMARK_G2M_CHECKPOINT based on orthology mappings provided by the Alliance Genome Consortium,True,
Ccna2,g2m_checkpoint,1,Mouse_MSigDB_native_hallmark,HALLMARK_G2M_CHECKPOINT,2026.1.Mm,http://www.broadinstitute.org/gsea/msigdb/cards/HALLMARK_G2M_CHECKPOINT,Mouse genes annotated to HALLMARK_G2M_CHECKPOINT based on orthology mappings provided by the Alliance Genome Consortium,True,
Ccnb2,g2m_checkpoint,1,Mouse_MSigDB_native_hallmark,HALLMARK_G2M_CHECKPOINT,2026.1.Mm,http://www.broadinstitute.org/gsea/msigdb/cards/HALLMARK_G2M_CHECKPOINT,Mouse genes annotated to HALLMARK_G2M_CHECKPOINT based on orthology mappings provided by the Alliance Genome Consortium,True,
Ccnd1,g2m_checkpoint,1,Mouse_MSigDB_native_hallmark,HALLMARK_G2M_CHECKPOINT,2026.1.Mm,http://www.broadinstitute.org/gsea/msigdb/cards/HALLMARK_G2M_CHECKPOINT,Mouse genes annotated to HALLMARK_G2M_CHECKPOINT based on orthology mappings provided by the Alliance Genome Consortium,True,
Ccnf,g2m_checkpoint,1,Mouse_MSigDB_native_hallmark,HALLMARK_G2M_CHECKPOINT,2026.1.Mm,http://www.broadinstitute.org/gsea/msigdb/cards/HALLMARK_G2M_CHECKPOINT,Mouse genes annotated to HALLMARK_G2M_CHECKPOINT based on orthology mappings provided by the Alliance Genome Consortium,True,
Ccnt1,g2m_checkpoint,1,Mouse_MSigDB_native_hallmark,HALLMARK_G2M_CHECKPOINT,2026.1.Mm,http://www.broadinstitute.org/gsea/msigdb/cards/HALLMARK_G2M_CHECKPOINT,Mouse genes annotated to HALLMARK_G2M_CHECKPOINT based on orthology mappings provided by the Alliance Genome Consortium,True,
Cdc20,g2m_checkpoint,1,Mouse_MSigDB_native_hallmark,HALLMARK_G2M_CHECKPOINT,2026.1.Mm,http://www.broadinstitute.org/gsea/msigdb/cards/HALLMARK_G2M_CHECKPOINT,Mouse genes annotated to HALLMARK_G2M_CHECKPOINT based on orthology mappings provided by the Alliance Genome Consortium,True,
Cdc25a,g2m_checkpoint,1,Mouse_MSigDB_native_hallmark,HALLMARK_G2M_CHECKPOINT,2026.1.Mm,http://www.broadinstitute.org/gsea/msigdb/cards/HALLMARK_G2M_CHECKPOINT,Mouse genes annotated to HALLMARK_G2M_CHECKPOINT based on orthology mappings provided by the Alliance Genome Consortium,True,
Cdc25b,g2m_checkpoint,1,Mouse_MSigDB_native_hallmark,HALLMARK_G2M_CHECKPOINT,2026.1.Mm,http://www.broadinstitute.org/gsea/msigdb/cards/HALLMARK_G2M_CHECKPOINT,Mouse genes annotated to HALLMARK_G2M_CHECKPOINT based on orthology mappings provided by the Alliance Genome Consortium,True,
Cdc27,g2m_checkpoint,1,Mouse_MSigDB_native_hallmark,HALLMARK_G2M_CHECKPOINT,2026.1.Mm,http://www.broadinstitute.org/gsea/msigdb/cards/HALLMARK_G2M_CHECKPOINT,Mouse genes annotated to HALLMARK_G2M_CHECKPOINT based on orthology mappings provided by the Alliance Genome Consortium,True,
Cdc45,g2m_checkpoint,1,Mouse_MSigDB_native_hallmark,HALLMARK_G2M_CHECKPOINT,2026.1.Mm,http://www.broadinstitute.org/gsea/msigdb/cards/HALLMARK_G2M_CHECKPOINT,Mouse genes annotated to HALLMARK_G2M_CHECKPOINT based on orthology mappings provided by the Alliance Genome Consortium,True,
Cdc6,g2m_checkpoint,1,Mouse_MSigDB_native_hallmark,HALLMARK_G2M_CHECKPOINT,2026.1.Mm,http://www.broadinstitute.org/gsea/msigdb/cards/HALLMARK_G2M_CHECKPOINT,Mouse genes annotated to HALLMARK_G2M_CHECKPOINT based on orthology mappings provided by the Alliance Genome Consortium,True,
Cdc7,g2m_checkpoint,1,Mouse_MSigDB_native_hallmark,HALLMARK_G2M_CHECKPOINT,2026.1.Mm,http://www.broadinstitute.org/gsea/msigdb/cards/HALLMARK_G2M_CHECKPOINT,Mouse genes annotated to HALLMARK_G2M_CHECKPOINT based on orthology mappings provided by the Alliance Genome Consortium,True,
Cdk1,g2m_checkpoint,1,Mouse_MSigDB_native_hallmark,HALLMARK_G2M_CHECKPOINT,2026.1.Mm,http://www.broadinstitute.org/gsea/msigdb/cards/HALLMARK_G2M_CHECKPOINT,Mouse genes annotated to HALLMARK_G2M_CHECKPOINT based on orthology mappings provided by the Alliance Genome Consortium,True,
Cdk4,g2m_checkpoint,1,Mouse_MSigDB_native_hallmark,HALLMARK_G2M_CHECKPOINT,2026.1.Mm,http://www.broadinstitute.org/gsea/msigdb/cards/HALLMARK_G2M_CHECKPOINT,Mouse genes annotated to HALLMARK_G2M_CHECKPOINT based on orthology mappings provided by the Alliance Genome Consortium,True,
Cdkn1b,g2m_checkpoint,1,Mouse_MSigDB_native_hallmark,HALLMARK_G2M_CHECKPOINT,2026.1.Mm,http://www.broadinstitute.org/gsea/msigdb/cards/HALLMARK_G2M_CHECKPOINT,Mouse genes annotated to HALLMARK_G2M_CHECKPOINT based on orthology mappings provided by the Alliance Genome Consortium,True,
Cdkn2c,g2m_checkpoint,1,Mouse_MSigDB_native_hallmark,HALLMARK_G2M_CHECKPOINT,2026.1.Mm,http://www.broadinstitute.org/gsea/msigdb/cards/HALLMARK_G2M_CHECKPOINT,Mouse genes annotated to HALLMARK_G2M_CHECKPOINT based on orthology mappings provided by the Alliance Genome Consortium,True,
Cdkn3,g2m_checkpoint,1,Mouse_MSigDB_native_hallmark,HALLMARK_G2M_CHECKPOINT,2026.1.Mm,http://www.broadinstitute.org/gsea/msigdb/cards/HALLMARK_G2M_CHECKPOINT,Mouse genes annotated to HALLMARK_G2M_CHECKPOINT based on orthology mappings provided by the Alliance Genome Consortium,True,
Cenpa,g2m_checkpoint,1,Mouse_MSigDB_native_hallmark,HALLMARK_G2M_CHECKPOINT,2026.1.Mm,http://www.broadinstitute.org/gsea/msigdb/cards/HALLMARK_G2M_CHECKPOINT,Mouse genes annotated to HALLMARK_G2M_CHECKPOINT based on orthology mappings provided by the Alliance Genome Consortium,True,
Cenpe,g2m_checkpoint,1,Mouse_MSigDB_native_hallmark,HALLMARK_G2M_CHECKPOINT,2026.1.Mm,http://www.broadinstitute.org/gsea/msigdb/cards/HALLMARK_G2M_CHECKPOINT,Mouse genes annotated to HALLMARK_G2M_CHECKPOINT based on orthology mappings provided by the Alliance Genome Consortium,True,
Cenpf,g2m_checkpoint,1,Mouse_MSigDB_native_hallmark,HALLMARK_G2M_CHECKPOINT,2026.1.Mm,http://www.broadinstitute.org/gsea/msigdb/cards/HALLMARK_G2M_CHECKPOINT,Mouse genes annotated to HALLMARK_G2M_CHECKPOINT based on orthology mappings provided by the Alliance Genome Consortium,True,
Chaf1a,g2m_checkpoint,1,Mouse_MSigDB_native_hallmark,HALLMARK_G2M_CHECKPOINT,2026.1.Mm,http://www.broadinstitute.org/gsea/msigdb/cards/HALLMARK_G2M_CHECKPOINT,Mouse genes annotated to HALLMARK_G2M_CHECKPOINT based on orthology mappings provided by the Alliance Genome Consortium,True,
Chek1,g2m_checkpoint,1,Mouse_MSigDB_native_hallmark,HALLMARK_G2M_CHECKPOINT,2026.1.Mm,http://www.broadinstitute.org/gsea/msigdb/cards/HALLMARK_G2M_CHECKPOINT,Mouse genes annotated to HALLMARK_G2M_CHECKPOINT based on orthology mappings provided by the Alliance Genome Consortium,True,
Chmp1a,g2m_checkpoint,1,Mouse_MSigDB_native_hallmark,HALLMARK_G2M_CHECKPOINT,2026.1.Mm,http://www.broadinstitute.org/gsea/msigdb/cards/HALLMARK_G2M_CHECKPOINT,Mouse genes annotated to HALLMARK_G2M_CHECKPOINT based on orthology mappings provided by the Alliance Genome Consortium,True,
Cks1b,g2m_checkpoint,1,Mouse_MSigDB_native_hallmark,HALLMARK_G2M_CHECKPOINT,2026.1.Mm,http://www.broadinstitute.org/gsea/msigdb/cards/HALLMARK_G2M_CHECKPOINT,Mouse genes annotated to HALLMARK_G2M_CHECKPOINT based on orthology mappings provided by the Alliance Genome Consortium,True,
Cks2,g2m_checkpoint,1,Mouse_MSigDB_native_hallmark,HALLMARK_G2M_CHECKPOINT,2026.1.Mm,http://www.broadinstitute.org/gsea/msigdb/cards/HALLMARK_G2M_CHECKPOINT,Mouse genes annotated to HALLMARK_G2M_CHECKPOINT based on orthology mappings provided by the Alliance Genome Consortium,True,
Ctcf,g2m_checkpoint,1,Mouse_MSigDB_native_hallmark,HALLMARK_G2M_CHECKPOINT,2026.1.Mm,http://www.broadinstitute.org/gsea/msigdb/cards/HALLMARK_G2M_CHECKPOINT,Mouse genes annotated to HALLMARK_G2M_CHECKPOINT based on orthology mappings provided by the Alliance Genome Consortium,True,
Cul1,g2m_checkpoint,1,Mouse_MSigDB_native_hallmark,HALLMARK_G2M_CHECKPOINT,2026.1.Mm,http://www.broadinstitute.org/gsea/msigdb/cards/HALLMARK_G2M_CHECKPOINT,Mouse genes annotated to HALLMARK_G2M_CHECKPOINT based on orthology mappings provided by the Alliance Genome Consortium,True,
Cul3,g2m_checkpoint,1,Mouse_MSigDB_native_hallmark,HALLMARK_G2M_CHECKPOINT,2026.1.Mm,http://www.broadinstitute.org/gsea/msigdb/cards/HALLMARK_G2M_CHECKPOINT,Mouse genes annotated to HALLMARK_G2M_CHECKPOINT based on orthology mappings provided by the Alliance Genome Consortium,True,
Cul4a,g2m_checkpoint,1,Mouse_MSigDB_native_hallmark,HALLMARK_G2M_CHECKPOINT,2026.1.Mm,http://www.broadinstitute.org/gsea/msigdb/cards/HALLMARK_G2M_CHECKPOINT,Mouse genes annotated to HALLMARK_G2M_CHECKPOINT based on orthology mappings provided by the Alliance Genome Consortium,True,
Cul5,g2m_checkpoint,1,Mouse_MSigDB_native_hallmark,HALLMARK_G2M_CHECKPOINT,2026.1.Mm,http://www.broadinstitute.org/gsea/msigdb/cards/HALLMARK_G2M_CHECKPOINT,Mouse genes annotated to HALLMARK_G2M_CHECKPOINT based on orthology mappings provided by the Alliance Genome Consortium,True,
Dbf4,g2m_checkpoint,1,Mouse_MSigDB_native_hallmark,HALLMARK_G2M_CHECKPOINT,2026.1.Mm,http://www.broadinstitute.org/gsea/msigdb/cards/HALLMARK_G2M_CHECKPOINT,Mouse genes annotated to HALLMARK_G2M_CHECKPOINT based on orthology mappings provided by the Alliance Genome Consortium,True,
Ddx39a,g2m_checkpoint,1,Mouse_MSigDB_native_hallmark,HALLMARK_G2M_CHECKPOINT,2026.1.Mm,http://www.broadinstitute.org/gsea/msigdb/cards/HALLMARK_G2M_CHECKPOINT,Mouse genes annotated to HALLMARK_G2M_CHECKPOINT based on orthology mappings provided by the Alliance Genome Consortium,True,
Dkc1,g2m_checkpoint,1,Mouse_MSigDB_native_hallmark,HALLMARK_G2M_CHECKPOINT,2026.1.Mm,http://www.broadinstitute.org/gsea/msigdb/cards/HALLMARK_G2M_CHECKPOINT,Mouse genes annotated to HALLMARK_G2M_CHECKPOINT based on orthology mappings provided by the Alliance Genome Consortium,True,
Dmd,g2m_checkpoint,1,Mouse_MSigDB_native_hallmark,HALLMARK_G2M_CHECKPOINT,2026.1.Mm,http://www.broadinstitute.org/gsea/msigdb/cards/HALLMARK_G2M_CHECKPOINT,Mouse genes annotated to HALLMARK_G2M_CHECKPOINT based on orthology mappings provided by the Alliance Genome Consortium,True,
Dr1,g2m_checkpoint,1,Mouse_MSigDB_native_hallmark,HALLMARK_G2M_CHECKPOINT,2026.1.Mm,http://www.broadinstitute.org/gsea/msigdb/cards/HALLMARK_G2M_CHECKPOINT,Mouse genes annotated to HALLMARK_G2M_CHECKPOINT based on orthology mappings provided by the Alliance Genome Consortium,True,
Dtymk,g2m_checkpoint,1,Mouse_MSigDB_native_hallmark,HALLMARK_G2M_CHECKPOINT,2026.1.Mm,http://www.broadinstitute.org/gsea/msigdb/cards/HALLMARK_G2M_CHECKPOINT,Mouse genes annotated to HALLMARK_G2M_CHECKPOINT based on orthology mappings provided by the Alliance Genome Consortium,True,
E2f1,g2m_checkpoint,1,Mouse_MSigDB_native_hallmark,HALLMARK_G2M_CHECKPOINT,2026.1.Mm,http://www.broadinstitute.org/gsea/msigdb/cards/HALLMARK_G2M_CHECKPOINT,Mouse genes annotated to HALLMARK_G2M_CHECKPOINT based on orthology mappings provided by the Alliance Genome Consortium,True,
E2f2,g2m_checkpoint,1,Mouse_MSigDB_native_hallmark,HALLMARK_G2M_CHECKPOINT,2026.1.Mm,http://www.broadinstitute.org/gsea/msigdb/cards/HALLMARK_G2M_CHECKPOINT,Mouse genes annotated to HALLMARK_G2M_CHECKPOINT based on orthology mappings provided by the Alliance Genome Consortium,True,
E2f3,g2m_checkpoint,1,Mouse_MSigDB_native_hallmark,HALLMARK_G2M_CHECKPOINT,2026.1.Mm,http://www.broadinstitute.org/gsea/msigdb/cards/HALLMARK_G2M_CHECKPOINT,Mouse genes annotated to HALLMARK_G2M_CHECKPOINT based on orthology mappings provided by the Alliance Genome Consortium,True,
E2f4,g2m_checkpoint,1,Mouse_MSigDB_native_hallmark,HALLMARK_G2M_CHECKPOINT,2026.1.Mm,http://www.broadinstitute.org/gsea/msigdb/cards/HALLMARK_G2M_CHECKPOINT,Mouse genes annotated to HALLMARK_G2M_CHECKPOINT based on orthology mappings provided by the Alliance Genome Consortium,True,
Efna5,g2m_checkpoint,1,Mouse_MSigDB_native_hallmark,HALLMARK_G2M_CHECKPOINT,2026.1.Mm,http://www.broadinstitute.org/gsea/msigdb/cards/HALLMARK_G2M_CHECKPOINT,Mouse genes annotated to HALLMARK_G2M_CHECKPOINT based on orthology mappings provided by the Alliance Genome Consortium,True,
Egf,g2m_checkpoint,1,Mouse_MSigDB_native_hallmark,HALLMARK_G2M_CHECKPOINT,2026.1.Mm,http://www.broadinstitute.org/gsea/msigdb/cards/HALLMARK_G2M_CHECKPOINT,Mouse genes annotated to HALLMARK_G2M_CHECKPOINT based on orthology mappings provided by the Alliance Genome Consortium,True,
Espl1,g2m_checkpoint,1,Mouse_MSigDB_native_hallmark,HALLMARK_G2M_CHECKPOINT,2026.1.Mm,http://www.broadinstitute.org/gsea/msigdb/cards/HALLMARK_G2M_CHECKPOINT,Mouse genes annotated to HALLMARK_G2M_CHECKPOINT based on orthology mappings provided by the Alliance Genome Consortium,True,
Ewsr1,g2m_checkpoint,1,Mouse_MSigDB_native_hallmark,HALLMARK_G2M_CHECKPOINT,2026.1.Mm,http://www.broadinstitute.org/gsea/msigdb/cards/HALLMARK_G2M_CHECKPOINT,Mouse genes annotated to HALLMARK_G2M_CHECKPOINT based on orthology mappings provided by the Alliance Genome Consortium,True,
Exo1,g2m_checkpoint,1,Mouse_MSigDB_native_hallmark,HALLMARK_G2M_CHECKPOINT,2026.1.Mm,http://www.broadinstitute.org/gsea/msigdb/cards/HALLMARK_G2M_CHECKPOINT,Mouse genes annotated to HALLMARK_G2M_CHECKPOINT based on orthology mappings provided by the Alliance Genome Consortium,True,
Ezh2,g2m_checkpoint,1,Mouse_MSigDB_native_hallmark,HALLMARK_G2M_CHECKPOINT,2026.1.Mm,http://www.broadinstitute.org/gsea/msigdb/cards/HALLMARK_G2M_CHECKPOINT,Mouse genes annotated to HALLMARK_G2M_CHECKPOINT based on orthology mappings provided by the Alliance Genome Consortium,True,
Fancc,g2m_checkpoint,1,Mouse_MSigDB_native_hallmark,HALLMARK_G2M_CHECKPOINT,2026.1.Mm,http://www.broadinstitute.org/gsea/msigdb/cards/HALLMARK_G2M_CHECKPOINT,Mouse genes annotated to HALLMARK_G2M_CHECKPOINT based on orthology mappings provided by the Alliance Genome Consortium,True,
Fbxo5,g2m_checkpoint,1,Mouse_MSigDB_native_hallmark,HALLMARK_G2M_CHECKPOINT,2026.1.Mm,http://www.broadinstitute.org/gsea/msigdb/cards/HALLMARK_G2M_CHECKPOINT,Mouse genes annotated to HALLMARK_G2M_CHECKPOINT based on orthology mappings provided by the Alliance Genome Consortium,True,
Foxn3,g2m_checkpoint,1,Mouse_MSigDB_native_hallmark,HALLMARK_G2M_CHECKPOINT,2026.1.Mm,http://www.broadinstitute.org/gsea/msigdb/cards/HALLMARK_G2M_CHECKPOINT,Mouse genes annotated to HALLMARK_G2M_CHECKPOINT based on orthology mappings provided by the Alliance Genome Consortium,True,
G3bp1,g2m_checkpoint,1,Mouse_MSigDB_native_hallmark,HALLMARK_G2M_CHECKPOINT,2026.1.Mm,http://www.broadinstitute.org/gsea/msigdb/cards/HALLMARK_G2M_CHECKPOINT,Mouse genes annotated to HALLMARK_G2M_CHECKPOINT based on orthology mappings provided by the Alliance Genome Consortium,True,
Gins2,g2m_checkpoint,1,Mouse_MSigDB_native_hallmark,HALLMARK_G2M_CHECKPOINT,2026.1.Mm,http://www.broadinstitute.org/gsea/msigdb/cards/HALLMARK_G2M_CHECKPOINT,Mouse genes annotated to HALLMARK_G2M_CHECKPOINT based on orthology mappings provided by the Alliance Genome Consortium,True,
Gspt1,g2m_checkpoint,1,Mouse_MSigDB_native_hallmark,HALLMARK_G2M_CHECKPOINT,2026.1.Mm,http://www.broadinstitute.org/gsea/msigdb/cards/HALLMARK_G2M_CHECKPOINT,Mouse genes annotated to HALLMARK_G2M_CHECKPOINT based on orthology mappings provided by the Alliance Genome Consortium,True,
H2ax,g2m_checkpoint,1,Mouse_MSigDB_native_hallmark,HALLMARK_G2M_CHECKPOINT,2026.1.Mm,http://www.broadinstitute.org/gsea/msigdb/cards/HALLMARK_G2M_CHECKPOINT,Mouse genes annotated to HALLMARK_G2M_CHECKPOINT based on orthology mappings provided by the Alliance Genome Consortium,True,
H2az1,g2m_checkpoint,1,Mouse_MSigDB_native_hallmark,HALLMARK_G2M_CHECKPOINT,2026.1.Mm,http://www.broadinstitute.org/gsea/msigdb/cards/HALLMARK_G2M_CHECKPOINT,Mouse genes annotated to HALLMARK_G2M_CHECKPOINT based on orthology mappings provided by the Alliance Genome Consortium,True,
H2az2,g2m_checkpoint,1,Mouse_MSigDB_native_hallmark,HALLMARK_G2M_CHECKPOINT,2026.1.Mm,http://www.broadinstitute.org/gsea/msigdb/cards/HALLMARK_G2M_CHECKPOINT,Mouse genes annotated to HALLMARK_G2M_CHECKPOINT based on orthology mappings provided by the Alliance Genome Consortium,True,
H2bc12,g2m_checkpoint,1,Mouse_MSigDB_native_hallmark,HALLMARK_G2M_CHECKPOINT,2026.1.Mm,http://www.broadinstitute.org/gsea/msigdb/cards/HALLMARK_G2M_CHECKPOINT,Mouse genes annotated to HALLMARK_G2M_CHECKPOINT based on orthology mappings provided by the Alliance Genome Consortium,True,
Hif1a,g2m_checkpoint,1,Mouse_MSigDB_native_hallmark,HALLMARK_G2M_CHECKPOINT,2026.1.Mm,http://www.broadinstitute.org/gsea/msigdb/cards/HALLMARK_G2M_CHECKPOINT,Mouse genes annotated to HALLMARK_G2M_CHECKPOINT based on orthology mappings provided by the Alliance Genome Consortium,True,
Hira,g2m_checkpoint,1,Mouse_MSigDB_native_hallmark,HALLMARK_G2M_CHECKPOINT,2026.1.Mm,http://www.broadinstitute.org/gsea/msigdb/cards/HALLMARK_G2M_CHECKPOINT,Mouse genes annotated to HALLMARK_G2M_CHECKPOINT based on orthology mappings provided by the Alliance Genome Consortium,True,
Hmga1b,g2m_checkpoint,1,Mouse_MSigDB_native_hallmark,HALLMARK_G2M_CHECKPOINT,2026.1.Mm,http://www.broadinstitute.org/gsea/msigdb/cards/HALLMARK_G2M_CHECKPOINT,Mouse genes annotated to HALLMARK_G2M_CHECKPOINT based on orthology mappings provided by the Alliance Genome Consortium,True,
Hmgb3,g2m_checkpoint,1,Mouse_MSigDB_native_hallmark,HALLMARK_G2M_CHECKPOINT,2026.1.Mm,http://www.broadinstitute.org/gsea/msigdb/cards/HALLMARK_G2M_CHECKPOINT,Mouse genes annotated to HALLMARK_G2M_CHECKPOINT based on orthology mappings provided by the Alliance Genome Consortium,True,
Hmmr,g2m_checkpoint,1,Mouse_MSigDB_native_hallmark,HALLMARK_G2M_CHECKPOINT,2026.1.Mm,http://www.broadinstitute.org/gsea/msigdb/cards/HALLMARK_G2M_CHECKPOINT,Mouse genes annotated to HALLMARK_G2M_CHECKPOINT based on orthology mappings provided by the Alliance Genome Consortium,True,
Hnrnpd,g2m_checkpoint,1,Mouse_MSigDB_native_hallmark,HALLMARK_G2M_CHECKPOINT,2026.1.Mm,http://www.broadinstitute.org/gsea/msigdb/cards/HALLMARK_G2M_CHECKPOINT,Mouse genes annotated to HALLMARK_G2M_CHECKPOINT based on orthology mappings provided by the Alliance Genome Consortium,True,
Hnrnpu,g2m_checkpoint,1,Mouse_MSigDB_native_hallmark,HALLMARK_G2M_CHECKPOINT,2026.1.Mm,http://www.broadinstitute.org/gsea/msigdb/cards/HALLMARK_G2M_CHECKPOINT,Mouse genes annotated to HALLMARK_G2M_CHECKPOINT based on orthology mappings provided by the Alliance Genome Consortium,True,
Hoxc10,g2m_checkpoint,1,Mouse_MSigDB_native_hallmark,HALLMARK_G2M_CHECKPOINT,2026.1.Mm,http://www.broadinstitute.org/gsea/msigdb/cards/HALLMARK_G2M_CHECKPOINT,Mouse genes annotated to HALLMARK_G2M_CHECKPOINT based on orthology mappings provided by the Alliance Genome Consortium,True,
Hspa8,g2m_checkpoint,1,Mouse_MSigDB_native_hallmark,HALLMARK_G2M_CHECKPOINT,2026.1.Mm,http://www.broadinstitute.org/gsea/msigdb/cards/HALLMARK_G2M_CHECKPOINT,Mouse genes annotated to HALLMARK_G2M_CHECKPOINT based on orthology mappings provided by the Alliance Genome Consortium,True,
Hus1,g2m_checkpoint,1,Mouse_MSigDB_native_hallmark,HALLMARK_G2M_CHECKPOINT,2026.1.Mm,http://www.broadinstitute.org/gsea/msigdb/cards/HALLMARK_G2M_CHECKPOINT,Mouse genes annotated to HALLMARK_G2M_CHECKPOINT based on orthology mappings provided by the Alliance Genome Consortium,True,
Ilf3,g2m_checkpoint,1,Mouse_MSigDB_native_hallmark,HALLMARK_G2M_CHECKPOINT,2026.1.Mm,http://www.broadinstitute.org/gsea/msigdb/cards/HALLMARK_G2M_CHECKPOINT,Mouse genes annotated to HALLMARK_G2M_CHECKPOINT based on orthology mappings provided by the Alliance Genome Consortium,True,
Incenp,g2m_checkpoint,1,Mouse_MSigDB_native_hallmark,HALLMARK_G2M_CHECKPOINT,2026.1.Mm,http://www.broadinstitute.org/gsea/msigdb/cards/HALLMARK_G2M_CHECKPOINT,Mouse genes annotated to HALLMARK_G2M_CHECKPOINT based on orthology mappings provided by the Alliance Genome Consortium,True,
Jpt1,g2m_checkpoint,1,Mouse_MSigDB_native_hallmark,HALLMARK_G2M_CHECKPOINT,2026.1.Mm,http://www.broadinstitute.org/gsea/msigdb/cards/HALLMARK_G2M_CHECKPOINT,Mouse genes annotated to HALLMARK_G2M_CHECKPOINT based on orthology mappings provided by the Alliance Genome Consortium,True,
Katna1,g2m_checkpoint,1,Mouse_MSigDB_native_hallmark,HALLMARK_G2M_CHECKPOINT,2026.1.Mm,http://www.broadinstitute.org/gsea/msigdb/cards/HALLMARK_G2M_CHECKPOINT,Mouse genes annotated to HALLMARK_G2M_CHECKPOINT based on orthology mappings provided by the Alliance Genome Consortium,True,
Kif11,g2m_checkpoint,1,Mouse_MSigDB_native_hallmark,HALLMARK_G2M_CHECKPOINT,2026.1.Mm,http://www.broadinstitute.org/gsea/msigdb/cards/HALLMARK_G2M_CHECKPOINT,Mouse genes annotated to HALLMARK_G2M_CHECKPOINT based on orthology mappings provided by the Alliance Genome Consortium,True,
Kif15,g2m_checkpoint,1,Mouse_MSigDB_native_hallmark,HALLMARK_G2M_CHECKPOINT,2026.1.Mm,http://www.broadinstitute.org/gsea/msigdb/cards/HALLMARK_G2M_CHECKPOINT,Mouse genes annotated to HALLMARK_G2M_CHECKPOINT based on orthology mappings provided by the Alliance Genome Consortium,True,
Kif20b,g2m_checkpoint,1,Mouse_MSigDB_native_hallmark,HALLMARK_G2M_CHECKPOINT,2026.1.Mm,http://www.broadinstitute.org/gsea/msigdb/cards/HALLMARK_G2M_CHECKPOINT,Mouse genes annotated to HALLMARK_G2M_CHECKPOINT based on orthology mappings provided by the Alliance Genome Consortium,True,
Kif22,g2m_checkpoint,1,Mouse_MSigDB_native_hallmark,HALLMARK_G2M_CHECKPOINT,2026.1.Mm,http://www.broadinstitute.org/gsea/msigdb/cards/HALLMARK_G2M_CHECKPOINT,Mouse genes annotated to HALLMARK_G2M_CHECKPOINT based on orthology mappings provided by the Alliance Genome Consortium,True,
Kif23,g2m_checkpoint,1,Mouse_MSigDB_native_hallmark,HALLMARK_G2M_CHECKPOINT,2026.1.Mm,http://www.broadinstitute.org/gsea/msigdb/cards/HALLMARK_G2M_CHECKPOINT,Mouse genes annotated to HALLMARK_G2M_CHECKPOINT based on orthology mappings provided by the Alliance Genome Consortium,True,
Kif2c,g2m_checkpoint,1,Mouse_MSigDB_native_hallmark,HALLMARK_G2M_CHECKPOINT,2026.1.Mm,http://www.broadinstitute.org/gsea/msigdb/cards/HALLMARK_G2M_CHECKPOINT,Mouse genes annotated to HALLMARK_G2M_CHECKPOINT based on orthology mappings provided by the Alliance Genome Consortium,True,
Kif4,g2m_checkpoint,1,Mouse_MSigDB_native_hallmark,HALLMARK_G2M_CHECKPOINT,2026.1.Mm,http://www.broadinstitute.org/gsea/msigdb/cards/HALLMARK_G2M_CHECKPOINT,Mouse genes annotated to HALLMARK_G2M_CHECKPOINT based on orthology mappings provided by the Alliance Genome Consortium,True,
Kif5b,g2m_checkpoint,1,Mouse_MSigDB_native_hallmark,HALLMARK_G2M_CHECKPOINT,2026.1.Mm,http://www.broadinstitute.org/gsea/msigdb/cards/HALLMARK_G2M_CHECKPOINT,Mouse genes annotated to HALLMARK_G2M_CHECKPOINT based on orthology mappings provided by the Alliance Genome Consortium,True,
Kmt5a,g2m_checkpoint,1,Mouse_MSigDB_native_hallmark,HALLMARK_G2M_CHECKPOINT,2026.1.Mm,http://www.broadinstitute.org/gsea/msigdb/cards/HALLMARK_G2M_CHECKPOINT,Mouse genes annotated to HALLMARK_G2M_CHECKPOINT based on orthology mappings provided by the Alliance Genome Consortium,True,
Knl1,g2m_checkpoint,1,Mouse_MSigDB_native_hallmark,HALLMARK_G2M_CHECKPOINT,2026.1.Mm,http://www.broadinstitute.org/gsea/msigdb/cards/HALLMARK_G2M_CHECKPOINT,Mouse genes annotated to HALLMARK_G2M_CHECKPOINT based on orthology mappings provided by the Alliance Genome Consortium,True,
Kpnb1,g2m_checkpoint,1,Mouse_MSigDB_native_hallmark,HALLMARK_G2M_CHECKPOINT,2026.1.Mm,http://www.broadinstitute.org/gsea/msigdb/cards/HALLMARK_G2M_CHECKPOINT,Mouse genes annotated to HALLMARK_G2M_CHECKPOINT based on orthology mappings provided by the Alliance Genome Consortium,True,
Lbr,g2m_checkpoint,1,Mouse_MSigDB_native_hallmark,HALLMARK_G2M_CHECKPOINT,2026.1.Mm,http://www.broadinstitute.org/gsea/msigdb/cards/HALLMARK_G2M_CHECKPOINT,Mouse genes annotated to HALLMARK_G2M_CHECKPOINT based on orthology mappings provided by the Alliance Genome Consortium,True,
Lig3,g2m_checkpoint,1,Mouse_MSigDB_native_hallmark,HALLMARK_G2M_CHECKPOINT,2026.1.Mm,http://www.broadinstitute.org/gsea/msigdb/cards/HALLMARK_G2M_CHECKPOINT,Mouse genes annotated to HALLMARK_G2M_CHECKPOINT based on orthology mappings provided by the Alliance Genome Consortium,True,
Lmnb1,g2m_checkpoint,1,Mouse_MSigDB_native_hallmark,HALLMARK_G2M_CHECKPOINT,2026.1.Mm,http://www.broadinstitute.org/gsea/msigdb/cards/HALLMARK_G2M_CHECKPOINT,Mouse genes annotated to HALLMARK_G2M_CHECKPOINT based on orthology mappings provided by the Alliance Genome Consortium,True,
Mad2l1,g2m_checkpoint,1,Mouse_MSigDB_native_hallmark,HALLMARK_G2M_CHECKPOINT,2026.1.Mm,http://www.broadinstitute.org/gsea/msigdb/cards/HALLMARK_G2M_CHECKPOINT,Mouse genes annotated to HALLMARK_G2M_CHECKPOINT based on orthology mappings provided by the Alliance Genome Consortium,True,
Map3k20,g2m_checkpoint,1,Mouse_MSigDB_native_hallmark,HALLMARK_G2M_CHECKPOINT,2026.1.Mm,http://www.broadinstitute.org/gsea/msigdb/cards/HALLMARK_G2M_CHECKPOINT,Mouse genes annotated to HALLMARK_G2M_CHECKPOINT based on orthology mappings provided by the Alliance Genome Consortium,True,
Mapk14,g2m_checkpoint,1,Mouse_MSigDB_native_hallmark,HALLMARK_G2M_CHECKPOINT,2026.1.Mm,http://www.broadinstitute.org/gsea/msigdb/cards/HALLMARK_G2M_CHECKPOINT,Mouse genes annotated to HALLMARK_G2M_CHECKPOINT based on orthology mappings provided by the Alliance Genome Consortium,True,
Marcks,g2m_checkpoint,1,Mouse_MSigDB_native_hallmark,HALLMARK_G2M_CHECKPOINT,2026.1.Mm,http://www.broadinstitute.org/gsea/msigdb/cards/HALLMARK_G2M_CHECKPOINT,Mouse genes annotated to HALLMARK_G2M_CHECKPOINT based on orthology mappings provided by the Alliance Genome Consortium,True,
Mcm2,g2m_checkpoint,1,Mouse_MSigDB_native_hallmark,HALLMARK_G2M_CHECKPOINT,2026.1.Mm,http://www.broadinstitute.org/gsea/msigdb/cards/HALLMARK_G2M_CHECKPOINT,Mouse genes annotated to HALLMARK_G2M_CHECKPOINT based on orthology mappings provided by the Alliance Genome Consortium,True,
Mcm3,g2m_checkpoint,1,Mouse_MSigDB_native_hallmark,HALLMARK_G2M_CHECKPOINT,2026.1.Mm,http://www.broadinstitute.org/gsea/msigdb/cards/HALLMARK_G2M_CHECKPOINT,Mouse genes annotated to HALLMARK_G2M_CHECKPOINT based on orthology mappings provided by the Alliance Genome Consortium,True,
Mcm5,g2m_checkpoint,1,Mouse_MSigDB_native_hallmark,HALLMARK_G2M_CHECKPOINT,2026.1.Mm,http://www.broadinstitute.org/gsea/msigdb/cards/HALLMARK_G2M_CHECKPOINT,Mouse genes annotated to HALLMARK_G2M_CHECKPOINT based on orthology mappings provided by the Alliance Genome Consortium,True,
Mcm6,g2m_checkpoint,1,Mouse_MSigDB_native_hallmark,HALLMARK_G2M_CHECKPOINT,2026.1.Mm,http://www.broadinstitute.org/gsea/msigdb/cards/HALLMARK_G2M_CHECKPOINT,Mouse genes annotated to HALLMARK_G2M_CHECKPOINT based on orthology mappings provided by the Alliance Genome Consortium,True,
Meis1,g2m_checkpoint,1,Mouse_MSigDB_native_hallmark,HALLMARK_G2M_CHECKPOINT,2026.1.Mm,http://www.broadinstitute.org/gsea/msigdb/cards/HALLMARK_G2M_CHECKPOINT,Mouse genes annotated to HALLMARK_G2M_CHECKPOINT based on orthology mappings provided by the Alliance Genome Consortium,True,
Meis2,g2m_checkpoint,1,Mouse_MSigDB_native_hallmark,HALLMARK_G2M_CHECKPOINT,2026.1.Mm,http://www.broadinstitute.org/gsea/msigdb/cards/HALLMARK_G2M_CHECKPOINT,Mouse genes annotated to HALLMARK_G2M_CHECKPOINT based on orthology mappings provided by the Alliance Genome Consortium,True,
Mki67,g2m_checkpoint,1,Mouse_MSigDB_native_hallmark,HALLMARK_G2M_CHECKPOINT,2026.1.Mm,http://www.broadinstitute.org/gsea/msigdb/cards/HALLMARK_G2M_CHECKPOINT,Mouse genes annotated to HALLMARK_G2M_CHECKPOINT based on orthology mappings provided by the Alliance Genome Consortium,True,
Mnat1,g2m_checkpoint,1,Mouse_MSigDB_native_hallmark,HALLMARK_G2M_CHECKPOINT,2026.1.Mm,http://www.broadinstitute.org/gsea/msigdb/cards/HALLMARK_G2M_CHECKPOINT,Mouse genes annotated to HALLMARK_G2M_CHECKPOINT based on orthology mappings provided by the Alliance Genome Consortium,True,
Mtf2,g2m_checkpoint,1,Mouse_MSigDB_native_hallmark,HALLMARK_G2M_CHECKPOINT,2026.1.Mm,http://www.broadinstitute.org/gsea/msigdb/cards/HALLMARK_G2M_CHECKPOINT,Mouse genes annotated to HALLMARK_G2M_CHECKPOINT based on orthology mappings provided by the Alliance Genome Consortium,True,
Mybl2,g2m_checkpoint,1,Mouse_MSigDB_native_hallmark,HALLMARK_G2M_CHECKPOINT,2026.1.Mm,http://www.broadinstitute.org/gsea/msigdb/cards/HALLMARK_G2M_CHECKPOINT,Mouse genes annotated to HALLMARK_G2M_CHECKPOINT based on orthology mappings provided by the Alliance Genome Consortium,True,
Myc,g2m_checkpoint,1,Mouse_MSigDB_native_hallmark,HALLMARK_G2M_CHECKPOINT,2026.1.Mm,http://www.broadinstitute.org/gsea/msigdb/cards/HALLMARK_G2M_CHECKPOINT,Mouse genes annotated to HALLMARK_G2M_CHECKPOINT based on orthology mappings provided by the Alliance Genome Consortium,True,
Nasp,g2m_checkpoint,1,Mouse_MSigDB_native_hallmark,HALLMARK_G2M_CHECKPOINT,2026.1.Mm,http://www.broadinstitute.org/gsea/msigdb/cards/HALLMARK_G2M_CHECKPOINT,Mouse genes annotated to HALLMARK_G2M_CHECKPOINT based on orthology mappings provided by the Alliance Genome Consortium,True,
Ncl,g2m_checkpoint,1,Mouse_MSigDB_native_hallmark,HALLMARK_G2M_CHECKPOINT,2026.1.Mm,http://www.broadinstitute.org/gsea/msigdb/cards/HALLMARK_G2M_CHECKPOINT,Mouse genes annotated to HALLMARK_G2M_CHECKPOINT based on orthology mappings provided by the Alliance Genome Consortium,True,
Ndc80,g2m_checkpoint,1,Mouse_MSigDB_native_hallmark,HALLMARK_G2M_CHECKPOINT,2026.1.Mm,http://www.broadinstitute.org/gsea/msigdb/cards/HALLMARK_G2M_CHECKPOINT,Mouse genes annotated to HALLMARK_G2M_CHECKPOINT based on orthology mappings provided by the Alliance Genome Consortium,True,
Nek2,g2m_checkpoint,1,Mouse_MSigDB_native_hallmark,HALLMARK_G2M_CHECKPOINT,2026.1.Mm,http://www.broadinstitute.org/gsea/msigdb/cards/HALLMARK_G2M_CHECKPOINT,Mouse genes annotated to HALLMARK_G2M_CHECKPOINT based on orthology mappings provided by the Alliance Genome Consortium,True,
Nolc1,g2m_checkpoint,1,Mouse_MSigDB_native_hallmark,HALLMARK_G2M_CHECKPOINT,2026.1.Mm,http://www.broadinstitute.org/gsea/msigdb/cards/HALLMARK_G2M_CHECKPOINT,Mouse genes annotated to HALLMARK_G2M_CHECKPOINT based on orthology mappings provided by the Alliance Genome Consortium,True,
Notch2,g2m_checkpoint,1,Mouse_MSigDB_native_hallmark,HALLMARK_G2M_CHECKPOINT,2026.1.Mm,http://www.broadinstitute.org/gsea/msigdb/cards/HALLMARK_G2M_CHECKPOINT,Mouse genes annotated to HALLMARK_G2M_CHECKPOINT based on orthology mappings provided by the Alliance Genome Consortium,True,
Nsd2,g2m_checkpoint,1,Mouse_MSigDB_native_hallmark,HALLMARK_G2M_CHECKPOINT,2026.1.Mm,http://www.broadinstitute.org/gsea/msigdb/cards/HALLMARK_G2M_CHECKPOINT,Mouse genes annotated to HALLMARK_G2M_CHECKPOINT based on orthology mappings provided by the Alliance Genome Consortium,True,
Numa1,g2m_checkpoint,1,Mouse_MSigDB_native_hallmark,HALLMARK_G2M_CHECKPOINT,2026.1.Mm,http://www.broadinstitute.org/gsea/msigdb/cards/HALLMARK_G2M_CHECKPOINT,Mouse genes annotated to HALLMARK_G2M_CHECKPOINT based on orthology mappings provided by the Alliance Genome Consortium,True,
Nup50,g2m_checkpoint,1,Mouse_MSigDB_native_hallmark,HALLMARK_G2M_CHECKPOINT,2026.1.Mm,http://www.broadinstitute.org/gsea/msigdb/cards/HALLMARK_G2M_CHECKPOINT,Mouse genes annotated to HALLMARK_G2M_CHECKPOINT based on orthology mappings provided by the Alliance Genome Consortium,True,
Nup98,g2m_checkpoint,1,Mouse_MSigDB_native_hallmark,HALLMARK_G2M_CHECKPOINT,2026.1.Mm,http://www.broadinstitute.org/gsea/msigdb/cards/HALLMARK_G2M_CHECKPOINT,Mouse genes annotated to HALLMARK_G2M_CHECKPOINT based on orthology mappings provided by the Alliance Genome Consortium,True,
Nusap1,g2m_checkpoint,1,Mouse_MSigDB_native_hallmark,HALLMARK_G2M_CHECKPOINT,2026.1.Mm,http://www.broadinstitute.org/gsea/msigdb/cards/HALLMARK_G2M_CHECKPOINT,Mouse genes annotated to HALLMARK_G2M_CHECKPOINT based on orthology mappings provided by the Alliance Genome Consortium,True,
Odc1,g2m_checkpoint,1,Mouse_MSigDB_native_hallmark,HALLMARK_G2M_CHECKPOINT,2026.1.Mm,http://www.broadinstitute.org/gsea/msigdb/cards/HALLMARK_G2M_CHECKPOINT,Mouse genes annotated to HALLMARK_G2M_CHECKPOINT based on orthology mappings provided by the Alliance Genome Consortium,True,
Odf2,g2m_checkpoint,1,Mouse_MSigDB_native_hallmark,HALLMARK_G2M_CHECKPOINT,2026.1.Mm,http://www.broadinstitute.org/gsea/msigdb/cards/HALLMARK_G2M_CHECKPOINT,Mouse genes annotated to HALLMARK_G2M_CHECKPOINT based on orthology mappings provided by the Alliance Genome Consortium,True,
Orc5,g2m_checkpoint,1,Mouse_MSigDB_native_hallmark,HALLMARK_G2M_CHECKPOINT,2026.1.Mm,http://www.broadinstitute.org/gsea/msigdb/cards/HALLMARK_G2M_CHECKPOINT,Mouse genes annotated to HALLMARK_G2M_CHECKPOINT based on orthology mappings provided by the Alliance Genome Consortium,True,
Orc6,g2m_checkpoint,1,Mouse_MSigDB_native_hallmark,HALLMARK_G2M_CHECKPOINT,2026.1.Mm,http://www.broadinstitute.org/gsea/msigdb/cards/HALLMARK_G2M_CHECKPOINT,Mouse genes annotated to HALLMARK_G2M_CHECKPOINT based on orthology mappings provided by the Alliance Genome Consortium,True,
Pafah1b1,g2m_checkpoint,1,Mouse_MSigDB_native_hallmark,HALLMARK_G2M_CHECKPOINT,2026.1.Mm,http://www.broadinstitute.org/gsea/msigdb/cards/HALLMARK_G2M_CHECKPOINT,Mouse genes annotated to HALLMARK_G2M_CHECKPOINT based on orthology mappings provided by the Alliance Genome Consortium,True,
Pbk,g2m_checkpoint,1,Mouse_MSigDB_native_hallmark,HALLMARK_G2M_CHECKPOINT,2026.1.Mm,http://www.broadinstitute.org/gsea/msigdb/cards/HALLMARK_G2M_CHECKPOINT,Mouse genes annotated to HALLMARK_G2M_CHECKPOINT based on orthology mappings provided by the Alliance Genome Consortium,True,
Pds5b,g2m_checkpoint,1,Mouse_MSigDB_native_hallmark,HALLMARK_G2M_CHECKPOINT,2026.1.Mm,http://www.broadinstitute.org/gsea/msigdb/cards/HALLMARK_G2M_CHECKPOINT,Mouse genes annotated to HALLMARK_G2M_CHECKPOINT based on orthology mappings provided by the Alliance Genome Consortium,True,
Plk1,g2m_checkpoint,1,Mouse_MSigDB_native_hallmark,HALLMARK_G2M_CHECKPOINT,2026.1.Mm,http://www.broadinstitute.org/gsea/msigdb/cards/HALLMARK_G2M_CHECKPOINT,Mouse genes annotated to HALLMARK_G2M_CHECKPOINT based on orthology mappings provided by the Alliance Genome Consortium,True,
Plk4,g2m_checkpoint,1,Mouse_MSigDB_native_hallmark,HALLMARK_G2M_CHECKPOINT,2026.1.Mm,http://www.broadinstitute.org/gsea/msigdb/cards/HALLMARK_G2M_CHECKPOINT,Mouse genes annotated to HALLMARK_G2M_CHECKPOINT based on orthology mappings provided by the Alliance Genome Consortium,True,
Pml,g2m_checkpoint,1,Mouse_MSigDB_native_hallmark,HALLMARK_G2M_CHECKPOINT,2026.1.Mm,http://www.broadinstitute.org/gsea/msigdb/cards/HALLMARK_G2M_CHECKPOINT,Mouse genes annotated to HALLMARK_G2M_CHECKPOINT based on orthology mappings provided by the Alliance Genome Consortium,True,
Pola2,g2m_checkpoint,1,Mouse_MSigDB_native_hallmark,HALLMARK_G2M_CHECKPOINT,2026.1.Mm,http://www.broadinstitute.org/gsea/msigdb/cards/HALLMARK_G2M_CHECKPOINT,Mouse genes annotated to HALLMARK_G2M_CHECKPOINT based on orthology mappings provided by the Alliance Genome Consortium,True,
Pole,g2m_checkpoint,1,Mouse_MSigDB_native_hallmark,HALLMARK_G2M_CHECKPOINT,2026.1.Mm,http://www.broadinstitute.org/gsea/msigdb/cards/HALLMARK_G2M_CHECKPOINT,Mouse genes annotated to HALLMARK_G2M_CHECKPOINT based on orthology mappings provided by the Alliance Genome Consortium,True,
Polq,g2m_checkpoint,1,Mouse_MSigDB_native_hallmark,HALLMARK_G2M_CHECKPOINT,2026.1.Mm,http://www.broadinstitute.org/gsea/msigdb/cards/HALLMARK_G2M_CHECKPOINT,Mouse genes annotated to HALLMARK_G2M_CHECKPOINT based on orthology mappings provided by the Alliance Genome Consortium,True,
Prc1,g2m_checkpoint,1,Mouse_MSigDB_native_hallmark,HALLMARK_G2M_CHECKPOINT,2026.1.Mm,http://www.broadinstitute.org/gsea/msigdb/cards/HALLMARK_G2M_CHECKPOINT,Mouse genes annotated to HALLMARK_G2M_CHECKPOINT based on orthology mappings provided by the Alliance Genome Consortium,True,
Prim2,g2m_checkpoint,1,Mouse_MSigDB_native_hallmark,HALLMARK_G2M_CHECKPOINT,2026.1.Mm,http://www.broadinstitute.org/gsea/msigdb/cards/HALLMARK_G2M_CHECKPOINT,Mouse genes annotated to HALLMARK_G2M_CHECKPOINT based on orthology mappings provided by the Alliance Genome Consortium,True,
Prmt5,g2m_checkpoint,1,Mouse_MSigDB_native_hallmark,HALLMARK_G2M_CHECKPOINT,2026.1.Mm,http://www.broadinstitute.org/gsea/msigdb/cards/HALLMARK_G2M_CHECKPOINT,Mouse genes annotated to HALLMARK_G2M_CHECKPOINT based on orthology mappings provided by the Alliance Genome Consortium,True,
Prpf4b,g2m_checkpoint,1,Mouse_MSigDB_native_hallmark,HALLMARK_G2M_CHECKPOINT,2026.1.Mm,http://www.broadinstitute.org/gsea/msigdb/cards/HALLMARK_G2M_CHECKPOINT,Mouse genes annotated to HALLMARK_G2M_CHECKPOINT based on orthology mappings provided by the Alliance Genome Consortium,True,
Pttg1,g2m_checkpoint,1,Mouse_MSigDB_native_hallmark,HALLMARK_G2M_CHECKPOINT,2026.1.Mm,http://www.broadinstitute.org/gsea/msigdb/cards/HALLMARK_G2M_CHECKPOINT,Mouse genes annotated to HALLMARK_G2M_CHECKPOINT based on orthology mappings provided by the Alliance Genome Consortium,True,
Pura,g2m_checkpoint,1,Mouse_MSigDB_native_hallmark,HALLMARK_G2M_CHECKPOINT,2026.1.Mm,http://www.broadinstitute.org/gsea/msigdb/cards/HALLMARK_G2M_CHECKPOINT,Mouse genes annotated to HALLMARK_G2M_CHECKPOINT based on orthology mappings provided by the Alliance Genome Consortium,True,
Racgap1,g2m_checkpoint,1,Mouse_MSigDB_native_hallmark,HALLMARK_G2M_CHECKPOINT,2026.1.Mm,http://www.broadinstitute.org/gsea/msigdb/cards/HALLMARK_G2M_CHECKPOINT,Mouse genes annotated to HALLMARK_G2M_CHECKPOINT based on orthology mappings provided by the Alliance Genome Consortium,True,
Rad21,g2m_checkpoint,1,Mouse_MSigDB_native_hallmark,HALLMARK_G2M_CHECKPOINT,2026.1.Mm,http://www.broadinstitute.org/gsea/msigdb/cards/HALLMARK_G2M_CHECKPOINT,Mouse genes annotated to HALLMARK_G2M_CHECKPOINT based on orthology mappings provided by the Alliance Genome Consortium,True,
Rad23b,g2m_checkpoint,1,Mouse_MSigDB_native_hallmark,HALLMARK_G2M_CHECKPOINT,2026.1.Mm,http://www.broadinstitute.org/gsea/msigdb/cards/HALLMARK_G2M_CHECKPOINT,Mouse genes annotated to HALLMARK_G2M_CHECKPOINT based on orthology mappings provided by the Alliance Genome Consortium,True,
Rad54l,g2m_checkpoint,1,Mouse_MSigDB_native_hallmark,HALLMARK_G2M_CHECKPOINT,2026.1.Mm,http://www.broadinstitute.org/gsea/msigdb/cards/HALLMARK_G2M_CHECKPOINT,Mouse genes annotated to HALLMARK_G2M_CHECKPOINT based on orthology mappings provided by the Alliance Genome Consortium,True,
Rasal2,g2m_checkpoint,1,Mouse_MSigDB_native_hallmark,HALLMARK_G2M_CHECKPOINT,2026.1.Mm,http://www.broadinstitute.org/gsea/msigdb/cards/HALLMARK_G2M_CHECKPOINT,Mouse genes annotated to HALLMARK_G2M_CHECKPOINT based on orthology mappings provided by the Alliance Genome Consortium,True,
Rbl1,g2m_checkpoint,1,Mouse_MSigDB_native_hallmark,HALLMARK_G2M_CHECKPOINT,2026.1.Mm,http://www.broadinstitute.org/gsea/msigdb/cards/HALLMARK_G2M_CHECKPOINT,Mouse genes annotated to HALLMARK_G2M_CHECKPOINT based on orthology mappings provided by the Alliance Genome Consortium,True,
Rpa2,g2m_checkpoint,1,Mouse_MSigDB_native_hallmark,HALLMARK_G2M_CHECKPOINT,2026.1.Mm,http://www.broadinstitute.org/gsea/msigdb/cards/HALLMARK_G2M_CHECKPOINT,Mouse genes annotated to HALLMARK_G2M_CHECKPOINT based on orthology mappings provided by the Alliance Genome Consortium,True,
Rps6ka5,g2m_checkpoint,1,Mouse_MSigDB_native_hallmark,HALLMARK_G2M_CHECKPOINT,2026.1.Mm,http://www.broadinstitute.org/gsea/msigdb/cards/HALLMARK_G2M_CHECKPOINT,Mouse genes annotated to HALLMARK_G2M_CHECKPOINT based on orthology mappings provided by the Alliance Genome Consortium,False,Predeclared technical/noise gene family
Sap30,g2m_checkpoint,1,Mouse_MSigDB_native_hallmark,HALLMARK_G2M_CHECKPOINT,2026.1.Mm,http://www.broadinstitute.org/gsea/msigdb/cards/HALLMARK_G2M_CHECKPOINT,Mouse genes annotated to HALLMARK_G2M_CHECKPOINT based on orthology mappings provided by the Alliance Genome Consortium,True,
Sfpq,g2m_checkpoint,1,Mouse_MSigDB_native_hallmark,HALLMARK_G2M_CHECKPOINT,2026.1.Mm,http://www.broadinstitute.org/gsea/msigdb/cards/HALLMARK_G2M_CHECKPOINT,Mouse genes annotated to HALLMARK_G2M_CHECKPOINT based on orthology mappings provided by the Alliance Genome Consortium,True,
Slc12a2,g2m_checkpoint,1,Mouse_MSigDB_native_hallmark,HALLMARK_G2M_CHECKPOINT,2026.1.Mm,http://www.broadinstitute.org/gsea/msigdb/cards/HALLMARK_G2M_CHECKPOINT,Mouse genes annotated to HALLMARK_G2M_CHECKPOINT based on orthology mappings provided by the Alliance Genome Consortium,True,
Slc38a1,g2m_checkpoint,1,Mouse_MSigDB_native_hallmark,HALLMARK_G2M_CHECKPOINT,2026.1.Mm,http://www.broadinstitute.org/gsea/msigdb/cards/HALLMARK_G2M_CHECKPOINT,Mouse genes annotated to HALLMARK_G2M_CHECKPOINT based on orthology mappings provided by the Alliance Genome Consortium,True,
Slc7a1,g2m_checkpoint,1,Mouse_MSigDB_native_hallmark,HALLMARK_G2M_CHECKPOINT,2026.1.Mm,http://www.broadinstitute.org/gsea/msigdb/cards/HALLMARK_G2M_CHECKPOINT,Mouse genes annotated to HALLMARK_G2M_CHECKPOINT based on orthology mappings provided by the Alliance Genome Consortium,True,
Slc7a5,g2m_checkpoint,1,Mouse_MSigDB_native_hallmark,HALLMARK_G2M_CHECKPOINT,2026.1.Mm,http://www.broadinstitute.org/gsea/msigdb/cards/HALLMARK_G2M_CHECKPOINT,Mouse genes annotated to HALLMARK_G2M_CHECKPOINT based on orthology mappings provided by the Alliance Genome Consortium,True,
Smad3,g2m_checkpoint,1,Mouse_MSigDB_native_hallmark,HALLMARK_G2M_CHECKPOINT,2026.1.Mm,http://www.broadinstitute.org/gsea/msigdb/cards/HALLMARK_G2M_CHECKPOINT,Mouse genes annotated to HALLMARK_G2M_CHECKPOINT based on orthology mappings provided by the Alliance Genome Consortium,True,
Smarcc1,g2m_checkpoint,1,Mouse_MSigDB_native_hallmark,HALLMARK_G2M_CHECKPOINT,2026.1.Mm,http://www.broadinstitute.org/gsea/msigdb/cards/HALLMARK_G2M_CHECKPOINT,Mouse genes annotated to HALLMARK_G2M_CHECKPOINT based on orthology mappings provided by the Alliance Genome Consortium,True,
Smc1a,g2m_checkpoint,1,Mouse_MSigDB_native_hallmark,HALLMARK_G2M_CHECKPOINT,2026.1.Mm,http://www.broadinstitute.org/gsea/msigdb/cards/HALLMARK_G2M_CHECKPOINT,Mouse genes annotated to HALLMARK_G2M_CHECKPOINT based on orthology mappings provided by the Alliance Genome Consortium,True,
Smc2,g2m_checkpoint,1,Mouse_MSigDB_native_hallmark,HALLMARK_G2M_CHECKPOINT,2026.1.Mm,http://www.broadinstitute.org/gsea/msigdb/cards/HALLMARK_G2M_CHECKPOINT,Mouse genes annotated to HALLMARK_G2M_CHECKPOINT based on orthology mappings provided by the Alliance Genome Consortium,True,
Smc4,g2m_checkpoint,1,Mouse_MSigDB_native_hallmark,HALLMARK_G2M_CHECKPOINT,2026.1.Mm,http://www.broadinstitute.org/gsea/msigdb/cards/HALLMARK_G2M_CHECKPOINT,Mouse genes annotated to HALLMARK_G2M_CHECKPOINT based on orthology mappings provided by the Alliance Genome Consortium,True,
Snrpd1,g2m_checkpoint,1,Mouse_MSigDB_native_hallmark,HALLMARK_G2M_CHECKPOINT,2026.1.Mm,http://www.broadinstitute.org/gsea/msigdb/cards/HALLMARK_G2M_CHECKPOINT,Mouse genes annotated to HALLMARK_G2M_CHECKPOINT based on orthology mappings provided by the Alliance Genome Consortium,True,
Sqle,g2m_checkpoint,1,Mouse_MSigDB_native_hallmark,HALLMARK_G2M_CHECKPOINT,2026.1.Mm,http://www.broadinstitute.org/gsea/msigdb/cards/HALLMARK_G2M_CHECKPOINT,Mouse genes annotated to HALLMARK_G2M_CHECKPOINT based on orthology mappings provided by the Alliance Genome Consortium,True,
Srsf1,g2m_checkpoint,1,Mouse_MSigDB_native_hallmark,HALLMARK_G2M_CHECKPOINT,2026.1.Mm,http://www.broadinstitute.org/gsea/msigdb/cards/HALLMARK_G2M_CHECKPOINT,Mouse genes annotated to HALLMARK_G2M_CHECKPOINT based on orthology mappings provided by the Alliance Genome Consortium,True,
Srsf10,g2m_checkpoint,1,Mouse_MSigDB_native_hallmark,HALLMARK_G2M_CHECKPOINT,2026.1.Mm,http://www.broadinstitute.org/gsea/msigdb/cards/HALLMARK_G2M_CHECKPOINT,Mouse genes annotated to HALLMARK_G2M_CHECKPOINT based on orthology mappings provided by the Alliance Genome Consortium,True,
Srsf2,g2m_checkpoint,1,Mouse_MSigDB_native_hallmark,HALLMARK_G2M_CHECKPOINT,2026.1.Mm,http://www.broadinstitute.org/gsea/msigdb/cards/HALLMARK_G2M_CHECKPOINT,Mouse genes annotated to HALLMARK_G2M_CHECKPOINT based on orthology mappings provided by the Alliance Genome Consortium,True,
Ss18,g2m_checkpoint,1,Mouse_MSigDB_native_hallmark,HALLMARK_G2M_CHECKPOINT,2026.1.Mm,http://www.broadinstitute.org/gsea/msigdb/cards/HALLMARK_G2M_CHECKPOINT,Mouse genes annotated to HALLMARK_G2M_CHECKPOINT based on orthology mappings provided by the Alliance Genome Consortium,True,
Stag1,g2m_checkpoint,1,Mouse_MSigDB_native_hallmark,HALLMARK_G2M_CHECKPOINT,2026.1.Mm,http://www.broadinstitute.org/gsea/msigdb/cards/HALLMARK_G2M_CHECKPOINT,Mouse genes annotated to HALLMARK_G2M_CHECKPOINT based on orthology mappings provided by the Alliance Genome Consortium,True,
Stil,g2m_checkpoint,1,Mouse_MSigDB_native_hallmark,HALLMARK_G2M_CHECKPOINT,2026.1.Mm,http://www.broadinstitute.org/gsea/msigdb/cards/HALLMARK_G2M_CHECKPOINT,Mouse genes annotated to HALLMARK_G2M_CHECKPOINT based on orthology mappings provided by the Alliance Genome Consortium,True,
Stmn1,g2m_checkpoint,1,Mouse_MSigDB_native_hallmark,HALLMARK_G2M_CHECKPOINT,2026.1.Mm,http://www.broadinstitute.org/gsea/msigdb/cards/HALLMARK_G2M_CHECKPOINT,Mouse genes annotated to HALLMARK_G2M_CHECKPOINT based on orthology mappings provided by the Alliance Genome Consortium,True,
Suv39h1,g2m_checkpoint,1,Mouse_MSigDB_native_hallmark,HALLMARK_G2M_CHECKPOINT,2026.1.Mm,http://www.broadinstitute.org/gsea/msigdb/cards/HALLMARK_G2M_CHECKPOINT,Mouse genes annotated to HALLMARK_G2M_CHECKPOINT based on orthology mappings provided by the Alliance Genome Consortium,True,
Syncrip,g2m_checkpoint,1,Mouse_MSigDB_native_hallmark,HALLMARK_G2M_CHECKPOINT,2026.1.Mm,http://www.broadinstitute.org/gsea/msigdb/cards/HALLMARK_G2M_CHECKPOINT,Mouse genes annotated to HALLMARK_G2M_CHECKPOINT based on orthology mappings provided by the Alliance Genome Consortium,True,
Tacc3,g2m_checkpoint,1,Mouse_MSigDB_native_hallmark,HALLMARK_G2M_CHECKPOINT,2026.1.Mm,http://www.broadinstitute.org/gsea/msigdb/cards/HALLMARK_G2M_CHECKPOINT,Mouse genes annotated to HALLMARK_G2M_CHECKPOINT based on orthology mappings provided by the Alliance Genome Consortium,True,
Tent4a,g2m_checkpoint,1,Mouse_MSigDB_native_hallmark,HALLMARK_G2M_CHECKPOINT,2026.1.Mm,http://www.broadinstitute.org/gsea/msigdb/cards/HALLMARK_G2M_CHECKPOINT,Mouse genes annotated to HALLMARK_G2M_CHECKPOINT based on orthology mappings provided by the Alliance Genome Consortium,True,
Tfdp1,g2m_checkpoint,1,Mouse_MSigDB_native_hallmark,HALLMARK_G2M_CHECKPOINT,2026.1.Mm,http://www.broadinstitute.org/gsea/msigdb/cards/HALLMARK_G2M_CHECKPOINT,Mouse genes annotated to HALLMARK_G2M_CHECKPOINT based on orthology mappings provided by the Alliance Genome Consortium,True,
Tgfb1,g2m_checkpoint,1,Mouse_MSigDB_native_hallmark,HALLMARK_G2M_CHECKPOINT,2026.1.Mm,http://www.broadinstitute.org/gsea/msigdb/cards/HALLMARK_G2M_CHECKPOINT,Mouse genes annotated to HALLMARK_G2M_CHECKPOINT based on orthology mappings provided by the Alliance Genome Consortium,True,
Tle3,g2m_checkpoint,1,Mouse_MSigDB_native_hallmark,HALLMARK_G2M_CHECKPOINT,2026.1.Mm,http://www.broadinstitute.org/gsea/msigdb/cards/HALLMARK_G2M_CHECKPOINT,Mouse genes annotated to HALLMARK_G2M_CHECKPOINT based on orthology mappings provided by the Alliance Genome Consortium,True,
Tmpo,g2m_checkpoint,1,Mouse_MSigDB_native_hallmark,HALLMARK_G2M_CHECKPOINT,2026.1.Mm,http://www.broadinstitute.org/gsea/msigdb/cards/HALLMARK_G2M_CHECKPOINT,Mouse genes annotated to HALLMARK_G2M_CHECKPOINT based on orthology mappings provided by the Alliance Genome Consortium,True,
Tnpo2,g2m_checkpoint,1,Mouse_MSigDB_native_hallmark,HALLMARK_G2M_CHECKPOINT,2026.1.Mm,http://www.broadinstitute.org/gsea/msigdb/cards/HALLMARK_G2M_CHECKPOINT,Mouse genes annotated to HALLMARK_G2M_CHECKPOINT based on orthology mappings provided by the Alliance Genome Consortium,True,
Top1,g2m_checkpoint,1,Mouse_MSigDB_native_hallmark,HALLMARK_G2M_CHECKPOINT,2026.1.Mm,http://www.broadinstitute.org/gsea/msigdb/cards/HALLMARK_G2M_CHECKPOINT,Mouse genes annotated to HALLMARK_G2M_CHECKPOINT based on orthology mappings provided by the Alliance Genome Consortium,True,
Top2a,g2m_checkpoint,1,Mouse_MSigDB_native_hallmark,HALLMARK_G2M_CHECKPOINT,2026.1.Mm,http://www.broadinstitute.org/gsea/msigdb/cards/HALLMARK_G2M_CHECKPOINT,Mouse genes annotated to HALLMARK_G2M_CHECKPOINT based on orthology mappings provided by the Alliance Genome Consortium,True,
Tpx2,g2m_checkpoint,1,Mouse_MSigDB_native_hallmark,HALLMARK_G2M_CHECKPOINT,2026.1.Mm,http://www.broadinstitute.org/gsea/msigdb/cards/HALLMARK_G2M_CHECKPOINT,Mouse genes annotated to HALLMARK_G2M_CHECKPOINT based on orthology mappings provided by the Alliance Genome Consortium,True,
Tra2b,g2m_checkpoint,1,Mouse_MSigDB_native_hallmark,HALLMARK_G2M_CHECKPOINT,2026.1.Mm,http://www.broadinstitute.org/gsea/msigdb/cards/HALLMARK_G2M_CHECKPOINT,Mouse genes annotated to HALLMARK_G2M_CHECKPOINT based on orthology mappings provided by the Alliance Genome Consortium,True,
Traip,g2m_checkpoint,1,Mouse_MSigDB_native_hallmark,HALLMARK_G2M_CHECKPOINT,2026.1.Mm,http://www.broadinstitute.org/gsea/msigdb/cards/HALLMARK_G2M_CHECKPOINT,Mouse genes annotated to HALLMARK_G2M_CHECKPOINT based on orthology mappings provided by the Alliance Genome Consortium,True,
Troap,g2m_checkpoint,1,Mouse_MSigDB_native_hallmark,HALLMARK_G2M_CHECKPOINT,2026.1.Mm,http://www.broadinstitute.org/gsea/msigdb/cards/HALLMARK_G2M_CHECKPOINT,Mouse genes annotated to HALLMARK_G2M_CHECKPOINT based on orthology mappings provided by the Alliance Genome Consortium,True,
Ttk,g2m_checkpoint,1,Mouse_MSigDB_native_hallmark,HALLMARK_G2M_CHECKPOINT,2026.1.Mm,http://www.broadinstitute.org/gsea/msigdb/cards/HALLMARK_G2M_CHECKPOINT,Mouse genes annotated to HALLMARK_G2M_CHECKPOINT based on orthology mappings provided by the Alliance Genome Consortium,True,
Ube2c,g2m_checkpoint,1,Mouse_MSigDB_native_hallmark,HALLMARK_G2M_CHECKPOINT,2026.1.Mm,http://www.broadinstitute.org/gsea/msigdb/cards/HALLMARK_G2M_CHECKPOINT,Mouse genes annotated to HALLMARK_G2M_CHECKPOINT based on orthology mappings provided by the Alliance Genome Consortium,True,
Ube2s,g2m_checkpoint,1,Mouse_MSigDB_native_hallmark,HALLMARK_G2M_CHECKPOINT,2026.1.Mm,http://www.broadinstitute.org/gsea/msigdb/cards/HALLMARK_G2M_CHECKPOINT,Mouse genes annotated to HALLMARK_G2M_CHECKPOINT based on orthology mappings provided by the Alliance Genome Consortium,True,
Uck2,g2m_checkpoint,1,Mouse_MSigDB_native_hallmark,HALLMARK_G2M_CHECKPOINT,2026.1.Mm,http://www.broadinstitute.org/gsea/msigdb/cards/HALLMARK_G2M_CHECKPOINT,Mouse genes annotated to HALLMARK_G2M_CHECKPOINT based on orthology mappings provided by the Alliance Genome Consortium,True,
Upf1,g2m_checkpoint,1,Mouse_MSigDB_native_hallmark,HALLMARK_G2M_CHECKPOINT,2026.1.Mm,http://www.broadinstitute.org/gsea/msigdb/cards/HALLMARK_G2M_CHECKPOINT,Mouse genes annotated to HALLMARK_G2M_CHECKPOINT based on orthology mappings provided by the Alliance Genome Consortium,True,
Wrn,g2m_checkpoint,1,Mouse_MSigDB_native_hallmark,HALLMARK_G2M_CHECKPOINT,2026.1.Mm,http://www.broadinstitute.org/gsea/msigdb/cards/HALLMARK_G2M_CHECKPOINT,Mouse genes annotated to HALLMARK_G2M_CHECKPOINT based on orthology mappings provided by the Alliance Genome Consortium,True,
Xpo1,g2m_checkpoint,1,Mouse_MSigDB_native_hallmark,HALLMARK_G2M_CHECKPOINT,2026.1.Mm,http://www.broadinstitute.org/gsea/msigdb/cards/HALLMARK_G2M_CHECKPOINT,Mouse genes annotated to HALLMARK_G2M_CHECKPOINT based on orthology mappings provided by the Alliance Genome Consortium,True,
Ythdc1,g2m_checkpoint,1,Mouse_MSigDB_native_hallmark,HALLMARK_G2M_CHECKPOINT,2026.1.Mm,http://www.broadinstitute.org/gsea/msigdb/cards/HALLMARK_G2M_CHECKPOINT,Mouse genes annotated to HALLMARK_G2M_CHECKPOINT based on orthology mappings provided by the Alliance Genome Consortium,True,
Cd34,msc_identity_core,1,primary_literature,PMCID_PMC9891453,Matthews_2023,https://pmc.ncbi.nlm.nih.gov/articles/PMC9891453/,Cd34 marks an MSC-like fibroblast population in the mouse mesenchymal taxonomy.,True,
Cd44,msc_identity_core,1,primary_literature,PMCID_PMC9891453,Matthews_2023,https://pmc.ncbi.nlm.nih.gov/articles/PMC9891453/,Cd44 is reported as a mouse MSC-associated stromal marker.,True,
Cxcl12,msc_identity_core,1,primary_literature,PMCID_PMC3600148,Greenbaum_2013,https://pmc.ncbi.nlm.nih.gov/articles/PMC3600148/,CXCL12 is expressed by prospectively characterized mouse mesenchymal progenitors.,True,
Eng,msc_identity_core,1,primary_literature,PMCID_PMC8844986,Zhong_2022,https://pmc.ncbi.nlm.nih.gov/articles/PMC8844986/,Endoglin is observed in mouse bone-marrow stromal populations but has tissue-dependent expression.,True,
Itgav,msc_identity_core,1,primary_literature,PMCID_PMC9891453,Matthews_2023,https://pmc.ncbi.nlm.nih.gov/articles/PMC9891453/,CD51 is used with Sca-1 to enrich mouse mesenchymal progenitors.,True,
Lepr,msc_identity_core,1,primary_literature,PMCID_PMC8844986,Zhong_2022,https://pmc.ncbi.nlm.nih.gov/articles/PMC8844986/,Lepr labels an adult mouse skeletal stromal stem and progenitor compartment.,True,
Ly6a,msc_identity_core,1,primary_literature,PMID_19995920,Morikawa_2009,https://pubmed.ncbi.nlm.nih.gov/19995920/,Sca-1 is part of the prospectively validated murine mesenchymal progenitor phenotype.,True,
Nt5e,msc_identity_core,1,primary_literature,PMCID_PMC9891453,Matthews_2023,https://pmc.ncbi.nlm.nih.gov/articles/PMC9891453/,Nt5e is reported in a defined mouse mesenchymal progenitor compartment.,True,
Pdgfra,msc_identity_core,1,primary_literature,PMID_19995920,Morikawa_2009,https://pubmed.ncbi.nlm.nih.gov/19995920/,PDGFRalpha is part of the prospectively validated murine mesenchymal progenitor phenotype.,True,
Prrx1,msc_identity_core,1,primary_literature,PMCID_PMC3600148,Greenbaum_2013,https://pmc.ncbi.nlm.nih.gov/articles/PMC3600148/,Prrx1 lineage tracing identifies a mouse mesenchymal progenitor compartment.,True,
Thy1,msc_identity_core,1,primary_literature,PMCID_PMC9891453,Matthews_2023,https://pmc.ncbi.nlm.nih.gov/articles/PMC9891453/,Thy1 is reported as a mouse MSC-associated stromal marker.,True,
Vcam1,msc_identity_core,1,reviewed_marker,MSC_surface_marker_review,reviewed_2026_07,https://pmc.ncbi.nlm.nih.gov/articles/PMC6120267/,VCAM1 is a commonly reported MSC surface marker but lacks sufficiently tissue-matched mouse support for this v1 core.,False,Insufficient mouse limb-MSC specificity for the frozen v1 core
Abat,p53_response,1,Mouse_MSigDB_native_hallmark,HALLMARK_P53_PATHWAY,2026.1.Mm,http://www.broadinstitute.org/gsea/msigdb/cards/HALLMARK_P53_PATHWAY,Mouse genes annotated to HALLMARK_P53_PATHWAY based on orthology mappings provided by the Alliance Genome Consortium,True,
Abcc5,p53_response,1,Mouse_MSigDB_native_hallmark,HALLMARK_P53_PATHWAY,2026.1.Mm,http://www.broadinstitute.org/gsea/msigdb/cards/HALLMARK_P53_PATHWAY,Mouse genes annotated to HALLMARK_P53_PATHWAY based on orthology mappings provided by the Alliance Genome Consortium,True,
Abhd4,p53_response,1,Mouse_MSigDB_native_hallmark,HALLMARK_P53_PATHWAY,2026.1.Mm,http://www.broadinstitute.org/gsea/msigdb/cards/HALLMARK_P53_PATHWAY,Mouse genes annotated to HALLMARK_P53_PATHWAY based on orthology mappings provided by the Alliance Genome Consortium,True,
Acvr1b,p53_response,1,Mouse_MSigDB_native_hallmark,HALLMARK_P53_PATHWAY,2026.1.Mm,http://www.broadinstitute.org/gsea/msigdb/cards/HALLMARK_P53_PATHWAY,Mouse genes annotated to HALLMARK_P53_PATHWAY based on orthology mappings provided by the Alliance Genome Consortium,True,
Ada,p53_response,1,Mouse_MSigDB_native_hallmark,HALLMARK_P53_PATHWAY,2026.1.Mm,http://www.broadinstitute.org/gsea/msigdb/cards/HALLMARK_P53_PATHWAY,Mouse genes annotated to HALLMARK_P53_PATHWAY based on orthology mappings provided by the Alliance Genome Consortium,True,
Aen,p53_response,1,Mouse_MSigDB_native_hallmark,HALLMARK_P53_PATHWAY,2026.1.Mm,http://www.broadinstitute.org/gsea/msigdb/cards/HALLMARK_P53_PATHWAY,Mouse genes annotated to HALLMARK_P53_PATHWAY based on orthology mappings provided by the Alliance Genome Consortium,True,
Ak1,p53_response,1,Mouse_MSigDB_native_hallmark,HALLMARK_P53_PATHWAY,2026.1.Mm,http://www.broadinstitute.org/gsea/msigdb/cards/HALLMARK_P53_PATHWAY,Mouse genes annotated to HALLMARK_P53_PATHWAY based on orthology mappings provided by the Alliance Genome Consortium,True,
Alox8,p53_response,1,Mouse_MSigDB_native_hallmark,HALLMARK_P53_PATHWAY,2026.1.Mm,http://www.broadinstitute.org/gsea/msigdb/cards/HALLMARK_P53_PATHWAY,Mouse genes annotated to HALLMARK_P53_PATHWAY based on orthology mappings provided by the Alliance Genome Consortium,True,
Ankra2,p53_response,1,Mouse_MSigDB_native_hallmark,HALLMARK_P53_PATHWAY,2026.1.Mm,http://www.broadinstitute.org/gsea/msigdb/cards/HALLMARK_P53_PATHWAY,Mouse genes annotated to HALLMARK_P53_PATHWAY based on orthology mappings provided by the Alliance Genome Consortium,True,
Apaf1,p53_response,1,Mouse_MSigDB_native_hallmark,HALLMARK_P53_PATHWAY,2026.1.Mm,http://www.broadinstitute.org/gsea/msigdb/cards/HALLMARK_P53_PATHWAY,Mouse genes annotated to HALLMARK_P53_PATHWAY based on orthology mappings provided by the Alliance Genome Consortium,True,
App,p53_response,1,Mouse_MSigDB_native_hallmark,HALLMARK_P53_PATHWAY,2026.1.Mm,http://www.broadinstitute.org/gsea/msigdb/cards/HALLMARK_P53_PATHWAY,Mouse genes annotated to HALLMARK_P53_PATHWAY based on orthology mappings provided by the Alliance Genome Consortium,True,
Atf3,p53_response,1,Mouse_MSigDB_native_hallmark,HALLMARK_P53_PATHWAY,2026.1.Mm,http://www.broadinstitute.org/gsea/msigdb/cards/HALLMARK_P53_PATHWAY,Mouse genes annotated to HALLMARK_P53_PATHWAY based on orthology mappings provided by the Alliance Genome Consortium,True,
Baiap2,p53_response,1,Mouse_MSigDB_native_hallmark,HALLMARK_P53_PATHWAY,2026.1.Mm,http://www.broadinstitute.org/gsea/msigdb/cards/HALLMARK_P53_PATHWAY,Mouse genes annotated to HALLMARK_P53_PATHWAY based on orthology mappings provided by the Alliance Genome Consortium,True,
Bak1,p53_response,1,Mouse_MSigDB_native_hallmark,HALLMARK_P53_PATHWAY,2026.1.Mm,http://www.broadinstitute.org/gsea/msigdb/cards/HALLMARK_P53_PATHWAY,Mouse genes annotated to HALLMARK_P53_PATHWAY based on orthology mappings provided by the Alliance Genome Consortium,True,
Bax,p53_response,1,Mouse_MSigDB_native_hallmark,HALLMARK_P53_PATHWAY,2026.1.Mm,http://www.broadinstitute.org/gsea/msigdb/cards/HALLMARK_P53_PATHWAY,Mouse genes annotated to HALLMARK_P53_PATHWAY based on orthology mappings provided by the Alliance Genome Consortium,True,
Blcap,p53_response,1,Mouse_MSigDB_native_hallmark,HALLMARK_P53_PATHWAY,2026.1.Mm,http://www.broadinstitute.org/gsea/msigdb/cards/HALLMARK_P53_PATHWAY,Mouse genes annotated to HALLMARK_P53_PATHWAY based on orthology mappings provided by the Alliance Genome Consortium,True,
Bmp2,p53_response,1,Mouse_MSigDB_native_hallmark,HALLMARK_P53_PATHWAY,2026.1.Mm,http://www.broadinstitute.org/gsea/msigdb/cards/HALLMARK_P53_PATHWAY,Mouse genes annotated to HALLMARK_P53_PATHWAY based on orthology mappings provided by the Alliance Genome Consortium,True,
Btg1,p53_response,1,Mouse_MSigDB_native_hallmark,HALLMARK_P53_PATHWAY,2026.1.Mm,http://www.broadinstitute.org/gsea/msigdb/cards/HALLMARK_P53_PATHWAY,Mouse genes annotated to HALLMARK_P53_PATHWAY based on orthology mappings provided by the Alliance Genome Consortium,True,
Btg2,p53_response,1,Mouse_MSigDB_native_hallmark,HALLMARK_P53_PATHWAY,2026.1.Mm,http://www.broadinstitute.org/gsea/msigdb/cards/HALLMARK_P53_PATHWAY,Mouse genes annotated to HALLMARK_P53_PATHWAY based on orthology mappings provided by the Alliance Genome Consortium,True,
Casp1,p53_response,1,Mouse_MSigDB_native_hallmark,HALLMARK_P53_PATHWAY,2026.1.Mm,http://www.broadinstitute.org/gsea/msigdb/cards/HALLMARK_P53_PATHWAY,Mouse genes annotated to HALLMARK_P53_PATHWAY based on orthology mappings provided by the Alliance Genome Consortium,True,
Ccnd2,p53_response,1,Mouse_MSigDB_native_hallmark,HALLMARK_P53_PATHWAY,2026.1.Mm,http://www.broadinstitute.org/gsea/msigdb/cards/HALLMARK_P53_PATHWAY,Mouse genes annotated to HALLMARK_P53_PATHWAY based on orthology mappings provided by the Alliance Genome Consortium,True,
Ccnd3,p53_response,1,Mouse_MSigDB_native_hallmark,HALLMARK_P53_PATHWAY,2026.1.Mm,http://www.broadinstitute.org/gsea/msigdb/cards/HALLMARK_P53_PATHWAY,Mouse genes annotated to HALLMARK_P53_PATHWAY based on orthology mappings provided by the Alliance Genome Consortium,True,
Ccng1,p53_response,1,Mouse_MSigDB_native_hallmark,HALLMARK_P53_PATHWAY,2026.1.Mm,http://www.broadinstitute.org/gsea/msigdb/cards/HALLMARK_P53_PATHWAY,Mouse genes annotated to HALLMARK_P53_PATHWAY based on orthology mappings provided by the Alliance Genome Consortium,True,
Ccnk,p53_response,1,Mouse_MSigDB_native_hallmark,HALLMARK_P53_PATHWAY,2026.1.Mm,http://www.broadinstitute.org/gsea/msigdb/cards/HALLMARK_P53_PATHWAY,Mouse genes annotated to HALLMARK_P53_PATHWAY based on orthology mappings provided by the Alliance Genome Consortium,True,
Ccp110,p53_response,1,Mouse_MSigDB_native_hallmark,HALLMARK_P53_PATHWAY,2026.1.Mm,http://www.broadinstitute.org/gsea/msigdb/cards/HALLMARK_P53_PATHWAY,Mouse genes annotated to HALLMARK_P53_PATHWAY based on orthology mappings provided by the Alliance Genome Consortium,True,
Cd81,p53_response,1,Mouse_MSigDB_native_hallmark,HALLMARK_P53_PATHWAY,2026.1.Mm,http://www.broadinstitute.org/gsea/msigdb/cards/HALLMARK_P53_PATHWAY,Mouse genes annotated to HALLMARK_P53_PATHWAY based on orthology mappings provided by the Alliance Genome Consortium,True,
Cd82,p53_response,1,Mouse_MSigDB_native_hallmark,HALLMARK_P53_PATHWAY,2026.1.Mm,http://www.broadinstitute.org/gsea/msigdb/cards/HALLMARK_P53_PATHWAY,Mouse genes annotated to HALLMARK_P53_PATHWAY based on orthology mappings provided by the Alliance Genome Consortium,True,
Cdh13,p53_response,1,Mouse_MSigDB_native_hallmark,HALLMARK_P53_PATHWAY,2026.1.Mm,http://www.broadinstitute.org/gsea/msigdb/cards/HALLMARK_P53_PATHWAY,Mouse genes annotated to HALLMARK_P53_PATHWAY based on orthology mappings provided by the Alliance Genome Consortium,True,
Cdk5r1,p53_response,1,Mouse_MSigDB_native_hallmark,HALLMARK_P53_PATHWAY,2026.1.Mm,http://www.broadinstitute.org/gsea/msigdb/cards/HALLMARK_P53_PATHWAY,Mouse genes annotated to HALLMARK_P53_PATHWAY based on orthology mappings provided by the Alliance Genome Consortium,True,
Cdkn1a,p53_response,1,Mouse_MSigDB_native_hallmark,HALLMARK_P53_PATHWAY,2026.1.Mm,http://www.broadinstitute.org/gsea/msigdb/cards/HALLMARK_P53_PATHWAY,Mouse genes annotated to HALLMARK_P53_PATHWAY based on orthology mappings provided by the Alliance Genome Consortium,True,
Cdkn2a,p53_response,1,Mouse_MSigDB_native_hallmark,HALLMARK_P53_PATHWAY,2026.1.Mm,http://www.broadinstitute.org/gsea/msigdb/cards/HALLMARK_P53_PATHWAY,Mouse genes annotated to HALLMARK_P53_PATHWAY based on orthology mappings provided by the Alliance Genome Consortium,True,
Cdkn2aip,p53_response,1,Mouse_MSigDB_native_hallmark,HALLMARK_P53_PATHWAY,2026.1.Mm,http://www.broadinstitute.org/gsea/msigdb/cards/HALLMARK_P53_PATHWAY,Mouse genes annotated to HALLMARK_P53_PATHWAY based on orthology mappings provided by the Alliance Genome Consortium,True,
Cdkn2b,p53_response,1,Mouse_MSigDB_native_hallmark,HALLMARK_P53_PATHWAY,2026.1.Mm,http://www.broadinstitute.org/gsea/msigdb/cards/HALLMARK_P53_PATHWAY,Mouse genes annotated to HALLMARK_P53_PATHWAY based on orthology mappings provided by the Alliance Genome Consortium,True,
Cebpa,p53_response,1,Mouse_MSigDB_native_hallmark,HALLMARK_P53_PATHWAY,2026.1.Mm,http://www.broadinstitute.org/gsea/msigdb/cards/HALLMARK_P53_PATHWAY,Mouse genes annotated to HALLMARK_P53_PATHWAY based on orthology mappings provided by the Alliance Genome Consortium,True,
Cgrrf1,p53_response,1,Mouse_MSigDB_native_hallmark,HALLMARK_P53_PATHWAY,2026.1.Mm,http://www.broadinstitute.org/gsea/msigdb/cards/HALLMARK_P53_PATHWAY,Mouse genes annotated to HALLMARK_P53_PATHWAY based on orthology mappings provided by the Alliance Genome Consortium,True,
Clca2,p53_response,1,Mouse_MSigDB_native_hallmark,HALLMARK_P53_PATHWAY,2026.1.Mm,http://www.broadinstitute.org/gsea/msigdb/cards/HALLMARK_P53_PATHWAY,Mouse genes annotated to HALLMARK_P53_PATHWAY based on orthology mappings provided by the Alliance Genome Consortium,True,
Coq8a,p53_response,1,Mouse_MSigDB_native_hallmark,HALLMARK_P53_PATHWAY,2026.1.Mm,http://www.broadinstitute.org/gsea/msigdb/cards/HALLMARK_P53_PATHWAY,Mouse genes annotated to HALLMARK_P53_PATHWAY based on orthology mappings provided by the Alliance Genome Consortium,True,
Csrnp2,p53_response,1,Mouse_MSigDB_native_hallmark,HALLMARK_P53_PATHWAY,2026.1.Mm,http://www.broadinstitute.org/gsea/msigdb/cards/HALLMARK_P53_PATHWAY,Mouse genes annotated to HALLMARK_P53_PATHWAY based on orthology mappings provided by the Alliance Genome Consortium,True,
Ctsd,p53_response,1,Mouse_MSigDB_native_hallmark,HALLMARK_P53_PATHWAY,2026.1.Mm,http://www.broadinstitute.org/gsea/msigdb/cards/HALLMARK_P53_PATHWAY,Mouse genes annotated to HALLMARK_P53_PATHWAY based on orthology mappings provided by the Alliance Genome Consortium,True,
Ctsf,p53_response,1,Mouse_MSigDB_native_hallmark,HALLMARK_P53_PATHWAY,2026.1.Mm,http://www.broadinstitute.org/gsea/msigdb/cards/HALLMARK_P53_PATHWAY,Mouse genes annotated to HALLMARK_P53_PATHWAY based on orthology mappings provided by the Alliance Genome Consortium,True,
Cyfip2,p53_response,1,Mouse_MSigDB_native_hallmark,HALLMARK_P53_PATHWAY,2026.1.Mm,http://www.broadinstitute.org/gsea/msigdb/cards/HALLMARK_P53_PATHWAY,Mouse genes annotated to HALLMARK_P53_PATHWAY based on orthology mappings provided by the Alliance Genome Consortium,True,
Dcxr,p53_response,1,Mouse_MSigDB_native_hallmark,HALLMARK_P53_PATHWAY,2026.1.Mm,http://www.broadinstitute.org/gsea/msigdb/cards/HALLMARK_P53_PATHWAY,Mouse genes annotated to HALLMARK_P53_PATHWAY based on orthology mappings provided by the Alliance Genome Consortium,True,
Ddb2,p53_response,1,Mouse_MSigDB_native_hallmark,HALLMARK_P53_PATHWAY,2026.1.Mm,http://www.broadinstitute.org/gsea/msigdb/cards/HALLMARK_P53_PATHWAY,Mouse genes annotated to HALLMARK_P53_PATHWAY based on orthology mappings provided by the Alliance Genome Consortium,True,
Ddit3,p53_response,1,Mouse_MSigDB_native_hallmark,HALLMARK_P53_PATHWAY,2026.1.Mm,http://www.broadinstitute.org/gsea/msigdb/cards/HALLMARK_P53_PATHWAY,Mouse genes annotated to HALLMARK_P53_PATHWAY based on orthology mappings provided by the Alliance Genome Consortium,True,
Ddit4,p53_response,1,Mouse_MSigDB_native_hallmark,HALLMARK_P53_PATHWAY,2026.1.Mm,http://www.broadinstitute.org/gsea/msigdb/cards/HALLMARK_P53_PATHWAY,Mouse genes annotated to HALLMARK_P53_PATHWAY based on orthology mappings provided by the Alliance Genome Consortium,True,
Def6,p53_response,1,Mouse_MSigDB_native_hallmark,HALLMARK_P53_PATHWAY,2026.1.Mm,http://www.broadinstitute.org/gsea/msigdb/cards/HALLMARK_P53_PATHWAY,Mouse genes annotated to HALLMARK_P53_PATHWAY based on orthology mappings provided by the Alliance Genome Consortium,True,
Dgka,p53_response,1,Mouse_MSigDB_native_hallmark,HALLMARK_P53_PATHWAY,2026.1.Mm,http://www.broadinstitute.org/gsea/msigdb/cards/HALLMARK_P53_PATHWAY,Mouse genes annotated to HALLMARK_P53_PATHWAY based on orthology mappings provided by the Alliance Genome Consortium,True,
Dnttip2,p53_response,1,Mouse_MSigDB_native_hallmark,HALLMARK_P53_PATHWAY,2026.1.Mm,http://www.broadinstitute.org/gsea/msigdb/cards/HALLMARK_P53_PATHWAY,Mouse genes annotated to HALLMARK_P53_PATHWAY based on orthology mappings provided by the Alliance Genome Consortium,True,
Dram1,p53_response,1,Mouse_MSigDB_native_hallmark,HALLMARK_P53_PATHWAY,2026.1.Mm,http://www.broadinstitute.org/gsea/msigdb/cards/HALLMARK_P53_PATHWAY,Mouse genes annotated to HALLMARK_P53_PATHWAY based on orthology mappings provided by the Alliance Genome Consortium,True,
Ei24,p53_response,1,Mouse_MSigDB_native_hallmark,HALLMARK_P53_PATHWAY,2026.1.Mm,http://www.broadinstitute.org/gsea/msigdb/cards/HALLMARK_P53_PATHWAY,Mouse genes annotated to HALLMARK_P53_PATHWAY based on orthology mappings provided by the Alliance Genome Consortium,True,
Elp1,p53_response,1,Mouse_MSigDB_native_hallmark,HALLMARK_P53_PATHWAY,2026.1.Mm,http://www.broadinstitute.org/gsea/msigdb/cards/HALLMARK_P53_PATHWAY,Mouse genes annotated to HALLMARK_P53_PATHWAY based on orthology mappings provided by the Alliance Genome Consortium,True,
Epha2,p53_response,1,Mouse_MSigDB_native_hallmark,HALLMARK_P53_PATHWAY,2026.1.Mm,http://www.broadinstitute.org/gsea/msigdb/cards/HALLMARK_P53_PATHWAY,Mouse genes annotated to HALLMARK_P53_PATHWAY based on orthology mappings provided by the Alliance Genome Consortium,True,
Ephx1,p53_response,1,Mouse_MSigDB_native_hallmark,HALLMARK_P53_PATHWAY,2026.1.Mm,http://www.broadinstitute.org/gsea/msigdb/cards/HALLMARK_P53_PATHWAY,Mouse genes annotated to HALLMARK_P53_PATHWAY based on orthology mappings provided by the Alliance Genome Consortium,True,
Eps8l2,p53_response,1,Mouse_MSigDB_native_hallmark,HALLMARK_P53_PATHWAY,2026.1.Mm,http://www.broadinstitute.org/gsea/msigdb/cards/HALLMARK_P53_PATHWAY,Mouse genes annotated to HALLMARK_P53_PATHWAY based on orthology mappings provided by the Alliance Genome Consortium,True,
Ercc5,p53_response,1,Mouse_MSigDB_native_hallmark,HALLMARK_P53_PATHWAY,2026.1.Mm,http://www.broadinstitute.org/gsea/msigdb/cards/HALLMARK_P53_PATHWAY,Mouse genes annotated to HALLMARK_P53_PATHWAY based on orthology mappings provided by the Alliance Genome Consortium,True,
F2r,p53_response,1,Mouse_MSigDB_native_hallmark,HALLMARK_P53_PATHWAY,2026.1.Mm,http://www.broadinstitute.org/gsea/msigdb/cards/HALLMARK_P53_PATHWAY,Mouse genes annotated to HALLMARK_P53_PATHWAY based on orthology mappings provided by the Alliance Genome Consortium,True,
Fam162a,p53_response,1,Mouse_MSigDB_native_hallmark,HALLMARK_P53_PATHWAY,2026.1.Mm,http://www.broadinstitute.org/gsea/msigdb/cards/HALLMARK_P53_PATHWAY,Mouse genes annotated to HALLMARK_P53_PATHWAY based on orthology mappings provided by the Alliance Genome Consortium,True,
Fas,p53_response,1,Mouse_MSigDB_native_hallmark,HALLMARK_P53_PATHWAY,2026.1.Mm,http://www.broadinstitute.org/gsea/msigdb/cards/HALLMARK_P53_PATHWAY,Mouse genes annotated to HALLMARK_P53_PATHWAY based on orthology mappings provided by the Alliance Genome Consortium,True,
Fbxw7,p53_response,1,Mouse_MSigDB_native_hallmark,HALLMARK_P53_PATHWAY,2026.1.Mm,http://www.broadinstitute.org/gsea/msigdb/cards/HALLMARK_P53_PATHWAY,Mouse genes annotated to HALLMARK_P53_PATHWAY based on orthology mappings provided by the Alliance Genome Consortium,True,
Fdxr,p53_response,1,Mouse_MSigDB_native_hallmark,HALLMARK_P53_PATHWAY,2026.1.Mm,http://www.broadinstitute.org/gsea/msigdb/cards/HALLMARK_P53_PATHWAY,Mouse genes annotated to HALLMARK_P53_PATHWAY based on orthology mappings provided by the Alliance Genome Consortium,True,
Fgf13,p53_response,1,Mouse_MSigDB_native_hallmark,HALLMARK_P53_PATHWAY,2026.1.Mm,http://www.broadinstitute.org/gsea/msigdb/cards/HALLMARK_P53_PATHWAY,Mouse genes annotated to HALLMARK_P53_PATHWAY based on orthology mappings provided by the Alliance Genome Consortium,True,
Fos,p53_response,1,Mouse_MSigDB_native_hallmark,HALLMARK_P53_PATHWAY,2026.1.Mm,http://www.broadinstitute.org/gsea/msigdb/cards/HALLMARK_P53_PATHWAY,Mouse genes annotated to HALLMARK_P53_PATHWAY based on orthology mappings provided by the Alliance Genome Consortium,True,
Foxo3,p53_response,1,Mouse_MSigDB_native_hallmark,HALLMARK_P53_PATHWAY,2026.1.Mm,http://www.broadinstitute.org/gsea/msigdb/cards/HALLMARK_P53_PATHWAY,Mouse genes annotated to HALLMARK_P53_PATHWAY based on orthology mappings provided by the Alliance Genome Consortium,True,
Fuca1,p53_response,1,Mouse_MSigDB_native_hallmark,HALLMARK_P53_PATHWAY,2026.1.Mm,http://www.broadinstitute.org/gsea/msigdb/cards/HALLMARK_P53_PATHWAY,Mouse genes annotated to HALLMARK_P53_PATHWAY based on orthology mappings provided by the Alliance Genome Consortium,True,
Gadd45a,p53_response,1,Mouse_MSigDB_native_hallmark,HALLMARK_P53_PATHWAY,2026.1.Mm,http://www.broadinstitute.org/gsea/msigdb/cards/HALLMARK_P53_PATHWAY,Mouse genes annotated to HALLMARK_P53_PATHWAY based on orthology mappings provided by the Alliance Genome Consortium,True,
Gls2,p53_response,1,Mouse_MSigDB_native_hallmark,HALLMARK_P53_PATHWAY,2026.1.Mm,http://www.broadinstitute.org/gsea/msigdb/cards/HALLMARK_P53_PATHWAY,Mouse genes annotated to HALLMARK_P53_PATHWAY based on orthology mappings provided by the Alliance Genome Consortium,True,
Gm2a,p53_response,1,Mouse_MSigDB_native_hallmark,HALLMARK_P53_PATHWAY,2026.1.Mm,http://www.broadinstitute.org/gsea/msigdb/cards/HALLMARK_P53_PATHWAY,Mouse genes annotated to HALLMARK_P53_PATHWAY based on orthology mappings provided by the Alliance Genome Consortium,True,
Gpx2,p53_response,1,Mouse_MSigDB_native_hallmark,HALLMARK_P53_PATHWAY,2026.1.Mm,http://www.broadinstitute.org/gsea/msigdb/cards/HALLMARK_P53_PATHWAY,Mouse genes annotated to HALLMARK_P53_PATHWAY based on orthology mappings provided by the Alliance Genome Consortium,True,
H1f2,p53_response,1,Mouse_MSigDB_native_hallmark,HALLMARK_P53_PATHWAY,2026.1.Mm,http://www.broadinstitute.org/gsea/msigdb/cards/HALLMARK_P53_PATHWAY,Mouse genes annotated to HALLMARK_P53_PATHWAY based on orthology mappings provided by the Alliance Genome Consortium,True,
H2ac25,p53_response,1,Mouse_MSigDB_native_hallmark,HALLMARK_P53_PATHWAY,2026.1.Mm,http://www.broadinstitute.org/gsea/msigdb/cards/HALLMARK_P53_PATHWAY,Mouse genes annotated to HALLMARK_P53_PATHWAY based on orthology mappings provided by the Alliance Genome Consortium,True,
H2aj,p53_response,1,Mouse_MSigDB_native_hallmark,HALLMARK_P53_PATHWAY,2026.1.Mm,http://www.broadinstitute.org/gsea/msigdb/cards/HALLMARK_P53_PATHWAY,Mouse genes annotated to HALLMARK_P53_PATHWAY based on orthology mappings provided by the Alliance Genome Consortium,True,
Hbegf,p53_response,1,Mouse_MSigDB_native_hallmark,HALLMARK_P53_PATHWAY,2026.1.Mm,http://www.broadinstitute.org/gsea/msigdb/cards/HALLMARK_P53_PATHWAY,Mouse genes annotated to HALLMARK_P53_PATHWAY based on orthology mappings provided by the Alliance Genome Consortium,True,
Hdac3,p53_response,1,Mouse_MSigDB_native_hallmark,HALLMARK_P53_PATHWAY,2026.1.Mm,http://www.broadinstitute.org/gsea/msigdb/cards/HALLMARK_P53_PATHWAY,Mouse genes annotated to HALLMARK_P53_PATHWAY based on orthology mappings provided by the Alliance Genome Consortium,True,
Hexim1,p53_response,1,Mouse_MSigDB_native_hallmark,HALLMARK_P53_PATHWAY,2026.1.Mm,http://www.broadinstitute.org/gsea/msigdb/cards/HALLMARK_P53_PATHWAY,Mouse genes annotated to HALLMARK_P53_PATHWAY based on orthology mappings provided by the Alliance Genome Consortium,True,
Hint1,p53_response,1,Mouse_MSigDB_native_hallmark,HALLMARK_P53_PATHWAY,2026.1.Mm,http://www.broadinstitute.org/gsea/msigdb/cards/HALLMARK_P53_PATHWAY,Mouse genes annotated to HALLMARK_P53_PATHWAY based on orthology mappings provided by the Alliance Genome Consortium,True,
Hmox1,p53_response,1,Mouse_MSigDB_native_hallmark,HALLMARK_P53_PATHWAY,2026.1.Mm,http://www.broadinstitute.org/gsea/msigdb/cards/HALLMARK_P53_PATHWAY,Mouse genes annotated to HALLMARK_P53_PATHWAY based on orthology mappings provided by the Alliance Genome Consortium,True,
Hras,p53_response,1,Mouse_MSigDB_native_hallmark,HALLMARK_P53_PATHWAY,2026.1.Mm,http://www.broadinstitute.org/gsea/msigdb/cards/HALLMARK_P53_PATHWAY,Mouse genes annotated to HALLMARK_P53_PATHWAY based on orthology mappings provided by the Alliance Genome Consortium,True,
Hspa4l,p53_response,1,Mouse_MSigDB_native_hallmark,HALLMARK_P53_PATHWAY,2026.1.Mm,http://www.broadinstitute.org/gsea/msigdb/cards/HALLMARK_P53_PATHWAY,Mouse genes annotated to HALLMARK_P53_PATHWAY based on orthology mappings provided by the Alliance Genome Consortium,True,
Ier3,p53_response,1,Mouse_MSigDB_native_hallmark,HALLMARK_P53_PATHWAY,2026.1.Mm,http://www.broadinstitute.org/gsea/msigdb/cards/HALLMARK_P53_PATHWAY,Mouse genes annotated to HALLMARK_P53_PATHWAY based on orthology mappings provided by the Alliance Genome Consortium,True,
Ier5,p53_response,1,Mouse_MSigDB_native_hallmark,HALLMARK_P53_PATHWAY,2026.1.Mm,http://www.broadinstitute.org/gsea/msigdb/cards/HALLMARK_P53_PATHWAY,Mouse genes annotated to HALLMARK_P53_PATHWAY based on orthology mappings provided by the Alliance Genome Consortium,True,
Ifi30,p53_response,1,Mouse_MSigDB_native_hallmark,HALLMARK_P53_PATHWAY,2026.1.Mm,http://www.broadinstitute.org/gsea/msigdb/cards/HALLMARK_P53_PATHWAY,Mouse genes annotated to HALLMARK_P53_PATHWAY based on orthology mappings provided by the Alliance Genome Consortium,True,
Il1a,p53_response,1,Mouse_MSigDB_native_hallmark,HALLMARK_P53_PATHWAY,2026.1.Mm,http://www.broadinstitute.org/gsea/msigdb/cards/HALLMARK_P53_PATHWAY,Mouse genes annotated to HALLMARK_P53_PATHWAY based on orthology mappings provided by the Alliance Genome Consortium,True,
Inhbb,p53_response,1,Mouse_MSigDB_native_hallmark,HALLMARK_P53_PATHWAY,2026.1.Mm,http://www.broadinstitute.org/gsea/msigdb/cards/HALLMARK_P53_PATHWAY,Mouse genes annotated to HALLMARK_P53_PATHWAY based on orthology mappings provided by the Alliance Genome Consortium,True,
Ip6k2,p53_response,1,Mouse_MSigDB_native_hallmark,HALLMARK_P53_PATHWAY,2026.1.Mm,http://www.broadinstitute.org/gsea/msigdb/cards/HALLMARK_P53_PATHWAY,Mouse genes annotated to HALLMARK_P53_PATHWAY based on orthology mappings provided by the Alliance Genome Consortium,True,
Irag2,p53_response,1,Mouse_MSigDB_native_hallmark,HALLMARK_P53_PATHWAY,2026.1.Mm,http://www.broadinstitute.org/gsea/msigdb/cards/HALLMARK_P53_PATHWAY,Mouse genes annotated to HALLMARK_P53_PATHWAY based on orthology mappings provided by the Alliance Genome Consortium,True,
Irak1,p53_response,1,Mouse_MSigDB_native_hallmark,HALLMARK_P53_PATHWAY,2026.1.Mm,http://www.broadinstitute.org/gsea/msigdb/cards/HALLMARK_P53_PATHWAY,Mouse genes annotated to HALLMARK_P53_PATHWAY based on orthology mappings provided by the Alliance Genome Consortium,True,
Iscu,p53_response,1,Mouse_MSigDB_native_hallmark,HALLMARK_P53_PATHWAY,2026.1.Mm,http://www.broadinstitute.org/gsea/msigdb/cards/HALLMARK_P53_PATHWAY,Mouse genes annotated to HALLMARK_P53_PATHWAY based on orthology mappings provided by the Alliance Genome Consortium,True,
Itgb4,p53_response,1,Mouse_MSigDB_native_hallmark,HALLMARK_P53_PATHWAY,2026.1.Mm,http://www.broadinstitute.org/gsea/msigdb/cards/HALLMARK_P53_PATHWAY,Mouse genes annotated to HALLMARK_P53_PATHWAY based on orthology mappings provided by the Alliance Genome Consortium,True,
Jag2,p53_response,1,Mouse_MSigDB_native_hallmark,HALLMARK_P53_PATHWAY,2026.1.Mm,http://www.broadinstitute.org/gsea/msigdb/cards/HALLMARK_P53_PATHWAY,Mouse genes annotated to HALLMARK_P53_PATHWAY based on orthology mappings provided by the Alliance Genome Consortium,True,
Jun,p53_response,1,Mouse_MSigDB_native_hallmark,HALLMARK_P53_PATHWAY,2026.1.Mm,http://www.broadinstitute.org/gsea/msigdb/cards/HALLMARK_P53_PATHWAY,Mouse genes annotated to HALLMARK_P53_PATHWAY based on orthology mappings provided by the Alliance Genome Consortium,True,
Kif13b,p53_response,1,Mouse_MSigDB_native_hallmark,HALLMARK_P53_PATHWAY,2026.1.Mm,http://www.broadinstitute.org/gsea/msigdb/cards/HALLMARK_P53_PATHWAY,Mouse genes annotated to HALLMARK_P53_PATHWAY based on orthology mappings provided by the Alliance Genome Consortium,True,
Klf4,p53_response,1,Mouse_MSigDB_native_hallmark,HALLMARK_P53_PATHWAY,2026.1.Mm,http://www.broadinstitute.org/gsea/msigdb/cards/HALLMARK_P53_PATHWAY,Mouse genes annotated to HALLMARK_P53_PATHWAY based on orthology mappings provided by the Alliance Genome Consortium,True,
Klk8,p53_response,1,Mouse_MSigDB_native_hallmark,HALLMARK_P53_PATHWAY,2026.1.Mm,http://www.broadinstitute.org/gsea/msigdb/cards/HALLMARK_P53_PATHWAY,Mouse genes annotated to HALLMARK_P53_PATHWAY based on orthology mappings provided by the Alliance Genome Consortium,True,
Krt17,p53_response,1,Mouse_MSigDB_native_hallmark,HALLMARK_P53_PATHWAY,2026.1.Mm,http://www.broadinstitute.org/gsea/msigdb/cards/HALLMARK_P53_PATHWAY,Mouse genes annotated to HALLMARK_P53_PATHWAY based on orthology mappings provided by the Alliance Genome Consortium,True,
Ldhb,p53_response,1,Mouse_MSigDB_native_hallmark,HALLMARK_P53_PATHWAY,2026.1.Mm,http://www.broadinstitute.org/gsea/msigdb/cards/HALLMARK_P53_PATHWAY,Mouse genes annotated to HALLMARK_P53_PATHWAY based on orthology mappings provided by the Alliance Genome Consortium,True,
Lif,p53_response,1,Mouse_MSigDB_native_hallmark,HALLMARK_P53_PATHWAY,2026.1.Mm,http://www.broadinstitute.org/gsea/msigdb/cards/HALLMARK_P53_PATHWAY,Mouse genes annotated to HALLMARK_P53_PATHWAY based on orthology mappings provided by the Alliance Genome Consortium,True,
Mapkapk3,p53_response,1,Mouse_MSigDB_native_hallmark,HALLMARK_P53_PATHWAY,2026.1.Mm,http://www.broadinstitute.org/gsea/msigdb/cards/HALLMARK_P53_PATHWAY,Mouse genes annotated to HALLMARK_P53_PATHWAY based on orthology mappings provided by the Alliance Genome Consortium,True,
Mdm2,p53_response,1,Mouse_MSigDB_native_hallmark,HALLMARK_P53_PATHWAY,2026.1.Mm,http://www.broadinstitute.org/gsea/msigdb/cards/HALLMARK_P53_PATHWAY,Mouse genes annotated to HALLMARK_P53_PATHWAY based on orthology mappings provided by the Alliance Genome Consortium,True,
Mknk2,p53_response,1,Mouse_MSigDB_native_hallmark,HALLMARK_P53_PATHWAY,2026.1.Mm,http://www.broadinstitute.org/gsea/msigdb/cards/HALLMARK_P53_PATHWAY,Mouse genes annotated to HALLMARK_P53_PATHWAY based on orthology mappings provided by the Alliance Genome Consortium,True,
Mxd1,p53_response,1,Mouse_MSigDB_native_hallmark,HALLMARK_P53_PATHWAY,2026.1.Mm,http://www.broadinstitute.org/gsea/msigdb/cards/HALLMARK_P53_PATHWAY,Mouse genes annotated to HALLMARK_P53_PATHWAY based on orthology mappings provided by the Alliance Genome Consortium,True,
Mxd4,p53_response,1,Mouse_MSigDB_native_hallmark,HALLMARK_P53_PATHWAY,2026.1.Mm,http://www.broadinstitute.org/gsea/msigdb/cards/HALLMARK_P53_PATHWAY,Mouse genes annotated to HALLMARK_P53_PATHWAY based on orthology mappings provided by the Alliance Genome Consortium,True,
Ndrg1,p53_response,1,Mouse_MSigDB_native_hallmark,HALLMARK_P53_PATHWAY,2026.1.Mm,http://www.broadinstitute.org/gsea/msigdb/cards/HALLMARK_P53_PATHWAY,Mouse genes annotated to HALLMARK_P53_PATHWAY based on orthology mappings provided by the Alliance Genome Consortium,True,
Nhlh2,p53_response,1,Mouse_MSigDB_native_hallmark,HALLMARK_P53_PATHWAY,2026.1.Mm,http://www.broadinstitute.org/gsea/msigdb/cards/HALLMARK_P53_PATHWAY,Mouse genes annotated to HALLMARK_P53_PATHWAY based on orthology mappings provided by the Alliance Genome Consortium,True,
Ninj1,p53_response,1,Mouse_MSigDB_native_hallmark,HALLMARK_P53_PATHWAY,2026.1.Mm,http://www.broadinstitute.org/gsea/msigdb/cards/HALLMARK_P53_PATHWAY,Mouse genes annotated to HALLMARK_P53_PATHWAY based on orthology mappings provided by the Alliance Genome Consortium,True,
Nol8,p53_response,1,Mouse_MSigDB_native_hallmark,HALLMARK_P53_PATHWAY,2026.1.Mm,http://www.broadinstitute.org/gsea/msigdb/cards/HALLMARK_P53_PATHWAY,Mouse genes annotated to HALLMARK_P53_PATHWAY based on orthology mappings provided by the Alliance Genome Consortium,True,
Notch1,p53_response,1,Mouse_MSigDB_native_hallmark,HALLMARK_P53_PATHWAY,2026.1.Mm,http://www.broadinstitute.org/gsea/msigdb/cards/HALLMARK_P53_PATHWAY,Mouse genes annotated to HALLMARK_P53_PATHWAY based on orthology mappings provided by the Alliance Genome Consortium,True,
Nudt15,p53_response,1,Mouse_MSigDB_native_hallmark,HALLMARK_P53_PATHWAY,2026.1.Mm,http://www.broadinstitute.org/gsea/msigdb/cards/HALLMARK_P53_PATHWAY,Mouse genes annotated to HALLMARK_P53_PATHWAY based on orthology mappings provided by the Alliance Genome Consortium,True,
Nupr1,p53_response,1,Mouse_MSigDB_native_hallmark,HALLMARK_P53_PATHWAY,2026.1.Mm,http://www.broadinstitute.org/gsea/msigdb/cards/HALLMARK_P53_PATHWAY,Mouse genes annotated to HALLMARK_P53_PATHWAY based on orthology mappings provided by the Alliance Genome Consortium,True,
Osgin1,p53_response,1,Mouse_MSigDB_native_hallmark,HALLMARK_P53_PATHWAY,2026.1.Mm,http://www.broadinstitute.org/gsea/msigdb/cards/HALLMARK_P53_PATHWAY,Mouse genes annotated to HALLMARK_P53_PATHWAY based on orthology mappings provided by the Alliance Genome Consortium,True,
Pcna,p53_response,1,Mouse_MSigDB_native_hallmark,HALLMARK_P53_PATHWAY,2026.1.Mm,http://www.broadinstitute.org/gsea/msigdb/cards/HALLMARK_P53_PATHWAY,Mouse genes annotated to HALLMARK_P53_PATHWAY based on orthology mappings provided by the Alliance Genome Consortium,True,
Pdgfa,p53_response,1,Mouse_MSigDB_native_hallmark,HALLMARK_P53_PATHWAY,2026.1.Mm,http://www.broadinstitute.org/gsea/msigdb/cards/HALLMARK_P53_PATHWAY,Mouse genes annotated to HALLMARK_P53_PATHWAY based on orthology mappings provided by the Alliance Genome Consortium,True,
Perp,p53_response,1,Mouse_MSigDB_native_hallmark,HALLMARK_P53_PATHWAY,2026.1.Mm,http://www.broadinstitute.org/gsea/msigdb/cards/HALLMARK_P53_PATHWAY,Mouse genes annotated to HALLMARK_P53_PATHWAY based on orthology mappings provided by the Alliance Genome Consortium,True,
Phlda3,p53_response,1,Mouse_MSigDB_native_hallmark,HALLMARK_P53_PATHWAY,2026.1.Mm,http://www.broadinstitute.org/gsea/msigdb/cards/HALLMARK_P53_PATHWAY,Mouse genes annotated to HALLMARK_P53_PATHWAY based on orthology mappings provided by the Alliance Genome Consortium,True,
Pidd1,p53_response,1,Mouse_MSigDB_native_hallmark,HALLMARK_P53_PATHWAY,2026.1.Mm,http://www.broadinstitute.org/gsea/msigdb/cards/HALLMARK_P53_PATHWAY,Mouse genes annotated to HALLMARK_P53_PATHWAY based on orthology mappings provided by the Alliance Genome Consortium,True,
Pitpnc1,p53_response,1,Mouse_MSigDB_native_hallmark,HALLMARK_P53_PATHWAY,2026.1.Mm,http://www.broadinstitute.org/gsea/msigdb/cards/HALLMARK_P53_PATHWAY,Mouse genes annotated to HALLMARK_P53_PATHWAY based on orthology mappings provided by the Alliance Genome Consortium,True,
Plk2,p53_response,1,Mouse_MSigDB_native_hallmark,HALLMARK_P53_PATHWAY,2026.1.Mm,http://www.broadinstitute.org/gsea/msigdb/cards/HALLMARK_P53_PATHWAY,Mouse genes annotated to HALLMARK_P53_PATHWAY based on orthology mappings provided by the Alliance Genome Consortium,True,
Plk3,p53_response,1,Mouse_MSigDB_native_hallmark,HALLMARK_P53_PATHWAY,2026.1.Mm,http://www.broadinstitute.org/gsea/msigdb/cards/HALLMARK_P53_PATHWAY,Mouse genes annotated to HALLMARK_P53_PATHWAY based on orthology mappings provided by the Alliance Genome Consortium,True,
Plxnb2,p53_response,1,Mouse_MSigDB_native_hallmark,HALLMARK_P53_PATHWAY,2026.1.Mm,http://www.broadinstitute.org/gsea/msigdb/cards/HALLMARK_P53_PATHWAY,Mouse genes annotated to HALLMARK_P53_PATHWAY based on orthology mappings provided by the Alliance Genome Consortium,True,
Pmm1,p53_response,1,Mouse_MSigDB_native_hallmark,HALLMARK_P53_PATHWAY,2026.1.Mm,http://www.broadinstitute.org/gsea/msigdb/cards/HALLMARK_P53_PATHWAY,Mouse genes annotated to HALLMARK_P53_PATHWAY based on orthology mappings provided by the Alliance Genome Consortium,True,
Polh,p53_response,1,Mouse_MSigDB_native_hallmark,HALLMARK_P53_PATHWAY,2026.1.Mm,http://www.broadinstitute.org/gsea/msigdb/cards/HALLMARK_P53_PATHWAY,Mouse genes annotated to HALLMARK_P53_PATHWAY based on orthology mappings provided by the Alliance Genome Consortium,True,
Pom121,p53_response,1,Mouse_MSigDB_native_hallmark,HALLMARK_P53_PATHWAY,2026.1.Mm,http://www.broadinstitute.org/gsea/msigdb/cards/HALLMARK_P53_PATHWAY,Mouse genes annotated to HALLMARK_P53_PATHWAY based on orthology mappings provided by the Alliance Genome Consortium,True,
Ppm1d,p53_response,1,Mouse_MSigDB_native_hallmark,HALLMARK_P53_PATHWAY,2026.1.Mm,http://www.broadinstitute.org/gsea/msigdb/cards/HALLMARK_P53_PATHWAY,Mouse genes annotated to HALLMARK_P53_PATHWAY based on orthology mappings provided by the Alliance Genome Consortium,True,
Ppp1r15a,p53_response,1,Mouse_MSigDB_native_hallmark,HALLMARK_P53_PATHWAY,2026.1.Mm,http://www.broadinstitute.org/gsea/msigdb/cards/HALLMARK_P53_PATHWAY,Mouse genes annotated to HALLMARK_P53_PATHWAY based on orthology mappings provided by the Alliance Genome Consortium,True,
Prkab1,p53_response,1,Mouse_MSigDB_native_hallmark,HALLMARK_P53_PATHWAY,2026.1.Mm,http://www.broadinstitute.org/gsea/msigdb/cards/HALLMARK_P53_PATHWAY,Mouse genes annotated to HALLMARK_P53_PATHWAY based on orthology mappings provided by the Alliance Genome Consortium,True,
Prmt2,p53_response,1,Mouse_MSigDB_native_hallmark,HALLMARK_P53_PATHWAY,2026.1.Mm,http://www.broadinstitute.org/gsea/msigdb/cards/HALLMARK_P53_PATHWAY,Mouse genes annotated to HALLMARK_P53_PATHWAY based on orthology mappings provided by the Alliance Genome Consortium,True,
Procr,p53_response,1,Mouse_MSigDB_native_hallmark,HALLMARK_P53_PATHWAY,2026.1.Mm,http://www.broadinstitute.org/gsea/msigdb/cards/HALLMARK_P53_PATHWAY,Mouse genes annotated to HALLMARK_P53_PATHWAY based on orthology mappings provided by the Alliance Genome Consortium,True,
Ptpn14,p53_response,1,Mouse_MSigDB_native_hallmark,HALLMARK_P53_PATHWAY,2026.1.Mm,http://www.broadinstitute.org/gsea/msigdb/cards/HALLMARK_P53_PATHWAY,Mouse genes annotated to HALLMARK_P53_PATHWAY based on orthology mappings provided by the Alliance Genome Consortium,True,
Ptpre,p53_response,1,Mouse_MSigDB_native_hallmark,HALLMARK_P53_PATHWAY,2026.1.Mm,http://www.broadinstitute.org/gsea/msigdb/cards/HALLMARK_P53_PATHWAY,Mouse genes annotated to HALLMARK_P53_PATHWAY based on orthology mappings provided by the Alliance Genome Consortium,True,
Pvt1,p53_response,1,Mouse_MSigDB_native_hallmark,HALLMARK_P53_PATHWAY,2026.1.Mm,http://www.broadinstitute.org/gsea/msigdb/cards/HALLMARK_P53_PATHWAY,Mouse genes annotated to HALLMARK_P53_PATHWAY based on orthology mappings provided by the Alliance Genome Consortium,True,
Rab40c,p53_response,1,Mouse_MSigDB_native_hallmark,HALLMARK_P53_PATHWAY,2026.1.Mm,http://www.broadinstitute.org/gsea/msigdb/cards/HALLMARK_P53_PATHWAY,Mouse genes annotated to HALLMARK_P53_PATHWAY based on orthology mappings provided by the Alliance Genome Consortium,True,
Rack1,p53_response,1,Mouse_MSigDB_native_hallmark,HALLMARK_P53_PATHWAY,2026.1.Mm,http://www.broadinstitute.org/gsea/msigdb/cards/HALLMARK_P53_PATHWAY,Mouse genes annotated to HALLMARK_P53_PATHWAY based on orthology mappings provided by the Alliance Genome Consortium,True,
Rad51c,p53_response,1,Mouse_MSigDB_native_hallmark,HALLMARK_P53_PATHWAY,2026.1.Mm,http://www.broadinstitute.org/gsea/msigdb/cards/HALLMARK_P53_PATHWAY,Mouse genes annotated to HALLMARK_P53_PATHWAY based on orthology mappings provided by the Alliance Genome Consortium,True,
Rad9a,p53_response,1,Mouse_MSigDB_native_hallmark,HALLMARK_P53_PATHWAY,2026.1.Mm,http://www.broadinstitute.org/gsea/msigdb/cards/HALLMARK_P53_PATHWAY,Mouse genes annotated to HALLMARK_P53_PATHWAY based on orthology mappings provided by the Alliance Genome Consortium,True,
Ralgds,p53_response,1,Mouse_MSigDB_native_hallmark,HALLMARK_P53_PATHWAY,2026.1.Mm,http://www.broadinstitute.org/gsea/msigdb/cards/HALLMARK_P53_PATHWAY,Mouse genes annotated to HALLMARK_P53_PATHWAY based on orthology mappings provided by the Alliance Genome Consortium,True,
Rap2b,p53_response,1,Mouse_MSigDB_native_hallmark,HALLMARK_P53_PATHWAY,2026.1.Mm,http://www.broadinstitute.org/gsea/msigdb/cards/HALLMARK_P53_PATHWAY,Mouse genes annotated to HALLMARK_P53_PATHWAY based on orthology mappings provided by the Alliance Genome Consortium,True,
Rb1,p53_response,1,Mouse_MSigDB_native_hallmark,HALLMARK_P53_PATHWAY,2026.1.Mm,http://www.broadinstitute.org/gsea/msigdb/cards/HALLMARK_P53_PATHWAY,Mouse genes annotated to HALLMARK_P53_PATHWAY based on orthology mappings provided by the Alliance Genome Consortium,True,
Rchy1,p53_response,1,Mouse_MSigDB_native_hallmark,HALLMARK_P53_PATHWAY,2026.1.Mm,http://www.broadinstitute.org/gsea/msigdb/cards/HALLMARK_P53_PATHWAY,Mouse genes annotated to HALLMARK_P53_PATHWAY based on orthology mappings provided by the Alliance Genome Consortium,True,
Retsat,p53_response,1,Mouse_MSigDB_native_hallmark,HALLMARK_P53_PATHWAY,2026.1.Mm,http://www.broadinstitute.org/gsea/msigdb/cards/HALLMARK_P53_PATHWAY,Mouse genes annotated to HALLMARK_P53_PATHWAY based on orthology mappings provided by the Alliance Genome Consortium,True,
Rgs16,p53_response,1,Mouse_MSigDB_native_hallmark,HALLMARK_P53_PATHWAY,2026.1.Mm,http://www.broadinstitute.org/gsea/msigdb/cards/HALLMARK_P53_PATHWAY,Mouse genes annotated to HALLMARK_P53_PATHWAY based on orthology mappings provided by the Alliance Genome Consortium,True,
Rhbdf2,p53_response,1,Mouse_MSigDB_native_hallmark,HALLMARK_P53_PATHWAY,2026.1.Mm,http://www.broadinstitute.org/gsea/msigdb/cards/HALLMARK_P53_PATHWAY,Mouse genes annotated to HALLMARK_P53_PATHWAY based on orthology mappings provided by the Alliance Genome Consortium,True,
Rnf19b,p53_response,1,Mouse_MSigDB_native_hallmark,HALLMARK_P53_PATHWAY,2026.1.Mm,http://www.broadinstitute.org/gsea/msigdb/cards/HALLMARK_P53_PATHWAY,Mouse genes annotated to HALLMARK_P53_PATHWAY based on orthology mappings provided by the Alliance Genome Consortium,True,
Rpl18,p53_response,1,Mouse_MSigDB_native_hallmark,HALLMARK_P53_PATHWAY,2026.1.Mm,http://www.broadinstitute.org/gsea/msigdb/cards/HALLMARK_P53_PATHWAY,Mouse genes annotated to HALLMARK_P53_PATHWAY based on orthology mappings provided by the Alliance Genome Consortium,False,Predeclared technical/noise gene family
Rpl36,p53_response,1,Mouse_MSigDB_native_hallmark,HALLMARK_P53_PATHWAY,2026.1.Mm,http://www.broadinstitute.org/gsea/msigdb/cards/HALLMARK_P53_PATHWAY,Mouse genes annotated to HALLMARK_P53_PATHWAY based on orthology mappings provided by the Alliance Genome Consortium,False,Predeclared technical/noise gene family
Rps12,p53_response,1,Mouse_MSigDB_native_hallmark,HALLMARK_P53_PATHWAY,2026.1.Mm,http://www.broadinstitute.org/gsea/msigdb/cards/HALLMARK_P53_PATHWAY,Mouse genes annotated to HALLMARK_P53_PATHWAY based on orthology mappings provided by the Alliance Genome Consortium,False,Predeclared technical/noise gene family
Rps27l,p53_response,1,Mouse_MSigDB_native_hallmark,HALLMARK_P53_PATHWAY,2026.1.Mm,http://www.broadinstitute.org/gsea/msigdb/cards/HALLMARK_P53_PATHWAY,Mouse genes annotated to HALLMARK_P53_PATHWAY based on orthology mappings provided by the Alliance Genome Consortium,False,Predeclared technical/noise gene family
Rrad,p53_response,1,Mouse_MSigDB_native_hallmark,HALLMARK_P53_PATHWAY,2026.1.Mm,http://www.broadinstitute.org/gsea/msigdb/cards/HALLMARK_P53_PATHWAY,Mouse genes annotated to HALLMARK_P53_PATHWAY based on orthology mappings provided by the Alliance Genome Consortium,True,
Rrp8,p53_response,1,Mouse_MSigDB_native_hallmark,HALLMARK_P53_PATHWAY,2026.1.Mm,http://www.broadinstitute.org/gsea/msigdb/cards/HALLMARK_P53_PATHWAY,Mouse genes annotated to HALLMARK_P53_PATHWAY based on orthology mappings provided by the Alliance Genome Consortium,True,
Rxra,p53_response,1,Mouse_MSigDB_native_hallmark,HALLMARK_P53_PATHWAY,2026.1.Mm,http://www.broadinstitute.org/gsea/msigdb/cards/HALLMARK_P53_PATHWAY,Mouse genes annotated to HALLMARK_P53_PATHWAY based on orthology mappings provided by the Alliance Genome Consortium,True,
S100a10,p53_response,1,Mouse_MSigDB_native_hallmark,HALLMARK_P53_PATHWAY,2026.1.Mm,http://www.broadinstitute.org/gsea/msigdb/cards/HALLMARK_P53_PATHWAY,Mouse genes annotated to HALLMARK_P53_PATHWAY based on orthology mappings provided by the Alliance Genome Consortium,True,
S100a4,p53_response,1,Mouse_MSigDB_native_hallmark,HALLMARK_P53_PATHWAY,2026.1.Mm,http://www.broadinstitute.org/gsea/msigdb/cards/HALLMARK_P53_PATHWAY,Mouse genes annotated to HALLMARK_P53_PATHWAY based on orthology mappings provided by the Alliance Genome Consortium,True,
Sat1,p53_response,1,Mouse_MSigDB_native_hallmark,HALLMARK_P53_PATHWAY,2026.1.Mm,http://www.broadinstitute.org/gsea/msigdb/cards/HALLMARK_P53_PATHWAY,Mouse genes annotated to HALLMARK_P53_PATHWAY based on orthology mappings provided by the Alliance Genome Consortium,True,
Sdc1,p53_response,1,Mouse_MSigDB_native_hallmark,HALLMARK_P53_PATHWAY,2026.1.Mm,http://www.broadinstitute.org/gsea/msigdb/cards/HALLMARK_P53_PATHWAY,Mouse genes annotated to HALLMARK_P53_PATHWAY based on orthology mappings provided by the Alliance Genome Consortium,True,
Sec61a1,p53_response,1,Mouse_MSigDB_native_hallmark,HALLMARK_P53_PATHWAY,2026.1.Mm,http://www.broadinstitute.org/gsea/msigdb/cards/HALLMARK_P53_PATHWAY,Mouse genes annotated to HALLMARK_P53_PATHWAY based on orthology mappings provided by the Alliance Genome Consortium,True,
Serpinb5,p53_response,1,Mouse_MSigDB_native_hallmark,HALLMARK_P53_PATHWAY,2026.1.Mm,http://www.broadinstitute.org/gsea/msigdb/cards/HALLMARK_P53_PATHWAY,Mouse genes annotated to HALLMARK_P53_PATHWAY based on orthology mappings provided by the Alliance Genome Consortium,True,
Sertad3,p53_response,1,Mouse_MSigDB_native_hallmark,HALLMARK_P53_PATHWAY,2026.1.Mm,http://www.broadinstitute.org/gsea/msigdb/cards/HALLMARK_P53_PATHWAY,Mouse genes annotated to HALLMARK_P53_PATHWAY based on orthology mappings provided by the Alliance Genome Consortium,True,
Sesn1,p53_response,1,Mouse_MSigDB_native_hallmark,HALLMARK_P53_PATHWAY,2026.1.Mm,http://www.broadinstitute.org/gsea/msigdb/cards/HALLMARK_P53_PATHWAY,Mouse genes annotated to HALLMARK_P53_PATHWAY based on orthology mappings provided by the Alliance Genome Consortium,True,
Sfn,p53_response,1,Mouse_MSigDB_native_hallmark,HALLMARK_P53_PATHWAY,2026.1.Mm,http://www.broadinstitute.org/gsea/msigdb/cards/HALLMARK_P53_PATHWAY,Mouse genes annotated to HALLMARK_P53_PATHWAY based on orthology mappings provided by the Alliance Genome Consortium,True,
Slc19a2,p53_response,1,Mouse_MSigDB_native_hallmark,HALLMARK_P53_PATHWAY,2026.1.Mm,http://www.broadinstitute.org/gsea/msigdb/cards/HALLMARK_P53_PATHWAY,Mouse genes annotated to HALLMARK_P53_PATHWAY based on orthology mappings provided by the Alliance Genome Consortium,True,
Slc35d1,p53_response,1,Mouse_MSigDB_native_hallmark,HALLMARK_P53_PATHWAY,2026.1.Mm,http://www.broadinstitute.org/gsea/msigdb/cards/HALLMARK_P53_PATHWAY,Mouse genes annotated to HALLMARK_P53_PATHWAY based on orthology mappings provided by the Alliance Genome Consortium,True,
Slc3a2,p53_response,1,Mouse_MSigDB_native_hallmark,HALLMARK_P53_PATHWAY,2026.1.Mm,http://www.broadinstitute.org/gsea/msigdb/cards/HALLMARK_P53_PATHWAY,Mouse genes annotated to HALLMARK_P53_PATHWAY based on orthology mappings provided by the Alliance Genome Consortium,True,
Slc7a11,p53_response,1,Mouse_MSigDB_native_hallmark,HALLMARK_P53_PATHWAY,2026.1.Mm,http://www.broadinstitute.org/gsea/msigdb/cards/HALLMARK_P53_PATHWAY,Mouse genes annotated to HALLMARK_P53_PATHWAY based on orthology mappings provided by the Alliance Genome Consortium,True,
Socs1,p53_response,1,Mouse_MSigDB_native_hallmark,HALLMARK_P53_PATHWAY,2026.1.Mm,http://www.broadinstitute.org/gsea/msigdb/cards/HALLMARK_P53_PATHWAY,Mouse genes annotated to HALLMARK_P53_PATHWAY based on orthology mappings provided by the Alliance Genome Consortium,True,
Sp1,p53_response,1,Mouse_MSigDB_native_hallmark,HALLMARK_P53_PATHWAY,2026.1.Mm,http://www.broadinstitute.org/gsea/msigdb/cards/HALLMARK_P53_PATHWAY,Mouse genes annotated to HALLMARK_P53_PATHWAY based on orthology mappings provided by the Alliance Genome Consortium,True,
Sphk1,p53_response,1,Mouse_MSigDB_native_hallmark,HALLMARK_P53_PATHWAY,2026.1.Mm,http://www.broadinstitute.org/gsea/msigdb/cards/HALLMARK_P53_PATHWAY,Mouse genes annotated to HALLMARK_P53_PATHWAY based on orthology mappings provided by the Alliance Genome Consortium,True,
St14,p53_response,1,Mouse_MSigDB_native_hallmark,HALLMARK_P53_PATHWAY,2026.1.Mm,http://www.broadinstitute.org/gsea/msigdb/cards/HALLMARK_P53_PATHWAY,Mouse genes annotated to HALLMARK_P53_PATHWAY based on orthology mappings provided by the Alliance Genome Consortium,True,
Steap3,p53_response,1,Mouse_MSigDB_native_hallmark,HALLMARK_P53_PATHWAY,2026.1.Mm,http://www.broadinstitute.org/gsea/msigdb/cards/HALLMARK_P53_PATHWAY,Mouse genes annotated to HALLMARK_P53_PATHWAY based on orthology mappings provided by the Alliance Genome Consortium,True,
Stom,p53_response,1,Mouse_MSigDB_native_hallmark,HALLMARK_P53_PATHWAY,2026.1.Mm,http://www.broadinstitute.org/gsea/msigdb/cards/HALLMARK_P53_PATHWAY,Mouse genes annotated to HALLMARK_P53_PATHWAY based on orthology mappings provided by the Alliance Genome Consortium,True,
Tap1,p53_response,1,Mouse_MSigDB_native_hallmark,HALLMARK_P53_PATHWAY,2026.1.Mm,http://www.broadinstitute.org/gsea/msigdb/cards/HALLMARK_P53_PATHWAY,Mouse genes annotated to HALLMARK_P53_PATHWAY based on orthology mappings provided by the Alliance Genome Consortium,True,
Tax1bp3,p53_response,1,Mouse_MSigDB_native_hallmark,HALLMARK_P53_PATHWAY,2026.1.Mm,http://www.broadinstitute.org/gsea/msigdb/cards/HALLMARK_P53_PATHWAY,Mouse genes annotated to HALLMARK_P53_PATHWAY based on orthology mappings provided by the Alliance Genome Consortium,True,
Tchh,p53_response,1,Mouse_MSigDB_native_hallmark,HALLMARK_P53_PATHWAY,2026.1.Mm,http://www.broadinstitute.org/gsea/msigdb/cards/HALLMARK_P53_PATHWAY,Mouse genes annotated to HALLMARK_P53_PATHWAY based on orthology mappings provided by the Alliance Genome Consortium,True,
Tcn2,p53_response,1,Mouse_MSigDB_native_hallmark,HALLMARK_P53_PATHWAY,2026.1.Mm,http://www.broadinstitute.org/gsea/msigdb/cards/HALLMARK_P53_PATHWAY,Mouse genes annotated to HALLMARK_P53_PATHWAY based on orthology mappings provided by the Alliance Genome Consortium,True,
Tgfa,p53_response,1,Mouse_MSigDB_native_hallmark,HALLMARK_P53_PATHWAY,2026.1.Mm,http://www.broadinstitute.org/gsea/msigdb/cards/HALLMARK_P53_PATHWAY,Mouse genes annotated to HALLMARK_P53_PATHWAY based on orthology mappings provided by the Alliance Genome Consortium,True,
Tgfb1,p53_response,1,Mouse_MSigDB_native_hallmark,HALLMARK_P53_PATHWAY,2026.1.Mm,http://www.broadinstitute.org/gsea/msigdb/cards/HALLMARK_P53_PATHWAY,Mouse genes annotated to HALLMARK_P53_PATHWAY based on orthology mappings provided by the Alliance Genome Consortium,True,
Tm4sf1,p53_response,1,Mouse_MSigDB_native_hallmark,HALLMARK_P53_PATHWAY,2026.1.Mm,http://www.broadinstitute.org/gsea/msigdb/cards/HALLMARK_P53_PATHWAY,Mouse genes annotated to HALLMARK_P53_PATHWAY based on orthology mappings provided by the Alliance Genome Consortium,True,
Tm7sf3,p53_response,1,Mouse_MSigDB_native_hallmark,HALLMARK_P53_PATHWAY,2026.1.Mm,http://www.broadinstitute.org/gsea/msigdb/cards/HALLMARK_P53_PATHWAY,Mouse genes annotated to HALLMARK_P53_PATHWAY based on orthology mappings provided by the Alliance Genome Consortium,True,
Tnfsf9,p53_response,1,Mouse_MSigDB_native_hallmark,HALLMARK_P53_PATHWAY,2026.1.Mm,http://www.broadinstitute.org/gsea/msigdb/cards/HALLMARK_P53_PATHWAY,Mouse genes annotated to HALLMARK_P53_PATHWAY based on orthology mappings provided by the Alliance Genome Consortium,True,
Tnni1,p53_response,1,Mouse_MSigDB_native_hallmark,HALLMARK_P53_PATHWAY,2026.1.Mm,http://www.broadinstitute.org/gsea/msigdb/cards/HALLMARK_P53_PATHWAY,Mouse genes annotated to HALLMARK_P53_PATHWAY based on orthology mappings provided by the Alliance Genome Consortium,True,
Tob1,p53_response,1,Mouse_MSigDB_native_hallmark,HALLMARK_P53_PATHWAY,2026.1.Mm,http://www.broadinstitute.org/gsea/msigdb/cards/HALLMARK_P53_PATHWAY,Mouse genes annotated to HALLMARK_P53_PATHWAY based on orthology mappings provided by the Alliance Genome Consortium,True,
Tpd52l1,p53_response,1,Mouse_MSigDB_native_hallmark,HALLMARK_P53_PATHWAY,2026.1.Mm,http://www.broadinstitute.org/gsea/msigdb/cards/HALLMARK_P53_PATHWAY,Mouse genes annotated to HALLMARK_P53_PATHWAY based on orthology mappings provided by the Alliance Genome Consortium,True,
Tprkb,p53_response,1,Mouse_MSigDB_native_hallmark,HALLMARK_P53_PATHWAY,2026.1.Mm,http://www.broadinstitute.org/gsea/msigdb/cards/HALLMARK_P53_PATHWAY,Mouse genes annotated to HALLMARK_P53_PATHWAY based on orthology mappings provided by the Alliance Genome Consortium,True,
Traf4,p53_response,1,Mouse_MSigDB_native_hallmark,HALLMARK_P53_PATHWAY,2026.1.Mm,http://www.broadinstitute.org/gsea/msigdb/cards/HALLMARK_P53_PATHWAY,Mouse genes annotated to HALLMARK_P53_PATHWAY based on orthology mappings provided by the Alliance Genome Consortium,True,
Trafd1,p53_response,1,Mouse_MSigDB_native_hallmark,HALLMARK_P53_PATHWAY,2026.1.Mm,http://www.broadinstitute.org/gsea/msigdb/cards/HALLMARK_P53_PATHWAY,Mouse genes annotated to HALLMARK_P53_PATHWAY based on orthology mappings provided by the Alliance Genome Consortium,True,
Triap1,p53_response,1,Mouse_MSigDB_native_hallmark,HALLMARK_P53_PATHWAY,2026.1.Mm,http://www.broadinstitute.org/gsea/msigdb/cards/HALLMARK_P53_PATHWAY,Mouse genes annotated to HALLMARK_P53_PATHWAY based on orthology mappings provided by the Alliance Genome Consortium,True,
Trib3,p53_response,1,Mouse_MSigDB_native_hallmark,HALLMARK_P53_PATHWAY,2026.1.Mm,http://www.broadinstitute.org/gsea/msigdb/cards/HALLMARK_P53_PATHWAY,Mouse genes annotated to HALLMARK_P53_PATHWAY based on orthology mappings provided by the Alliance Genome Consortium,True,
Trp53,p53_response,1,Mouse_MSigDB_native_hallmark,HALLMARK_P53_PATHWAY,2026.1.Mm,http://www.broadinstitute.org/gsea/msigdb/cards/HALLMARK_P53_PATHWAY,Mouse genes annotated to HALLMARK_P53_PATHWAY based on orthology mappings provided by the Alliance Genome Consortium,True,
Trp63,p53_response,1,Mouse_MSigDB_native_hallmark,HALLMARK_P53_PATHWAY,2026.1.Mm,http://www.broadinstitute.org/gsea/msigdb/cards/HALLMARK_P53_PATHWAY,Mouse genes annotated to HALLMARK_P53_PATHWAY based on orthology mappings provided by the Alliance Genome Consortium,True,
Tsc22d1,p53_response,1,Mouse_MSigDB_native_hallmark,HALLMARK_P53_PATHWAY,2026.1.Mm,http://www.broadinstitute.org/gsea/msigdb/cards/HALLMARK_P53_PATHWAY,Mouse genes annotated to HALLMARK_P53_PATHWAY based on orthology mappings provided by the Alliance Genome Consortium,True,
Tspyl2,p53_response,1,Mouse_MSigDB_native_hallmark,HALLMARK_P53_PATHWAY,2026.1.Mm,http://www.broadinstitute.org/gsea/msigdb/cards/HALLMARK_P53_PATHWAY,Mouse genes annotated to HALLMARK_P53_PATHWAY based on orthology mappings provided by the Alliance Genome Consortium,True,
Txnip,p53_response,1,Mouse_MSigDB_native_hallmark,HALLMARK_P53_PATHWAY,2026.1.Mm,http://www.broadinstitute.org/gsea/msigdb/cards/HALLMARK_P53_PATHWAY,Mouse genes annotated to HALLMARK_P53_PATHWAY based on orthology mappings provided by the Alliance Genome Consortium,True,
Upp1,p53_response,1,Mouse_MSigDB_native_hallmark,HALLMARK_P53_PATHWAY,2026.1.Mm,http://www.broadinstitute.org/gsea/msigdb/cards/HALLMARK_P53_PATHWAY,Mouse genes annotated to HALLMARK_P53_PATHWAY based on orthology mappings provided by the Alliance Genome Consortium,True,
Vamp8,p53_response,1,Mouse_MSigDB_native_hallmark,HALLMARK_P53_PATHWAY,2026.1.Mm,http://www.broadinstitute.org/gsea/msigdb/cards/HALLMARK_P53_PATHWAY,Mouse genes annotated to HALLMARK_P53_PATHWAY based on orthology mappings provided by the Alliance Genome Consortium,True,
Vdr,p53_response,1,Mouse_MSigDB_native_hallmark,HALLMARK_P53_PATHWAY,2026.1.Mm,http://www.broadinstitute.org/gsea/msigdb/cards/HALLMARK_P53_PATHWAY,Mouse genes annotated to HALLMARK_P53_PATHWAY based on orthology mappings provided by the Alliance Genome Consortium,True,
Vwa5a,p53_response,1,Mouse_MSigDB_native_hallmark,HALLMARK_P53_PATHWAY,2026.1.Mm,http://www.broadinstitute.org/gsea/msigdb/cards/HALLMARK_P53_PATHWAY,Mouse genes annotated to HALLMARK_P53_PATHWAY based on orthology mappings provided by the Alliance Genome Consortium,True,
Wrap73,p53_response,1,Mouse_MSigDB_native_hallmark,HALLMARK_P53_PATHWAY,2026.1.Mm,http://www.broadinstitute.org/gsea/msigdb/cards/HALLMARK_P53_PATHWAY,Mouse genes annotated to HALLMARK_P53_PATHWAY based on orthology mappings provided by the Alliance Genome Consortium,True,
Wwp1,p53_response,1,Mouse_MSigDB_native_hallmark,HALLMARK_P53_PATHWAY,2026.1.Mm,http://www.broadinstitute.org/gsea/msigdb/cards/HALLMARK_P53_PATHWAY,Mouse genes annotated to HALLMARK_P53_PATHWAY based on orthology mappings provided by the Alliance Genome Consortium,True,
Xpc,p53_response,1,Mouse_MSigDB_native_hallmark,HALLMARK_P53_PATHWAY,2026.1.Mm,http://www.broadinstitute.org/gsea/msigdb/cards/HALLMARK_P53_PATHWAY,Mouse genes annotated to HALLMARK_P53_PATHWAY based on orthology mappings provided by the Alliance Genome Consortium,True,
Zbtb16,p53_response,1,Mouse_MSigDB_native_hallmark,HALLMARK_P53_PATHWAY,2026.1.Mm,http://www.broadinstitute.org/gsea/msigdb/cards/HALLMARK_P53_PATHWAY,Mouse genes annotated to HALLMARK_P53_PATHWAY based on orthology mappings provided by the Alliance Genome Consortium,True,
Zfp365,p53_response,1,Mouse_MSigDB_native_hallmark,HALLMARK_P53_PATHWAY,2026.1.Mm,http://www.broadinstitute.org/gsea/msigdb/cards/HALLMARK_P53_PATHWAY,Mouse genes annotated to HALLMARK_P53_PATHWAY based on orthology mappings provided by the Alliance Genome Consortium,True,
Zfp36l1,p53_response,1,Mouse_MSigDB_native_hallmark,HALLMARK_P53_PATHWAY,2026.1.Mm,http://www.broadinstitute.org/gsea/msigdb/cards/HALLMARK_P53_PATHWAY,Mouse genes annotated to HALLMARK_P53_PATHWAY based on orthology mappings provided by the Alliance Genome Consortium,True,
Zmat3,p53_response,1,Mouse_MSigDB_native_hallmark,HALLMARK_P53_PATHWAY,2026.1.Mm,http://www.broadinstitute.org/gsea/msigdb/cards/HALLMARK_P53_PATHWAY,Mouse genes annotated to HALLMARK_P53_PATHWAY based on orthology mappings provided by the Alliance Genome Consortium,True,
Dppa2,reprogramming_pluripotency,1,primary_literature,PMID_23827708,Faddah_2013,https://pubmed.ncbi.nlm.nih.gov/23827708/,Mouse embryonic-stem-cell pluripotency marker.,True,
Dppa4,reprogramming_pluripotency,1,curated_candidate,legacy_candidate_v0,reviewed_2026_07,,Plausible developmental-pluripotency marker retained only for audit.,False,Not directly supported by the selected frozen v1 sources
Esrrb,reprogramming_pluripotency,1,primary_literature,PMID_23827708,Faddah_2013,https://pubmed.ncbi.nlm.nih.gov/23827708/,Mouse embryonic-stem-cell pluripotency marker.,True,
Klf2,reprogramming_pluripotency,1,primary_literature,PMID_23827708,Faddah_2013,https://pubmed.ncbi.nlm.nih.gov/23827708/,Mouse embryonic-stem-cell pluripotency-network marker.,True,
Klf4,reprogramming_pluripotency,1,primary_literature,DOI_10.1016_j.cels.2022.05.002,Roux_2022,https://doi.org/10.1016/j.cels.2022.05.002,Core SOKM factor used in the target partial-reprogramming experiment.,True,
Lin28a,reprogramming_pluripotency,1,primary_literature,PMID_23827708,Faddah_2013,https://pubmed.ncbi.nlm.nih.gov/23827708/,Mouse embryonic-stem-cell pluripotency marker.,True,
Myc,reprogramming_pluripotency,1,primary_literature,DOI_10.1016_j.cels.2022.05.002,Roux_2022,https://doi.org/10.1016/j.cels.2022.05.002,Core SOKM factor used in the target partial-reprogramming experiment.,True,
Nanog,reprogramming_pluripotency,1,primary_literature,PMID_23827708,Faddah_2013,https://pubmed.ncbi.nlm.nih.gov/23827708/,Core mouse embryonic-stem-cell pluripotency-network marker.,True,
Pou5f1,reprogramming_pluripotency,1,primary_literature,DOI_10.1016_j.cels.2022.05.002,Roux_2022,https://doi.org/10.1016/j.cels.2022.05.002,Core SOKM factor used in the target partial-reprogramming experiment.,True,
Prdm14,reprogramming_pluripotency,1,curated_candidate,legacy_candidate_v0,reviewed_2026_07,,Plausible epigenetic-resetting marker retained only for audit.,False,Not directly supported by the selected frozen v1 sources
Sall4,reprogramming_pluripotency,1,primary_literature,PMID_19060217,Yang_2008,https://pubmed.ncbi.nlm.nih.gov/19060217/,Experimentally characterized regulator of murine embryonic-stem-cell pluripotency.,True,
Sox2,reprogramming_pluripotency,1,primary_literature,DOI_10.1016_j.cels.2022.05.002,Roux_2022,https://doi.org/10.1016/j.cels.2022.05.002,Core SOKM factor used in the target partial-reprogramming experiment.,True,
Tdgf1,reprogramming_pluripotency,1,curated_candidate,legacy_candidate_v0,reviewed_2026_07,,Plausible pluripotency-associated marker retained only for audit.,False,Not directly supported by the selected frozen v1 sources
Tet1,reprogramming_pluripotency,1,primary_literature,PMID_23827708,Faddah_2013,https://pubmed.ncbi.nlm.nih.gov/23827708/,Mouse embryonic-stem-cell pluripotency-network marker.,True,
Utf1,reprogramming_pluripotency,1,primary_literature,PMID_23827708,Faddah_2013,https://pubmed.ncbi.nlm.nih.gov/23827708/,Mouse embryonic-stem-cell pluripotency marker.,True,
Zfp42,reprogramming_pluripotency,1,primary_literature,PMID_23827708,Faddah_2013,https://pubmed.ncbi.nlm.nih.gov/23827708/,Mouse embryonic-stem-cell pluripotency marker.,True,
Acvr1b,senmayo_senescence_sasp,1,Mouse_MSigDB_native_curated,SAUL_SEN_MAYO,2026.1.Mm,,Genes upregulated in senescent cells: Senescence-associated secretory phenotype (SASP).,True,
Ang,senmayo_senescence_sasp,1,Mouse_MSigDB_native_curated,SAUL_SEN_MAYO,2026.1.Mm,,Genes upregulated in senescent cells: Senescence-associated secretory phenotype (SASP).,True,
Angpt1,senmayo_senescence_sasp,1,Mouse_MSigDB_native_curated,SAUL_SEN_MAYO,2026.1.Mm,,Genes upregulated in senescent cells: Senescence-associated secretory phenotype (SASP).,True,
Angptl4,senmayo_senescence_sasp,1,Mouse_MSigDB_native_curated,SAUL_SEN_MAYO,2026.1.Mm,,Genes upregulated in senescent cells: Senescence-associated secretory phenotype (SASP).,True,
Areg,senmayo_senescence_sasp,1,Mouse_MSigDB_native_curated,SAUL_SEN_MAYO,2026.1.Mm,,Genes upregulated in senescent cells: Senescence-associated secretory phenotype (SASP).,True,
Axl,senmayo_senescence_sasp,1,Mouse_MSigDB_native_curated,SAUL_SEN_MAYO,2026.1.Mm,,Genes upregulated in senescent cells: Senescence-associated secretory phenotype (SASP).,True,
Bex3,senmayo_senescence_sasp,1,Mouse_MSigDB_native_curated,SAUL_SEN_MAYO,2026.1.Mm,,Genes upregulated in senescent cells: Senescence-associated secretory phenotype (SASP).,True,
Bmp2,senmayo_senescence_sasp,1,Mouse_MSigDB_native_curated,SAUL_SEN_MAYO,2026.1.Mm,,Genes upregulated in senescent cells: Senescence-associated secretory phenotype (SASP).,True,
Bmp6,senmayo_senescence_sasp,1,Mouse_MSigDB_native_curated,SAUL_SEN_MAYO,2026.1.Mm,,Genes upregulated in senescent cells: Senescence-associated secretory phenotype (SASP).,True,
C3,senmayo_senescence_sasp,1,Mouse_MSigDB_native_curated,SAUL_SEN_MAYO,2026.1.Mm,,Genes upregulated in senescent cells: Senescence-associated secretory phenotype (SASP).,True,
Ccl1,senmayo_senescence_sasp,1,Mouse_MSigDB_native_curated,SAUL_SEN_MAYO,2026.1.Mm,,Genes upregulated in senescent cells: Senescence-associated secretory phenotype (SASP).,True,
Ccl2,senmayo_senescence_sasp,1,Mouse_MSigDB_native_curated,SAUL_SEN_MAYO,2026.1.Mm,,Genes upregulated in senescent cells: Senescence-associated secretory phenotype (SASP).,True,
Ccl20,senmayo_senescence_sasp,1,Mouse_MSigDB_native_curated,SAUL_SEN_MAYO,2026.1.Mm,,Genes upregulated in senescent cells: Senescence-associated secretory phenotype (SASP).,True,
Ccl24,senmayo_senescence_sasp,1,Mouse_MSigDB_native_curated,SAUL_SEN_MAYO,2026.1.Mm,,Genes upregulated in senescent cells: Senescence-associated secretory phenotype (SASP).,True,
Ccl26,senmayo_senescence_sasp,1,Mouse_MSigDB_native_curated,SAUL_SEN_MAYO,2026.1.Mm,,Genes upregulated in senescent cells: Senescence-associated secretory phenotype (SASP).,True,
Ccl3,senmayo_senescence_sasp,1,Mouse_MSigDB_native_curated,SAUL_SEN_MAYO,2026.1.Mm,,Genes upregulated in senescent cells: Senescence-associated secretory phenotype (SASP).,True,
Ccl4,senmayo_senescence_sasp,1,Mouse_MSigDB_native_curated,SAUL_SEN_MAYO,2026.1.Mm,,Genes upregulated in senescent cells: Senescence-associated secretory phenotype (SASP).,True,
Ccl5,senmayo_senescence_sasp,1,Mouse_MSigDB_native_curated,SAUL_SEN_MAYO,2026.1.Mm,,Genes upregulated in senescent cells: Senescence-associated secretory phenotype (SASP).,True,
Ccl7,senmayo_senescence_sasp,1,Mouse_MSigDB_native_curated,SAUL_SEN_MAYO,2026.1.Mm,,Genes upregulated in senescent cells: Senescence-associated secretory phenotype (SASP).,True,
Ccl8,senmayo_senescence_sasp,1,Mouse_MSigDB_native_curated,SAUL_SEN_MAYO,2026.1.Mm,,Genes upregulated in senescent cells: Senescence-associated secretory phenotype (SASP).,True,
Cd55,senmayo_senescence_sasp,1,Mouse_MSigDB_native_curated,SAUL_SEN_MAYO,2026.1.Mm,,Genes upregulated in senescent cells: Senescence-associated secretory phenotype (SASP).,True,
Cd9,senmayo_senescence_sasp,1,Mouse_MSigDB_native_curated,SAUL_SEN_MAYO,2026.1.Mm,,Genes upregulated in senescent cells: Senescence-associated secretory phenotype (SASP).,True,
Csf1,senmayo_senescence_sasp,1,Mouse_MSigDB_native_curated,SAUL_SEN_MAYO,2026.1.Mm,,Genes upregulated in senescent cells: Senescence-associated secretory phenotype (SASP).,True,
Csf2,senmayo_senescence_sasp,1,Mouse_MSigDB_native_curated,SAUL_SEN_MAYO,2026.1.Mm,,Genes upregulated in senescent cells: Senescence-associated secretory phenotype (SASP).,True,
Csf2rb,senmayo_senescence_sasp,1,Mouse_MSigDB_native_curated,SAUL_SEN_MAYO,2026.1.Mm,,Genes upregulated in senescent cells: Senescence-associated secretory phenotype (SASP).,True,
Ctnnb1,senmayo_senescence_sasp,1,Mouse_MSigDB_native_curated,SAUL_SEN_MAYO,2026.1.Mm,,Genes upregulated in senescent cells: Senescence-associated secretory phenotype (SASP).,True,
Ctsb,senmayo_senescence_sasp,1,Mouse_MSigDB_native_curated,SAUL_SEN_MAYO,2026.1.Mm,,Genes upregulated in senescent cells: Senescence-associated secretory phenotype (SASP).,True,
Cxcl1,senmayo_senescence_sasp,1,Mouse_MSigDB_native_curated,SAUL_SEN_MAYO,2026.1.Mm,,Genes upregulated in senescent cells: Senescence-associated secretory phenotype (SASP).,True,
Cxcl10,senmayo_senescence_sasp,1,Mouse_MSigDB_native_curated,SAUL_SEN_MAYO,2026.1.Mm,,Genes upregulated in senescent cells: Senescence-associated secretory phenotype (SASP).,True,
Cxcl12,senmayo_senescence_sasp,1,Mouse_MSigDB_native_curated,SAUL_SEN_MAYO,2026.1.Mm,,Genes upregulated in senescent cells: Senescence-associated secretory phenotype (SASP).,True,
Cxcl16,senmayo_senescence_sasp,1,Mouse_MSigDB_native_curated,SAUL_SEN_MAYO,2026.1.Mm,,Genes upregulated in senescent cells: Senescence-associated secretory phenotype (SASP).,True,
Cxcl2,senmayo_senescence_sasp,1,Mouse_MSigDB_native_curated,SAUL_SEN_MAYO,2026.1.Mm,,Genes upregulated in senescent cells: Senescence-associated secretory phenotype (SASP).,True,
Cxcl3,senmayo_senescence_sasp,1,Mouse_MSigDB_native_curated,SAUL_SEN_MAYO,2026.1.Mm,,Genes upregulated in senescent cells: Senescence-associated secretory phenotype (SASP).,True,
Cxcr2,senmayo_senescence_sasp,1,Mouse_MSigDB_native_curated,SAUL_SEN_MAYO,2026.1.Mm,,Genes upregulated in senescent cells: Senescence-associated secretory phenotype (SASP).,True,
Dkk1,senmayo_senescence_sasp,1,Mouse_MSigDB_native_curated,SAUL_SEN_MAYO,2026.1.Mm,,Genes upregulated in senescent cells: Senescence-associated secretory phenotype (SASP).,True,
Edn1,senmayo_senescence_sasp,1,Mouse_MSigDB_native_curated,SAUL_SEN_MAYO,2026.1.Mm,,Genes upregulated in senescent cells: Senescence-associated secretory phenotype (SASP).,True,
Egf,senmayo_senescence_sasp,1,Mouse_MSigDB_native_curated,SAUL_SEN_MAYO,2026.1.Mm,,Genes upregulated in senescent cells: Senescence-associated secretory phenotype (SASP).,True,
Egfr,senmayo_senescence_sasp,1,Mouse_MSigDB_native_curated,SAUL_SEN_MAYO,2026.1.Mm,,Genes upregulated in senescent cells: Senescence-associated secretory phenotype (SASP).,True,
Ereg,senmayo_senescence_sasp,1,Mouse_MSigDB_native_curated,SAUL_SEN_MAYO,2026.1.Mm,,Genes upregulated in senescent cells: Senescence-associated secretory phenotype (SASP).,True,
Esm1,senmayo_senescence_sasp,1,Mouse_MSigDB_native_curated,SAUL_SEN_MAYO,2026.1.Mm,,Genes upregulated in senescent cells: Senescence-associated secretory phenotype (SASP).,True,
Ets2,senmayo_senescence_sasp,1,Mouse_MSigDB_native_curated,SAUL_SEN_MAYO,2026.1.Mm,,Genes upregulated in senescent cells: Senescence-associated secretory phenotype (SASP).,True,
Fas,senmayo_senescence_sasp,1,Mouse_MSigDB_native_curated,SAUL_SEN_MAYO,2026.1.Mm,,Genes upregulated in senescent cells: Senescence-associated secretory phenotype (SASP).,True,
Fgf1,senmayo_senescence_sasp,1,Mouse_MSigDB_native_curated,SAUL_SEN_MAYO,2026.1.Mm,,Genes upregulated in senescent cells: Senescence-associated secretory phenotype (SASP).,True,
Fgf2,senmayo_senescence_sasp,1,Mouse_MSigDB_native_curated,SAUL_SEN_MAYO,2026.1.Mm,,Genes upregulated in senescent cells: Senescence-associated secretory phenotype (SASP).,True,
Fgf7,senmayo_senescence_sasp,1,Mouse_MSigDB_native_curated,SAUL_SEN_MAYO,2026.1.Mm,,Genes upregulated in senescent cells: Senescence-associated secretory phenotype (SASP).,True,
Gdf15,senmayo_senescence_sasp,1,Mouse_MSigDB_native_curated,SAUL_SEN_MAYO,2026.1.Mm,,Genes upregulated in senescent cells: Senescence-associated secretory phenotype (SASP).,True,
Gem,senmayo_senescence_sasp,1,Mouse_MSigDB_native_curated,SAUL_SEN_MAYO,2026.1.Mm,,Genes upregulated in senescent cells: Senescence-associated secretory phenotype (SASP).,True,
Gmfg,senmayo_senescence_sasp,1,Mouse_MSigDB_native_curated,SAUL_SEN_MAYO,2026.1.Mm,,Genes upregulated in senescent cells: Senescence-associated secretory phenotype (SASP).,True,
Hgf,senmayo_senescence_sasp,1,Mouse_MSigDB_native_curated,SAUL_SEN_MAYO,2026.1.Mm,,Genes upregulated in senescent cells: Senescence-associated secretory phenotype (SASP).,True,
Hmgb1,senmayo_senescence_sasp,1,Mouse_MSigDB_native_curated,SAUL_SEN_MAYO,2026.1.Mm,,Genes upregulated in senescent cells: Senescence-associated secretory phenotype (SASP).,True,
Icam1,senmayo_senescence_sasp,1,Mouse_MSigDB_native_curated,SAUL_SEN_MAYO,2026.1.Mm,,Genes upregulated in senescent cells: Senescence-associated secretory phenotype (SASP).,True,
Icam5,senmayo_senescence_sasp,1,Mouse_MSigDB_native_curated,SAUL_SEN_MAYO,2026.1.Mm,,Genes upregulated in senescent cells: Senescence-associated secretory phenotype (SASP).,True,
Igf1,senmayo_senescence_sasp,1,Mouse_MSigDB_native_curated,SAUL_SEN_MAYO,2026.1.Mm,,Genes upregulated in senescent cells: Senescence-associated secretory phenotype (SASP).,True,
Igfbp1,senmayo_senescence_sasp,1,Mouse_MSigDB_native_curated,SAUL_SEN_MAYO,2026.1.Mm,,Genes upregulated in senescent cells: Senescence-associated secretory phenotype (SASP).,True,
Igfbp2,senmayo_senescence_sasp,1,Mouse_MSigDB_native_curated,SAUL_SEN_MAYO,2026.1.Mm,,Genes upregulated in senescent cells: Senescence-associated secretory phenotype (SASP).,True,
Igfbp3,senmayo_senescence_sasp,1,Mouse_MSigDB_native_curated,SAUL_SEN_MAYO,2026.1.Mm,,Genes upregulated in senescent cells: Senescence-associated secretory phenotype (SASP).,True,
Igfbp4,senmayo_senescence_sasp,1,Mouse_MSigDB_native_curated,SAUL_SEN_MAYO,2026.1.Mm,,Genes upregulated in senescent cells: Senescence-associated secretory phenotype (SASP).,True,
Igfbp5,senmayo_senescence_sasp,1,Mouse_MSigDB_native_curated,SAUL_SEN_MAYO,2026.1.Mm,,Genes upregulated in senescent cells: Senescence-associated secretory phenotype (SASP).,True,
Igfbp6,senmayo_senescence_sasp,1,Mouse_MSigDB_native_curated,SAUL_SEN_MAYO,2026.1.Mm,,Genes upregulated in senescent cells: Senescence-associated secretory phenotype (SASP).,True,
Igfbp7,senmayo_senescence_sasp,1,Mouse_MSigDB_native_curated,SAUL_SEN_MAYO,2026.1.Mm,,Genes upregulated in senescent cells: Senescence-associated secretory phenotype (SASP).,True,
Il10,senmayo_senescence_sasp,1,Mouse_MSigDB_native_curated,SAUL_SEN_MAYO,2026.1.Mm,,Genes upregulated in senescent cells: Senescence-associated secretory phenotype (SASP).,True,
Il13,senmayo_senescence_sasp,1,Mouse_MSigDB_native_curated,SAUL_SEN_MAYO,2026.1.Mm,,Genes upregulated in senescent cells: Senescence-associated secretory phenotype (SASP).,True,
Il15,senmayo_senescence_sasp,1,Mouse_MSigDB_native_curated,SAUL_SEN_MAYO,2026.1.Mm,,Genes upregulated in senescent cells: Senescence-associated secretory phenotype (SASP).,True,
Il18,senmayo_senescence_sasp,1,Mouse_MSigDB_native_curated,SAUL_SEN_MAYO,2026.1.Mm,,Genes upregulated in senescent cells: Senescence-associated secretory phenotype (SASP).,True,
Il1a,senmayo_senescence_sasp,1,Mouse_MSigDB_native_curated,SAUL_SEN_MAYO,2026.1.Mm,,Genes upregulated in senescent cells: Senescence-associated secretory phenotype (SASP).,True,
Il1b,senmayo_senescence_sasp,1,Mouse_MSigDB_native_curated,SAUL_SEN_MAYO,2026.1.Mm,,Genes upregulated in senescent cells: Senescence-associated secretory phenotype (SASP).,True,
Il2,senmayo_senescence_sasp,1,Mouse_MSigDB_native_curated,SAUL_SEN_MAYO,2026.1.Mm,,Genes upregulated in senescent cells: Senescence-associated secretory phenotype (SASP).,True,
Il6,senmayo_senescence_sasp,1,Mouse_MSigDB_native_curated,SAUL_SEN_MAYO,2026.1.Mm,,Genes upregulated in senescent cells: Senescence-associated secretory phenotype (SASP).,True,
Il6st,senmayo_senescence_sasp,1,Mouse_MSigDB_native_curated,SAUL_SEN_MAYO,2026.1.Mm,,Genes upregulated in senescent cells: Senescence-associated secretory phenotype (SASP).,True,
Il7,senmayo_senescence_sasp,1,Mouse_MSigDB_native_curated,SAUL_SEN_MAYO,2026.1.Mm,,Genes upregulated in senescent cells: Senescence-associated secretory phenotype (SASP).,True,
Inha,senmayo_senescence_sasp,1,Mouse_MSigDB_native_curated,SAUL_SEN_MAYO,2026.1.Mm,,Genes upregulated in senescent cells: Senescence-associated secretory phenotype (SASP).,True,
Iqgap2,senmayo_senescence_sasp,1,Mouse_MSigDB_native_curated,SAUL_SEN_MAYO,2026.1.Mm,,Genes upregulated in senescent cells: Senescence-associated secretory phenotype (SASP).,True,
Itga2,senmayo_senescence_sasp,1,Mouse_MSigDB_native_curated,SAUL_SEN_MAYO,2026.1.Mm,,Genes upregulated in senescent cells: Senescence-associated secretory phenotype (SASP).,True,
Itpka,senmayo_senescence_sasp,1,Mouse_MSigDB_native_curated,SAUL_SEN_MAYO,2026.1.Mm,,Genes upregulated in senescent cells: Senescence-associated secretory phenotype (SASP).,True,
Jun,senmayo_senescence_sasp,1,Mouse_MSigDB_native_curated,SAUL_SEN_MAYO,2026.1.Mm,,Genes upregulated in senescent cells: Senescence-associated secretory phenotype (SASP).,True,
Kitl,senmayo_senescence_sasp,1,Mouse_MSigDB_native_curated,SAUL_SEN_MAYO,2026.1.Mm,,Genes upregulated in senescent cells: Senescence-associated secretory phenotype (SASP).,True,
Lcp1,senmayo_senescence_sasp,1,Mouse_MSigDB_native_curated,SAUL_SEN_MAYO,2026.1.Mm,,Genes upregulated in senescent cells: Senescence-associated secretory phenotype (SASP).,True,
Mif,senmayo_senescence_sasp,1,Mouse_MSigDB_native_curated,SAUL_SEN_MAYO,2026.1.Mm,,Genes upregulated in senescent cells: Senescence-associated secretory phenotype (SASP).,True,
Mmp10,senmayo_senescence_sasp,1,Mouse_MSigDB_native_curated,SAUL_SEN_MAYO,2026.1.Mm,,Genes upregulated in senescent cells: Senescence-associated secretory phenotype (SASP).,True,
Mmp12,senmayo_senescence_sasp,1,Mouse_MSigDB_native_curated,SAUL_SEN_MAYO,2026.1.Mm,,Genes upregulated in senescent cells: Senescence-associated secretory phenotype (SASP).,True,
Mmp13,senmayo_senescence_sasp,1,Mouse_MSigDB_native_curated,SAUL_SEN_MAYO,2026.1.Mm,,Genes upregulated in senescent cells: Senescence-associated secretory phenotype (SASP).,True,
Mmp14,senmayo_senescence_sasp,1,Mouse_MSigDB_native_curated,SAUL_SEN_MAYO,2026.1.Mm,,Genes upregulated in senescent cells: Senescence-associated secretory phenotype (SASP).,True,
Mmp2,senmayo_senescence_sasp,1,Mouse_MSigDB_native_curated,SAUL_SEN_MAYO,2026.1.Mm,,Genes upregulated in senescent cells: Senescence-associated secretory phenotype (SASP).,True,
Mmp3,senmayo_senescence_sasp,1,Mouse_MSigDB_native_curated,SAUL_SEN_MAYO,2026.1.Mm,,Genes upregulated in senescent cells: Senescence-associated secretory phenotype (SASP).,True,
Mmp9,senmayo_senescence_sasp,1,Mouse_MSigDB_native_curated,SAUL_SEN_MAYO,2026.1.Mm,,Genes upregulated in senescent cells: Senescence-associated secretory phenotype (SASP).,True,
Nap1l4,senmayo_senescence_sasp,1,Mouse_MSigDB_native_curated,SAUL_SEN_MAYO,2026.1.Mm,,Genes upregulated in senescent cells: Senescence-associated secretory phenotype (SASP).,True,
Nrg1,senmayo_senescence_sasp,1,Mouse_MSigDB_native_curated,SAUL_SEN_MAYO,2026.1.Mm,,Genes upregulated in senescent cells: Senescence-associated secretory phenotype (SASP).,True,
Pappa,senmayo_senescence_sasp,1,Mouse_MSigDB_native_curated,SAUL_SEN_MAYO,2026.1.Mm,,Genes upregulated in senescent cells: Senescence-associated secretory phenotype (SASP).,True,
Pecam1,senmayo_senescence_sasp,1,Mouse_MSigDB_native_curated,SAUL_SEN_MAYO,2026.1.Mm,,Genes upregulated in senescent cells: Senescence-associated secretory phenotype (SASP).,True,
Pgf,senmayo_senescence_sasp,1,Mouse_MSigDB_native_curated,SAUL_SEN_MAYO,2026.1.Mm,,Genes upregulated in senescent cells: Senescence-associated secretory phenotype (SASP).,True,
Pigf,senmayo_senescence_sasp,1,Mouse_MSigDB_native_curated,SAUL_SEN_MAYO,2026.1.Mm,,Genes upregulated in senescent cells: Senescence-associated secretory phenotype (SASP).,True,
Plat,senmayo_senescence_sasp,1,Mouse_MSigDB_native_curated,SAUL_SEN_MAYO,2026.1.Mm,,Genes upregulated in senescent cells: Senescence-associated secretory phenotype (SASP).,True,
Plau,senmayo_senescence_sasp,1,Mouse_MSigDB_native_curated,SAUL_SEN_MAYO,2026.1.Mm,,Genes upregulated in senescent cells: Senescence-associated secretory phenotype (SASP).,True,
Plaur,senmayo_senescence_sasp,1,Mouse_MSigDB_native_curated,SAUL_SEN_MAYO,2026.1.Mm,,Genes upregulated in senescent cells: Senescence-associated secretory phenotype (SASP).,True,
Ptbp1,senmayo_senescence_sasp,1,Mouse_MSigDB_native_curated,SAUL_SEN_MAYO,2026.1.Mm,,Genes upregulated in senescent cells: Senescence-associated secretory phenotype (SASP).,True,
Ptger2,senmayo_senescence_sasp,1,Mouse_MSigDB_native_curated,SAUL_SEN_MAYO,2026.1.Mm,,Genes upregulated in senescent cells: Senescence-associated secretory phenotype (SASP).,True,
Ptges,senmayo_senescence_sasp,1,Mouse_MSigDB_native_curated,SAUL_SEN_MAYO,2026.1.Mm,,Genes upregulated in senescent cells: Senescence-associated secretory phenotype (SASP).,True,
Rps6ka5,senmayo_senescence_sasp,1,Mouse_MSigDB_native_curated,SAUL_SEN_MAYO,2026.1.Mm,,Genes upregulated in senescent cells: Senescence-associated secretory phenotype (SASP).,False,Predeclared technical/noise gene family
Scamp4,senmayo_senescence_sasp,1,Mouse_MSigDB_native_curated,SAUL_SEN_MAYO,2026.1.Mm,,Genes upregulated in senescent cells: Senescence-associated secretory phenotype (SASP).,True,
Selplg,senmayo_senescence_sasp,1,Mouse_MSigDB_native_curated,SAUL_SEN_MAYO,2026.1.Mm,,Genes upregulated in senescent cells: Senescence-associated secretory phenotype (SASP).,True,
Sema3f,senmayo_senescence_sasp,1,Mouse_MSigDB_native_curated,SAUL_SEN_MAYO,2026.1.Mm,,Genes upregulated in senescent cells: Senescence-associated secretory phenotype (SASP).,True,
Serpinb3c,senmayo_senescence_sasp,1,Mouse_MSigDB_native_curated,SAUL_SEN_MAYO,2026.1.Mm,,Genes upregulated in senescent cells: Senescence-associated secretory phenotype (SASP).,True,
Serpine1,senmayo_senescence_sasp,1,Mouse_MSigDB_native_curated,SAUL_SEN_MAYO,2026.1.Mm,,Genes upregulated in senescent cells: Senescence-associated secretory phenotype (SASP).,True,
Serpine2,senmayo_senescence_sasp,1,Mouse_MSigDB_native_curated,SAUL_SEN_MAYO,2026.1.Mm,,Genes upregulated in senescent cells: Senescence-associated secretory phenotype (SASP).,True,
Spp1,senmayo_senescence_sasp,1,Mouse_MSigDB_native_curated,SAUL_SEN_MAYO,2026.1.Mm,,Genes upregulated in senescent cells: Senescence-associated secretory phenotype (SASP).,True,
Spx,senmayo_senescence_sasp,1,Mouse_MSigDB_native_curated,SAUL_SEN_MAYO,2026.1.Mm,,Genes upregulated in senescent cells: Senescence-associated secretory phenotype (SASP).,True,
Timp2,senmayo_senescence_sasp,1,Mouse_MSigDB_native_curated,SAUL_SEN_MAYO,2026.1.Mm,,Genes upregulated in senescent cells: Senescence-associated secretory phenotype (SASP).,True,
Tnf,senmayo_senescence_sasp,1,Mouse_MSigDB_native_curated,SAUL_SEN_MAYO,2026.1.Mm,,Genes upregulated in senescent cells: Senescence-associated secretory phenotype (SASP).,True,
Tnfrsf11b,senmayo_senescence_sasp,1,Mouse_MSigDB_native_curated,SAUL_SEN_MAYO,2026.1.Mm,,Genes upregulated in senescent cells: Senescence-associated secretory phenotype (SASP).,True,
Tnfrsf1a,senmayo_senescence_sasp,1,Mouse_MSigDB_native_curated,SAUL_SEN_MAYO,2026.1.Mm,,Genes upregulated in senescent cells: Senescence-associated secretory phenotype (SASP).,True,
Tnfrsf1b,senmayo_senescence_sasp,1,Mouse_MSigDB_native_curated,SAUL_SEN_MAYO,2026.1.Mm,,Genes upregulated in senescent cells: Senescence-associated secretory phenotype (SASP).,True,
Tubgcp2,senmayo_senescence_sasp,1,Mouse_MSigDB_native_curated,SAUL_SEN_MAYO,2026.1.Mm,,Genes upregulated in senescent cells: Senescence-associated secretory phenotype (SASP).,True,
Vegfa,senmayo_senescence_sasp,1,Mouse_MSigDB_native_curated,SAUL_SEN_MAYO,2026.1.Mm,,Genes upregulated in senescent cells: Senescence-associated secretory phenotype (SASP).,True,
Vegfc,senmayo_senescence_sasp,1,Mouse_MSigDB_native_curated,SAUL_SEN_MAYO,2026.1.Mm,,Genes upregulated in senescent cells: Senescence-associated secretory phenotype (SASP).,True,
Vgf,senmayo_senescence_sasp,1,Mouse_MSigDB_native_curated,SAUL_SEN_MAYO,2026.1.Mm,,Genes upregulated in senescent cells: Senescence-associated secretory phenotype (SASP).,True,
Wnt16,senmayo_senescence_sasp,1,Mouse_MSigDB_native_curated,SAUL_SEN_MAYO,2026.1.Mm,,Genes upregulated in senescent cells: Senescence-associated secretory phenotype (SASP).,True,
Wnt2,senmayo_senescence_sasp,1,Mouse_MSigDB_native_curated,SAUL_SEN_MAYO,2026.1.Mm,,Genes upregulated in senescent cells: Senescence-associated secretory phenotype (SASP).,True,
