cell_id,youth_score,predicted_age_months,model_id,gene_overlap,qc_status
AAACCTGCAGCGTAAG-1-14-0-0,0.2104687973421302,20.04408,gene_signature,1.0,pass
AAACCTGGTAGCTTGT-1-14-0-0,0.09779242839935365,14.265234,gene_signature,1.0,pass
AAAGCAAGTCTGGTCG-1-14-0-0,0.08179222437007187,12.814672,gene_signature,1.0,pass
AAAGTAGGTGGACGAT-1-14-0-0,0.17804565507657114,17.241186,gene_signature,1.0,pass
AACACGTGTCTTGTCC-1-14-0-0,0.09054424519575284,20.45145,gene_signature,1.0,pass
AACCATGGTCTGCGGT-1-14-0-0,0.22124530615594504,17.05139,gene_signature,1.0,pass
AACCATGTCCTTTCTC-1-14-0-0,0.04761149396487756,20.520035,gene_signature,1.0,pass
AACCGCGGTTCGAATC-1-14-0-0,0.022344213020011258,12.763872,gene_signature,1.0,pass
AACTCCCCAGTTCATG-1-14-0-0,0.04559718923225348,15.819737,gene_signature,1.0,pass
AACTCTTCAGACACTT-1-14-0-0,0.07368762623608016,15.098323,gene_signature,1.0,pass
AACTGGTCAGCATGAG-1-14-0-0,0.26067083453215656,12.785277,gene_signature,1.0,pass
AACTTTCAGTTGAGAT-1-14-0-0,0.05055156480745462,14.727966,gene_signature,1.0,pass
AAGACCTCATCACGAT-1-14-0-0,0.029221230136269344,15.75087,gene_signature,1.0,pass
AAGTCTGCATCGACGC-1-14-0-0,0.23769763746877248,21.569126,gene_signature,1.0,pass
AATCGGTTCCTAGAAC-1-14-0-0,0.14535244547860912,21.177006,gene_signature,1.0,pass
AATCGGTTCGGTGTTA-1-14-0-0,0.5776499050261652,14.60071,gene_signature,1.0,pass
ACACCAATCATCGGAT-1-14-0-0,0.27997999483160685,14.7719555,gene_signature,1.0,pass
ACAGCTATCACATAGC-1-14-0-0,0.022422476906535038,22.200321,gene_signature,1.0,pass
ACATACGAGATCTGAA-1-14-0-0,0.6557293926309908,12.445943,gene_signature,1.0,pass
ACATACGCATTCACTT-1-14-0-0,0.03812315946155463,17.812279,gene_signature,1.0,pass
ACCAGTAAGCTCAACT-1-14-0-0,0.006438394640745043,21.635616,gene_signature,1.0,pass
ACCAGTACACTGCCAG-1-14-0-0,0.2329390688996263,21.681438,gene_signature,1.0,pass
ACCAGTAGTCTCAACA-1-14-0-0,0.07382724282548025,13.815923,gene_signature,1.0,pass
ACCCACTAGACGCAAC-1-14-0-0,0.23361943902164478,22.158255,gene_signature,1.0,pass
ACCGTAAAGGGTGTTG-1-14-0-0,0.04687965104684928,19.211512,gene_signature,1.0,pass
ACCGTAACACGGTAAG-1-14-0-0,0.1396682442603319,15.48015,gene_signature,1.0,pass
ACCGTAATCGTACGGC-1-14-0-0,0.025468171234228086,19.901043,gene_signature,1.0,pass
ACCTTTACAAGGACAC-1-14-0-0,0.21749982946568985,15.237895,gene_signature,1.0,pass
ACGAGGACACACAGAG-1-14-0-0,0.07499989523273173,16.633924,gene_signature,1.0,pass
ACGATACAGAAGGCCT-1-14-0-0,0.3578620208097532,18.47691,gene_signature,1.0,pass
ACGATACTCCCGGATG-1-14-0-0,0.05861802261314194,20.313383,gene_signature,1.0,pass
ACGATGTAGCGGATCA-1-14-0-0,0.043864500140312984,18.327898,gene_signature,1.0,pass
ACGGAGAAGGCATGTG-1-14-0-0,0.12297126281336226,15.096298,gene_signature,1.0,pass
ACGGCCAAGCGCCTTG-1-14-0-0,0.46149471780913426,10.680655,gene_signature,1.0,pass
ACGGCCACATATGCTG-1-14-0-0,0.05991367895575485,11.276592,gene_signature,1.0,pass
ACTGATGTCGTACGGC-1-14-0-0,0.15153728674512457,14.030528,gene_signature,1.0,pass
ACTGCTCTCATAAAGG-1-14-0-0,0.14846085799978437,16.740612,gene_signature,1.0,pass
ACTTACTCAATCACAC-1-14-0-0,0.025090228238387004,14.667394,gene_signature,1.0,pass
ACTTACTCATTCTTAC-1-14-0-0,0.10034040703840816,21.9,gene_signature,1.0,pass
AGACGTTGTAGCTAAA-1-14-0-0,0.11072031862719381,10.976564,gene_signature,1.0,pass
AGAGCTTGTCGTTGTA-1-14-0-0,0.05613011475581221,20.541819,gene_signature,1.0,pass
AGAGTGGTCGCCTGAG-1-14-0-0,0.010918521052096371,13.438688,gene_signature,1.0,pass
AGATTGCTCGACAGCC-1-14-0-0,0.10418291483514208,20.025053,gene_signature,1.0,pass
AGATTGCTCTCTGAGA-1-14-0-0,0.6739427730078715,18.051414,gene_signature,1.0,pass
AGCAGCCGTATTCGTG-1-14-0-0,0.10154849416557317,14.316956,gene_signature,1.0,pass
AGCGTCGGTCCGTTAA-1-14-0-0,0.18134357512685564,21.545376,gene_signature,1.0,pass
AGCGTCGTCCATGAAC-1-14-0-0,0.7750808482948277,13.152275,gene_signature,1.0,pass
AGCTCCTGTGCAACTT-1-14-0-0,0.08791067086935409,15.801378,gene_signature,1.0,pass
AGCTCCTTCCACGCAG-1-14-0-0,0.46364461320612743,13.230017,gene_signature,1.0,pass
AGCTCTCAGTGACATA-1-14-0-0,0.013632537245769401,10.370034,gene_signature,1.0,pass
AGCTCTCCAATTGCTG-1-14-0-0,0.05730207579781471,9.661888,gene_signature,1.0,pass
AGCTTGAAGGCATTGG-1-14-0-0,0.45998483691211733,14.00159,gene_signature,1.0,pass
AGCTTGAAGTGAAGAG-1-14-0-0,0.022104080367224825,15.700554,gene_signature,1.0,pass
AGCTTGACAAAGCGGT-1-14-0-0,0.26967826697963776,18.465141,gene_signature,1.0,pass
AGCTTGACAGTGAGTG-1-14-0-0,0.021907592728595406,16.472565,gene_signature,1.0,pass
AGGCCACTCCACGTGG-1-14-0-0,0.5394818281575195,16.387217,gene_signature,1.0,pass
AGGCCGTGTGGTAACG-1-14-0-0,0.707406240923412,11.502322,gene_signature,1.0,pass
AGGCCGTGTTGCGTTA-1-14-0-0,0.11589214404679829,14.583476,gene_signature,1.0,pass
AGGGAGTTCCCAGGTG-1-14-0-0,0.15726247780437047,11.883318,gene_signature,1.0,pass
AGGGAGTTCGGAAACG-1-14-0-0,0.6018765749771401,10.710076,gene_signature,1.0,pass
AGGTCATTCTTTAGTC-1-14-0-0,0.08706147890449636,18.879208,gene_signature,1.0,pass
AGGTCCGCAATGCCAT-1-14-0-0,0.045271765040558715,17.241013,gene_signature,1.0,pass
AGTAGTCCACTGTCGG-1-14-0-0,0.15419576580142275,15.397824,gene_signature,1.0,pass
AGTGGGAGTATTACCG-1-14-0-0,0.05333357877987247,13.031871,gene_signature,1.0,pass
AGTGTCACACGGTTTA-1-14-0-0,0.11295936815736055,13.238469,gene_signature,1.0,pass
AGTGTCAGTCGCCATG-1-14-0-0,0.06622067201993154,21.135159,gene_signature,1.0,pass
ATAAGAGTCAGGCCCA-1-14-0-0,0.032044827174178524,14.831652,gene_signature,1.0,pass
ATCACGACAAAGTGCG-1-14-0-0,0.019909938915103113,20.075756,gene_signature,1.0,pass
ATCGAGTTCAGCTCGG-1-14-0-0,0.052128695958473706,18.908981,gene_signature,1.0,pass
ATCTACTAGACCCACC-1-14-0-0,0.37586453789839347,14.354808,gene_signature,1.0,pass
ATCTGCCAGCTTCGCG-1-14-0-0,0.15469762398203354,12.804285,gene_signature,1.0,pass
ATGAGGGCAAGGTGTG-1-14-0-0,0.09609164560606513,16.090874,gene_signature,1.0,pass
ATGAGGGTCTGATTCT-1-14-0-0,0.18549908026100076,9.299506,gene_signature,1.0,pass
ATGGGAGCAGCTTCGG-1-14-0-0,0.18945121575341173,21.561144,gene_signature,1.0,pass
ATGTGTGCAAAGAATC-1-14-0-0,0.351021013561736,15.970526,gene_signature,1.0,pass
ATTACTCCACTGCCAG-1-14-0-0,0.3539624294350292,21.103302,gene_signature,1.0,pass
ATTATCCGTCTCTTTA-1-14-0-0,0.006729279771599051,20.284771,gene_signature,1.0,pass
ATTCTACGTAGGACAC-1-14-0-0,0.17603805322707644,17.126049,gene_signature,1.0,pass
ATTGGACAGCTGCGAA-1-14-0-0,0.4046607465719722,21.029583,gene_signature,1.0,pass
ATTGGACTCCCATTAT-1-14-0-0,0.05808365955023161,14.47728,gene_signature,1.0,pass
ATTGGTGGTAGCACGA-1-14-0-0,0.25417513705666017,10.712915,gene_signature,1.0,pass
CAACCTCAGCAAATCA-1-14-0-0,0.15658465726931983,13.519651,gene_signature,1.0,pass
CAAGAAAAGCTTCGCG-1-14-0-0,0.02753819184306818,15.889621,gene_signature,1.0,pass
CAAGATCAGTACGCCC-1-14-0-0,0.4798560887251263,7.318363,gene_signature,1.0,pass
CAAGGCCGTTTAGCTG-1-14-0-0,0.1943295262601435,19.08477,gene_signature,1.0,pass
CAAGTTGAGAGCTTCT-1-14-0-0,0.23930088566702995,15.169719,gene_signature,1.0,pass
CAAGTTGAGCCGGTAA-1-14-0-0,0.05662974370132188,13.1165285,gene_signature,1.0,pass
CACACCTCAGATAATG-1-14-0-0,0.4092846775537974,13.190962,gene_signature,1.0,pass
CACACCTTCTGGCGTG-1-14-0-0,0.3471170661077026,12.727205,gene_signature,1.0,pass
CACAGGCTCCATGAGT-1-14-0-0,0.09841653048892092,16.677204,gene_signature,1.0,pass
CACAGGCTCCGTACAA-1-14-0-0,0.0769009872651126,12.430593,gene_signature,1.0,pass
CACCTTGGTTTCCACC-1-14-0-0,0.42284413008960503,12.016159,gene_signature,1.0,pass
CACTCCACAACGCACC-1-14-0-0,0.03550568774267858,21.784924,gene_signature,1.0,pass
CAGAGAGAGTACGTAA-1-14-0-0,0.05124828641796096,9.739032,gene_signature,1.0,pass
CAGATCATCCGCAAGC-1-14-0-0,0.060761194458525514,15.666985,gene_signature,1.0,pass
CAGATCATCCGCGCAA-1-14-0-0,0.14580320808886454,12.495372,gene_signature,1.0,pass
CAGCCGAGTCATATGC-1-14-0-0,0.17114013052247282,15.958814,gene_signature,1.0,pass
CAGCGACTCACTTATC-1-14-0-0,0.5871692694939905,12.3306675,gene_signature,1.0,pass
CAGCGACTCAGTTTGG-1-14-0-0,0.25517252465676654,11.125567,gene_signature,1.0,pass
CAGCGACTCCAGTAGT-1-14-0-0,0.020317950079966514,21.73486,gene_signature,1.0,pass
CAGCTAAAGTGGTCCC-1-14-0-0,0.19277153359467217,20.35054,gene_signature,1.0,pass
CAGCTGGGTCGAGATG-1-14-0-0,0.03128165228744477,13.8073635,gene_signature,1.0,pass
CAGGTGCAGGCGACAT-1-14-0-0,0.20872869960323398,9.870449,gene_signature,1.0,pass
CAGTAACAGCAGACTG-1-14-0-0,0.17265938491489025,8.285456,gene_signature,1.0,pass
CAGTAACAGGTGCAAC-1-14-0-0,0.40170331151107297,10.694033,gene_signature,1.0,pass
CAGTAACTCTCAACTT-1-14-0-0,0.22559565445496207,11.591968,gene_signature,1.0,pass
CAGTCCTCAGATGGCA-1-14-0-0,0.3088650240317172,15.197764,gene_signature,1.0,pass
CATCAAGAGACAATAC-1-14-0-0,0.11140446108035813,20.768099,gene_signature,1.0,pass
CATCAGATCATACGGT-1-14-0-0,0.01521541178523073,20.352268,gene_signature,1.0,pass
CATCCACCATGTAAGA-1-14-0-0,0.009072572571495692,14.476926,gene_signature,1.0,pass
CATTCGCCAGACAAGC-1-14-0-0,0.2819448204025251,9.260112,gene_signature,1.0,pass
CCAATCCAGCCTATGT-1-14-0-0,0.011945571814407464,20.546064,gene_signature,1.0,pass
CCACGGAGTGACTCAT-1-14-0-0,0.38610067008429133,13.273727,gene_signature,1.0,pass
CCACTACGTACAGACG-1-14-0-0,0.20253346293494076,12.673975,gene_signature,1.0,pass
CCATGTCCACAGAGGT-1-14-0-0,0.479580696671853,15.214989,gene_signature,1.0,pass
CCATGTCGTACCGCTG-1-14-0-0,0.5646668479764353,8.01425,gene_signature,1.0,pass
CCCAATCAGGAACTGC-1-14-0-0,0.19499556352328112,16.215881,gene_signature,1.0,pass
CCCTCCTCATCGACGC-1-14-0-0,0.14505804899486868,12.231047,gene_signature,1.0,pass
CCGGTAGTCATGGTCA-1-14-0-0,0.6942992849690304,15.792224,gene_signature,1.0,pass
CCGTACTGTCTTTCAT-1-14-0-0,0.014307876991576613,17.458698,gene_signature,1.0,pass
CCGTGGAGTACTCTCC-1-14-0-0,0.022557576724743202,8.103977,gene_signature,1.0,pass
CCTAAAGTCGTCGTTC-1-14-0-0,0.490266187484961,16.04378,gene_signature,1.0,pass
CCTAGCTTCCACTGGG-1-14-0-0,0.058018586417012796,14.379007,gene_signature,1.0,pass
CCTTCCCCAGGGAGAG-1-14-0-0,0.23389071541880607,14.805768,gene_signature,1.0,pass
CCTTCGAGTACCCAAT-1-14-0-0,0.5994917536233807,8.821667,gene_signature,1.0,pass
CCTTCGATCCTAGTGA-1-14-0-0,0.08161975162031791,21.238028,gene_signature,1.0,pass
CGAATGTTCAAGAAGT-1-14-0-0,0.05280155047254807,18.982738,gene_signature,1.0,pass
CGACCTTAGACCTTTG-1-14-0-0,0.5674636656295984,11.293152,gene_signature,1.0,pass
CGACCTTAGAGGTTGC-1-14-0-0,0.2909726564634326,18.266085,gene_signature,1.0,pass
CGACCTTAGTAGCCGA-1-14-0-0,0.1322876236838298,16.718658,gene_signature,1.0,pass
CGACTTCCAATGGTCT-1-14-0-0,0.4053718631858613,17.578535,gene_signature,1.0,pass
CGAGAAGGTACTTCTT-1-14-0-0,0.027469380134771525,20.64531,gene_signature,1.0,pass
CGAGCACAGCAGATCG-1-14-0-0,0.017131727105729515,20.856586,gene_signature,1.0,pass
CGAGCACGTAGCGTCC-1-14-0-0,0.1666018894268771,11.218741,gene_signature,1.0,pass
CGAGCACGTGTTCTTT-1-14-0-0,0.09708310183193905,12.435796,gene_signature,1.0,pass
CGAGCCAGTAGGGTAC-1-14-0-0,0.09079261281199048,21.279535,gene_signature,1.0,pass
CGAGCCATCGCCCTTA-1-14-0-0,0.3021765574707825,17.96349,gene_signature,1.0,pass
CGATCGGCATGCCACG-1-14-0-0,0.3276269370369385,13.358708,gene_signature,1.0,pass
CGATCGGGTGACTACT-1-14-0-0,0.11304932639219663,14.888867,gene_signature,1.0,pass
CGATCGGGTTCGAATC-1-14-0-0,0.21064850284125955,15.968971,gene_signature,1.0,pass
CGATGGCAGCAGGTCA-1-14-0-0,0.3507344043576355,14.39548,gene_signature,1.0,pass
CGCGTTTAGAGGTAGA-1-14-0-0,0.01025832010935664,18.165594,gene_signature,1.0,pass
CGCGTTTAGCGTCAAG-1-14-0-0,0.11982960837007506,14.701075,gene_signature,1.0,pass
CGCGTTTTCATAAAGG-1-14-0-0,0.4044012659184313,18.094757,gene_signature,1.0,pass
CGCTGGAGTAAACGCG-1-14-0-0,0.020888528847302808,13.361319,gene_signature,1.0,pass
CGGACACCAAGTCTAC-1-14-0-0,0.34924264202154387,14.399866,gene_signature,1.0,pass
CGGACGTTCGCGTTTC-1-14-0-0,0.09174961183706475,21.729588,gene_signature,1.0,pass
CGGCTAGGTGATGTCT-1-14-0-0,0.09349552780584038,18.400778,gene_signature,1.0,pass
CGTCACTAGCACAGGT-1-14-0-0,0.18692458213966026,16.524874,gene_signature,1.0,pass
CGTCACTTCAGAGCTT-1-14-0-0,0.6215074596513264,11.223496,gene_signature,1.0,pass
CGTCAGGGTCAATGTC-1-14-0-0,0.10689971394384565,11.244557,gene_signature,1.0,pass
CGTCAGGTCGACGGAA-1-14-0-0,0.23285759179300003,15.08082,gene_signature,1.0,pass
CGTCCATTCTGCGTAA-1-14-0-0,0.02314229317879881,18.44778,gene_signature,1.0,pass
CGTCTACTCTTACCTA-1-14-0-0,0.10961945098277906,11.439625,gene_signature,1.0,pass
CGTGTCTAGCTACCGC-1-14-0-0,0.175504312075227,16.853588,gene_signature,1.0,pass
CGTTAGATCCCATTAT-1-14-0-0,0.05102574477265729,15.293101,gene_signature,1.0,pass
CGTTCTGGTTCCGTCT-1-14-0-0,0.4420017737413451,14.245921,gene_signature,1.0,pass
CGTTCTGTCTTGTCAT-1-14-0-0,0.20857920302434488,21.640812,gene_signature,1.0,pass
CTAAGACTCGCTTGTC-1-14-0-0,0.17137928848904443,11.560525,gene_signature,1.0,pass
CTACACCAGGCTAGAC-1-14-0-0,0.14410743581056432,12.392401,gene_signature,1.0,pass
CTACACCCAATGACCT-1-14-0-0,0.018580580772563606,20.427273,gene_signature,1.0,pass
CTACATTTCTTGACGA-1-14-0-0,0.12434935281591226,14.362869,gene_signature,1.0,pass
CTACCCACAGCTTAAC-1-14-0-0,0.237783789146269,19.134241,gene_signature,1.0,pass
CTAGAGTTCCTGTACC-1-14-0-0,0.2576881106411013,17.091509,gene_signature,1.0,pass
CTCACACTCCAATGGT-1-14-0-0,0.16625805685830064,17.454872,gene_signature,1.0,pass
CTCACACTCTAAGCCA-1-14-0-0,0.17005242622205366,20.284971,gene_signature,1.0,pass
CTCAGAAAGAAGGCCT-1-14-0-0,0.07790418164206189,11.74328,gene_signature,1.0,pass
CTCAGAAAGCCCTAAT-1-14-0-0,0.7488602936828123,12.582035,gene_signature,1.0,pass
CTCGAGGCAGCTCGCA-1-14-0-0,0.12585354420904385,14.225082,gene_signature,1.0,pass
CTCGAGGGTATTAGCC-1-14-0-0,0.14284566318519684,21.904387,gene_signature,1.0,pass
CTCGTCAGTTCAGGCC-1-14-0-0,0.19954835734245874,20.772774,gene_signature,1.0,pass
CTCTAATTCAGCGACC-1-14-0-0,0.048883521051511954,20.65829,gene_signature,1.0,pass
CTCTGGTTCGCCAGCA-1-14-0-0,0.27201876505942807,9.994318,gene_signature,1.0,pass
CTGAAGTTCAAACCAC-1-14-0-0,0.17858231661198468,17.722633,gene_signature,1.0,pass
CTGATCCAGAGAGCTC-1-14-0-0,0.07757374942192871,15.251083,gene_signature,1.0,pass
CTGCCTAAGAATGTGT-1-14-0-0,0.007237951846414946,16.825047,gene_signature,1.0,pass
CTGCTGTTCAGGTAAA-1-14-0-0,0.14116713714745294,20.478739,gene_signature,1.0,pass
CTGGTCTAGTACGACG-1-14-0-0,0.3840856634015598,14.787134,gene_signature,1.0,pass
CTGGTCTGTACGAAAT-1-14-0-0,0.1592136150793314,10.206969,gene_signature,1.0,pass
CTGGTCTGTGTGACCC-1-14-0-0,0.11068284116998853,12.889847,gene_signature,1.0,pass
CTGTGCTTCTGGTATG-1-14-0-0,0.01878733468186409,19.956314,gene_signature,1.0,pass
CTGTTTAAGATGCCAG-1-14-0-0,0.47240189909048225,12.081324,gene_signature,1.0,pass
CTGTTTAAGGTAGCTG-1-14-0-0,0.10888483899086017,8.412376,gene_signature,1.0,pass
CTGTTTATCCCTGACT-1-14-0-0,0.04156498068456566,19.198166,gene_signature,1.0,pass
CTGTTTATCGTTGCCT-1-14-0-0,0.4116189264916856,10.883293,gene_signature,1.0,pass
CTTAGGACATACCATG-1-14-0-0,0.3983966855394647,14.579512,gene_signature,1.0,pass
CTTGGCTAGTGCGATG-1-14-0-0,0.15610170884742514,15.810718,gene_signature,1.0,pass
CTTGGCTCATATACCG-1-14-0-0,0.03799176817637736,19.359085,gene_signature,1.0,pass
CTTGGCTTCCAGTATG-1-14-0-0,0.11033726760648196,15.61367,gene_signature,1.0,pass
CTTGGCTTCGGTTAAC-1-14-0-0,0.16686887369418268,13.650876,gene_signature,1.0,pass
GAAACTCCAGCCTATA-1-14-0-0,0.0633225735426202,11.624633,gene_signature,1.0,pass
GAAACTCTCCAGGGCT-1-14-0-0,0.02402731137037269,21.315441,gene_signature,1.0,pass
GAAACTCTCCCTAATT-1-14-0-0,0.015076770458440211,16.1056,gene_signature,1.0,pass
GAAATGAGTCAGCTAT-1-14-0-0,0.11935183854022513,17.061413,gene_signature,1.0,pass
GAACATCAGCTAACAA-1-14-0-0,0.15726302053509192,7.6683226,gene_signature,1.0,pass
GAACGGATCAGAAATG-1-14-0-0,0.4034607245223475,17.998882,gene_signature,1.0,pass
GACACGCTCTGTTGAG-1-14-0-0,0.5100246545123888,13.743467,gene_signature,1.0,pass
GACAGAGGTACCTACA-1-14-0-0,0.29897184920760833,16.444622,gene_signature,1.0,pass
GACAGAGTCGCAGGCT-1-14-0-0,0.4457903251192918,15.022177,gene_signature,1.0,pass
GACCAATTCATGGTCA-1-14-0-0,0.039305933684640394,13.125224,gene_signature,1.0,pass
GACCTGGCAAAGTGCG-1-14-0-0,0.08556680520850823,10.9401655,gene_signature,1.0,pass
GACGGCTGTGGGTATG-1-14-0-0,0.10664758240428907,21.352123,gene_signature,1.0,pass
GACTAACAGAATTCCC-1-14-0-0,0.229042627097086,15.410588,gene_signature,1.0,pass
GACTAACTCCTGCTTG-1-14-0-0,0.054253178905168266,21.048714,gene_signature,1.0,pass
GACTACACATTGTGCA-1-14-0-0,0.4005934886769168,6.327156,gene_signature,1.0,pass
GACTGCGAGATAGGAG-1-14-0-0,0.11644958315431449,12.141888,gene_signature,1.0,pass
GAGCAGAAGGAATGGA-1-14-0-0,0.0809884688879244,11.305453,gene_signature,1.0,pass
GAGCAGAGTGACCAAG-1-14-0-0,0.08357118496893698,14.552376,gene_signature,1.0,pass
GAGGTGACAGACAGGT-1-14-0-0,0.042249219752634085,21.911192,gene_signature,1.0,pass
GAGTCCGAGACAGAGA-1-14-0-0,0.03266982328806557,19.89812,gene_signature,1.0,pass
GATCAGTAGGCTACGA-1-14-0-0,0.019788679884397437,15.044612,gene_signature,1.0,pass
GATCAGTCATCCTAGA-1-14-0-0,0.18868902251120273,19.323456,gene_signature,1.0,pass
GATCAGTGTTCCACAA-1-14-0-0,0.5039262327746707,15.184262,gene_signature,1.0,pass
GATCGCGGTGTGGCTC-1-14-0-0,0.1987946105690504,21.9595,gene_signature,1.0,pass
GATCGCGTCCTTGCCA-1-14-0-0,0.19031109978666522,12.355774,gene_signature,1.0,pass
GATCGTAGTACGCTGC-1-14-0-0,0.020080945730774784,20.157993,gene_signature,1.0,pass
GATCGTAGTCACACGC-1-14-0-0,0.08873813317061431,20.193985,gene_signature,1.0,pass
GATCGTAGTTGAGGTG-1-14-0-0,0.18116263986436346,18.2461,gene_signature,1.0,pass
GATGAAACACGTCAGC-1-14-0-0,0.3578340628658494,14.241446,gene_signature,1.0,pass
GATGAAATCCGCAGTG-1-14-0-0,0.27161458262020116,14.055585,gene_signature,1.0,pass
GATGAAATCGGCGGTT-1-14-0-0,0.538708011883829,15.057005,gene_signature,1.0,pass
GATGCTACACACAGAG-1-14-0-0,0.11774949903270626,21.855316,gene_signature,1.0,pass
GATGCTACACCAGTTA-1-14-0-0,0.013850249037564318,18.491083,gene_signature,1.0,pass
GATTCAGCAGGCAGTA-1-14-0-0,0.08633526636891817,14.1913395,gene_signature,1.0,pass
GCAAACTAGGAGTAGA-1-14-0-0,0.057918409911884086,15.662064,gene_signature,1.0,pass
GCAATCAAGCGTTGCC-1-14-0-0,0.4487993352141639,15.961232,gene_signature,1.0,pass
GCAATCACAATGACCT-1-14-0-0,0.11651780371613892,15.025685,gene_signature,1.0,pass
GCAATCATCAGTTAGC-1-14-0-0,0.08872975659024096,13.6498,gene_signature,1.0,pass
GCACTCTCACAGCCCA-1-14-0-0,0.2156085796004091,18.814795,gene_signature,1.0,pass
GCACTCTGTCGCGAAA-1-14-0-0,0.3526252660568406,11.512148,gene_signature,1.0,pass
GCATACAAGCGTGTCC-1-14-0-0,0.05793755719619822,19.182571,gene_signature,1.0,pass
GCATACAAGTTCGCGC-1-14-0-0,0.16174595537271125,7.968133,gene_signature,1.0,pass
GCATGTAAGATGTGTA-1-14-0-0,0.46753195568088746,14.09646,gene_signature,1.0,pass
GCATGTAAGTGTGGCA-1-14-0-0,0.04573921082805678,21.763515,gene_signature,1.0,pass
GCATGTACAACACCCG-1-14-0-0,0.6173469966269349,9.758905,gene_signature,1.0,pass
GCCAAATAGCTACCTA-1-14-0-0,0.2262377189305771,17.071995,gene_signature,1.0,pass
GCCAAATCATGCAATC-1-14-0-0,0.03258641375957277,19.427708,gene_signature,1.0,pass
GCCTCTAAGGGCTTGA-1-14-0-0,0.31294944516038575,20.735733,gene_signature,1.0,pass
GCGACCAAGTTAGCGG-1-14-0-0,0.13464839642200066,13.150479,gene_signature,1.0,pass
GCGAGAACACTGAAGG-1-14-0-0,0.09894555403166463,17.964096,gene_signature,1.0,pass
GCGCAACAGGATATAC-1-14-0-0,0.08237615085008998,13.469025,gene_signature,1.0,pass
GCGCAACAGTGGACGT-1-14-0-0,0.05487886829342181,20.326277,gene_signature,1.0,pass
GCGCAACTCCGGGTGT-1-14-0-0,0.039003695758531624,14.07744,gene_signature,1.0,pass
GCGCAGTTCTCAAACG-1-14-0-0,0.13956996121420595,15.354361,gene_signature,1.0,pass
GCGGGTTAGAGCTGGT-1-14-0-0,0.19674182007601398,14.704829,gene_signature,1.0,pass
GCTCCTAAGGTGATTA-1-14-0-0,0.15988240191564815,17.849136,gene_signature,1.0,pass
GCTGCTTAGAGTACAT-1-14-0-0,0.0734594405927054,17.397486,gene_signature,1.0,pass
GCTGCTTAGCACGCCT-1-14-0-0,0.35587886850161743,10.021838,gene_signature,1.0,pass
GCTGCTTCAATAGCAA-1-14-0-0,0.10948739402377257,14.387054,gene_signature,1.0,pass
GCTGGGTGTGCGCTTG-1-14-0-0,0.062158750947599394,14.654024,gene_signature,1.0,pass
GGAAAGCAGATGCCAG-1-14-0-0,0.01180279510381933,21.504578,gene_signature,1.0,pass
GGAAAGCAGTAGCGGT-1-14-0-0,0.3884578927017906,15.898993,gene_signature,1.0,pass
GGAAAGCTCGAATGCT-1-14-0-0,0.07688849098526906,17.151546,gene_signature,1.0,pass
GGAACTTCAATCTGCA-1-14-0-0,0.05901945178249233,14.748934,gene_signature,1.0,pass
GGAACTTCACCTGGTG-1-14-0-0,0.2337606403081714,13.757007,gene_signature,1.0,pass
GGAACTTCAGCATGAG-1-14-0-0,0.4133352947920351,21.992502,gene_signature,1.0,pass
GGAACTTCATGACATC-1-14-0-0,0.1703873173517438,14.289846,gene_signature,1.0,pass
GGAATAACAGGGATTG-1-14-0-0,0.2878553824211358,15.869372,gene_signature,1.0,pass
GGACATTGTCCAGTGC-1-14-0-0,0.6306581340676294,18.942242,gene_signature,1.0,pass
GGACGTCCAGCGATCC-1-14-0-0,0.17806933396457675,15.05604,gene_signature,1.0,pass
GGATGTTCATGACATC-1-14-0-0,0.04245088901258155,21.539776,gene_signature,1.0,pass
GGCCGATAGAATGTGT-1-14-0-0,0.6370764506811325,19.33099,gene_signature,1.0,pass
GGCGACTCAATGAATG-1-14-0-0,0.03035909413267719,18.554787,gene_signature,1.0,pass
GGCGTGTCAGATCCAT-1-14-0-0,0.14593663058423836,21.047337,gene_signature,1.0,pass
GGCGTGTCAGCCTTTC-1-14-0-0,0.5280280970075142,19.060532,gene_signature,1.0,pass
GGCTGGTGTCCTGCTT-1-14-0-0,0.03705617092001838,13.83575,gene_signature,1.0,pass
GGGACCTGTCTTCTCG-1-14-0-0,0.1592478250809772,20.012608,gene_signature,1.0,pass
GGGCACTGTAGTGAAT-1-14-0-0,0.38018319732821676,9.24944,gene_signature,1.0,pass
GGGTCTGAGCAGGCTA-1-14-0-0,0.09510734326047085,19.094122,gene_signature,1.0,pass
GGGTCTGCATTACGAC-1-14-0-0,0.15899197510921828,17.984203,gene_signature,1.0,pass
GGGTTGCGTGCGAAAC-1-14-0-0,0.15845050160342772,10.603666,gene_signature,1.0,pass
GGTGTTAAGTAATCCC-1-14-0-0,0.1960150777451195,21.750301,gene_signature,1.0,pass
GTACGTATCCACTGGG-1-14-0-0,0.05324452161155465,14.722211,gene_signature,1.0,pass
GTACTCCCATCACAAC-1-14-0-0,0.14252225626018789,21.68594,gene_signature,1.0,pass
GTACTTTGTATAGTAG-1-14-0-0,0.17530670969996018,19.698063,gene_signature,1.0,pass
GTAGGCCAGACCACGA-1-14-0-0,0.11558297952398078,15.959724,gene_signature,1.0,pass
GTAGTCACAAATACAG-1-14-0-0,0.06275915730645851,12.315303,gene_signature,1.0,pass
GTAGTCATCCAGTATG-1-14-0-0,0.04991590485108977,21.741611,gene_signature,1.0,pass
GTATCTTTCGACAGCC-1-14-0-0,0.21862122792059052,17.623829,gene_signature,1.0,pass
GTCACGGTCTGCAAGT-1-14-0-0,0.22474207706403657,20.605629,gene_signature,1.0,pass
GTCATTTAGCTAGCCC-1-14-0-0,0.1035521946124744,10.091036,gene_signature,1.0,pass
GTCATTTCACTGCCAG-1-14-0-0,0.10471210913498952,13.86891,gene_signature,1.0,pass
GTCATTTCATACGCCG-1-14-0-0,0.22145400945597218,16.272402,gene_signature,1.0,pass
GTCATTTTCACATGCA-1-14-0-0,0.09799151035781238,15.53837,gene_signature,1.0,pass
GTCATTTTCCGCAAGC-1-14-0-0,0.11523865426071547,14.184319,gene_signature,1.0,pass
GTCGTAAAGAGTTGGC-1-14-0-0,0.20064070956562516,20.92466,gene_signature,1.0,pass
GTCGTAACAGACAAGC-1-14-0-0,0.10602625066615719,12.380392,gene_signature,1.0,pass
GTCTTCGCACCACGTG-1-14-0-0,0.30197008827968935,12.886709,gene_signature,1.0,pass
GTCTTCGCATAACCTG-1-14-0-0,0.5001632623916079,10.659332,gene_signature,1.0,pass
GTGAAGGCACCGAATT-1-14-0-0,0.06843513026733664,17.942667,gene_signature,1.0,pass
GTGCATAAGCTGCGAA-1-14-0-0,0.4140374906397867,12.079305,gene_signature,1.0,pass
GTGCGGTAGAGGGATA-1-14-0-0,0.04942406217778424,14.987036,gene_signature,1.0,pass
GTGCGGTAGCGCTCCA-1-14-0-0,0.05858987988322656,12.275439,gene_signature,1.0,pass
GTGCGGTCATCTGGTA-1-14-0-0,0.16881558082245504,18.163465,gene_signature,1.0,pass
GTGCGGTTCGCCATAA-1-14-0-0,0.45246591475189674,19.113176,gene_signature,1.0,pass
GTGGGTCAGCTATGCT-1-14-0-0,0.5187758925680789,13.481995,gene_signature,1.0,pass
GTTACAGAGTTCGATC-1-14-0-0,0.21088068112053504,18.419313,gene_signature,1.0,pass
GTTCATTCACCATGTA-1-14-0-0,0.4495813473396125,15.487394,gene_signature,1.0,pass
GTTCATTCACGCGAAA-1-14-0-0,0.36634660984017275,10.411231,gene_signature,1.0,pass
GTTCATTCACTGAAGG-1-14-0-0,0.22120456608693945,14.513603,gene_signature,1.0,pass
GTTCATTGTCGCTTCT-1-14-0-0,0.1197922500418335,10.989957,gene_signature,1.0,pass
GTTCATTTCTTTACGT-1-14-0-0,0.11015516343438803,16.253012,gene_signature,1.0,pass
GTTCGGGAGCAGCGTA-1-14-0-0,0.606907170248418,15.607336,gene_signature,1.0,pass
TAAGAGAGTAGCTAAA-1-14-0-0,0.5061182749762565,13.767812,gene_signature,1.0,pass
TAAGAGAGTCTGATCA-1-14-0-0,0.2065360733681385,17.504158,gene_signature,1.0,pass
TAAGAGATCGCGCCAA-1-14-0-0,0.09867143307520783,11.812376,gene_signature,1.0,pass
TACACGACATGGATGG-1-14-0-0,0.1422549864490818,21.240973,gene_signature,1.0,pass
TACGGTATCACGCATA-1-14-0-0,0.14185742727813336,14.800261,gene_signature,1.0,pass
TACTCATTCAAGCCTA-1-14-0-0,0.15829731562149538,16.516155,gene_signature,1.0,pass
TACTTGTAGTGTACTC-1-14-0-0,0.15671510654384077,17.12547,gene_signature,1.0,pass
TAGAGCTAGCTCCTCT-1-14-0-0,0.09788123772252837,19.942974,gene_signature,1.0,pass
TAGCCGGAGACCGGAT-1-14-0-0,0.059041969562772,19.821745,gene_signature,1.0,pass
TAGGCATTCGTAGGAG-1-14-0-0,0.24544585390994955,14.980268,gene_signature,1.0,pass
TAGTGGTCACATGGGA-1-14-0-0,0.6881660179991306,9.627557,gene_signature,1.0,pass
TAGTGGTGTTATGCGT-1-14-0-0,0.2629403852196378,12.698766,gene_signature,1.0,pass
TAGTTGGAGGCAGGTT-1-14-0-0,0.2462808825494036,18.594603,gene_signature,1.0,pass
TAGTTGGTCCATGCTC-1-14-0-0,0.009605743726641391,19.896214,gene_signature,1.0,pass
TCAACGATCTTATCTG-1-14-0-0,0.24668255113773654,12.904104,gene_signature,1.0,pass
TCACAAGTCCGAGCCA-1-14-0-0,0.013506846306746628,13.770961,gene_signature,1.0,pass
TCACGAAAGGAACTGC-1-14-0-0,0.003941150825677855,16.072994,gene_signature,1.0,pass
TCACGAAGTAGTGAAT-1-14-0-0,0.36506662887312125,13.721182,gene_signature,1.0,pass
TCAGATGCAACACCTA-1-14-0-0,0.11002298125113963,13.690013,gene_signature,1.0,pass
TCAGCTCCATCGATGT-1-14-0-0,0.7059791800622434,11.505122,gene_signature,1.0,pass
TCAGCTCGTCGATTGT-1-14-0-0,0.3758403376071325,15.50134,gene_signature,1.0,pass
TCAGGATCACATTCGA-1-14-0-0,0.10744545996219985,19.821392,gene_signature,1.0,pass
TCAGGATGTTCAACCA-1-14-0-0,0.08265706935077949,11.274872,gene_signature,1.0,pass
TCAGGTACAATAGCGG-1-14-0-0,0.15251026420109848,10.067898,gene_signature,1.0,pass
TCATTACGTCTCCCTA-1-14-0-0,0.03446604722595094,19.186909,gene_signature,1.0,pass
TCATTACTCGAGGTAG-1-14-0-0,0.22123682234721956,12.360144,gene_signature,1.0,pass
TCCCGATAGGGCATGT-1-14-0-0,0.15393655800831074,14.505173,gene_signature,1.0,pass
TCGAGGCGTCTAGCCG-1-14-0-0,0.08197862844977785,19.960924,gene_signature,1.0,pass
TCGCGTTAGAGTCGGT-1-14-0-0,0.0847583316368454,16.286411,gene_signature,1.0,pass
TCGCGTTAGCATGGCA-1-14-0-0,0.012538153519443282,16.293306,gene_signature,1.0,pass
TCGCGTTCAGCGTAAG-1-14-0-0,0.36209254006864766,13.747263,gene_signature,1.0,pass
TCGGTAAAGGAGTACC-1-14-0-0,0.30767000604159056,10.319578,gene_signature,1.0,pass
TCGTACCTCTCGCATC-1-14-0-0,0.39891692763033254,14.966702,gene_signature,1.0,pass
TCGTAGAGTCCCTTGT-1-14-0-0,0.04265187603673606,17.031887,gene_signature,1.0,pass
TCTATTGGTCAAAGAT-1-14-0-0,0.09737734544321126,16.774279,gene_signature,1.0,pass
TCTCTAACAGCCAATT-1-14-0-0,0.05460443045665434,12.033097,gene_signature,1.0,pass
TCTCTAAGTATAAACG-1-14-0-0,0.08016054098515653,14.082713,gene_signature,1.0,pass
TCTCTAATCGACGGAA-1-14-0-0,0.22798695443284026,14.965465,gene_signature,1.0,pass
TCTGAGATCACAGTAC-1-14-0-0,0.2961370219478745,15.21477,gene_signature,1.0,pass
TCTGGAATCTCGTATT-1-14-0-0,0.02077065115002818,21.972214,gene_signature,1.0,pass
TCTTCGGAGCTAGTTC-1-14-0-0,0.6119075148329124,8.57757,gene_signature,1.0,pass
TCTTCGGGTCTAGCGC-1-14-0-0,0.020228643388096403,13.606247,gene_signature,1.0,pass
TCTTTCCGTGAACCTT-1-14-0-0,0.08006398736681997,21.918947,gene_signature,1.0,pass
TGAAAGAAGAAGGGTA-1-14-0-0,0.2718857916570212,20.55736,gene_signature,1.0,pass
TGAAAGAAGAGCCTAG-1-14-0-0,0.3784114850745449,8.869791,gene_signature,1.0,pass
TGACGGCTCTGGCGAC-1-14-0-0,0.1510254457485285,18.675175,gene_signature,1.0,pass
TGACTAGGTACTTGAC-1-14-0-0,0.021123986366519715,18.751602,gene_signature,1.0,pass
TGAGAGGAGTTTAGGA-1-14-0-0,0.475407624510333,17.84376,gene_signature,1.0,pass
TGAGAGGTCTTACCTA-1-14-0-0,0.3966956454234155,14.749072,gene_signature,1.0,pass
TGAGGGAAGCAATCTC-1-14-0-0,0.019356042124098926,18.844465,gene_signature,1.0,pass
TGAGGGACAGATCGGA-1-14-0-0,0.10063420574294801,17.968725,gene_signature,1.0,pass
TGAGGGAGTACCGTTA-1-14-0-0,0.039055233581072324,13.185532,gene_signature,1.0,pass
TGATTTCGTTCACCTC-1-14-0-0,0.4082545071282202,14.667456,gene_signature,1.0,pass
TGCACCTTCTTCGGTC-1-14-0-0,0.6895913277694541,10.486704,gene_signature,1.0,pass
TGCCAAACAACGATGG-1-14-0-0,0.24450613848649172,12.322981,gene_signature,1.0,pass
TGCCCTACAAATACAG-1-14-0-0,0.1377244133989677,19.438429,gene_signature,1.0,pass
TGCGGGTAGTAGATGT-1-14-0-0,0.06819960997954641,15.071347,gene_signature,1.0,pass
TGCGGGTCATCGGGTC-1-14-0-0,0.4359843024593877,12.47005,gene_signature,1.0,pass
TGCGGGTTCTAACTCT-1-14-0-0,0.13903803456490035,20.970627,gene_signature,1.0,pass
TGCGTGGAGGAATGGA-1-14-0-0,0.045785312489917684,18.443138,gene_signature,1.0,pass
TGGACGCGTCCGCTGA-1-14-0-0,0.5430289703431811,16.693521,gene_signature,1.0,pass
TGGCCAGTCGCACTCT-1-14-0-0,0.010048472385716416,18.555628,gene_signature,1.0,pass
TGGCTGGCACATCCGG-1-14-0-0,0.27818705653706394,13.893991,gene_signature,1.0,pass
TGGCTGGCAGCTCGCA-1-14-0-0,0.036072902629228985,15.766655,gene_signature,1.0,pass
TGGCTGGGTAATCGTC-1-14-0-0,0.3224675340019771,13.287068,gene_signature,1.0,pass
TGGGCGTTCACCACCT-1-14-0-0,0.09524748504658266,11.452998,gene_signature,1.0,pass
TGGTTAGCAGGACGTA-1-14-0-0,0.34304126064252966,15.451251,gene_signature,1.0,pass
TGTCCCAGTAGAGTGC-1-14-0-0,0.2549407728076878,17.490093,gene_signature,1.0,pass
TGTCCCATCGTCTGAA-1-14-0-0,0.02902437038536279,14.078535,gene_signature,1.0,pass
TGTGTTTAGGAGCGAG-1-14-0-0,0.3392122677235719,11.302274,gene_signature,1.0,pass
TGTGTTTGTTCAACCA-1-14-0-0,0.4008699266967941,12.416018,gene_signature,1.0,pass
TGTGTTTTCCATGAGT-1-14-0-0,0.037592023863739166,14.623558,gene_signature,1.0,pass
TTAACTCTCGGTGTTA-1-14-0-0,0.020141534289363747,19.968983,gene_signature,1.0,pass
TTAGGACAGGTAGCCA-1-14-0-0,0.15636617557902596,17.508688,gene_signature,1.0,pass
TTAGGACGTAAATGAC-1-14-0-0,0.061689265699902365,15.218451,gene_signature,1.0,pass
TTAGTTCCACCAGATT-1-14-0-0,0.014225017861524913,13.8534565,gene_signature,1.0,pass
TTATGCTCAGGGAGAG-1-14-0-0,0.04040615502243403,12.651485,gene_signature,1.0,pass
TTATGCTCAGTGGAGT-1-14-0-0,0.09227372975190662,18.918451,gene_signature,1.0,pass
TTCCCAGAGTTCCACA-1-14-0-0,0.25464512591694466,10.473023,gene_signature,1.0,pass
TTCGGTCAGTGTCCCG-1-14-0-0,0.20903923155017776,15.558574,gene_signature,1.0,pass
TTCGGTCTCTGCCAGG-1-14-0-0,0.7223597687798573,11.285552,gene_signature,1.0,pass
TTCTCAATCACCGTAA-1-14-0-0,0.08147920617989535,19.316036,gene_signature,1.0,pass
TTCTCAATCCTTAATC-1-14-0-0,0.2179669807215689,11.661171,gene_signature,1.0,pass
TTCTTAGGTAGCGTAG-1-14-0-0,0.6285123402980868,20.02325,gene_signature,1.0,pass
TTCTTAGTCCACTCCA-1-14-0-0,0.10726705768539398,17.536203,gene_signature,1.0,pass
TTGAACGGTCTCTCGT-1-14-0-0,0.0500723060538961,20.657116,gene_signature,1.0,pass
TTGACTTTCGGTGTTA-1-14-0-0,0.033395769862061185,16.775742,gene_signature,1.0,pass
TTGGCAAGTCATTAGC-1-14-0-0,0.6851719732999594,11.377529,gene_signature,1.0,pass
TTGGCAAGTCTGGTCG-1-14-0-0,0.008606101838875056,17.031832,gene_signature,1.0,pass
TTGTAGGGTTACAGAA-1-14-0-0,0.0675634893031291,21.793547,gene_signature,1.0,pass
TTTACTGGTATGGTTC-1-14-0-0,0.23676133278184053,20.20097,gene_signature,1.0,pass
TTTATGCTCCCTCAGT-1-14-0-0,0.44717554936537607,8.241369,gene_signature,1.0,pass
TTTATGCTCCCTTGCA-1-14-0-0,0.20619499625196624,13.392369,gene_signature,1.0,pass
TTTATGCTCTCTTATG-1-14-0-0,0.1126663652804899,16.586884,gene_signature,1.0,pass
TTTGCGCGTGCATCTA-1-14-0-0,0.019515763017213784,13.021538,gene_signature,1.0,pass
TTTGGTTTCCTCCTAG-1-14-0-0,0.02847702586830453,21.80515,gene_signature,1.0,pass
TTTGTCAGTGTGACGA-1-14-0-0,0.18550751306561608,21.96266,gene_signature,1.0,pass
AAACCTGCAAGACACG-1-15-0-0,0.05956753274944452,16.2697,gene_signature,1.0,pass
AAAGATGCACGAAACG-1-15-0-0,0.07129366284380693,12.6377735,gene_signature,1.0,pass
AAAGCAAGTAGAGGAA-1-15-0-0,0.09348942396104848,12.1565,gene_signature,1.0,pass
AACCATGAGGACGAAA-1-15-0-0,0.2337992791282811,18.785828,gene_signature,1.0,pass
AACCGCGTCGAGAACG-1-15-0-0,0.12308203354452778,15.248848,gene_signature,1.0,pass
AACGTTGGTGTTGGGA-1-15-0-0,0.01862666558615985,19.169962,gene_signature,1.0,pass
AAGACCTAGGCCCGTT-1-15-0-0,0.32135178198805686,14.615614,gene_signature,1.0,pass
AAGACCTCAGCCAATT-1-15-0-0,0.6007649022832368,9.737959,gene_signature,1.0,pass
AAGGAGCAGTGGCACA-1-15-0-0,0.4120817521317159,11.918116,gene_signature,1.0,pass
AAGGAGCGTCAATGTC-1-15-0-0,0.5819503245797263,12.551516,gene_signature,1.0,pass
AAGGAGCTCCCGGATG-1-15-0-0,0.2958596963176997,22.00822,gene_signature,1.0,pass
AAGGTTCCAGGAATGC-1-15-0-0,0.17874486022220054,20.740751,gene_signature,1.0,pass
ACACCGGGTAGCGATG-1-15-0-0,0.21675724693812137,17.2371,gene_signature,1.0,pass
ACACTGAAGAAAGTGG-1-15-0-0,0.6076388534208805,10.899405,gene_signature,1.0,pass
ACATGGTGTCTGCGGT-1-15-0-0,0.1076309360265713,18.01908,gene_signature,1.0,pass
ACGATACCACGGTTTA-1-15-0-0,0.5504898019873662,14.214992,gene_signature,1.0,pass
ACGCCAGAGTGGGTTG-1-15-0-0,0.24920007786224724,21.320965,gene_signature,1.0,pass
ACGCCGACAGCTGCTG-1-15-0-0,0.4607177469049077,10.756696,gene_signature,1.0,pass
ACGGGTCAGGCATGGT-1-15-0-0,0.1317726800167021,13.272743,gene_signature,1.0,pass
ACTGAACGTGAGTATA-1-15-0-0,0.14197845320970107,12.503139,gene_signature,1.0,pass
ACTGTCCCATGGTTGT-1-15-0-0,0.26295125857327967,6.8225975,gene_signature,1.0,pass
ACTGTCCTCATGCATG-1-15-0-0,0.2084595686272388,17.10091,gene_signature,1.0,pass
ACTTACTAGAAGCCCA-1-15-0-0,0.02757188660024067,21.697754,gene_signature,1.0,pass
ACTTGTTCACGTCAGC-1-15-0-0,0.06877196289277607,14.019292,gene_signature,1.0,pass
ACTTTCATCCGTAGGC-1-15-0-0,0.0756927747714755,16.919453,gene_signature,1.0,pass
AGAATAGCACACATGT-1-15-0-0,0.1036375905191234,12.074626,gene_signature,1.0,pass
AGACGTTAGTCTCGGC-1-15-0-0,0.6259035756435495,9.431883,gene_signature,1.0,pass
AGACGTTTCCAAACTG-1-15-0-0,0.3503114401989414,14.879359,gene_signature,1.0,pass
AGCATACCACTCTGTC-1-15-0-0,0.11356328953297738,20.907255,gene_signature,1.0,pass
AGCGTATTCATCTGTT-1-15-0-0,0.1660232700254369,19.2427,gene_signature,1.0,pass
AGCGTCGAGAGTAAGG-1-15-0-0,0.15717997244083398,15.785014,gene_signature,1.0,pass
AGCGTCGTCTGCTGTC-1-15-0-0,0.24662433775347745,11.897313,gene_signature,1.0,pass
AGCTCCTGTCTAGTCA-1-15-0-0,0.01689302392782849,13.1773815,gene_signature,1.0,pass
AGGCCACAGTCGCCGT-1-15-0-0,0.14055640419674,12.653309,gene_signature,1.0,pass
AGGCCACAGTGGTAAT-1-15-0-0,0.22983811941087667,14.464426,gene_signature,1.0,pass
AGGCCACGTAGCTGCC-1-15-0-0,0.26806483003676,8.904161,gene_signature,1.0,pass
AGGCCACGTGTAATGA-1-15-0-0,0.07705871560925566,13.609037,gene_signature,1.0,pass
AGGCCACTCATGTAGC-1-15-0-0,0.37406086604260264,13.0150585,gene_signature,1.0,pass
AGGGTGACAAGGTTCT-1-15-0-0,0.2430694472197056,14.083827,gene_signature,1.0,pass
AGGGTGAGTCTAGTGT-1-15-0-0,0.4050106873627885,14.460579,gene_signature,1.0,pass
AGTAGTCGTCGGCTCA-1-15-0-0,0.06356448764794254,10.639796,gene_signature,1.0,pass
AGTCTTTAGACGCTTT-1-15-0-0,0.11689800779562483,17.040606,gene_signature,1.0,pass
AGTGAGGCAGTTTACG-1-15-0-0,0.05880185861404771,15.92481,gene_signature,1.0,pass
AGTGTCAGTTCAACCA-1-15-0-0,0.46684557016151107,12.431714,gene_signature,1.0,pass
AGTTGGTGTTACCAGT-1-15-0-0,0.3205190720758619,16.076775,gene_signature,1.0,pass
ATAACGCAGGGTGTGT-1-15-0-0,0.28253107485309065,11.743725,gene_signature,1.0,pass
ATAAGAGAGTATCGAA-1-15-0-0,0.037404384942858034,21.630503,gene_signature,1.0,pass
ATAAGAGCATGCGCAC-1-15-0-0,0.19241242564330602,21.723719,gene_signature,1.0,pass
ATCACGAGTCACACGC-1-15-0-0,0.5546432431788982,13.024225,gene_signature,1.0,pass
ATCATCTTCATATCGG-1-15-0-0,0.2519850992147556,12.259544,gene_signature,1.0,pass
ATCCGAATCCGTACAA-1-15-0-0,0.04189660406832388,16.657461,gene_signature,1.0,pass
ATCCGAATCTAAGCCA-1-15-0-0,0.16949075948019612,13.15531,gene_signature,1.0,pass
ATCTACTAGTCTTGCA-1-15-0-0,0.16946636377602758,19.44187,gene_signature,1.0,pass
ATCTACTCACCAGATT-1-15-0-0,0.1289197374656547,11.990293,gene_signature,1.0,pass
ATCTGCCCACTCTGTC-1-15-0-0,0.051024115207133146,18.729437,gene_signature,1.0,pass
ATCTGCCGTCAAAGAT-1-15-0-0,0.017628365803678946,11.75031,gene_signature,1.0,pass
ATGAGGGTCTATCCTA-1-15-0-0,0.05261854633394068,16.580278,gene_signature,1.0,pass
ATGCGATTCTTAGAGC-1-15-0-0,0.44895968321734775,16.039633,gene_signature,1.0,pass
ATGTGTGAGCAGGCTA-1-15-0-0,0.08545032179744237,16.836754,gene_signature,1.0,pass
ATTACTCAGAAGGACA-1-15-0-0,0.4330830572183107,9.698587,gene_signature,1.0,pass
ATTACTCTCTGCTGTC-1-15-0-0,0.048771140792965774,18.607828,gene_signature,1.0,pass
ATTATCCAGTTAAGTG-1-15-0-0,0.07025603118222361,14.584554,gene_signature,1.0,pass
ATTCTACAGATATGCA-1-15-0-0,0.21633365201475416,15.249632,gene_signature,1.0,pass
ATTGGTGGTAGAGCTG-1-15-0-0,0.021943411784359972,13.042694,gene_signature,1.0,pass
ATTTCTGAGGACTGGT-1-15-0-0,0.34193027468141557,19.43226,gene_signature,1.0,pass
CAACCAAAGCTATGCT-1-15-0-0,0.07310437842741503,17.98389,gene_signature,1.0,pass
CAACCAACAGTCGTGC-1-15-0-0,0.09297236038658331,19.108229,gene_signature,1.0,pass
CAACCAAGTAGCTTGT-1-15-0-0,0.5880884757570898,11.134295,gene_signature,1.0,pass
CAACCTCTCAAAGTAG-1-15-0-0,0.05218869668395404,16.426798,gene_signature,1.0,pass
CAACTAGGTACCTACA-1-15-0-0,0.10967875963815757,10.892613,gene_signature,1.0,pass
CAACTAGGTGTTGAGG-1-15-0-0,0.026692300017443382,13.046783,gene_signature,1.0,pass
CAAGAAATCTTCATGT-1-15-0-0,0.2867356209615818,9.256752,gene_signature,1.0,pass
CAAGGCCAGTCTCAAC-1-15-0-0,0.025691959128754605,17.561413,gene_signature,1.0,pass
CACACAATCTTCGAGA-1-15-0-0,0.03529980529571707,18.144957,gene_signature,1.0,pass
CACACCTAGCTGCCCA-1-15-0-0,0.142694055373192,7.5261436,gene_signature,1.0,pass
CACACTCTCCTTTCGG-1-15-0-0,0.256393340670083,11.67259,gene_signature,1.0,pass
CACAGGCAGCGCCTTG-1-15-0-0,0.22036946769211738,11.721572,gene_signature,1.0,pass
CACATTTGTTGTCGCG-1-15-0-0,0.21363026483994477,12.47272,gene_signature,1.0,pass
CACCACTTCTCTGAGA-1-15-0-0,0.10107564225221925,9.908864,gene_signature,1.0,pass
CACCAGGCAGATTGCT-1-15-0-0,0.013458482917059148,16.463932,gene_signature,1.0,pass
CACCTTGCAACTGCGC-1-15-0-0,0.2516194831011856,20.406538,gene_signature,1.0,pass
CAGAATCTCCAACCAA-1-15-0-0,0.31864394060625256,9.367348,gene_signature,1.0,pass
CAGAGAGAGTAGATGT-1-15-0-0,0.10026742751019632,13.118715,gene_signature,1.0,pass
CAGATCAAGAGTACCG-1-15-0-0,0.31456220142085656,10.602767,gene_signature,1.0,pass
CAGCAGCAGAGCCCAA-1-15-0-0,0.00957042554972606,21.67918,gene_signature,1.0,pass
CAGCGACTCGGAAACG-1-15-0-0,0.346022198654448,10.652069,gene_signature,1.0,pass
CAGCTAAAGTGTCCCG-1-15-0-0,0.23307312735304286,11.529491,gene_signature,1.0,pass
CAGGTGCCATATACCG-1-15-0-0,0.15523422573388604,10.349892,gene_signature,1.0,pass
CAGGTGCGTCTCATCC-1-15-0-0,0.35971133992752463,15.728594,gene_signature,1.0,pass
CAGTAACCATGGATGG-1-15-0-0,0.1577154847612242,18.778889,gene_signature,1.0,pass
CAGTCCTAGTAATCCC-1-15-0-0,0.07167888351641352,7.367859,gene_signature,1.0,pass
CATATTCTCTGCTTGC-1-15-0-0,0.025634192013393436,21.681355,gene_signature,1.0,pass
CATCAAGAGAAGCCCA-1-15-0-0,0.710567117269173,10.426175,gene_signature,1.0,pass
CATCAAGCACTGCCAG-1-15-0-0,0.2788957659162365,21.040983,gene_signature,1.0,pass
CATCAAGCATACAGCT-1-15-0-0,0.04210279216487523,19.302261,gene_signature,1.0,pass
CATCAGAAGCAGCGTA-1-15-0-0,0.26898451684569963,8.260974,gene_signature,1.0,pass
CATCAGACACCACGTG-1-15-0-0,0.29020254611043905,13.076155,gene_signature,1.0,pass
CATGGCGGTCTCTCGT-1-15-0-0,0.6585251656071183,13.97755,gene_signature,1.0,pass
CATTATCGTTACCGAT-1-15-0-0,0.4689045146439724,21.94996,gene_signature,1.0,pass
CATTCGCAGGTGGGTT-1-15-0-0,0.27831190083452884,16.919827,gene_signature,1.0,pass
CCATTCGAGCGTGTCC-1-15-0-0,0.7130227853727806,19.64465,gene_signature,1.0,pass
CCCTCCTGTACATCCA-1-15-0-0,0.26083231275968677,12.551048,gene_signature,1.0,pass
CCCTCCTGTGCGATAG-1-15-0-0,0.02580373799588286,21.256207,gene_signature,1.0,pass
CCCTCCTTCATAAAGG-1-15-0-0,0.061387921440997494,12.711191,gene_signature,1.0,pass
CCGGGATTCTTGTACT-1-15-0-0,0.17427212882324886,12.768292,gene_signature,1.0,pass
CCGGTAGGTTGGAGGT-1-15-0-0,0.07693205580946925,17.465765,gene_signature,1.0,pass
CCGTTCAGTGCACTTA-1-15-0-0,0.04791915753362827,15.298053,gene_signature,1.0,pass
CCTAAAGCAAATCCGT-1-15-0-0,0.022298912887244976,19.841015,gene_signature,1.0,pass
CCTAAAGGTAATTGGA-1-15-0-0,0.01896554621903506,15.201035,gene_signature,1.0,pass
CCTATTAAGGCTCAGA-1-15-0-0,0.1665181600413274,15.669993,gene_signature,1.0,pass
CCTTACGGTCATGCAT-1-15-0-0,0.24948087672391023,19.034346,gene_signature,1.0,pass
CCTTACGGTTTGGGCC-1-15-0-0,0.09725635905525051,10.875143,gene_signature,1.0,pass
CCTTCGATCGGCGGTT-1-15-0-0,0.2123173789293487,9.237475,gene_signature,1.0,pass
CCTTTCTGTCTCCCTA-1-15-0-0,0.16718714952974129,14.04595,gene_signature,1.0,pass
CGACTTCGTACAGACG-1-15-0-0,0.0744834081644543,17.92596,gene_signature,1.0,pass
CGAGAAGCATGCCTAA-1-15-0-0,0.5189524906508136,16.503813,gene_signature,1.0,pass
CGAGCACCATACTACG-1-15-0-0,0.010611002614130088,17.420008,gene_signature,1.0,pass
CGCGGTACATCACAAC-1-15-0-0,0.21368140261756263,14.824516,gene_signature,1.0,pass
CGCGTTTCAAGTCTGT-1-15-0-0,0.01452585076945605,19.59866,gene_signature,1.0,pass
CGCGTTTTCTACCAGA-1-15-0-0,0.2753081891077349,17.081667,gene_signature,1.0,pass
CGGACGTGTCATTAGC-1-15-0-0,0.17070457848538081,15.041095,gene_signature,1.0,pass
CGTAGCGAGTGATCGG-1-15-0-0,0.5179585079996131,8.245494,gene_signature,1.0,pass
CGTAGGCCACCTTGTC-1-15-0-0,0.2610569417477179,18.58684,gene_signature,1.0,pass
CGTGAGCCAAGTTCTG-1-15-0-0,0.3032183022041116,6.0916486,gene_signature,1.0,pass
CGTGTCTAGACTGGGT-1-15-0-0,0.20445815908097625,12.556554,gene_signature,1.0,pass
CGTTAGATCCTATTCA-1-15-0-0,0.2987771147924934,17.692862,gene_signature,1.0,pass
CGTTGGGCAGTCAGAG-1-15-0-0,0.1275996012877358,18.768303,gene_signature,1.0,pass
CGTTGGGGTCTCATCC-1-15-0-0,0.1439485272258612,15.505206,gene_signature,1.0,pass
CTACATTCAATGAATG-1-15-0-0,0.16544508904851835,13.733302,gene_signature,1.0,pass
CTACCCACAGCTCGCA-1-15-0-0,0.040597993709338163,15.82103,gene_signature,1.0,pass
CTACCCATCCAAGCCG-1-15-0-0,0.36109666120308237,13.2437315,gene_signature,1.0,pass
CTACGTCAGCTACCTA-1-15-0-0,0.39109735356172504,11.865988,gene_signature,1.0,pass
CTAGAGTCATTAACCG-1-15-0-0,0.1415867308673245,15.389711,gene_signature,1.0,pass
CTCATTACAGCTCGAC-1-15-0-0,0.5003854743254993,9.86355,gene_signature,1.0,pass
CTCGGAGAGAGTACCG-1-15-0-0,0.4129473896366096,19.321692,gene_signature,1.0,pass
CTCGGAGGTTGCTCCT-1-15-0-0,0.0947460091920283,12.308292,gene_signature,1.0,pass
CTCGTCAAGGGCACTA-1-15-0-0,0.12163934342611397,11.133894,gene_signature,1.0,pass
CTCTGGTCATCCGCGA-1-15-0-0,0.062507816097025,21.108402,gene_signature,1.0,pass
CTGAAACGTTCACCTC-1-15-0-0,0.38066129882662514,10.481526,gene_signature,1.0,pass
CTGAAACTCGGATGGA-1-15-0-0,0.2948127930307332,13.938026,gene_signature,1.0,pass
CTGATCCAGACTGTAA-1-15-0-0,0.3494314645154663,18.497791,gene_signature,1.0,pass
CTGCTGTGTAGGCATG-1-15-0-0,0.18500771790128773,20.900974,gene_signature,1.0,pass
CTGTGCTGTTTACTCT-1-15-0-0,0.05950326394012702,20.602892,gene_signature,1.0,pass
CTTAACTGTGGTGTAG-1-15-0-0,0.3407181040987389,13.129135,gene_signature,1.0,pass
CTTTGCGAGCCGATTT-1-15-0-0,0.560347229258918,11.206753,gene_signature,1.0,pass
CTTTGCGGTCCGCTGA-1-15-0-0,0.07289225013711823,21.90496,gene_signature,1.0,pass
GAAACTCCACGACGAA-1-15-0-0,0.28158001979857294,22.19234,gene_signature,1.0,pass
GAAACTCGTGCAACTT-1-15-0-0,0.20690108742538546,20.93984,gene_signature,1.0,pass
GAAACTCTCTACTATC-1-15-0-0,0.6170422873620409,16.80943,gene_signature,1.0,pass
GAACATCCAAGCGCTC-1-15-0-0,0.4887514894777281,11.727373,gene_signature,1.0,pass
GAACCTATCCAAGTAC-1-15-0-0,0.23404328589487075,17.924288,gene_signature,1.0,pass
GAACCTATCGGCCGAT-1-15-0-0,0.19902947696671175,18.970753,gene_signature,1.0,pass
GAAGCAGAGAAGGACA-1-15-0-0,0.14719207451840455,16.6552,gene_signature,1.0,pass
GAAGCAGCAGGTTTCA-1-15-0-0,0.44542047504424465,15.163196,gene_signature,1.0,pass
GAATAAGCAAGCTGAG-1-15-0-0,0.3674704010702317,12.6432705,gene_signature,1.0,pass
GACAGAGTCGTTGCCT-1-15-0-0,0.15234770361470296,19.290493,gene_signature,1.0,pass
GACCAATTCAGCTTAG-1-15-0-0,0.01654819314310299,12.904202,gene_signature,1.0,pass
GACTACATCCCTCAGT-1-15-0-0,0.1292224711850137,19.130497,gene_signature,1.0,pass
GATCGATCACTACAGT-1-15-0-0,0.3585186242143119,15.850027,gene_signature,1.0,pass
GATCGATGTGCATCTA-1-15-0-0,0.6451973566875133,9.905704,gene_signature,1.0,pass
GATCGCGGTCTCTTAT-1-15-0-0,0.09471249997514966,17.296474,gene_signature,1.0,pass
GATCGCGGTGTTGAGG-1-15-0-0,0.0600708326037815,21.616182,gene_signature,1.0,pass
GATGAAAAGGAATGGA-1-15-0-0,0.011175671238438729,17.670158,gene_signature,1.0,pass
GATGAAACAGTAAGCG-1-15-0-0,0.09158448738507656,12.176603,gene_signature,1.0,pass
GATGAGGCACACAGAG-1-15-0-0,0.030899116189514558,21.956553,gene_signature,1.0,pass
GATGCTATCGTCTGAA-1-15-0-0,0.09823261128715158,12.571597,gene_signature,1.0,pass
GCAATCAGTCTAGCGC-1-15-0-0,0.2994044335202509,12.712488,gene_signature,1.0,pass
GCACATATCATATCGG-1-15-0-0,0.5065614936739132,18.66533,gene_signature,1.0,pass
GCAGCCAGTGACAAAT-1-15-0-0,0.10134524625694397,20.172062,gene_signature,1.0,pass
GCAGTTAGTCTCTCTG-1-15-0-0,0.08744874032244175,19.456335,gene_signature,1.0,pass
GCATGCGAGAATTGTG-1-15-0-0,0.3057325032599401,13.14189,gene_signature,1.0,pass
GCATGTAAGCATCATC-1-15-0-0,0.017766648498405944,15.118246,gene_signature,1.0,pass
GCATGTACAGCCACCA-1-15-0-0,0.2600440472883257,20.117096,gene_signature,1.0,pass
GCGACCACAAACAACA-1-15-0-0,0.1165293681780927,11.874201,gene_signature,1.0,pass
GCGAGAAAGTGCGATG-1-15-0-0,0.06531102407192334,20.954365,gene_signature,1.0,pass
GCGCAACGTCTCTCGT-1-15-0-0,0.408769291756183,20.62502,gene_signature,1.0,pass
GCGCAACTCTCTAAGG-1-15-0-0,0.30679883567881283,15.532494,gene_signature,1.0,pass
GCGCGATGTAGTGAAT-1-15-0-0,0.04709436216888933,10.248265,gene_signature,1.0,pass
GCTGCTTGTCTACCTC-1-15-0-0,0.14551521642124382,14.301519,gene_signature,1.0,pass
GCTGGGTAGGCAAAGA-1-15-0-0,0.1291504528507555,10.548497,gene_signature,1.0,pass
GCTTGAAGTAAGTGGC-1-15-0-0,0.21205184408440028,17.37487,gene_signature,1.0,pass
GGAAAGCTCAGCTTAG-1-15-0-0,0.2549930640814001,9.94142,gene_signature,1.0,pass
GGAACTTTCTGTGCAA-1-15-0-0,0.1208239255911778,11.756583,gene_signature,1.0,pass
GGACATTCATCCCACT-1-15-0-0,0.1520530060389655,10.174163,gene_signature,1.0,pass
GGAGCAAAGGCAGTCA-1-15-0-0,0.026043010949249063,21.078869,gene_signature,1.0,pass
GGCAATTAGTCATCCA-1-15-0-0,0.23629141338935106,16.326223,gene_signature,1.0,pass
GGCCGATGTAAGAGGA-1-15-0-0,0.6188847936127402,16.709116,gene_signature,1.0,pass
GGCTCGACATCGATGT-1-15-0-0,0.9076906671102776,14.030553,gene_signature,1.0,pass
GGCTGGTCATGTTCCC-1-15-0-0,0.38642621236112074,12.350223,gene_signature,1.0,pass
GGCTGGTGTTAAGATG-1-15-0-0,0.06187545363991741,16.598852,gene_signature,1.0,pass
GGGAATGGTAACGCGA-1-15-0-0,0.02107025365464563,18.134827,gene_signature,1.0,pass
GGGATGAGTCTGCAAT-1-15-0-0,0.014879883917102658,14.03268,gene_signature,1.0,pass
GGGCACTTCGGCTACG-1-15-0-0,0.15630491735797827,16.954403,gene_signature,1.0,pass
GGGCATCAGTACACCT-1-15-0-0,0.4631712319873097,17.340979,gene_signature,1.0,pass
GGGTTGCAGAAGGTGA-1-15-0-0,0.05439858274554399,19.042793,gene_signature,1.0,pass
GGTGAAGAGGTGCTTT-1-15-0-0,0.05550870164191538,15.047666,gene_signature,1.0,pass
GTACTCCAGCCGTCGT-1-15-0-0,0.15043781177065588,11.033232,gene_signature,1.0,pass
GTATCTTGTGCTAGCC-1-15-0-0,0.08494429028546173,21.51617,gene_signature,1.0,pass
GTATCTTTCTTTACAC-1-15-0-0,0.5132757983098092,9.634687,gene_signature,1.0,pass
GTATTCTTCTTCAACT-1-15-0-0,0.23939212439104499,12.357918,gene_signature,1.0,pass
GTCCTCAGTACTTAGC-1-15-0-0,0.0335608396426753,20.185362,gene_signature,1.0,pass
GTCGGGTTCTTGAGAC-1-15-0-0,0.34776735825836247,11.480925,gene_signature,1.0,pass
GTCTCGTAGCTGGAAC-1-15-0-0,0.3963690817660582,8.7322445,gene_signature,1.0,pass
GTCTCGTGTAAGGGCT-1-15-0-0,0.009999300211987635,17.18942,gene_signature,1.0,pass
GTGAAGGCAAAGCAAT-1-15-0-0,0.3646354785290458,20.417614,gene_signature,1.0,pass
GTGCAGCGTTAAGAAC-1-15-0-0,0.3707550210618432,10.50259,gene_signature,1.0,pass
GTGTTAGTCAACCAAC-1-15-0-0,0.49614146656758773,14.042023,gene_signature,1.0,pass
TAAACCGTCACTTATC-1-15-0-0,0.3993730787567073,19.8707,gene_signature,1.0,pass
TAAGCGTTCCCTGACT-1-15-0-0,0.19056524527210478,7.484796,gene_signature,1.0,pass
TAAGTGCAGGGATACC-1-15-0-0,0.4971447912809929,16.261114,gene_signature,1.0,pass
TACACGAGTCCGTGAC-1-15-0-0,0.04778814760381972,20.05084,gene_signature,1.0,pass
TACCTATTCAACGAAA-1-15-0-0,0.05654098927906367,14.849655,gene_signature,1.0,pass
TACCTTAAGCAGCCTC-1-15-0-0,0.07671803926178852,19.614511,gene_signature,1.0,pass
TACGGATCATAGTAAG-1-15-0-0,0.6754096163799154,12.037939,gene_signature,1.0,pass
TACGGTAGTCATATGC-1-15-0-0,0.11642849468052871,12.778497,gene_signature,1.0,pass
TACGGTAGTGCTGTAT-1-15-0-0,0.28851595527991325,13.20534,gene_signature,1.0,pass
TACGGTATCGTTGCCT-1-15-0-0,0.3219886420778807,12.015754,gene_signature,1.0,pass
TACTCATAGTAGATGT-1-15-0-0,0.5001855854263666,12.503581,gene_signature,1.0,pass
TACTCATCATGCATGT-1-15-0-0,0.13867207742771198,15.3298855,gene_signature,1.0,pass
TACTTACGTTATGCGT-1-15-0-0,0.049398700356471856,14.134123,gene_signature,1.0,pass
TAGACCAAGAGGGCTT-1-15-0-0,0.49121928854522495,16.627535,gene_signature,1.0,pass
TAGTTGGCAATGCCAT-1-15-0-0,0.1439674719921311,8.292376,gene_signature,1.0,pass
TATCAGGTCACTTACT-1-15-0-0,0.11883504152449006,17.569574,gene_signature,1.0,pass
TATCTCAAGTTATCGC-1-15-0-0,0.2503196732218251,15.474131,gene_signature,1.0,pass
TATGCCCGTACTTAGC-1-15-0-0,0.06648984517861742,20.788273,gene_signature,1.0,pass
TCAATCTAGATCCCGC-1-15-0-0,0.019637476205719484,18.372667,gene_signature,1.0,pass
TCAATCTCATGGTAGG-1-15-0-0,0.029809600974158017,21.627987,gene_signature,1.0,pass
TCACAAGAGAAACCGC-1-15-0-0,0.07705172947753508,10.423892,gene_signature,1.0,pass
TCAGATGAGGTGTTAA-1-15-0-0,0.33540629882965645,13.372708,gene_signature,1.0,pass
TCAGATGTCTGTCAAG-1-15-0-0,0.3189920965603024,15.654262,gene_signature,1.0,pass
TCAGCAAGTCCTCCAT-1-15-0-0,0.1460316107106558,17.163082,gene_signature,1.0,pass
TCAGCTCAGTCAAGCG-1-15-0-0,0.4351405452521847,18.29526,gene_signature,1.0,pass
TCAGCTCCAGCCACCA-1-15-0-0,0.027502606835837533,20.462246,gene_signature,1.0,pass
TCAGGTAGTTGAACTC-1-15-0-0,0.024211187992531736,21.992065,gene_signature,1.0,pass
TCAGGTATCCAGAAGG-1-15-0-0,0.32957768476628885,21.727955,gene_signature,1.0,pass
TCATTACCATAACCTG-1-15-0-0,0.373062144892112,18.61726,gene_signature,1.0,pass
TCATTTGCAGCCTATA-1-15-0-0,0.3619656223741347,18.147936,gene_signature,1.0,pass
TCATTTGTCGCAGGCT-1-15-0-0,0.1397945822125583,9.544397,gene_signature,1.0,pass
TCCACACTCAGCACAT-1-15-0-0,0.169389491489197,14.156436,gene_signature,1.0,pass
TCGCGAGAGGTGATAT-1-15-0-0,0.20897461710935444,11.661234,gene_signature,1.0,pass
TCGCGAGGTCAGATAA-1-15-0-0,0.14734041130621833,21.900387,gene_signature,1.0,pass
TCGGGACGTCTTGTCC-1-15-0-0,0.2611375636274551,14.191577,gene_signature,1.0,pass
TCGTACCTCCTTTACA-1-15-0-0,0.05304625006938383,12.978247,gene_signature,1.0,pass
TCTCTAAAGAGTTGGC-1-15-0-0,0.3591298691312074,9.097437,gene_signature,1.0,pass
TGACTAGTCTATCCCG-1-15-0-0,0.10619130925817125,17.528568,gene_signature,1.0,pass
TGAGCCGCACGGTTTA-1-15-0-0,0.03255473190669216,20.23124,gene_signature,1.0,pass
TGCGGGTAGAGGGATA-1-15-0-0,0.8293257816044726,11.4853945,gene_signature,1.0,pass
TGCGGGTCAAGTCTGT-1-15-0-0,0.15389302844881395,13.5332,gene_signature,1.0,pass
TGCTACCGTAAGGGCT-1-15-0-0,0.5543475110711535,13.106595,gene_signature,1.0,pass
TGGACGCCAGGTGCCT-1-15-0-0,0.23773018249167643,13.06853,gene_signature,1.0,pass
TGGCGCATCTTAACCT-1-15-0-0,0.42380133309152956,12.432165,gene_signature,1.0,pass
TGGGCGTAGGCCGAAT-1-15-0-0,0.08432017172621604,12.14591,gene_signature,1.0,pass
TGGGCGTTCCTCCTAG-1-15-0-0,0.07571471446236233,15.820105,gene_signature,1.0,pass
TGGTTAGCACTTGGAT-1-15-0-0,0.08116822018855438,12.869603,gene_signature,1.0,pass
TGTGTTTAGATGTTAG-1-15-0-0,0.2452610831724717,17.207386,gene_signature,1.0,pass
TGTGTTTGTTGATTGC-1-15-0-0,0.049062767526458564,22.19919,gene_signature,1.0,pass
TGTTCCGCACGGTAAG-1-15-0-0,0.1682934359169625,20.580498,gene_signature,1.0,pass
TTAGGCAGTACAGCAG-1-15-0-0,0.5477592553522636,12.476566,gene_signature,1.0,pass
TTAGGCAGTCAGAATA-1-15-0-0,0.34895120195394735,14.481689,gene_signature,1.0,pass
TTAGTTCAGAGACGAA-1-15-0-0,0.025213031615858618,18.748608,gene_signature,1.0,pass
TTATGCTTCGGTCTAA-1-15-0-0,0.3906818320940559,12.827069,gene_signature,1.0,pass
TTCCCAGAGGTGATAT-1-15-0-0,0.19613608447003492,14.417755,gene_signature,1.0,pass
TTCCCAGGTAACGACG-1-15-0-0,0.021253834479605098,17.92445,gene_signature,1.0,pass
TTGCCGTAGCATCATC-1-15-0-0,0.056177300229891244,17.633768,gene_signature,1.0,pass
TTGCGTCAGCTCAACT-1-15-0-0,0.2534330677807911,9.369954,gene_signature,1.0,pass
TTGGAACCAAGAGGCT-1-15-0-0,0.21158530772903136,10.097404,gene_signature,1.0,pass
TTTACTGTCGCACTCT-1-15-0-0,0.08985060578606253,17.627415,gene_signature,1.0,pass
TTTATGCGTATGAAAC-1-15-0-0,0.32734628435117685,12.359662,gene_signature,1.0,pass
TTTATGCGTGTGACCC-1-15-0-0,0.2793914041608484,13.390482,gene_signature,1.0,pass
TTTGTCAGTCCAGTTA-1-15-0-0,0.3638358432006112,13.027428,gene_signature,1.0,pass
TTTGTCATCCCTCTTT-1-15-0-0,0.054849488454731775,21.564003,gene_signature,1.0,pass
AAACCTGGTATTCTCT-1-34-0-0,0.27710007875659554,18.50772,gene_signature,1.0,pass
AAACCTGTCTGATACG-1-34-0-0,0.06394626721758014,12.40373,gene_signature,1.0,pass
AAACGGGCAAAGCAAT-1-34-0-0,0.018804388231390624,12.689706,gene_signature,1.0,pass
AAACGGGCATATGGTC-1-34-0-0,0.1281411837601562,13.490713,gene_signature,1.0,pass
AAACGGGGTACGCTGC-1-34-0-0,0.06649604575772135,7.5844374,gene_signature,1.0,pass
AAACGGGGTGAGTGAC-1-34-0-0,0.23811306046938047,15.899554,gene_signature,1.0,pass
AAAGCAAAGAGCCCAA-1-34-0-0,0.17248174407021294,13.867315,gene_signature,1.0,pass
AAAGCAAAGATTACCC-1-34-0-0,0.19578608899373168,11.969283,gene_signature,1.0,pass
AAAGCAAGTAGCGTGA-1-34-0-0,0.058664893489177895,14.34965,gene_signature,1.0,pass
AAAGCAATCATTGCGA-1-34-0-0,0.4942152197958438,13.731404,gene_signature,1.0,pass
AAAGCAATCTCTAAGG-1-34-0-0,0.3574323245289547,12.797795,gene_signature,1.0,pass
AAAGCAATCTTGCAAG-1-34-0-0,0.06747331089013918,13.104029,gene_signature,1.0,pass
AAAGTAGAGGTAAACT-1-34-0-0,0.0958734658354478,17.294352,gene_signature,1.0,pass
AAAGTAGCAGTATAAG-1-34-0-0,0.19538604444826854,12.9909725,gene_signature,1.0,pass
AAAGTAGGTTCCACGG-1-34-0-0,0.4871184724504548,17.116161,gene_signature,1.0,pass
AAATGCCCAATACGCT-1-34-0-0,0.08492836007267049,7.698102,gene_signature,1.0,pass
AAATGCCTCATTGCCC-1-34-0-0,0.099429873966173,13.350351,gene_signature,1.0,pass
AACACGTCAATGCCAT-1-34-0-0,0.470970109883306,13.699783,gene_signature,1.0,pass
AACACGTGTCAGAGGT-1-34-0-0,0.11426843068080583,10.436269,gene_signature,1.0,pass
AACACGTGTGCTGTAT-1-34-0-0,0.06451866259317647,18.525873,gene_signature,1.0,pass
AACCATGAGTGTGGCA-1-34-0-0,0.09188982067670219,9.115735,gene_signature,1.0,pass
AACCATGCATTGTGCA-1-34-0-0,0.14478622537350969,9.654622,gene_signature,1.0,pass
AACCATGGTCTTGATG-1-34-0-0,0.6329576017421169,18.743706,gene_signature,1.0,pass
AACCATGGTTACCGAT-1-34-0-0,0.13172006300909028,15.20647,gene_signature,1.0,pass
AACCGCGCATGCGCAC-1-34-0-0,0.3133188775349306,19.189018,gene_signature,1.0,pass
AACCGCGGTAAAGGAG-1-34-0-0,0.14345715820623686,10.897848,gene_signature,1.0,pass
AACCGCGGTACCGAGA-1-34-0-0,0.13498775126408202,17.602943,gene_signature,1.0,pass
AACCGCGGTGCGCTTG-1-34-0-0,0.06700740950935258,13.497241,gene_signature,1.0,pass
AACCGCGGTTTACTCT-1-34-0-0,0.12695627007889387,14.50489,gene_signature,1.0,pass
AACGTTGTCATGTCTT-1-34-0-0,0.10450558379869264,10.089295,gene_signature,1.0,pass
AACTCAGGTACGCTGC-1-34-0-0,0.0028914154594182383,14.817251,gene_signature,1.0,pass
AACTCCCCAATCGGTT-1-34-0-0,0.048790316965212396,19.389416,gene_signature,1.0,pass
AACTCCCGTTTGACTG-1-34-0-0,0.13605141889664887,17.630756,gene_signature,1.0,pass
AACTCCCTCCGTTGCT-1-34-0-0,0.17612144201107532,19.576254,gene_signature,1.0,pass
AACTCCCTCTAACGGT-1-34-0-0,0.009597832483833632,19.891283,gene_signature,1.0,pass
AACTCTTCAATGGTCT-1-34-0-0,0.02935643299601088,20.51145,gene_signature,1.0,pass
AACTCTTCATGCAACT-1-34-0-0,0.14460584107416308,16.514797,gene_signature,1.0,pass
AACTGGTGTAAATACG-1-34-0-0,0.08715254319123986,16.794817,gene_signature,1.0,pass
AACTTTCCACCGTTGG-1-34-0-0,0.38909921627054894,18.733591,gene_signature,1.0,pass
AACTTTCCAGACGCTC-1-34-0-0,0.07257775571373225,15.59537,gene_signature,1.0,pass
AACTTTCCATAGAAAC-1-34-0-0,0.026040857433094932,17.239395,gene_signature,1.0,pass
AACTTTCGTACTCTCC-1-34-0-0,0.06964613487376922,16.668503,gene_signature,1.0,pass
AACTTTCTCAAACCAC-1-34-0-0,0.042920517382397286,13.056799,gene_signature,1.0,pass
AAGACCTCATCCCATC-1-34-0-0,0.3815493777614861,17.573177,gene_signature,1.0,pass
AAGCCGCAGTCGATAA-1-34-0-0,0.030243297133316784,17.258419,gene_signature,1.0,pass
AAGCCGCCAGTGACAG-1-34-0-0,0.021548983644492127,21.226795,gene_signature,1.0,pass
AAGCCGCTCCAAGTAC-1-34-0-0,0.39990286485219967,9.882639,gene_signature,1.0,pass
AAGGAGCGTAGCGCTC-1-34-0-0,0.14595027153479997,12.741058,gene_signature,1.0,pass
AAGGAGCGTTGATTGC-1-34-0-0,0.14919165966319575,12.507945,gene_signature,1.0,pass
AAGGCAGCAGTCAGCC-1-34-0-0,0.1378815448637774,8.376276,gene_signature,1.0,pass
AAGGTTCAGTTAAGTG-1-34-0-0,0.7000969116863716,19.43038,gene_signature,1.0,pass
AAGGTTCCAGATTGCT-1-34-0-0,0.13612762801790898,18.185719,gene_signature,1.0,pass
AAGGTTCCAGGCTCAC-1-34-0-0,0.31464657479774544,13.194959,gene_signature,1.0,pass
AAGGTTCGTCTGCAAT-1-34-0-0,0.22474653428518657,13.302584,gene_signature,1.0,pass
AAGGTTCGTGGACGAT-1-34-0-0,0.1251734037993551,9.730426,gene_signature,1.0,pass
AAGGTTCTCGTCGTTC-1-34-0-0,0.4648369441018822,13.981967,gene_signature,1.0,pass
AAGGTTCTCTGCCAGG-1-34-0-0,0.1770711520402916,13.022519,gene_signature,1.0,pass
AAGTCTGAGACCGGAT-1-34-0-0,0.07149677115168299,15.202703,gene_signature,1.0,pass
AAGTCTGCAGCCTGTG-1-34-0-0,0.2575053035190853,13.775332,gene_signature,1.0,pass
AAGTCTGCAGGGCATA-1-34-0-0,0.2741975452017117,14.948999,gene_signature,1.0,pass
AAGTCTGCATGCAATC-1-34-0-0,0.326483965161504,9.73886,gene_signature,1.0,pass
AAGTCTGTCTGGGCCA-1-34-0-0,0.1502477107870454,16.629568,gene_signature,1.0,pass
AATCCAGGTAGAAAGG-1-34-0-0,0.20185389575527157,15.676153,gene_signature,1.0,pass
AATCCAGTCCCATTAT-1-34-0-0,0.03340286092089789,9.1467495,gene_signature,1.0,pass
AATCGGTAGCCCAACC-1-34-0-0,0.1864880590948846,9.654619,gene_signature,1.0,pass
AATCGGTTCGCTGATA-1-34-0-0,0.15734767996968052,10.694748,gene_signature,1.0,pass
ACACCAAAGCCATCGC-1-34-0-0,0.025917253739143914,19.371223,gene_signature,1.0,pass
ACACCAACAGCCAATT-1-34-0-0,0.206339913802262,19.045008,gene_signature,1.0,pass
ACACCAACAGTTCCCT-1-34-0-0,0.22870839028910125,21.42456,gene_signature,1.0,pass
ACACCAATCCAGATCA-1-34-0-0,0.042965287748803135,14.967226,gene_signature,1.0,pass
ACACCCTAGGCGTACA-1-34-0-0,0.1529364709754101,18.491526,gene_signature,1.0,pass
ACACCCTAGTCCGTAT-1-34-0-0,0.3060865358001429,16.23932,gene_signature,1.0,pass
ACACCCTCAGCCACCA-1-34-0-0,0.015587609805827343,12.68718,gene_signature,1.0,pass
ACACCCTTCTAACTGG-1-34-0-0,0.1405294375434943,17.722754,gene_signature,1.0,pass
ACACCGGCAATGGAAT-1-34-0-0,0.07531808413099657,13.192329,gene_signature,1.0,pass
ACACCGGCATCCGGGT-1-34-0-0,0.0801818118539115,20.73343,gene_signature,1.0,pass
ACACCGGCATCTGGTA-1-34-0-0,0.07051017804837431,13.711975,gene_signature,1.0,pass
ACACCGGCATGTCGAT-1-34-0-0,0.048299211961353165,18.063578,gene_signature,1.0,pass
ACACCGGGTAACGTTC-1-34-0-0,0.11642900392534594,11.8684635,gene_signature,1.0,pass
ACACCGGGTAGAAGGA-1-34-0-0,0.27890356117667336,12.167751,gene_signature,1.0,pass
ACACCGGGTGTCAATC-1-34-0-0,0.005759709303791784,21.493137,gene_signature,1.0,pass
ACACCGGTCTGGTTCC-1-34-0-0,0.013568677222833402,12.243746,gene_signature,1.0,pass
ACACTGACATGCAATC-1-34-0-0,0.2899644485345339,11.615527,gene_signature,1.0,pass
ACACTGAGTCACACGC-1-34-0-0,0.23486566925133076,13.4176,gene_signature,1.0,pass
ACACTGATCGCATGAT-1-34-0-0,0.16715296657606699,14.434748,gene_signature,1.0,pass
ACAGCCGAGAGCTGGT-1-34-0-0,0.10706410969623101,16.501047,gene_signature,1.0,pass
ACAGCCGAGAGTTGGC-1-34-0-0,0.27243167432827786,10.045903,gene_signature,1.0,pass
ACAGCCGAGCACACAG-1-34-0-0,0.31244609551653946,10.926836,gene_signature,1.0,pass
ACAGCCGTCACATAGC-1-34-0-0,0.09314951904061124,20.366081,gene_signature,1.0,pass
ACAGCCGTCAGGCAAG-1-34-0-0,0.6091174358738811,17.408964,gene_signature,1.0,pass
ACAGCCGTCGTGACAT-1-34-0-0,0.2399300440133186,12.420514,gene_signature,1.0,pass
ACAGCCGTCTGGGCCA-1-34-0-0,0.5599781498445613,10.942458,gene_signature,1.0,pass
ACAGCTAAGCATCATC-1-34-0-0,0.0756490885355712,12.2679,gene_signature,1.0,pass
ACAGCTAGTTGATTGC-1-34-0-0,0.2038445401669428,19.300726,gene_signature,1.0,pass
ACAGCTATCCTGTAGA-1-34-0-0,0.23025683848718154,14.169543,gene_signature,1.0,pass
ACAGCTATCGTTTGCC-1-34-0-0,0.10718011962820351,14.30959,gene_signature,1.0,pass
ACAGCTATCTCTGTCG-1-34-0-0,0.33222088407954053,17.951778,gene_signature,1.0,pass
ACATACGAGTTATCGC-1-34-0-0,0.16680561259976773,12.873079,gene_signature,1.0,pass
ACATACGCATATACGC-1-34-0-0,0.048321692357661414,17.999456,gene_signature,1.0,pass
ACATACGGTGATAAAC-1-34-0-0,0.2354179268725134,17.00751,gene_signature,1.0,pass
ACATACGTCGCTGATA-1-34-0-0,0.262510598038557,10.708071,gene_signature,1.0,pass
ACATCAGAGATGCGAC-1-34-0-0,0.387342681338093,12.56604,gene_signature,1.0,pass
ACATCAGCAGCTGTGC-1-34-0-0,0.02076718628584418,20.75012,gene_signature,1.0,pass
ACATCAGGTCAAGCGA-1-34-0-0,0.26262187621622507,15.526459,gene_signature,1.0,pass
ACATGGTTCCGTAGTA-1-34-0-0,0.020379163932608486,15.4136305,gene_signature,1.0,pass
ACCAGTACACGACGAA-1-34-0-0,0.1938788305280396,20.444712,gene_signature,1.0,pass
ACCAGTATCAAGAAGT-1-34-0-0,0.02047688634929687,16.726698,gene_signature,1.0,pass
ACCAGTATCTCTTGAT-1-34-0-0,0.3200288846118623,8.877768,gene_signature,1.0,pass
ACCCACTAGGGATGGG-1-34-0-0,0.04179386844638285,17.435427,gene_signature,1.0,pass
ACCCACTAGTGTCTCA-1-34-0-0,0.11999006284947386,17.880013,gene_signature,1.0,pass
ACCCACTCAAGTCTAC-1-34-0-0,0.04667529991903209,14.387156,gene_signature,1.0,pass
ACCCACTTCAAAGTAG-1-34-0-0,0.06507081970999498,15.53071,gene_signature,1.0,pass
ACCCACTTCAGCTGGC-1-34-0-0,0.11784039472548351,11.680562,gene_signature,1.0,pass
ACCGTAACAAACTGCT-1-34-0-0,0.13968761811054345,19.88149,gene_signature,1.0,pass
ACCGTAACACGCATCG-1-34-0-0,0.09595255393595402,15.952356,gene_signature,1.0,pass
ACCGTAAGTCTGGAGA-1-34-0-0,0.042049993020737614,11.630675,gene_signature,1.0,pass
ACCTTTAAGACGCAAC-1-34-0-0,0.14320887907155666,15.292948,gene_signature,1.0,pass
ACCTTTAAGATCACGG-1-34-0-0,0.08286781723662434,14.363887,gene_signature,1.0,pass
ACGAGCCAGGGTATCG-1-34-0-0,0.22289001352279691,12.198506,gene_signature,1.0,pass
ACGAGCCTCAAAGTAG-1-34-0-0,0.1897286846658589,17.521013,gene_signature,1.0,pass
ACGAGCCTCCTTGGTC-1-34-0-0,0.09806257309932728,20.3019,gene_signature,1.0,pass
ACGAGGAGTGATAAAC-1-34-0-0,0.1653516091848024,12.671728,gene_signature,1.0,pass
ACGATACAGCGATCCC-1-34-0-0,0.4226484180746036,12.306463,gene_signature,1.0,pass
ACGATACAGGGTCTCC-1-34-0-0,0.029390297664404784,13.872914,gene_signature,1.0,pass
ACGATACTCAGTTTGG-1-34-0-0,0.07039542240086452,20.988787,gene_signature,1.0,pass
ACGATACTCGGCGCAT-1-34-0-0,0.07384095694973032,20.228693,gene_signature,1.0,pass
ACGATGTCAAACAACA-1-34-0-0,0.016361582498570566,19.822552,gene_signature,1.0,pass
ACGATGTCATTCTTAC-1-34-0-0,0.12358526006291888,19.31596,gene_signature,1.0,pass
ACGATGTGTAAGGGAA-1-34-0-0,0.14149747828802142,13.889456,gene_signature,1.0,pass
ACGATGTGTCTAGAGG-1-34-0-0,0.40100180548282865,11.444845,gene_signature,1.0,pass
ACGATGTTCACGACTA-1-34-0-0,0.03569781417792943,19.213066,gene_signature,1.0,pass
ACGCAGCAGTAGATGT-1-34-0-0,0.14720057581562562,8.612719,gene_signature,1.0,pass
ACGCAGCGTAGAAAGG-1-34-0-0,0.04925257452157587,14.643634,gene_signature,1.0,pass
ACGCCAGGTGTCCTCT-1-34-0-0,0.5267515733608561,18.625803,gene_signature,1.0,pass
ACGGAGACAACACGCC-1-34-0-0,0.0907370006547961,13.031558,gene_signature,1.0,pass
ACGGCCAAGTCGAGTG-1-34-0-0,0.20735439713973766,18.06834,gene_signature,1.0,pass
ACGGGCTAGAAGAAGC-1-34-0-0,0.21125734345602024,16.138927,gene_signature,1.0,pass
ACGGGCTCAAGCGAGT-1-34-0-0,0.13687568365831443,11.378141,gene_signature,1.0,pass
ACGGGCTCACGAAGCA-1-34-0-0,0.2756408915805943,11.8767,gene_signature,1.0,pass
ACGGGTCAGAAACCGC-1-34-0-0,0.17357929005711312,17.145931,gene_signature,1.0,pass
ACGGGTCAGCCTCGTG-1-34-0-0,0.4297604174234941,13.581467,gene_signature,1.0,pass
ACGGGTCCAACACCCG-1-34-0-0,0.17835007055177543,21.539354,gene_signature,1.0,pass
ACGGGTCCATAAGACA-1-34-0-0,0.6928198863025468,15.166318,gene_signature,1.0,pass
ACGGGTCGTCTGATCA-1-34-0-0,0.13877682110865158,18.952137,gene_signature,1.0,pass
ACGGGTCGTGGCTCCA-1-34-0-0,0.15711375959314625,13.123484,gene_signature,1.0,pass
ACGGGTCTCGATAGAA-1-34-0-0,0.07929961679437265,12.249932,gene_signature,1.0,pass
ACGTCAACACGAAATA-1-34-0-0,0.08827560192372368,21.702389,gene_signature,1.0,pass
ACGTCAATCAAGGCTT-1-34-0-0,0.1860253996141188,17.91338,gene_signature,1.0,pass
ACTATCTAGCTAAGAT-1-34-0-0,0.35095719623232774,13.284268,gene_signature,1.0,pass
ACTATCTCACTACAGT-1-34-0-0,0.17651228755442377,18.158985,gene_signature,1.0,pass
ACTATCTTCCTATTCA-1-34-0-0,0.09394447832482897,18.353369,gene_signature,1.0,pass
ACTGAACCACTGTCGG-1-34-0-0,0.380692393122988,18.794361,gene_signature,1.0,pass
ACTGAACCATGTAGTC-1-34-0-0,0.242846408209817,14.453764,gene_signature,1.0,pass
ACTGAACTCCACTCCA-1-34-0-0,0.31063979958799404,10.5269575,gene_signature,1.0,pass
ACTGAACTCGCCATAA-1-34-0-0,0.16002556441004465,18.925907,gene_signature,1.0,pass
ACTGAACTCGGAAACG-1-34-0-0,0.033423159397236855,21.758152,gene_signature,1.0,pass
ACTGAACTCTTTCCTC-1-34-0-0,0.417908188856879,13.816757,gene_signature,1.0,pass
ACTGATGAGTTGTCGT-1-34-0-0,0.3375659913622296,16.57548,gene_signature,1.0,pass
ACTGATGCAGTAGAGC-1-34-0-0,0.17829413151901202,13.699931,gene_signature,1.0,pass
ACTGATGCATCAGTAC-1-34-0-0,0.04201194344089469,13.306208,gene_signature,1.0,pass
ACTGTCCTCTGCTGCT-1-34-0-0,0.4068852187922348,7.760843,gene_signature,1.0,pass
ACTTGTTGTAGAAAGG-1-34-0-0,0.06417556949923964,20.747906,gene_signature,1.0,pass
ACTTGTTTCGGTTCGG-1-34-0-0,0.3361166698738092,15.844713,gene_signature,1.0,pass
ACTTTCACACCGATAT-1-34-0-0,0.8911424318286333,8.389162,gene_signature,1.0,pass
ACTTTCACATGTTGAC-1-34-0-0,0.07494722286570323,16.188145,gene_signature,1.0,pass
AGAATAGAGCGTCAAG-1-34-0-0,0.04170465688781716,19.446438,gene_signature,1.0,pass
AGAATAGCAAGCCCAC-1-34-0-0,0.2572349876572228,10.06286,gene_signature,1.0,pass
AGAATAGCACGAGGTA-1-34-0-0,0.05200167977612051,12.069979,gene_signature,1.0,pass
AGAATAGGTAAACACA-1-34-0-0,0.23166019568761023,15.569349,gene_signature,1.0,pass
AGAATAGTCCATGAAC-1-34-0-0,0.11097092502585093,18.083551,gene_signature,1.0,pass
AGAATAGTCCTGCCAT-1-34-0-0,0.022765212770677955,20.44349,gene_signature,1.0,pass
AGAATAGTCTGCCAGG-1-34-0-0,0.008390358363764226,15.244972,gene_signature,1.0,pass
AGACGTTAGGGTTCCC-1-34-0-0,0.13744500238299046,9.753244,gene_signature,1.0,pass
AGACGTTCATCGATGT-1-34-0-0,0.45721656065706917,12.401777,gene_signature,1.0,pass
AGAGCGAGTCTCACCT-1-34-0-0,0.09243783095388404,12.190427,gene_signature,1.0,pass
AGAGCTTTCCAAGTAC-1-34-0-0,0.05260695039385386,19.720242,gene_signature,1.0,pass
AGAGTGGGTACAGTGG-1-34-0-0,0.11133619337850682,17.24268,gene_signature,1.0,pass
AGAGTGGTCACAAACC-1-34-0-0,0.10089124069815866,19.555578,gene_signature,1.0,pass
AGAGTGGTCAGAGCTT-1-34-0-0,0.02189029803154479,13.378403,gene_signature,1.0,pass
AGAGTGGTCATCGGAT-1-34-0-0,0.18779172791072124,16.27806,gene_signature,1.0,pass
AGATCTGAGGGCTTCC-1-34-0-0,0.15397415966111452,17.324162,gene_signature,1.0,pass
AGATCTGCATCAGTAC-1-34-0-0,0.021968590520024447,12.112326,gene_signature,1.0,pass
AGATTGCGTGAACCTT-1-34-0-0,0.29675939000195395,20.304451,gene_signature,1.0,pass
AGCAGCCAGGAACTGC-1-34-0-0,0.11613745428156794,16.232983,gene_signature,1.0,pass
AGCAGCCCATGTCCTC-1-34-0-0,0.025122886152975622,16.089771,gene_signature,1.0,pass
AGCAGCCTCACGAAGG-1-34-0-0,0.030567010428309904,11.780394,gene_signature,1.0,pass
AGCATACAGGATATAC-1-34-0-0,0.16318719787163907,12.147743,gene_signature,1.0,pass
AGCATACCACCTCGGA-1-34-0-0,0.28888330163264647,14.41065,gene_signature,1.0,pass
AGCATACCATCCTTGC-1-34-0-0,0.009225219082435787,21.09576,gene_signature,1.0,pass
AGCCTAAAGTTAACGA-1-34-0-0,0.02514885181895258,20.180956,gene_signature,1.0,pass
AGCCTAATCGCCAGCA-1-34-0-0,0.34608188927316275,14.678984,gene_signature,1.0,pass
AGCGGTCCAAGACGTG-1-34-0-0,0.10670515291041105,13.4874935,gene_signature,1.0,pass
AGCGGTCCACCTCGTT-1-34-0-0,0.10183466910640207,10.634999,gene_signature,1.0,pass
AGCGGTCCACGAGGTA-1-34-0-0,0.09607320355823895,14.365669,gene_signature,1.0,pass
AGCGGTCGTACCGCTG-1-34-0-0,0.17661026981498495,17.709002,gene_signature,1.0,pass
AGCGGTCTCCCACTTG-1-34-0-0,0.3609549325437542,16.031775,gene_signature,1.0,pass
AGCGTATAGAGGTTAT-1-34-0-0,0.07080371923429175,10.070811,gene_signature,1.0,pass
AGCGTATAGGAGTCTG-1-34-0-0,0.2947283613460275,16.112003,gene_signature,1.0,pass
AGCGTATTCTTCGAGA-1-34-0-0,0.28995445600775954,17.622099,gene_signature,1.0,pass
AGCGTCGAGGCTATCT-1-34-0-0,0.22628670040734633,10.326383,gene_signature,1.0,pass
AGCTCCTAGCAGCGTA-1-34-0-0,0.08440071896641643,9.91998,gene_signature,1.0,pass
AGCTCCTAGGGTCTCC-1-34-0-0,0.331961148179108,15.479691,gene_signature,1.0,pass
AGCTCCTAGTGAACGC-1-34-0-0,0.24278378324064231,12.279815,gene_signature,1.0,pass
AGCTCCTCAGTGAGTG-1-34-0-0,0.04304024314308663,19.163752,gene_signature,1.0,pass
AGCTCTCTCGACCAGC-1-34-0-0,0.044556578443474576,13.533168,gene_signature,1.0,pass
AGCTTGATCGCCATAA-1-34-0-0,0.20491510539324248,13.498825,gene_signature,1.0,pass
AGCTTGATCGTGTAGT-1-34-0-0,0.14985850672520984,15.804843,gene_signature,1.0,pass
AGGCCACGTTGTTTGG-1-34-0-0,0.1889709232943864,15.290631,gene_signature,1.0,pass
AGGCCGTCACTTCGAA-1-34-0-0,0.22883196735811576,14.197583,gene_signature,1.0,pass
AGGGAGTAGGGTCTCC-1-34-0-0,0.028956751261447006,16.901691,gene_signature,1.0,pass
AGGGAGTAGTCGTACT-1-34-0-0,0.034678855412684235,16.069284,gene_signature,1.0,pass
AGGGATGAGGCCCTTG-1-34-0-0,0.11692656982707703,19.556156,gene_signature,1.0,pass
AGGTCATTCCTTTCTC-1-34-0-0,0.03168397358946478,18.52012,gene_signature,1.0,pass
AGGTCCGAGATCGATA-1-34-0-0,0.27963141471347014,14.634776,gene_signature,1.0,pass
AGGTCCGAGTATCTCG-1-34-0-0,0.06763196748811959,17.152521,gene_signature,1.0,pass
AGGTCCGCACCGATAT-1-34-0-0,0.01871248998610412,16.49744,gene_signature,1.0,pass
AGGTCCGGTCCGCTGA-1-34-0-0,0.022110722591846026,19.566784,gene_signature,1.0,pass
AGGTCCGGTGTAATGA-1-34-0-0,0.20777156550252282,16.229475,gene_signature,1.0,pass
AGTAGTCAGGTGACCA-1-34-0-0,0.12193609230014009,15.861649,gene_signature,1.0,pass
AGTAGTCGTTACAGAA-1-34-0-0,0.2226021691900745,14.174103,gene_signature,1.0,pass
AGTAGTCTCATTGCCC-1-34-0-0,0.024227574132943484,20.435154,gene_signature,1.0,pass
AGTAGTCTCCTTTACA-1-34-0-0,0.07583900941180287,15.042147,gene_signature,1.0,pass
AGTAGTCTCGGAGCAA-1-34-0-0,0.025758540986702494,12.899254,gene_signature,1.0,pass
AGTCTTTAGCGATGAC-1-34-0-0,0.5355473424314734,10.678984,gene_signature,1.0,pass
AGTCTTTAGCTTATCG-1-34-0-0,0.08963097683815197,15.914606,gene_signature,1.0,pass
AGTCTTTAGGAATTAC-1-34-0-0,0.07554152609479908,19.597256,gene_signature,1.0,pass
AGTCTTTGTAATAGCA-1-34-0-0,0.21134856039967284,18.989674,gene_signature,1.0,pass
AGTCTTTTCAAGGCTT-1-34-0-0,0.5717657200217972,13.496046,gene_signature,1.0,pass
AGTCTTTTCACGCATA-1-34-0-0,0.11272641025260519,14.202792,gene_signature,1.0,pass
AGTCTTTTCCAGGGCT-1-34-0-0,0.045937604788128375,14.136147,gene_signature,1.0,pass
AGTCTTTTCGTTGCCT-1-34-0-0,0.1863475671608633,19.568413,gene_signature,1.0,pass
AGTGAGGGTACCATCA-1-34-0-0,0.026543776477670235,14.953036,gene_signature,1.0,pass
AGTGAGGGTCGCGAAA-1-34-0-0,0.08889991168701664,10.949432,gene_signature,1.0,pass
AGTGAGGGTGATAAGT-1-34-0-0,0.24195420074527246,14.04375,gene_signature,1.0,pass
AGTGAGGGTTACGACT-1-34-0-0,0.12771917263147675,15.623335,gene_signature,1.0,pass
AGTGAGGTCAACTCTT-1-34-0-0,0.11993176571518407,16.08437,gene_signature,1.0,pass
AGTGGGAGTCAAAGCG-1-34-0-0,0.30879136375255456,13.397467,gene_signature,1.0,pass
AGTGGGAGTCCGACGT-1-34-0-0,0.13498416471158872,14.950857,gene_signature,1.0,pass
AGTGGGAGTTAGTGGG-1-34-0-0,0.04192940419678022,20.501507,gene_signature,1.0,pass
AGTGGGATCAGTGTTG-1-34-0-0,0.11260065910669934,10.564872,gene_signature,1.0,pass
AGTGTCAGTTAAAGAC-1-34-0-0,0.0942174290245482,8.342535,gene_signature,1.0,pass
AGTGTCATCCGCATAA-1-34-0-0,0.023584294305825235,19.38047,gene_signature,1.0,pass
AGTTGGTCAAGTTGTC-1-34-0-0,0.0852634282140278,15.288243,gene_signature,1.0,pass
AGTTGGTGTAGAGCTG-1-34-0-0,0.11762602147799772,19.193611,gene_signature,1.0,pass
AGTTGGTGTTCCCTTG-1-34-0-0,0.10473854173140129,12.943443,gene_signature,1.0,pass
ATAACGCCAACACCTA-1-34-0-0,0.10157380339386768,14.751404,gene_signature,1.0,pass
ATAACGCCATCCGCGA-1-34-0-0,0.3305116652802679,12.184828,gene_signature,1.0,pass
ATAACGCGTTAAGATG-1-34-0-0,0.19134037299031198,16.957905,gene_signature,1.0,pass
ATAACGCTCCAGTATG-1-34-0-0,0.1355646259812125,16.034718,gene_signature,1.0,pass
ATAACGCTCCCTAACC-1-34-0-0,0.12265773176452992,17.889788,gene_signature,1.0,pass
ATAAGAGTCCGTCATC-1-34-0-0,0.06295012350609155,9.211918,gene_signature,1.0,pass
ATAAGAGTCGCGTTTC-1-34-0-0,0.0852887159804919,15.815775,gene_signature,1.0,pass
ATAGACCTCGTGGTCG-1-34-0-0,0.25714309556809267,13.689687,gene_signature,1.0,pass
ATCACGAGTGAAATCA-1-34-0-0,0.16701454219702844,9.771753,gene_signature,1.0,pass
ATCACGATCCTGCAGG-1-34-0-0,0.05897400631696368,14.658856,gene_signature,1.0,pass
ATCACGATCGATGAGG-1-34-0-0,0.04772514617491563,16.800396,gene_signature,1.0,pass
ATCATCTAGGATGGAA-1-34-0-0,0.040727466995974335,21.364702,gene_signature,1.0,pass
ATCATCTGTAACGTTC-1-34-0-0,0.030102607470668907,21.086622,gene_signature,1.0,pass
ATCATGGAGCCACCTG-1-34-0-0,0.056620120913857964,16.04498,gene_signature,1.0,pass
ATCATGGGTAGAGGAA-1-34-0-0,0.1570361736637417,21.021273,gene_signature,1.0,pass
ATCATGGGTCTAAAGA-1-34-0-0,0.13284896961503362,8.674768,gene_signature,1.0,pass
ATCCACCGTCGAGATG-1-34-0-0,0.528145924917897,18.762495,gene_signature,1.0,pass
ATCCGAAGTCAAGCGA-1-34-0-0,0.048661333218570586,14.774841,gene_signature,1.0,pass
ATCGAGTTCACGCATA-1-34-0-0,0.058515981432496256,14.57321,gene_signature,1.0,pass
ATCTACTAGAACTCGG-1-34-0-0,0.3109190019186828,10.704795,gene_signature,1.0,pass
ATCTACTAGCAGACTG-1-34-0-0,0.3219948927655448,10.3080635,gene_signature,1.0,pass
ATCTACTAGGGCATGT-1-34-0-0,0.024116171318297245,18.316343,gene_signature,1.0,pass
ATCTACTAGTTATCGC-1-34-0-0,0.19818977806007743,14.896904,gene_signature,1.0,pass
ATCTACTCACCGCTAG-1-34-0-0,0.036345142626050805,15.567209,gene_signature,1.0,pass
ATCTACTGTTGGAGGT-1-34-0-0,0.08451292164538918,15.738373,gene_signature,1.0,pass
ATCTGCCAGAGTAATC-1-34-0-0,0.08237943745599459,20.70522,gene_signature,1.0,pass
ATCTGCCCACTAGTAC-1-34-0-0,0.14686123341572613,12.421944,gene_signature,1.0,pass
ATCTGCCGTAAGGATT-1-34-0-0,0.30683503505188986,14.7821245,gene_signature,1.0,pass
ATCTGCCGTTGTGGCC-1-34-0-0,0.18015266062189758,20.116377,gene_signature,1.0,pass
ATGAGGGAGAGTACCG-1-34-0-0,0.1497591767294756,11.778951,gene_signature,1.0,pass
ATGAGGGAGCCACGTC-1-34-0-0,0.7024082244578229,14.469725,gene_signature,1.0,pass
ATGAGGGAGTCAATAG-1-34-0-0,0.2640713366389188,9.362925,gene_signature,1.0,pass
ATGAGGGCATCTACGA-1-34-0-0,0.05141371965710665,11.348126,gene_signature,1.0,pass
ATGAGGGTCCAAATGC-1-34-0-0,0.2514253017158638,16.899673,gene_signature,1.0,pass
ATGCGATAGATAGCAT-1-34-0-0,0.32290340357542346,14.589903,gene_signature,1.0,pass
ATGCGATCAAACCCAT-1-34-0-0,0.09500412946707706,20.264664,gene_signature,1.0,pass
ATGCGATCATCCTTGC-1-34-0-0,0.04687502079407844,20.229517,gene_signature,1.0,pass
ATGCGATTCATGCAAC-1-34-0-0,0.04049551914295722,20.967796,gene_signature,1.0,pass
ATGGGAGAGTACGACG-1-34-0-0,0.1493962419625055,16.621067,gene_signature,1.0,pass
ATGGGAGTCACAGTAC-1-34-0-0,0.05486128239516806,14.040497,gene_signature,1.0,pass
ATGTGTGAGCTCAACT-1-34-0-0,0.26611525172631956,19.193064,gene_signature,1.0,pass
ATGTGTGAGTAGGTGC-1-34-0-0,0.09807311707373143,22.032726,gene_signature,1.0,pass
ATGTGTGCAGCGTCCA-1-34-0-0,0.03523153421826541,17.353453,gene_signature,1.0,pass
ATGTGTGTCTCAACTT-1-34-0-0,0.40876525154177373,18.953712,gene_signature,1.0,pass
ATTACTCAGGATGGTC-1-34-0-0,0.14231222947251496,16.957752,gene_signature,1.0,pass
ATTACTCCAAACAACA-1-34-0-0,0.022219424646199075,14.563957,gene_signature,1.0,pass
ATTACTCCACATCCAA-1-34-0-0,0.10519338407451598,17.6211,gene_signature,1.0,pass
ATTACTCCACCGAAAG-1-34-0-0,0.2629594047549436,8.717325,gene_signature,1.0,pass
ATTATCCGTACTTCTT-1-34-0-0,0.10559030093843554,15.341162,gene_signature,1.0,pass
ATTATCCGTTATGTGC-1-34-0-0,0.1965412331447232,16.25527,gene_signature,1.0,pass
ATTCTACAGAAGGACA-1-34-0-0,0.06229597344205993,9.608572,gene_signature,1.0,pass
ATTCTACGTTAAGATG-1-34-0-0,0.09660573778987125,14.56423,gene_signature,1.0,pass
ATTGGACCACACCGCA-1-34-0-0,0.05813674607712934,10.962791,gene_signature,1.0,pass
ATTGGACCAGCGAACA-1-34-0-0,0.05182777635890684,16.397476,gene_signature,1.0,pass
ATTGGACTCGGTCTAA-1-34-0-0,0.033987265272671194,16.165802,gene_signature,1.0,pass
ATTGGACTCTGGTTCC-1-34-0-0,0.12372314779541527,13.090666,gene_signature,1.0,pass
ATTGGTGAGGCTAGAC-1-34-0-0,0.1569743944291668,18.101677,gene_signature,1.0,pass
ATTGGTGCAAGCCCAC-1-34-0-0,0.006770617909669895,17.705296,gene_signature,1.0,pass
ATTGGTGCAGAGTGTG-1-34-0-0,0.30793457260192947,10.503375,gene_signature,1.0,pass
ATTGGTGGTACCGTAT-1-34-0-0,0.13447581428260705,20.053469,gene_signature,1.0,pass
ATTGGTGTCTCAAGTG-1-34-0-0,0.06679387896254141,15.790009,gene_signature,1.0,pass
ATTTCTGAGGGTCTCC-1-34-0-0,0.1093787922128947,15.518756,gene_signature,1.0,pass
ATTTCTGTCCGAACGC-1-34-0-0,0.06308478967160133,16.841053,gene_signature,1.0,pass
CAACCAAAGATGTGGC-1-34-0-0,0.33728620302974854,17.604652,gene_signature,1.0,pass
CAACCAAGTCCAGTTA-1-34-0-0,0.05069716318369795,14.30242,gene_signature,1.0,pass
CAACCAAGTGCGCTTG-1-34-0-0,0.06966094864220984,10.995654,gene_signature,1.0,pass
CAACCTCGTCGTCTTC-1-34-0-0,0.056207435898873594,17.301971,gene_signature,1.0,pass
CAACCTCGTTCGCGAC-1-34-0-0,0.3292026071865275,16.791231,gene_signature,1.0,pass
CAACTAGCACCACGTG-1-34-0-0,0.152511874073945,15.718964,gene_signature,1.0,pass
CAACTAGGTCTCCATC-1-34-0-0,0.13695928314301553,16.246347,gene_signature,1.0,pass
CAACTAGTCTCTGAGA-1-34-0-0,0.6640890553254747,6.6288543,gene_signature,1.0,pass
CAAGAAAAGATCTGAA-1-34-0-0,0.0911538876190931,10.647318,gene_signature,1.0,pass
CAAGAAAAGTACCGGA-1-34-0-0,0.3265264819175004,12.641336,gene_signature,1.0,pass
CAAGAAAGTTGATTGC-1-34-0-0,0.05004873877593917,15.113806,gene_signature,1.0,pass
CAAGATCCAATCTGCA-1-34-0-0,0.2305241429734599,8.7325,gene_signature,1.0,pass
CAAGATCCAGTATCTG-1-34-0-0,0.03462164039411382,14.804759,gene_signature,1.0,pass
CAAGATCGTTTGTTGG-1-34-0-0,0.059707602917014824,14.099734,gene_signature,1.0,pass
CAAGATCTCAGGTTCA-1-34-0-0,0.3179110352122779,13.980387,gene_signature,1.0,pass
CAAGATCTCGATCCCT-1-34-0-0,0.2584169481438701,11.629916,gene_signature,1.0,pass
CAAGATCTCTAACCGA-1-34-0-0,0.40052969082850565,17.881598,gene_signature,1.0,pass
CAAGGCCAGGCGCTCT-1-34-0-0,0.4744728467858786,13.845843,gene_signature,1.0,pass
CAAGGCCGTCCTCTTG-1-34-0-0,0.26745581000274465,15.872482,gene_signature,1.0,pass
CAAGGCCGTCTGATCA-1-34-0-0,0.02912427161770568,18.820961,gene_signature,1.0,pass
CAAGTTGAGCTCAACT-1-34-0-0,0.05730579881019322,13.575876,gene_signature,1.0,pass
CAAGTTGCATGTCTCC-1-34-0-0,0.1371660854918368,10.179773,gene_signature,1.0,pass
CACAAACAGCGTCAAG-1-34-0-0,0.09773136578045734,17.554478,gene_signature,1.0,pass
CACAAACGTTTGGGCC-1-34-0-0,0.1120615293171308,12.975367,gene_signature,1.0,pass
CACAAACTCACAGGCC-1-34-0-0,0.050395020422905445,10.567849,gene_signature,1.0,pass
CACACAAAGCGCCTTG-1-34-0-0,0.14478422184818981,16.966557,gene_signature,1.0,pass
CACACAACACATCTTT-1-34-0-0,0.2970412675184527,13.373636,gene_signature,1.0,pass
CACACAAGTATAAACG-1-34-0-0,0.047542955487637144,20.029148,gene_signature,1.0,pass
CACACAATCCAAGTAC-1-34-0-0,0.344514771830866,13.265612,gene_signature,1.0,pass
CACACTCCAATAAGCA-1-34-0-0,0.0658427157008096,14.505243,gene_signature,1.0,pass
CACACTCGTACCGTTA-1-34-0-0,0.1402162136246435,16.151707,gene_signature,1.0,pass
CACAGGCAGATGTAAC-1-34-0-0,0.3825244066005088,13.962689,gene_signature,1.0,pass
CACAGTAGTAAACACA-1-34-0-0,0.0802216424408188,17.294596,gene_signature,1.0,pass
CACATTTAGAAACCAT-1-34-0-0,0.25626915247406684,14.113815,gene_signature,1.0,pass
CACCACTCAATGGAGC-1-34-0-0,0.4654701175498362,20.23716,gene_signature,1.0,pass
CACCACTGTGTTTGTG-1-34-0-0,0.4113050941284386,15.79162,gene_signature,1.0,pass
CACCACTTCCAGATCA-1-34-0-0,0.028330840023547143,15.340625,gene_signature,1.0,pass
CACCAGGAGACACGAC-1-34-0-0,0.1012478297799366,9.414165,gene_signature,1.0,pass
CACCAGGGTTGATTGC-1-34-0-0,0.5193986201452165,12.272473,gene_signature,1.0,pass
CACCAGGTCCCTCTTT-1-34-0-0,0.1077322155941253,9.729085,gene_signature,1.0,pass
CACCTTGTCGGACAAG-1-34-0-0,0.14311722507960364,10.326139,gene_signature,1.0,pass
CACTCCACATAAAGGT-1-34-0-0,0.0522910130271171,11.947476,gene_signature,1.0,pass
CACTCCATCAGAGGTG-1-34-0-0,0.2082606397902343,12.036661,gene_signature,1.0,pass
CAGAATCCATTCCTGC-1-34-0-0,0.05822871209538755,10.63967,gene_signature,1.0,pass
CAGAGAGGTCGGGTCT-1-34-0-0,0.3626515061086885,9.579859,gene_signature,1.0,pass
CAGAGAGTCCACGAAT-1-34-0-0,0.058607662579827566,14.214888,gene_signature,1.0,pass
CAGAGAGTCTGGCGTG-1-34-0-0,0.024047340433127864,13.614057,gene_signature,1.0,pass
CAGATCAAGACACGAC-1-34-0-0,0.03148473363678712,19.116602,gene_signature,1.0,pass
CAGATCAAGATCGATA-1-34-0-0,0.18566625629621858,14.667435,gene_signature,1.0,pass
CAGATCAAGGATCGCA-1-34-0-0,0.20033210845041355,8.903755,gene_signature,1.0,pass
CAGATCAAGTTCCACA-1-34-0-0,0.22510487306195204,13.842676,gene_signature,1.0,pass
CAGATCAAGTTGAGTA-1-34-0-0,0.024650909125668183,21.69612,gene_signature,1.0,pass
CAGATCAGTAAGTTCC-1-34-0-0,0.6575800632056155,17.570507,gene_signature,1.0,pass
CAGATCAGTGATGATA-1-34-0-0,0.1142261210643954,7.561732,gene_signature,1.0,pass
CAGCAGCGTAGAGTGC-1-34-0-0,0.0743977241376613,16.132263,gene_signature,1.0,pass
CAGCAGCGTCTGATCA-1-34-0-0,0.05513599652183833,20.561047,gene_signature,1.0,pass
CAGCAGCGTGTCCTCT-1-34-0-0,0.24438753973667304,14.270182,gene_signature,1.0,pass
CAGCATACACTATCTT-1-34-0-0,0.09967908493915843,7.7012835,gene_signature,1.0,pass
CAGCCGAAGAGCCCAA-1-34-0-0,0.05377156482181942,14.250951,gene_signature,1.0,pass
CAGCCGACATGCCCGA-1-34-0-0,0.13733640792350216,10.791411,gene_signature,1.0,pass
CAGCCGATCCACGCAG-1-34-0-0,0.3542583644052528,16.429907,gene_signature,1.0,pass
CAGCGACAGCGCTTAT-1-34-0-0,0.09995127683872361,13.839865,gene_signature,1.0,pass
CAGCGACAGGAATGGA-1-34-0-0,0.16248872613896667,13.191912,gene_signature,1.0,pass
CAGCTAAAGTAGGTGC-1-34-0-0,0.5047920559659701,13.313731,gene_signature,1.0,pass
CAGCTAAGTAGCGTAG-1-34-0-0,0.13189266217838436,16.445465,gene_signature,1.0,pass
CAGCTAAGTCCATGAT-1-34-0-0,0.053578769115286105,20.88197,gene_signature,1.0,pass
CAGCTAAGTCTCCATC-1-34-0-0,0.029015747852051643,19.64649,gene_signature,1.0,pass
CAGCTGGAGCGACGTA-1-34-0-0,0.02915820036876361,15.44077,gene_signature,1.0,pass
CAGCTGGCAGCCAATT-1-34-0-0,0.03960056280145313,19.278635,gene_signature,1.0,pass
CAGCTGGCATTATCTC-1-34-0-0,0.07651039743642442,15.834109,gene_signature,1.0,pass
CAGCTGGTCAGGTAAA-1-34-0-0,0.42069737012560593,14.813269,gene_signature,1.0,pass
CAGGTGCAGTACACCT-1-34-0-0,0.07111070671152606,10.201903,gene_signature,1.0,pass
CAGGTGCCAAACGCGA-1-34-0-0,0.13186045994656084,14.716501,gene_signature,1.0,pass
CAGTAACAGTCAAGGC-1-34-0-0,0.013660507614839343,12.191728,gene_signature,1.0,pass
CAGTAACCATGTAAGA-1-34-0-0,0.03243565267081418,21.109426,gene_signature,1.0,pass
CAGTAACGTTACGCGC-1-34-0-0,0.10570414170905815,10.878888,gene_signature,1.0,pass
CAGTCCTAGAGGGCTT-1-34-0-0,0.2507138881577794,9.653109,gene_signature,1.0,pass
CATATGGAGGGTTTCT-1-34-0-0,0.2122312889464117,14.588414,gene_signature,1.0,pass
CATATGGGTAGCAAAT-1-34-0-0,0.06931835506148168,14.892023,gene_signature,1.0,pass
CATATGGGTTGGTGGA-1-34-0-0,0.16015215869455793,15.343758,gene_signature,1.0,pass
CATATGGTCCACTGGG-1-34-0-0,0.208719543781588,10.863417,gene_signature,1.0,pass
CATATTCAGTTATCGC-1-34-0-0,0.07799280637879846,10.512388,gene_signature,1.0,pass
CATATTCTCAAACCGT-1-34-0-0,0.1259899020077822,12.252684,gene_signature,1.0,pass
CATCAAGAGAAGAAGC-1-34-0-0,0.2064674066392537,11.907416,gene_signature,1.0,pass
CATCAGACAGATGGCA-1-34-0-0,0.30580955113671815,7.993431,gene_signature,1.0,pass
CATCAGACAGTGACAG-1-34-0-0,0.5496916549160824,18.505785,gene_signature,1.0,pass
CATCAGAGTCATGCAT-1-34-0-0,0.32366645843126773,13.762103,gene_signature,1.0,pass
CATCAGATCAGGTAAA-1-34-0-0,0.12262830083561631,17.688251,gene_signature,1.0,pass
CATCCACAGAAGGACA-1-34-0-0,0.009938558661773796,21.553646,gene_signature,1.0,pass
CATCGAAGTCCAAGTT-1-34-0-0,0.043608671108803496,15.634733,gene_signature,1.0,pass
CATCGAAGTTGTCGCG-1-34-0-0,0.12883643011294868,21.072397,gene_signature,1.0,pass
CATCGAATCCAATGGT-1-34-0-0,0.030502678735647364,9.015032,gene_signature,1.0,pass
CATCGGGGTATAGGTA-1-34-0-0,0.07026898844244471,10.996144,gene_signature,1.0,pass
CATCGGGGTCTCCATC-1-34-0-0,0.12496193410010614,13.846341,gene_signature,1.0,pass
CATGACAGTAGAGGAA-1-34-0-0,0.03727548783255994,19.384174,gene_signature,1.0,pass
CATGCCTCAATTCCTT-1-34-0-0,0.10989201506148982,16.28479,gene_signature,1.0,pass
CATGCCTCATCCGGGT-1-34-0-0,0.1112805161793585,16.681845,gene_signature,1.0,pass
CATGGCGAGACTGGGT-1-34-0-0,0.059003931726364076,20.359013,gene_signature,1.0,pass
CATGGCGAGGCCCTCA-1-34-0-0,0.08408501302030885,8.551207,gene_signature,1.0,pass
CATGGCGCACGTCTCT-1-34-0-0,0.0475171055369504,14.531278,gene_signature,1.0,pass
CATTATCCAGTCAGCC-1-34-0-0,0.31895310174843206,18.901108,gene_signature,1.0,pass
CATTATCCATCAGTAC-1-34-0-0,0.13193098882672774,8.694468,gene_signature,1.0,pass
CATTCGCTCCTATTCA-1-34-0-0,0.11824110929222945,11.500687,gene_signature,1.0,pass
CCAATCCAGCGCTTAT-1-34-0-0,0.31094285529359894,17.084743,gene_signature,1.0,pass
CCAATCCCAGTTTACG-1-34-0-0,0.08648303279945382,18.680714,gene_signature,1.0,pass
CCACCTACACGTTGGC-1-34-0-0,0.07614781523039961,18.063389,gene_signature,1.0,pass
CCACGGATCAACGCTA-1-34-0-0,0.06343577338534045,16.40115,gene_signature,1.0,pass
CCACTACAGAGGTACC-1-34-0-0,0.6041079713729907,10.378656,gene_signature,1.0,pass
CCACTACAGATGTCGG-1-34-0-0,0.06083875005098789,21.214125,gene_signature,1.0,pass
CCACTACCATCGATTG-1-34-0-0,0.2300134458502941,18.770004,gene_signature,1.0,pass
CCACTACGTCCGCTGA-1-34-0-0,0.5728453397256387,12.519372,gene_signature,1.0,pass
CCAGCGAAGTTATCGC-1-34-0-0,0.03847119539355062,13.258051,gene_signature,1.0,pass
CCAGCGACAAGTCTGT-1-34-0-0,0.22760248533992722,21.219978,gene_signature,1.0,pass
CCAGCGATCGGCTACG-1-34-0-0,0.10781183284662026,9.281515,gene_signature,1.0,pass
CCAGCGATCGGTTCGG-1-34-0-0,0.27875823935477045,15.626959,gene_signature,1.0,pass
CCATTCGCAAGCTGGA-1-34-0-0,0.03801289720257553,14.861499,gene_signature,1.0,pass
CCATTCGGTAGGCTGA-1-34-0-0,0.16326104644762832,13.807408,gene_signature,1.0,pass
CCATTCGGTTAAGTAG-1-34-0-0,0.01990091857215749,19.753193,gene_signature,1.0,pass
CCATTCGTCAGCTCGG-1-34-0-0,0.44991494613035743,10.703325,gene_signature,1.0,pass
CCATTCGTCCTCAATT-1-34-0-0,0.13916033088436558,18.683508,gene_signature,1.0,pass
CCCAATCGTAAACCTC-1-34-0-0,0.03203823786124354,21.163126,gene_signature,1.0,pass
CCCAATCTCTTGACGA-1-34-0-0,0.03972022843902187,17.61248,gene_signature,1.0,pass
CCCAGTTGTTCCTCCA-1-34-0-0,0.32760551120292397,11.102371,gene_signature,1.0,pass
CCCATACAGCTAGGCA-1-34-0-0,0.27461303318254693,11.557286,gene_signature,1.0,pass
CCCATACAGGGCTTCC-1-34-0-0,0.038918316703456676,13.103546,gene_signature,1.0,pass
CCCATACCATTGGTAC-1-34-0-0,0.27347679612773984,14.207521,gene_signature,1.0,pass
CCCATACGTAAACCTC-1-34-0-0,0.7755064500593374,18.64598,gene_signature,1.0,pass
CCCATACGTTCAGACT-1-34-0-0,0.28996608985282973,18.210594,gene_signature,1.0,pass
CCCTCCTCAAACCCAT-1-34-0-0,0.037506997788085875,17.72668,gene_signature,1.0,pass
CCGGGATAGTACCGGA-1-34-0-0,0.07251798224297533,19.373083,gene_signature,1.0,pass
CCGGGATAGTATCTCG-1-34-0-0,0.5216411530461246,11.432928,gene_signature,1.0,pass
CCGGGATGTACGCACC-1-34-0-0,0.01357558419742986,18.625296,gene_signature,1.0,pass
CCGGGATTCAGATAAG-1-34-0-0,0.0637578670269591,18.2048,gene_signature,1.0,pass
CCGGTAGAGGACATTA-1-34-0-0,0.022830770318137954,16.938042,gene_signature,1.0,pass
CCGGTAGGTCTAAACC-1-34-0-0,0.11164602885362256,14.331022,gene_signature,1.0,pass
CCGGTAGTCCGAAGAG-1-34-0-0,0.18549722649924785,14.817125,gene_signature,1.0,pass
CCGTACTAGGTGCACA-1-34-0-0,0.1291541635618783,15.782354,gene_signature,1.0,pass
CCGTACTCATCTGGTA-1-34-0-0,0.43046097831189495,18.126286,gene_signature,1.0,pass
CCGTACTGTACCAGTT-1-34-0-0,0.40535887706767876,16.18826,gene_signature,1.0,pass
CCGTACTGTACCGAGA-1-34-0-0,0.10516279752668826,17.88631,gene_signature,1.0,pass
CCGTACTGTTGCTCCT-1-34-0-0,0.09598447469998193,18.746147,gene_signature,1.0,pass
CCGTGGACACAGATTC-1-34-0-0,0.08056644937416739,13.26118,gene_signature,1.0,pass
CCGTGGATCAAGGTAA-1-34-0-0,0.4951004801356252,8.605429,gene_signature,1.0,pass
CCGTGGATCGGACAAG-1-34-0-0,0.0964437780965808,17.162506,gene_signature,1.0,pass
CCGTTCACACAGGTTT-1-34-0-0,0.028486080382037215,20.727898,gene_signature,1.0,pass
CCGTTCACACTAAGTC-1-34-0-0,0.24639688352312294,19.459408,gene_signature,1.0,pass
CCGTTCAGTCGAGATG-1-34-0-0,0.10586439424530551,11.067667,gene_signature,1.0,pass
CCTAAAGGTCGCTTTC-1-34-0-0,0.16705768454271377,12.933864,gene_signature,1.0,pass
CCTACACAGCGCTTAT-1-34-0-0,0.1593110554309928,15.624659,gene_signature,1.0,pass
CCTACACCAGACACTT-1-34-0-0,0.01138453652586359,20.603369,gene_signature,1.0,pass
CCTACACGTTTGGGCC-1-34-0-0,0.03859063545400437,15.487078,gene_signature,1.0,pass
CCTACCAAGCGATATA-1-34-0-0,0.06016737628480873,18.71639,gene_signature,1.0,pass
CCTACCAGTTCGCGAC-1-34-0-0,0.029318184173561485,17.32438,gene_signature,1.0,pass
CCTAGCTAGAACAATC-1-34-0-0,0.07577321510432036,13.223145,gene_signature,1.0,pass
CCTAGCTAGATCTGCT-1-34-0-0,0.14740114565012205,14.912221,gene_signature,1.0,pass
CCTAGCTGTGATAAGT-1-34-0-0,0.07791866164658948,18.741459,gene_signature,1.0,pass
CCTATTAAGACCTTTG-1-34-0-0,0.14910844491434722,21.745451,gene_signature,1.0,pass
CCTATTAGTAAAGGAG-1-34-0-0,0.01041550372039814,19.102505,gene_signature,1.0,pass
CCTATTATCTGATACG-1-34-0-0,0.04759109252343754,17.927738,gene_signature,1.0,pass
CCTCAGTAGCTCCTTC-1-34-0-0,0.07071913482773687,10.339335,gene_signature,1.0,pass
CCTCAGTCAAGAAAGG-1-34-0-0,0.4307804886868133,11.160118,gene_signature,1.0,pass
CCTCAGTCAATGGAGC-1-34-0-0,0.1814227360113582,10.490398,gene_signature,1.0,pass
CCTCAGTCACACGCTG-1-34-0-0,0.08200715444398375,17.59147,gene_signature,1.0,pass
CCTCAGTGTACTCAAC-1-34-0-0,0.10309605842060361,15.05618,gene_signature,1.0,pass
CCTCAGTTCAAAGACA-1-34-0-0,0.07491800594122534,17.492252,gene_signature,1.0,pass
CCTCTGACATGGTCAT-1-34-0-0,0.05207594309911371,21.793207,gene_signature,1.0,pass
CCTCTGAGTATTACCG-1-34-0-0,0.23891042432934348,17.373606,gene_signature,1.0,pass
CCTCTGATCAGTCCCT-1-34-0-0,0.03583884698431471,10.392748,gene_signature,1.0,pass
CCTTACGAGACAGACC-1-34-0-0,0.21742949929102542,16.508722,gene_signature,1.0,pass
CCTTACGCAAGGTGTG-1-34-0-0,0.00898920307812703,18.698938,gene_signature,1.0,pass
CCTTACGCACGCATCG-1-34-0-0,0.0705892805995371,10.310435,gene_signature,1.0,pass
CCTTACGCACGGTAGA-1-34-0-0,0.059480201095769104,19.618658,gene_signature,1.0,pass
CCTTACGTCAGTCCCT-1-34-0-0,0.1738023882416206,19.024292,gene_signature,1.0,pass
CCTTCCCAGATCCCGC-1-34-0-0,0.05145034344343089,15.3337755,gene_signature,1.0,pass
CCTTCCCGTCTTGCGG-1-34-0-0,0.07239540724481222,16.937555,gene_signature,1.0,pass
CCTTCCCTCAATCACG-1-34-0-0,0.585936319623797,9.21039,gene_signature,1.0,pass
CCTTCCCTCACATAGC-1-34-0-0,0.09382467863417779,14.875715,gene_signature,1.0,pass
CCTTCGACAGCGAACA-1-34-0-0,0.036804292335764086,15.256999,gene_signature,1.0,pass
CCTTCGAGTGATAAGT-1-34-0-0,0.12964496084188298,15.745218,gene_signature,1.0,pass
CCTTCGAGTGGCCCTA-1-34-0-0,0.15134470740710934,14.829325,gene_signature,1.0,pass
CCTTCGAGTTATCGGT-1-34-0-0,0.09202543687696958,17.480516,gene_signature,1.0,pass
CCTTCGAGTTTGCATG-1-34-0-0,0.14246318086185378,14.145899,gene_signature,1.0,pass
CCTTCGATCAGTACGT-1-34-0-0,0.06978525929228073,14.141004,gene_signature,1.0,pass
CGAACATCACCATGTA-1-34-0-0,0.1335011569110407,15.560247,gene_signature,1.0,pass
CGAACATGTAAATACG-1-34-0-0,0.029530683361501414,12.038508,gene_signature,1.0,pass
CGAACATTCTTGCATT-1-34-0-0,0.05020474485705748,20.053555,gene_signature,1.0,pass
CGAATGTAGCCCTAAT-1-34-0-0,0.05817561289479221,12.388717,gene_signature,1.0,pass
CGAATGTAGCTAGTTC-1-34-0-0,0.04495844847782139,14.71253,gene_signature,1.0,pass
CGAATGTAGGGCACTA-1-34-0-0,0.20150974662665896,14.867908,gene_signature,1.0,pass
CGAATGTCAAATTGCC-1-34-0-0,0.3928578160088366,17.517994,gene_signature,1.0,pass
CGAATGTGTCATTAGC-1-34-0-0,0.28044567809514553,14.97242,gene_signature,1.0,pass
CGACCTTCATGGTCTA-1-34-0-0,0.13102904288737638,15.832873,gene_signature,1.0,pass
CGACCTTGTTCAGTAC-1-34-0-0,0.06972197125011756,14.136736,gene_signature,1.0,pass
CGACCTTTCAGGCGAA-1-34-0-0,0.16870081664789213,20.437054,gene_signature,1.0,pass
CGACTTCAGATGGGTC-1-34-0-0,0.15718094839659796,17.791643,gene_signature,1.0,pass
CGACTTCAGCTGAACG-1-34-0-0,0.28473739091946587,12.406027,gene_signature,1.0,pass
CGACTTCAGCTGATAA-1-34-0-0,0.22719499160887496,12.320832,gene_signature,1.0,pass
CGACTTCCACTACAGT-1-34-0-0,0.11221582729546135,15.082121,gene_signature,1.0,pass
CGACTTCGTACTCAAC-1-34-0-0,0.17582470039929315,12.183398,gene_signature,1.0,pass
CGACTTCGTATGCTTG-1-34-0-0,0.1227245886772621,16.478146,gene_signature,1.0,pass
CGACTTCGTTGGACCC-1-34-0-0,0.16835766278778658,17.231613,gene_signature,1.0,pass
CGACTTCTCCATGAAC-1-34-0-0,0.04278084489684874,10.585837,gene_signature,1.0,pass
CGAGAAGCACTTGGAT-1-34-0-0,0.2574923689589278,14.785805,gene_signature,1.0,pass
CGAGCACGTACCTACA-1-34-0-0,0.006976636414416153,13.237714,gene_signature,1.0,pass
CGAGCACTCTCCGGTT-1-34-0-0,0.25441956167447327,13.060269,gene_signature,1.0,pass
CGAGCCAGTAACGTTC-1-34-0-0,0.02018119288587685,19.232822,gene_signature,1.0,pass
CGAGCCATCTGATACG-1-34-0-0,0.011474348816670301,19.591656,gene_signature,1.0,pass
CGATCGGAGACACTAA-1-34-0-0,0.29766814145320214,18.203793,gene_signature,1.0,pass
CGATCGGGTCCGCTGA-1-34-0-0,0.016193768965127378,21.486225,gene_signature,1.0,pass
CGATCGGTCCCTCTTT-1-34-0-0,0.02553934880700679,16.187862,gene_signature,1.0,pass
CGATCGGTCCTACAGA-1-34-0-0,0.2273491497115619,13.195734,gene_signature,1.0,pass
CGATCGGTCCTTAATC-1-34-0-0,0.3613009197842135,13.873491,gene_signature,1.0,pass
CGATCGGTCGGATGGA-1-34-0-0,0.08194544113638277,18.66994,gene_signature,1.0,pass
CGATGGCGTACCTACA-1-34-0-0,0.4226249049171372,19.841217,gene_signature,1.0,pass
CGATGTAAGCCAACAG-1-34-0-0,0.049819825049802216,19.106028,gene_signature,1.0,pass
CGATGTAAGGCATTGG-1-34-0-0,0.08265395140969267,15.5612545,gene_signature,1.0,pass
CGATGTAAGTCACGCC-1-34-0-0,0.2504682639712554,20.158895,gene_signature,1.0,pass
CGATTGAAGGTAAACT-1-34-0-0,0.08204840099851145,15.177623,gene_signature,1.0,pass
CGATTGAGTCACTGGC-1-34-0-0,0.11730890476250695,17.882309,gene_signature,1.0,pass
CGATTGATCCCACTTG-1-34-0-0,0.18419812222650625,10.499178,gene_signature,1.0,pass
CGCCAAGAGTGGAGAA-1-34-0-0,0.032144459308701134,21.272503,gene_signature,1.0,pass
CGCCAAGCATGCTGGC-1-34-0-0,0.14899804627394753,19.75735,gene_signature,1.0,pass
CGCCAAGGTAGGAGTC-1-34-0-0,0.030409987902660356,15.30232,gene_signature,1.0,pass
CGCGGTACACAGGCCT-1-34-0-0,0.04919742233517601,19.389416,gene_signature,1.0,pass
CGCGTTTAGGCGCTCT-1-34-0-0,0.11247962489304567,14.356526,gene_signature,1.0,pass
CGCGTTTAGTCACGCC-1-34-0-0,0.17623261540998297,14.4233675,gene_signature,1.0,pass
CGCGTTTCACCCATGG-1-34-0-0,0.07616827969358776,11.930807,gene_signature,1.0,pass
CGCGTTTGTACAAGTA-1-34-0-0,0.34972528214123066,17.013018,gene_signature,1.0,pass
CGCGTTTTCCAGAGGA-1-34-0-0,0.028112584768738052,14.946462,gene_signature,1.0,pass
CGCTATCCAATCGAAA-1-34-0-0,0.01812133609802747,18.390146,gene_signature,1.0,pass
CGCTGGACAATGGATA-1-34-0-0,0.00787604450142601,18.86151,gene_signature,1.0,pass
CGCTGGACAGTGAGTG-1-34-0-0,0.08988017118068506,19.047947,gene_signature,1.0,pass
CGCTGGAGTATATCCG-1-34-0-0,0.3331485657156338,13.831531,gene_signature,1.0,pass
CGCTGGAGTTGCCTCT-1-34-0-0,0.6711244149345628,13.386377,gene_signature,1.0,pass
CGCTGGATCAACGCTA-1-34-0-0,0.46353078671718945,20.732569,gene_signature,1.0,pass
CGCTTCACACCAGTTA-1-34-0-0,0.03248154728140653,15.5733795,gene_signature,1.0,pass
CGCTTCAGTACTTGAC-1-34-0-0,0.26460263038796655,21.67957,gene_signature,1.0,pass
CGCTTCATCATGCATG-1-34-0-0,0.14151258889504198,11.767384,gene_signature,1.0,pass
CGGACACAGAACAATC-1-34-0-0,0.17383774319538045,16.708162,gene_signature,1.0,pass
CGGACACAGAAGGACA-1-34-0-0,0.1811968866936559,13.620463,gene_signature,1.0,pass
CGGACACAGATGTGTA-1-34-0-0,0.3316346283848719,13.567772,gene_signature,1.0,pass
CGGACACAGCTTTGGT-1-34-0-0,0.5788135027415483,13.284609,gene_signature,1.0,pass
CGGACACGTAGGACAC-1-34-0-0,0.035013226044856766,15.721652,gene_signature,1.0,pass
CGGACGTAGCCGGTAA-1-34-0-0,0.01596527926842948,19.841389,gene_signature,1.0,pass
CGGACGTAGCTACCGC-1-34-0-0,0.44464029388487136,11.904132,gene_signature,1.0,pass
CGGACGTGTGTGCGTC-1-34-0-0,0.4525196440819902,14.15031,gene_signature,1.0,pass
CGGACTGAGACCTTTG-1-34-0-0,0.7622657066135428,14.598055,gene_signature,1.0,pass
CGGACTGAGGAGCGTT-1-34-0-0,0.13226509796687735,18.632242,gene_signature,1.0,pass
CGGACTGCACGACGAA-1-34-0-0,0.3517608287442379,10.700299,gene_signature,1.0,pass
CGGAGCTAGCGATATA-1-34-0-0,0.2689823867883591,16.025574,gene_signature,1.0,pass
CGGAGCTGTCACAAGG-1-34-0-0,0.0580343475761925,18.439587,gene_signature,1.0,pass
CGGAGCTTCGTCTGAA-1-34-0-0,0.15185274762402118,11.839859,gene_signature,1.0,pass
CGGCTAGAGTGGCACA-1-34-0-0,0.05725284496279588,13.37834,gene_signature,1.0,pass
CGGGTCAAGTCCCACG-1-34-0-0,0.32248883610579704,9.175413,gene_signature,1.0,pass
CGGGTCAGTCGCCATG-1-34-0-0,0.21430763040317719,15.951681,gene_signature,1.0,pass
CGGTTAAAGCACGCCT-1-34-0-0,0.03466966328806504,16.875929,gene_signature,1.0,pass
CGGTTAAGTTAAAGTG-1-34-0-0,0.17045755117216227,12.845926,gene_signature,1.0,pass
CGGTTAATCTCGCTTG-1-34-0-0,0.006921877552021803,21.33815,gene_signature,1.0,pass
CGTAGCGAGGCTAGAC-1-34-0-0,0.0867039347608995,18.82644,gene_signature,1.0,pass
CGTAGCGAGTACACCT-1-34-0-0,0.15417051213046265,19.083033,gene_signature,1.0,pass
CGTAGCGGTGTGACGA-1-34-0-0,0.1008069496921288,20.287977,gene_signature,1.0,pass
CGTAGGCGTCCAGTAT-1-34-0-0,0.11500462813861015,15.126162,gene_signature,1.0,pass
CGTAGGCTCAGAGACG-1-34-0-0,0.099430462905201,18.625252,gene_signature,1.0,pass
CGTCACTGTCAACTGT-1-34-0-0,0.03207884222283573,9.793692,gene_signature,1.0,pass
CGTCACTGTTCAGTAC-1-34-0-0,0.11679734967706204,10.541469,gene_signature,1.0,pass
CGTCACTTCGCGATCG-1-34-0-0,0.23302319700587432,12.872312,gene_signature,1.0,pass
CGTCACTTCTTTACAC-1-34-0-0,0.02475820833849745,14.638713,gene_signature,1.0,pass
CGTCAGGGTTGGAGGT-1-34-0-0,0.21757680838797833,16.54439,gene_signature,1.0,pass
CGTCCATAGCAATATG-1-34-0-0,0.1192650118668472,17.00644,gene_signature,1.0,pass
CGTCCATAGGAGTTGC-1-34-0-0,0.12236010398150865,16.064342,gene_signature,1.0,pass
CGTCCATGTAAGTTCC-1-34-0-0,0.120927588616957,12.749276,gene_signature,1.0,pass
CGTCCATTCACTTCAT-1-34-0-0,0.10068882843774085,10.280596,gene_signature,1.0,pass
CGTCTACAGTGAACGC-1-34-0-0,0.18951067851458175,18.168167,gene_signature,1.0,pass
CGTCTACGTCATATGC-1-34-0-0,0.09189518913478543,17.70026,gene_signature,1.0,pass
CGTGAGCGTAGCTAAA-1-34-0-0,0.16442073783477568,13.2710495,gene_signature,1.0,pass
CGTGAGCGTAGGCATG-1-34-0-0,0.09255730737755798,15.884372,gene_signature,1.0,pass
CGTGAGCTCAAACCGT-1-34-0-0,0.1398513671138931,15.753975,gene_signature,1.0,pass
CGTGTAAAGAACTGTA-1-34-0-0,0.4452928047164616,16.263575,gene_signature,1.0,pass
CGTGTAAAGTCCTCCT-1-34-0-0,0.455876214427488,9.242398,gene_signature,1.0,pass
CGTGTAAAGTTATCGC-1-34-0-0,0.04275311008537433,17.190376,gene_signature,1.0,pass
CGTGTAAGTCTCTTAT-1-34-0-0,0.04506726977363638,19.659382,gene_signature,1.0,pass
CGTGTCTAGCCCAGCT-1-34-0-0,0.41431274950179076,14.571157,gene_signature,1.0,pass
CGTGTCTCAAGCCGCT-1-34-0-0,0.16639413474043802,12.21091,gene_signature,1.0,pass
CGTGTCTCACCAGTTA-1-34-0-0,0.07498851510253493,14.438507,gene_signature,1.0,pass
CGTGTCTCACTGCCAG-1-34-0-0,0.20779925234202296,16.015995,gene_signature,1.0,pass
CGTTAGACAAAGGCGT-1-34-0-0,0.25714493130029886,10.113394,gene_signature,1.0,pass
CGTTAGATCTACTATC-1-34-0-0,0.03420663117500099,15.392596,gene_signature,1.0,pass
CGTTAGATCTGGGCCA-1-34-0-0,0.09917517830978868,13.27459,gene_signature,1.0,pass
CGTTCTGAGGTGATTA-1-34-0-0,0.26380225975029975,17.489826,gene_signature,1.0,pass
CGTTCTGCAAAGCAAT-1-34-0-0,0.3138430725216411,17.127945,gene_signature,1.0,pass
CGTTCTGCAGCTCGCA-1-34-0-0,0.25225025973763293,15.526688,gene_signature,1.0,pass
CGTTCTGCATTCACTT-1-34-0-0,0.28035687197287185,11.3342495,gene_signature,1.0,pass
CGTTGGGCACGGCGTT-1-34-0-0,0.010325394639266326,16.782368,gene_signature,1.0,pass
CGTTGGGGTCCGTCAG-1-34-0-0,0.25597631855167824,14.964426,gene_signature,1.0,pass
CTAACTTCATGCCACG-1-34-0-0,0.20088251645182115,19.253162,gene_signature,1.0,pass
CTAACTTGTTAAGACA-1-34-0-0,0.29810563163675813,14.428205,gene_signature,1.0,pass
CTAACTTTCGTAGGTT-1-34-0-0,0.40249672957892113,11.08693,gene_signature,1.0,pass
CTAACTTTCTCAACTT-1-34-0-0,0.0966924542466315,14.544592,gene_signature,1.0,pass
CTAAGACAGCTAGCCC-1-34-0-0,0.014812227550877344,19.836658,gene_signature,1.0,pass
CTAAGACTCCTAGGGC-1-34-0-0,0.06733492980757502,18.526085,gene_signature,1.0,pass
CTAAGACTCGTGGGAA-1-34-0-0,0.17093230155522837,15.733607,gene_signature,1.0,pass
CTAAGACTCTTAACCT-1-34-0-0,0.00858064580498731,19.846233,gene_signature,1.0,pass
CTAATGGCAAACGTGG-1-34-0-0,0.059766912443892026,17.204556,gene_signature,1.0,pass
CTAATGGCAGTACACT-1-34-0-0,0.013764449781871963,17.083248,gene_signature,1.0,pass
CTACACCGTCAGAGGT-1-34-0-0,0.33261953604053335,10.493097,gene_signature,1.0,pass
CTACACCTCCTTGGTC-1-34-0-0,0.13224808479973493,8.347158,gene_signature,1.0,pass
CTACATTAGATGAGAG-1-34-0-0,0.3650926620920538,15.949063,gene_signature,1.0,pass
CTACATTCACTGTTAG-1-34-0-0,0.05317373587589834,20.513931,gene_signature,1.0,pass
CTACATTTCTATCGCC-1-34-0-0,0.035686134964887414,17.634901,gene_signature,1.0,pass
CTACCCACAACACGCC-1-34-0-0,0.09425802672399272,12.913301,gene_signature,1.0,pass
CTACCCACAAGGACAC-1-34-0-0,0.24182753053233447,19.553656,gene_signature,1.0,pass
CTACCCAGTTATGTGC-1-34-0-0,0.23846157076243096,14.108141,gene_signature,1.0,pass
CTACCCATCCTTGGTC-1-34-0-0,0.036907357257879476,14.001879,gene_signature,1.0,pass
CTACGTCAGTTGAGTA-1-34-0-0,0.1452772571669086,10.303409,gene_signature,1.0,pass
CTAGAGTCAGATAATG-1-34-0-0,0.2191940398943634,13.849284,gene_signature,1.0,pass
CTAGCCTAGTGATCGG-1-34-0-0,0.11964443372895714,13.245679,gene_signature,1.0,pass
CTAGCCTGTCGACTGC-1-34-0-0,0.03218076437504076,18.385437,gene_signature,1.0,pass
CTAGTGAGTACCATCA-1-34-0-0,0.5961426454213136,10.967546,gene_signature,1.0,pass
CTCACACAGAGTCGGT-1-34-0-0,0.1335324439120645,10.586307,gene_signature,1.0,pass
CTCACACAGGGAACGG-1-34-0-0,0.2761315627525459,14.423007,gene_signature,1.0,pass
CTCACACCAAGCCCAC-1-34-0-0,0.048320163045232206,13.013922,gene_signature,1.0,pass
CTCACACCACGAAGCA-1-34-0-0,0.41509618330849135,12.435588,gene_signature,1.0,pass
CTCACACGTCTCTTAT-1-34-0-0,0.23802419962428667,11.576778,gene_signature,1.0,pass
CTCAGAACAGGTCCAC-1-34-0-0,0.2242947618758991,15.789881,gene_signature,1.0,pass
CTCATTAAGCGTGAAC-1-34-0-0,0.09994891090916869,18.114124,gene_signature,1.0,pass
CTCATTACATTTGCTT-1-34-0-0,0.42164823468135754,14.266141,gene_signature,1.0,pass
CTCATTATCGTAGATC-1-34-0-0,0.06459696049439063,13.515875,gene_signature,1.0,pass
CTCCTAGCAATAACGA-1-34-0-0,0.06706576429745298,9.584577,gene_signature,1.0,pass
CTCGAAACAGAGTGTG-1-34-0-0,0.0715432966127317,17.272089,gene_signature,1.0,pass
CTCGAAACAGCTGCTG-1-34-0-0,0.08134621932514753,18.239883,gene_signature,1.0,pass
CTCGAAAGTCGTCTTC-1-34-0-0,0.12312098536415131,18.587599,gene_signature,1.0,pass
CTCGAGGCAGCCTGTG-1-34-0-0,0.08911444996608771,13.216138,gene_signature,1.0,pass
CTCGAGGCAGCTATTG-1-34-0-0,0.03543418502426689,15.39185,gene_signature,1.0,pass
CTCGGAGCAGGACGTA-1-34-0-0,0.16632421409460435,21.720211,gene_signature,1.0,pass
CTCGGGACATCTCCCA-1-34-0-0,0.022373980359148154,19.463982,gene_signature,1.0,pass
CTCGGGAGTACCCAAT-1-34-0-0,0.6897125459947899,18.056719,gene_signature,1.0,pass
CTCGGGAGTCGACTGC-1-34-0-0,0.4256500937567561,8.375137,gene_signature,1.0,pass
CTCGGGAGTTAAAGTG-1-34-0-0,0.015127861279609875,14.342661,gene_signature,1.0,pass
CTCGGGATCAAGGCTT-1-34-0-0,0.08358745697656207,13.190152,gene_signature,1.0,pass
CTCGTACAGAAGGCCT-1-34-0-0,0.07103673637221122,18.08115,gene_signature,1.0,pass
CTCGTACAGTGTACTC-1-34-0-0,0.29666220157936196,11.866024,gene_signature,1.0,pass
CTCGTACCAACGCACC-1-34-0-0,0.04381675691291573,19.411158,gene_signature,1.0,pass
CTCGTACCACCTGGTG-1-34-0-0,0.12433027659501664,21.65406,gene_signature,1.0,pass
CTCGTACGTGGCTCCA-1-34-0-0,0.046353012410033145,14.649378,gene_signature,1.0,pass
CTCTAATCATCTCCCA-1-34-0-0,0.14508950979604412,21.414827,gene_signature,1.0,pass
CTCTAATTCAGATAAG-1-34-0-0,0.04807543539371888,13.185124,gene_signature,1.0,pass
CTCTAATTCGTGGTCG-1-34-0-0,0.08133922994596816,18.918333,gene_signature,1.0,pass
CTCTACGAGCATGGCA-1-34-0-0,0.048273851103626836,15.948111,gene_signature,1.0,pass
CTCTACGCACACCGCA-1-34-0-0,0.18491711651209347,16.592352,gene_signature,1.0,pass
CTCTACGCACATGTGT-1-34-0-0,0.2777402418389675,15.875444,gene_signature,1.0,pass
CTCTACGCAGCTGCAC-1-34-0-0,0.1217263057890233,18.002308,gene_signature,1.0,pass
CTCTGGTGTACCTACA-1-34-0-0,0.24846805307551872,12.473674,gene_signature,1.0,pass
CTGAAACAGAATGTGT-1-34-0-0,0.13426972846925495,14.963518,gene_signature,1.0,pass
CTGAAACCAGATCGGA-1-34-0-0,0.13525291805483067,17.375118,gene_signature,1.0,pass
CTGAAGTAGTGTTAGA-1-34-0-0,0.15924321007622538,11.770243,gene_signature,1.0,pass
CTGAAGTCAATCACAC-1-34-0-0,0.016534525578350064,12.468267,gene_signature,1.0,pass
CTGAAGTGTCCGACGT-1-34-0-0,0.04974718020327328,13.084043,gene_signature,1.0,pass
CTGAAGTGTCTCTCGT-1-34-0-0,0.042641326597413085,18.117058,gene_signature,1.0,pass
CTGAAGTTCCGGGTGT-1-34-0-0,0.23076106769689977,15.181844,gene_signature,1.0,pass
CTGATAGAGCTGATAA-1-34-0-0,0.33030593064026953,7.3332076,gene_signature,1.0,pass
CTGATAGCATATACCG-1-34-0-0,0.4564126532630383,11.286094,gene_signature,1.0,pass
CTGATAGCATCCTTGC-1-34-0-0,0.3168151507564116,15.10907,gene_signature,1.0,pass
CTGATAGGTCCTCTTG-1-34-0-0,0.051135430743608004,16.45878,gene_signature,1.0,pass
CTGATAGTCATCGATG-1-34-0-0,0.19713186060942395,13.6196995,gene_signature,1.0,pass
CTGATCCAGTAGGTGC-1-34-0-0,0.17313434106586426,19.491806,gene_signature,1.0,pass
CTGATCCAGTGAACGC-1-34-0-0,0.06381254136738382,18.514729,gene_signature,1.0,pass
CTGCCTACACAGCGTC-1-34-0-0,0.11925029678191416,13.489972,gene_signature,1.0,pass
CTGCCTATCTTCGAGA-1-34-0-0,0.07223634381529645,17.162031,gene_signature,1.0,pass
CTGCGGATCTGCTTGC-1-34-0-0,0.0761726500019509,16.004435,gene_signature,1.0,pass
CTGCGGATCTTACCGC-1-34-0-0,0.15160229950976303,14.707843,gene_signature,1.0,pass
CTGCTGTTCAGTTAGC-1-34-0-0,0.5519177365853913,11.436376,gene_signature,1.0,pass
CTGGTCTAGATAGCAT-1-34-0-0,0.035243887543684585,15.484602,gene_signature,1.0,pass
CTGGTCTCAGCTGCTG-1-34-0-0,0.5094117508934106,16.016697,gene_signature,1.0,pass
CTGGTCTCATCGATGT-1-34-0-0,0.09010338276885733,20.817303,gene_signature,1.0,pass
CTGGTCTGTCATCGGC-1-34-0-0,0.1662947124275254,12.219904,gene_signature,1.0,pass
CTGGTCTGTGTAACGG-1-34-0-0,0.08837001224115909,19.717133,gene_signature,1.0,pass
CTGTGCTAGCAGACTG-1-34-0-0,0.1398446062149855,20.363895,gene_signature,1.0,pass
CTGTGCTCAATAACGA-1-34-0-0,0.24737306152367658,11.262678,gene_signature,1.0,pass
CTGTTTAAGGCATGGT-1-34-0-0,0.025770081302996888,16.628689,gene_signature,1.0,pass
CTTAACTAGCTCAACT-1-34-0-0,0.08366651396306243,12.474182,gene_signature,1.0,pass
CTTAACTGTTCGCGAC-1-34-0-0,0.06903153079504099,16.00932,gene_signature,1.0,pass
CTTAACTGTTTCCACC-1-34-0-0,0.06366278591394439,11.156484,gene_signature,1.0,pass
CTTACCGCAAAGGTGC-1-34-0-0,0.6737693185026224,21.252052,gene_signature,1.0,pass
CTTAGGAGTCGCTTCT-1-34-0-0,0.13913207079804477,11.854273,gene_signature,1.0,pass
CTTAGGAGTGACAAAT-1-34-0-0,0.013715267438910314,14.047564,gene_signature,1.0,pass
CTTAGGATCACTGGGC-1-34-0-0,0.04875742413820787,18.655952,gene_signature,1.0,pass
CTTAGGATCAGGCGAA-1-34-0-0,0.053984911615474196,16.9771,gene_signature,1.0,pass
CTTGGCTCACGCCAGT-1-34-0-0,0.5359161910317445,12.70098,gene_signature,1.0,pass
CTTGGCTCACGGTAAG-1-34-0-0,0.12712643833178078,17.289968,gene_signature,1.0,pass
CTTGGCTCAGTAACGG-1-34-0-0,0.1058729860466429,16.348318,gene_signature,1.0,pass
CTTTGCGTCCGCATCT-1-34-0-0,0.2338160864140316,15.441134,gene_signature,1.0,pass
CTTTGCGTCGCCGTGA-1-34-0-0,0.03843814098079528,18.75844,gene_signature,1.0,pass
GAAACTCAGGCAGTCA-1-34-0-0,0.03210033223625648,14.272989,gene_signature,1.0,pass
GAAACTCCAAATTGCC-1-34-0-0,0.33711750547658437,12.86745,gene_signature,1.0,pass
GAAACTCTCTGACCTC-1-34-0-0,0.4210365052144973,14.767555,gene_signature,1.0,pass
GAAATGAAGCAATATG-1-34-0-0,0.15086609418950003,16.133953,gene_signature,1.0,pass
GAAATGAGTTAGTGGG-1-34-0-0,0.10492008161477506,19.332844,gene_signature,1.0,pass
GAAATGAGTTCATGGT-1-34-0-0,0.13480785731042474,10.225676,gene_signature,1.0,pass
GAAATGATCGCTGATA-1-34-0-0,0.11616751739823146,11.271461,gene_signature,1.0,pass
GAAATGATCTCCGGTT-1-34-0-0,0.015174001002699843,19.818218,gene_signature,1.0,pass
GAACATCAGACCCACC-1-34-0-0,0.037631675197068545,10.593617,gene_signature,1.0,pass
GAACCTAAGGAATCGC-1-34-0-0,0.3370185705099616,15.769232,gene_signature,1.0,pass
GAACCTAAGTAATCCC-1-34-0-0,0.13485838191884536,17.41278,gene_signature,1.0,pass
GAACCTACAGGGTTAG-1-34-0-0,0.31326879635137306,14.067741,gene_signature,1.0,pass
GAACCTATCCACGCAG-1-34-0-0,0.02686912033865536,9.451548,gene_signature,1.0,pass
GAACGGAAGCTTATCG-1-34-0-0,0.6265283824189387,6.7706323,gene_signature,1.0,pass
GAACGGACACGGACAA-1-34-0-0,0.16433555798257388,14.526262,gene_signature,1.0,pass
GAACGGATCAAAGTAG-1-34-0-0,0.03366578690927189,17.795713,gene_signature,1.0,pass
GAAGCAGAGCCCTAAT-1-34-0-0,0.04551500875817756,15.503641,gene_signature,1.0,pass
GAAGCAGCACAGAGGT-1-34-0-0,0.15009504927073422,17.73241,gene_signature,1.0,pass
GAATAAGAGGGCATGT-1-34-0-0,0.2504683977072052,11.907002,gene_signature,1.0,pass
GAATAAGCACAGGAGT-1-34-0-0,0.03083759452235359,19.924068,gene_signature,1.0,pass
GAATAAGCACGAGGTA-1-34-0-0,0.15976074444118435,17.006126,gene_signature,1.0,pass
GAATAAGGTATTACCG-1-34-0-0,0.06743951205188038,17.384274,gene_signature,1.0,pass
GAATAAGGTCGTCTTC-1-34-0-0,0.22875183290843387,10.015223,gene_signature,1.0,pass
GAATGAAAGAATTCCC-1-34-0-0,0.20603418440510338,12.989947,gene_signature,1.0,pass
GAATGAAGTTCGCGAC-1-34-0-0,0.0399797677656681,19.519361,gene_signature,1.0,pass
GAATGAATCATCACCC-1-34-0-0,0.0652843286938072,18.945667,gene_signature,1.0,pass
GAATGAATCGTTTATC-1-34-0-0,0.45226522903308747,12.985341,gene_signature,1.0,pass
GAATGAATCTGCGTAA-1-34-0-0,0.037554558443975504,17.271564,gene_signature,1.0,pass
GACACGCAGGAGTCTG-1-34-0-0,0.771241614856287,10.710614,gene_signature,1.0,pass
GACACGCCAAATTGCC-1-34-0-0,0.15616151879085438,10.888823,gene_signature,1.0,pass
GACACGCCAGATGGCA-1-34-0-0,0.004830779371505736,21.363665,gene_signature,1.0,pass
GACACGCGTGCCTGTG-1-34-0-0,0.08117226640549251,16.503546,gene_signature,1.0,pass
GACAGAGAGGGAGTAA-1-34-0-0,0.05250919728577226,17.210798,gene_signature,1.0,pass
GACCAATGTAGTACCT-1-34-0-0,0.0642448897100695,16.765879,gene_signature,1.0,pass
GACCAATGTGCTAGCC-1-34-0-0,0.1441695190365022,15.097311,gene_signature,1.0,pass
GACCAATGTTAAAGAC-1-34-0-0,0.3978801918362752,6.4882116,gene_signature,1.0,pass
GACCTGGCATATACGC-1-34-0-0,0.10315090971950333,15.957697,gene_signature,1.0,pass
GACGCGTGTATTACCG-1-34-0-0,0.05644270918841878,10.333241,gene_signature,1.0,pass
GACGCGTGTCCGTGAC-1-34-0-0,0.11401853569911861,12.2290945,gene_signature,1.0,pass
GACGCGTGTCTTGCGG-1-34-0-0,0.08620293485648696,17.320677,gene_signature,1.0,pass
GACGCGTGTTCGGCAC-1-34-0-0,0.021942397201873395,15.347422,gene_signature,1.0,pass
GACGGCTAGGCTAGAC-1-34-0-0,0.03204046603535786,17.53941,gene_signature,1.0,pass
GACGGCTCAGTTCATG-1-34-0-0,0.0624861696486384,16.070639,gene_signature,1.0,pass
GACGGCTGTAAATGTG-1-34-0-0,0.23538506558616534,12.64766,gene_signature,1.0,pass
GACGTGCAGAAACCAT-1-34-0-0,0.6553592925541851,13.01887,gene_signature,1.0,pass
GACGTGCCACTGTGTA-1-34-0-0,0.1698460163005545,13.495346,gene_signature,1.0,pass
GACGTGCGTTATGTGC-1-34-0-0,0.21205227619210473,13.975943,gene_signature,1.0,pass
GACGTGCTCATCGGAT-1-34-0-0,0.12712825587953464,13.936383,gene_signature,1.0,pass
GACGTTAAGGACCACA-1-34-0-0,0.09544837723715172,15.154416,gene_signature,1.0,pass
GACGTTAAGGCCCGTT-1-34-0-0,0.018156973718352905,21.590141,gene_signature,1.0,pass
GACGTTAGTGGCGAAT-1-34-0-0,0.02482486773729886,21.812218,gene_signature,1.0,pass
GACGTTATCTGGTTCC-1-34-0-0,0.06415801663839496,11.344242,gene_signature,1.0,pass
GACTAACAGTCGCCGT-1-34-0-0,0.580290177775708,15.316043,gene_signature,1.0,pass
GACTAACAGTGAATTG-1-34-0-0,0.004994963778347729,15.541513,gene_signature,1.0,pass
GACTAACCAACAACCT-1-34-0-0,0.06286446941520288,15.15887,gene_signature,1.0,pass
GACTAACTCGCCGTGA-1-34-0-0,0.4131604970716197,15.413959,gene_signature,1.0,pass
GACTACAAGTGTCCCG-1-34-0-0,0.4976930884168914,9.082835,gene_signature,1.0,pass
GACTACAGTATGAAAC-1-34-0-0,0.5399118493615758,13.337645,gene_signature,1.0,pass
GACTGCGAGAGAACAG-1-34-0-0,0.31014028155399115,13.827107,gene_signature,1.0,pass
GACTGCGCAATACGCT-1-34-0-0,0.032526105363263745,18.997797,gene_signature,1.0,pass
GACTGCGCAATGGAAT-1-34-0-0,0.011328603475502092,15.541571,gene_signature,1.0,pass
GACTGCGTCTCGTTTA-1-34-0-0,0.7332066411983318,16.972057,gene_signature,1.0,pass
GAGCAGAAGCCGTCGT-1-34-0-0,0.726783281433641,18.57658,gene_signature,1.0,pass
GAGCAGAGTACTTGAC-1-34-0-0,0.20714368028362484,13.9976635,gene_signature,1.0,pass
GAGCAGAGTCGATTGT-1-34-0-0,0.0773551542698135,20.050333,gene_signature,1.0,pass
GAGGTGACACCGTTGG-1-34-0-0,0.06177099837258783,19.766018,gene_signature,1.0,pass
GAGTCCGGTAGCTGCC-1-34-0-0,0.2386925009529532,19.056536,gene_signature,1.0,pass
GAGTCCGTCAGTTGAC-1-34-0-0,0.016636651576877857,18.594152,gene_signature,1.0,pass
GATCGATAGCTAGTTC-1-34-0-0,0.04174833770287768,14.182062,gene_signature,1.0,pass
GATCGATCAAGTTAAG-1-34-0-0,0.040717751114547965,15.561043,gene_signature,1.0,pass
GATCGATCAGATCGGA-1-34-0-0,0.4574542810281709,17.438784,gene_signature,1.0,pass
GATCGCGAGATGTGTA-1-34-0-0,0.1446113788591633,17.740915,gene_signature,1.0,pass
GATCGCGCATTAACCG-1-34-0-0,0.16494432065546688,14.554166,gene_signature,1.0,pass
GATCGCGGTGATAAAC-1-34-0-0,0.25080827317076226,19.150925,gene_signature,1.0,pass
GATCGCGTCCTAAGTG-1-34-0-0,0.6865210699041431,13.964284,gene_signature,1.0,pass
GATCGCGTCCTGCTTG-1-34-0-0,0.026186227740656813,11.723335,gene_signature,1.0,pass
GATCGTACAAATCCGT-1-34-0-0,0.22340627994741108,16.682203,gene_signature,1.0,pass
GATCGTAGTCCGTGAC-1-34-0-0,0.8068074507644452,20.293365,gene_signature,1.0,pass
GATCGTATCTATCCCG-1-34-0-0,0.15033268890219836,18.592438,gene_signature,1.0,pass
GATCTAGAGCGGATCA-1-34-0-0,0.06150280412211567,18.290813,gene_signature,1.0,pass
GATCTAGAGGATTCGG-1-34-0-0,0.18839310959821137,16.553825,gene_signature,1.0,pass
GATCTAGCATTAGCCA-1-34-0-0,0.07139952516480456,15.101789,gene_signature,1.0,pass
GATCTAGTCCATGAAC-1-34-0-0,0.12823982609603068,8.988626,gene_signature,1.0,pass
GATCTAGTCTTCGGTC-1-34-0-0,0.011504443388979543,20.703014,gene_signature,1.0,pass
GATGAAAAGGCATTGG-1-34-0-0,0.21224813591480185,17.754444,gene_signature,1.0,pass
GATGAAACATTTGCCC-1-34-0-0,0.22037430570641642,9.6893835,gene_signature,1.0,pass
GATGAAATCACTGGGC-1-34-0-0,0.20384723840951016,16.782467,gene_signature,1.0,pass
GATGAGGAGGAGCGTT-1-34-0-0,0.15851227178068067,13.903631,gene_signature,1.0,pass
GATGAGGCATATGCTG-1-34-0-0,0.052577673286164625,18.06417,gene_signature,1.0,pass
GATGCTACAAATTGCC-1-34-0-0,0.12765714045440887,10.23619,gene_signature,1.0,pass
GATGCTACAGTATAAG-1-34-0-0,0.17159987626698242,9.556795,gene_signature,1.0,pass
GATTCAGCAGTTTACG-1-34-0-0,0.1387289406319805,12.235817,gene_signature,1.0,pass
GATTCAGTCTCTGCTG-1-34-0-0,0.4704881057844599,17.491182,gene_signature,1.0,pass
GCAAACTAGCGATGAC-1-34-0-0,0.3852080351693125,11.358804,gene_signature,1.0,pass
GCAAACTGTCCAACTA-1-34-0-0,0.1674858210848556,13.173543,gene_signature,1.0,pass
GCAAACTGTGCCTGCA-1-34-0-0,0.4865563400523195,11.569272,gene_signature,1.0,pass
GCAATCAAGGCCCTTG-1-34-0-0,0.06738023625840184,15.643598,gene_signature,1.0,pass
GCACATAAGCGTTGCC-1-34-0-0,0.19349507035515162,9.0308895,gene_signature,1.0,pass
GCACATACATACGCCG-1-34-0-0,0.4326303567440345,19.04079,gene_signature,1.0,pass
GCACATATCCCTTGCA-1-34-0-0,0.3637892447367057,13.212805,gene_signature,1.0,pass
GCACTCTAGCCACGCT-1-34-0-0,0.32021450582563477,11.931124,gene_signature,1.0,pass
GCACTCTCAGCCTATA-1-34-0-0,0.3779855692249251,14.09671,gene_signature,1.0,pass
GCAGCCAAGAGACTAT-1-34-0-0,0.12000494353948041,12.620241,gene_signature,1.0,pass
GCAGCCAGTGAGTGAC-1-34-0-0,0.035762733001513454,16.484264,gene_signature,1.0,pass
GCAGCCAGTTGAACTC-1-34-0-0,0.6028634001389241,15.130216,gene_signature,1.0,pass
GCAGTTACAGCGTTCG-1-34-0-0,0.14576290987704368,21.403767,gene_signature,1.0,pass
GCAGTTACATTAGGCT-1-34-0-0,0.057679695110618115,21.696545,gene_signature,1.0,pass
GCATACAAGACGACGT-1-34-0-0,0.2184968220327342,14.098013,gene_signature,1.0,pass
GCATACAGTTCCACTC-1-34-0-0,0.14557056884439867,16.383709,gene_signature,1.0,pass
GCATACATCGCTTAGA-1-34-0-0,0.01629343834349507,12.413277,gene_signature,1.0,pass
GCATACATCTAACTTC-1-34-0-0,0.04895278571595198,16.49567,gene_signature,1.0,pass
GCATGATAGAGAGCTC-1-34-0-0,0.36634662289543124,14.267548,gene_signature,1.0,pass
GCATGATCATGAAGTA-1-34-0-0,0.22096274382836545,14.324858,gene_signature,1.0,pass
GCATGATGTAGAGCTG-1-34-0-0,0.062451780875067434,12.890445,gene_signature,1.0,pass
GCATGATGTCCAAGTT-1-34-0-0,0.06193201913214562,14.049322,gene_signature,1.0,pass
GCATGATGTCTGGAGA-1-34-0-0,0.17183220185316828,16.369717,gene_signature,1.0,pass
GCATGATTCTGTCTCG-1-34-0-0,0.23036803541064527,12.57869,gene_signature,1.0,pass
GCATGCGTCTCGAGTA-1-34-0-0,0.04108750089185578,9.180372,gene_signature,1.0,pass
GCATGTACACAGGTTT-1-34-0-0,0.2109939980616462,13.279821,gene_signature,1.0,pass
GCATGTAGTATGGTTC-1-34-0-0,0.11319248906233952,13.270755,gene_signature,1.0,pass
GCCAAATAGCTTTGGT-1-34-0-0,0.029969433778193205,14.0514965,gene_signature,1.0,pass
GCCAAATAGTGGGATC-1-34-0-0,0.025368887491000004,19.842215,gene_signature,1.0,pass
GCCAAATCAGTAAGCG-1-34-0-0,0.2633677932950531,17.950022,gene_signature,1.0,pass
GCCTCTATCTGTGCAA-1-34-0-0,0.25137222519774405,13.245201,gene_signature,1.0,pass
GCGACCAAGTAGTGCG-1-34-0-0,0.12027817235579263,19.155746,gene_signature,1.0,pass
GCGACCAAGTGGTAAT-1-34-0-0,0.20144018541029246,14.164035,gene_signature,1.0,pass
GCGACCACATTTGCTT-1-34-0-0,0.2646835514561534,15.396555,gene_signature,1.0,pass
GCGACCAGTGCAGACA-1-34-0-0,0.3351305971312142,9.509879,gene_signature,1.0,pass
GCGACCAGTGTGCCTG-1-34-0-0,0.11172880552595559,15.570828,gene_signature,1.0,pass
GCGACCAGTGTGGTTT-1-34-0-0,0.19513112036021094,17.35552,gene_signature,1.0,pass
GCGACCATCACTATTC-1-34-0-0,0.3981767248339675,14.059726,gene_signature,1.0,pass
GCGACCATCTGATACG-1-34-0-0,0.19736029065662303,14.519562,gene_signature,1.0,pass
GCGAGAAAGTAAGTAC-1-34-0-0,0.2824746816985669,13.732965,gene_signature,1.0,pass
GCGAGAACAAGGTTCT-1-34-0-0,0.11502839747762095,16.906809,gene_signature,1.0,pass
GCGAGAAGTCAGATAA-1-34-0-0,0.05850237715324523,18.181704,gene_signature,1.0,pass
GCGAGAAGTTTCCACC-1-34-0-0,0.05339456960269241,19.933262,gene_signature,1.0,pass
GCGAGAATCACGCGGT-1-34-0-0,0.04921330658655322,9.592935,gene_signature,1.0,pass
GCGCAACAGGCCGAAT-1-34-0-0,0.09817738148299912,16.78526,gene_signature,1.0,pass
GCGCAACCAACTGCGC-1-34-0-0,0.015361310022056604,15.255682,gene_signature,1.0,pass
GCGCAACGTACCGCTG-1-34-0-0,0.10327351712339353,15.129137,gene_signature,1.0,pass
GCGCAACGTCCGCTGA-1-34-0-0,0.3615236456708636,15.706021,gene_signature,1.0,pass
GCGCAACGTCGAGTTT-1-34-0-0,0.03618253762086588,21.242535,gene_signature,1.0,pass
GCGCAGTCACAGAGGT-1-34-0-0,0.013188142130968255,16.657549,gene_signature,1.0,pass
GCGCAGTCAGGCTCAC-1-34-0-0,0.26983193403170297,14.916109,gene_signature,1.0,pass
GCGCAGTGTCAACATC-1-34-0-0,0.014120490926419663,19.47353,gene_signature,1.0,pass
GCGCAGTTCCAGAGGA-1-34-0-0,0.09292300135948026,13.491911,gene_signature,1.0,pass
GCGCAGTTCGTACGGC-1-34-0-0,0.05363877001058574,14.690616,gene_signature,1.0,pass
GCGCCAAAGTCGTACT-1-34-0-0,0.1166064029269149,19.49825,gene_signature,1.0,pass
GCGCCAATCAGCGATT-1-34-0-0,0.10878060634386821,18.770851,gene_signature,1.0,pass
GCGCCAATCCTATTCA-1-34-0-0,0.13399900638193168,13.1512985,gene_signature,1.0,pass
GCGCGATGTCTGGAGA-1-34-0-0,0.027547519397160648,13.836746,gene_signature,1.0,pass
GCGGGTTAGTGTGGCA-1-34-0-0,0.07836591549537882,18.435238,gene_signature,1.0,pass
GCGGGTTCACTCAGGC-1-34-0-0,0.13857715121390993,16.844791,gene_signature,1.0,pass
GCTCCTAGTCGGCTCA-1-34-0-0,0.19291984905227522,15.846239,gene_signature,1.0,pass
GCTCCTATCAATAAGG-1-34-0-0,0.019748768818811168,21.912718,gene_signature,1.0,pass
GCTCTGTGTCAATACC-1-34-0-0,0.0706095537361864,17.463152,gene_signature,1.0,pass
GCTGCAGGTGTGCCTG-1-34-0-0,0.038064454454315284,13.022449,gene_signature,1.0,pass
GCTGCAGGTTATGCGT-1-34-0-0,0.2582676595446307,17.2954,gene_signature,1.0,pass
GCTGCAGTCGCATGGC-1-34-0-0,0.0879343936759282,15.254702,gene_signature,1.0,pass
GCTGCGAAGCTGAAAT-1-34-0-0,0.19744866100797656,18.077053,gene_signature,1.0,pass
GCTGCGAGTGGTGTAG-1-34-0-0,0.12983166217370912,20.39185,gene_signature,1.0,pass
GCTGCGAGTGTGCGTC-1-34-0-0,0.10833206645022994,19.437542,gene_signature,1.0,pass
GCTGCTTAGGGCACTA-1-34-0-0,0.32706075850124766,11.868635,gene_signature,1.0,pass
GCTGCTTCAAGCCATT-1-34-0-0,0.6051972756573385,13.231409,gene_signature,1.0,pass
GCTGGGTAGGATATAC-1-34-0-0,0.1994135992285325,15.79083,gene_signature,1.0,pass
GCTGGGTAGGTGGGTT-1-34-0-0,0.10327324713727921,17.46735,gene_signature,1.0,pass
GCTGGGTCATTATCTC-1-34-0-0,0.03317522611298247,11.333178,gene_signature,1.0,pass
GCTGGGTGTATCGCAT-1-34-0-0,0.43121355057555527,15.008135,gene_signature,1.0,pass
GCTTCCAAGCTAAACA-1-34-0-0,0.31736412873745107,10.51475,gene_signature,1.0,pass
GCTTCCACACCCATGG-1-34-0-0,0.42942789916247825,12.7545595,gene_signature,1.0,pass
GCTTCCACAGGTTTCA-1-34-0-0,0.16397675254809524,15.974388,gene_signature,1.0,pass
GCTTCCACAGTAACGG-1-34-0-0,0.05135090877590161,21.340275,gene_signature,1.0,pass
GCTTGAAAGGACCACA-1-34-0-0,0.2455100499429564,17.712517,gene_signature,1.0,pass
GCTTGAAGTGTGAAAT-1-34-0-0,0.05357601698629091,11.492849,gene_signature,1.0,pass
GGAAAGCAGAAACGCC-1-34-0-0,0.1850527603998744,12.186998,gene_signature,1.0,pass
GGAAAGCCATCTGGTA-1-34-0-0,0.2572494984308095,17.246946,gene_signature,1.0,pass
GGAAAGCGTTAAGATG-1-34-0-0,0.7189230309136573,16.314156,gene_signature,1.0,pass
GGAAAGCTCTGACCTC-1-34-0-0,0.0854190419830648,16.538975,gene_signature,1.0,pass
GGAACTTCAATGGATA-1-34-0-0,0.279211403990884,13.98319,gene_signature,1.0,pass
GGACAAGCATCGACGC-1-34-0-0,0.10803788941955658,14.79585,gene_signature,1.0,pass
GGACAAGGTTCGGCAC-1-34-0-0,0.034155247549722545,12.47011,gene_signature,1.0,pass
GGACATTGTAAGTGGC-1-34-0-0,0.24217172940357848,12.88652,gene_signature,1.0,pass
GGACATTTCTCTGAGA-1-34-0-0,0.23691896686498048,7.444276,gene_signature,1.0,pass
GGAGCAAAGATGTGGC-1-34-0-0,0.1693171471789307,13.231862,gene_signature,1.0,pass
GGAGCAAAGCTGGAAC-1-34-0-0,0.2102907918308695,13.56452,gene_signature,1.0,pass
GGAGCAAGTGAGGGTT-1-34-0-0,0.04769161489523925,17.463614,gene_signature,1.0,pass
GGAGCAATCAGAGCTT-1-34-0-0,0.01248927243410228,13.989695,gene_signature,1.0,pass
GGAGCAATCAGCACAT-1-34-0-0,0.3801789156956753,17.044613,gene_signature,1.0,pass
GGATGTTAGCACAGGT-1-34-0-0,0.03694208136834258,15.040787,gene_signature,1.0,pass
GGATGTTCACGTTGGC-1-34-0-0,0.4195524355611872,20.976967,gene_signature,1.0,pass
GGATGTTGTACGCACC-1-34-0-0,0.22930426330168271,11.242904,gene_signature,1.0,pass
GGATGTTGTTCAACCA-1-34-0-0,0.14885529867862632,15.730799,gene_signature,1.0,pass
GGATTACAGTGAAGAG-1-34-0-0,0.015235319328668947,15.488772,gene_signature,1.0,pass
GGATTACCATGGTCTA-1-34-0-0,0.030020425999272616,20.438374,gene_signature,1.0,pass
GGATTACGTGTGACCC-1-34-0-0,0.005941053223063721,15.698422,gene_signature,1.0,pass
GGCAATTCAGGAATCG-1-34-0-0,0.00366911384966353,20.664547,gene_signature,1.0,pass
GGCCGATAGATGTTAG-1-34-0-0,0.060386279248296724,15.752261,gene_signature,1.0,pass
GGCCGATAGCGCTCCA-1-34-0-0,0.11499726646713695,18.533253,gene_signature,1.0,pass
GGCCGATAGGACTGGT-1-34-0-0,0.18066368250859016,13.675066,gene_signature,1.0,pass
GGCCGATTCTGGCGTG-1-34-0-0,0.3356826633437836,16.91514,gene_signature,1.0,pass
GGCGACTAGCGTTTAC-1-34-0-0,0.397945303106645,9.363905,gene_signature,1.0,pass
GGCGACTAGTCCTCCT-1-34-0-0,0.15584782133342207,15.320147,gene_signature,1.0,pass
GGCTCGACACTGAAGG-1-34-0-0,0.05051664792712531,15.643145,gene_signature,1.0,pass
GGCTCGACATTAGGCT-1-34-0-0,0.49404981160552985,16.202286,gene_signature,1.0,pass
GGCTCGATCCACGACG-1-34-0-0,0.21676199472334906,12.042354,gene_signature,1.0,pass
GGCTGGTTCTTAACCT-1-34-0-0,0.13924214139269575,17.590248,gene_signature,1.0,pass
GGGAATGCAACGATGG-1-34-0-0,0.32478015928129267,11.094713,gene_signature,1.0,pass
GGGAATGGTACTTAGC-1-34-0-0,0.5538927301778301,13.639845,gene_signature,1.0,pass
GGGAATGTCATATCGG-1-34-0-0,0.06748898287779824,15.983622,gene_signature,1.0,pass
GGGAATGTCCAAACTG-1-34-0-0,0.2025562798916975,18.64921,gene_signature,1.0,pass
GGGACCTAGTGTTGAA-1-34-0-0,0.021054171339801885,21.705044,gene_signature,1.0,pass
GGGACCTGTCTCCACT-1-34-0-0,0.09956024288034904,15.357134,gene_signature,1.0,pass
GGGACCTTCGGTTCGG-1-34-0-0,0.39353546437786663,13.9676895,gene_signature,1.0,pass
GGGAGATAGAGGACGG-1-34-0-0,0.11591565065200056,17.841448,gene_signature,1.0,pass
GGGAGATAGATGTCGG-1-34-0-0,0.3828988469599155,18.837124,gene_signature,1.0,pass
GGGAGATCATCTACGA-1-34-0-0,0.22113139808323154,11.0777025,gene_signature,1.0,pass
GGGAGATGTAGCGCTC-1-34-0-0,0.17759152457531852,15.973114,gene_signature,1.0,pass
GGGAGATTCGTAGATC-1-34-0-0,0.06968267301723834,19.235786,gene_signature,1.0,pass
GGGATGACATGCAACT-1-34-0-0,0.14689725255456207,12.540133,gene_signature,1.0,pass
GGGATGACATTGGGCC-1-34-0-0,0.39305570072334095,9.68598,gene_signature,1.0,pass
GGGATGATCGTAGGAG-1-34-0-0,0.21221767427049407,13.256541,gene_signature,1.0,pass
GGGCACTCACCTGGTG-1-34-0-0,0.4091707196220839,8.546225,gene_signature,1.0,pass
GGGCACTCACTTAAGC-1-34-0-0,0.16083299747997276,12.426319,gene_signature,1.0,pass
GGGCACTCATACTACG-1-34-0-0,0.049793805701938317,9.127996,gene_signature,1.0,pass
GGGCACTTCCCAAGAT-1-34-0-0,0.21010702262363296,12.19413,gene_signature,1.0,pass
GGGCATCAGCACACAG-1-34-0-0,0.04291359402545231,20.686895,gene_signature,1.0,pass
GGGCATCGTTACGTCA-1-34-0-0,0.09570897525351967,16.702621,gene_signature,1.0,pass
GGGCATCTCACCTCGT-1-34-0-0,0.34743568652454737,20.795845,gene_signature,1.0,pass
GGGCATCTCCCGGATG-1-34-0-0,0.19591703699145563,16.069191,gene_signature,1.0,pass
GGGTCTGAGAGCTTCT-1-34-0-0,0.15611339314978434,17.52389,gene_signature,1.0,pass
GGGTCTGAGCGTAGTG-1-34-0-0,0.40299320124072935,14.892771,gene_signature,1.0,pass
GGGTCTGGTCTCAACA-1-34-0-0,0.07164528257387125,12.912084,gene_signature,1.0,pass
GGGTCTGTCGGAGGTA-1-34-0-0,0.20715791093598973,14.435829,gene_signature,1.0,pass
GGGTTGCAGTTACGGG-1-34-0-0,0.19239828882801016,14.850443,gene_signature,1.0,pass
GGGTTGCTCGAACGGA-1-34-0-0,0.3770599263476791,15.82516,gene_signature,1.0,pass
GGTATTGAGGACTGGT-1-34-0-0,0.16472701589109967,19.019064,gene_signature,1.0,pass
GGTATTGCACTGCCAG-1-34-0-0,0.20291756224649626,9.531458,gene_signature,1.0,pass
GGTATTGCAGTACACT-1-34-0-0,0.09053758318895747,13.559812,gene_signature,1.0,pass
GGTGAAGCATTTGCTT-1-34-0-0,0.32141110426950453,11.39657,gene_signature,1.0,pass
GGTGAAGTCAACACGT-1-34-0-0,0.020149664817329452,11.624751,gene_signature,1.0,pass
GGTGAAGTCTTGAGAC-1-34-0-0,0.42670765492963697,13.873148,gene_signature,1.0,pass
GGTGCGTGTCCCTTGT-1-34-0-0,0.24843760858363106,13.321589,gene_signature,1.0,pass
GGTGTTAAGCGTCAAG-1-34-0-0,0.0603029597784821,16.096127,gene_signature,1.0,pass
GGTGTTATCCTTGACC-1-34-0-0,0.306819926737221,13.457756,gene_signature,1.0,pass
GTAACGTCAGCAGTTT-1-34-0-0,0.4178710478337906,18.599524,gene_signature,1.0,pass
GTAACGTGTACCGAGA-1-34-0-0,0.2550440660617037,17.961119,gene_signature,1.0,pass
GTAACGTGTTGCTCCT-1-34-0-0,0.21365936990604006,11.46742,gene_signature,1.0,pass
GTAACGTTCGGCCGAT-1-34-0-0,0.047068755590178216,15.499875,gene_signature,1.0,pass
GTACGTAAGAAGGTTT-1-34-0-0,0.27922473371594275,7.0702057,gene_signature,1.0,pass
GTACGTAAGCTTCGCG-1-34-0-0,0.2537769733689141,15.82564,gene_signature,1.0,pass
GTACGTAAGTGGGATC-1-34-0-0,0.21361553023332433,20.064293,gene_signature,1.0,pass
GTACGTACAAGAAAGG-1-34-0-0,0.2759924726494226,13.141925,gene_signature,1.0,pass
GTACGTAGTCCTAGCG-1-34-0-0,0.025580136185193836,20.99331,gene_signature,1.0,pass
GTACGTAGTTCTCATT-1-34-0-0,0.01503699926518134,19.889738,gene_signature,1.0,pass
GTACTCCAGTACGCCC-1-34-0-0,0.1222660318688134,7.961544,gene_signature,1.0,pass
GTACTCCAGTCGCCGT-1-34-0-0,0.27615343332716696,12.792729,gene_signature,1.0,pass
GTACTTTAGTATTGGA-1-34-0-0,0.3299957332131539,15.799533,gene_signature,1.0,pass
GTACTTTTCTTCGAGA-1-34-0-0,0.23267261698308986,9.428472,gene_signature,1.0,pass
GTAGGCCTCGCTGATA-1-34-0-0,0.08745218105304348,12.285652,gene_signature,1.0,pass
GTAGTCAAGGAATTAC-1-34-0-0,0.06425314816231256,14.809378,gene_signature,1.0,pass
GTAGTCAGTTACCGAT-1-34-0-0,0.026816043434231912,16.856668,gene_signature,1.0,pass
GTAGTCATCCACGACG-1-34-0-0,0.3326241799014035,12.357094,gene_signature,1.0,pass
GTATCTTGTATATCCG-1-34-0-0,0.3254896121987959,13.14179,gene_signature,1.0,pass
GTATTCTAGTTGCAGG-1-34-0-0,0.38379118449680183,16.995321,gene_signature,1.0,pass
GTATTCTCAGACGCTC-1-34-0-0,0.02855582668901613,14.253923,gene_signature,1.0,pass
GTATTCTGTGTATGGG-1-34-0-0,0.08271294687542527,21.788864,gene_signature,1.0,pass
GTATTCTTCTCCAACC-1-34-0-0,0.2932679419939185,19.795504,gene_signature,1.0,pass
GTCAAGTAGAGCAATT-1-34-0-0,0.03356055620160775,9.813322,gene_signature,1.0,pass
GTCAAGTAGGCAGTCA-1-34-0-0,0.10215976572440413,15.154141,gene_signature,1.0,pass
GTCAAGTGTCCGAACC-1-34-0-0,0.03308224677137527,15.328476,gene_signature,1.0,pass
GTCACAACAAAGCAAT-1-34-0-0,0.031764551234329655,20.11388,gene_signature,1.0,pass
GTCACAACAATGCCAT-1-34-0-0,0.4123431321257682,13.914879,gene_signature,1.0,pass
GTCACAACAATGGATA-1-34-0-0,0.017903776129491462,15.379413,gene_signature,1.0,pass
GTCACAAGTCTCTCGT-1-34-0-0,0.2735823124574038,10.070389,gene_signature,1.0,pass
GTCACAATCATGCTCC-1-34-0-0,0.03689591255556899,11.272368,gene_signature,1.0,pass
GTCCTCAAGCTGGAAC-1-34-0-0,0.10221811432945752,8.037715,gene_signature,1.0,pass
GTCCTCACAGCCAGAA-1-34-0-0,0.2330474040003936,13.201938,gene_signature,1.0,pass
GTCCTCAGTCCGAGTC-1-34-0-0,0.1101228748274399,14.803492,gene_signature,1.0,pass
GTCCTCAGTCTACCTC-1-34-0-0,0.24966894555882183,15.392569,gene_signature,1.0,pass
GTCCTCAGTTGATTCG-1-34-0-0,0.2142492807033157,12.823987,gene_signature,1.0,pass
GTCGGGTAGCGTGTCC-1-34-0-0,0.03139239796110892,21.12032,gene_signature,1.0,pass
GTCGTAAAGCGGCTTC-1-34-0-0,0.1865189153692408,12.591157,gene_signature,1.0,pass
GTCGTAAAGGACACCA-1-34-0-0,0.03449756209075219,19.032017,gene_signature,1.0,pass
GTCGTAAGTTGGTTTG-1-34-0-0,0.08907261362999755,21.793177,gene_signature,1.0,pass
GTCGTAATCTGATACG-1-34-0-0,0.004797996026856588,21.012632,gene_signature,1.0,pass
GTCTCGTAGCCTCGTG-1-34-0-0,0.10782330835974548,18.44822,gene_signature,1.0,pass
GTCTCGTCACCGCTAG-1-34-0-0,0.20575441158701152,9.149023,gene_signature,1.0,pass
GTCTCGTCAGACAAAT-1-34-0-0,0.22723155895787023,13.431107,gene_signature,1.0,pass
GTCTCGTCAGCCAGAA-1-34-0-0,0.14952468397013702,9.104234,gene_signature,1.0,pass
GTCTTCGCACAGACAG-1-34-0-0,0.3471971465816884,14.831024,gene_signature,1.0,pass
GTCTTCGCATGGTAGG-1-34-0-0,0.34487727444335475,10.81366,gene_signature,1.0,pass
GTCTTCGGTGTGTGCC-1-34-0-0,0.3938600616304713,14.25442,gene_signature,1.0,pass
GTCTTCGGTTTGTTTC-1-34-0-0,0.11080197589366406,18.290464,gene_signature,1.0,pass
GTGAAGGAGACTTTCG-1-34-0-0,0.04690282663521435,21.26652,gene_signature,1.0,pass
GTGAAGGAGCCCGAAA-1-34-0-0,0.1640490357977628,9.378681,gene_signature,1.0,pass
GTGAAGGCACAACTGT-1-34-0-0,0.012517138917628628,21.809658,gene_signature,1.0,pass
GTGAAGGTCAGGATCT-1-34-0-0,0.04105087709509957,14.271469,gene_signature,1.0,pass
GTGCAGCGTATTCTCT-1-34-0-0,0.01933646630432395,21.847204,gene_signature,1.0,pass
GTGCAGCGTGCCTGCA-1-34-0-0,0.06737087617734694,15.3693695,gene_signature,1.0,pass
GTGCAGCGTTTCGCTC-1-34-0-0,0.3472873316441974,17.692207,gene_signature,1.0,pass
GTGCATAAGTTTAGGA-1-34-0-0,0.011841023367377093,14.910756,gene_signature,1.0,pass
GTGCGGTAGAATGTTG-1-34-0-0,0.17455725647338577,11.332642,gene_signature,1.0,pass
GTGCGGTAGGGTATCG-1-34-0-0,0.2547192652361848,17.676395,gene_signature,1.0,pass
GTGCGGTAGTGTACTC-1-34-0-0,0.10332055132227073,16.019592,gene_signature,1.0,pass
GTGCTTCAGAGGGCTT-1-34-0-0,0.043035331939490565,16.24605,gene_signature,1.0,pass
GTGCTTCGTAGCGATG-1-34-0-0,0.06351384495311221,14.213399,gene_signature,1.0,pass
GTGCTTCTCAAGGCTT-1-34-0-0,0.09016481494007596,17.215458,gene_signature,1.0,pass
GTGCTTCTCTCCTATA-1-34-0-0,0.03393724911480117,11.753375,gene_signature,1.0,pass
GTGGGTCGTAGAGCTG-1-34-0-0,0.2454082782580671,14.495901,gene_signature,1.0,pass
GTGGGTCGTCGAATCT-1-34-0-0,0.043643783166738795,16.44521,gene_signature,1.0,pass
GTGGGTCGTCGGCATC-1-34-0-0,0.006266290656598299,20.909328,gene_signature,1.0,pass
GTGGGTCTCTTGTTTG-1-34-0-0,0.34331247104787754,13.888141,gene_signature,1.0,pass
GTGTGCGAGTGTACGG-1-34-0-0,0.23676823910992942,13.011467,gene_signature,1.0,pass
GTGTGCGGTGATAAAC-1-34-0-0,0.03596460234014653,20.897465,gene_signature,1.0,pass
GTGTTAGGTAAATGTG-1-34-0-0,0.19442075727485503,13.080747,gene_signature,1.0,pass
GTTAAGCAGCTGTCTA-1-34-0-0,0.4680843961252611,14.275152,gene_signature,1.0,pass
GTTAAGCCATGACATC-1-34-0-0,0.10716492109330847,13.17133,gene_signature,1.0,pass
GTTACAGAGCTAGTCT-1-34-0-0,0.6442620729571729,13.875986,gene_signature,1.0,pass
GTTACAGCAAGCCGTC-1-34-0-0,0.1869391685411895,15.827551,gene_signature,1.0,pass
GTTACAGCAGGACGTA-1-34-0-0,0.2902871342886467,19.823223,gene_signature,1.0,pass
GTTACAGGTCAGTGGA-1-34-0-0,0.1939579833328028,17.404406,gene_signature,1.0,pass
GTTACAGTCATAACCG-1-34-0-0,0.33866054266583967,11.58284,gene_signature,1.0,pass
GTTACAGTCCGTCATC-1-34-0-0,0.041177164987174886,19.059061,gene_signature,1.0,pass
GTTCATTTCATTTGGG-1-34-0-0,0.13676180348540326,11.445994,gene_signature,1.0,pass
GTTCATTTCGTACCGG-1-34-0-0,0.2772111466280381,17.120653,gene_signature,1.0,pass
GTTCTCGCAAATACAG-1-34-0-0,0.13647048854748534,15.37155,gene_signature,1.0,pass
GTTTCTAAGAACAACT-1-34-0-0,0.1083162426510246,10.766985,gene_signature,1.0,pass
TAAACCGGTCATTAGC-1-34-0-0,0.07575725007049898,11.559393,gene_signature,1.0,pass
TAAACCGGTTCCCTTG-1-34-0-0,0.3767972363235689,17.493097,gene_signature,1.0,pass
TAAGAGAAGATATGCA-1-34-0-0,0.41131045839876,11.665712,gene_signature,1.0,pass
TAAGAGAGTCATACTG-1-34-0-0,0.1504215836132155,20.551487,gene_signature,1.0,pass
TAAGAGATCGTTACGA-1-34-0-0,0.15182192676442702,12.491845,gene_signature,1.0,pass
TAAGCGTGTTGTACAC-1-34-0-0,0.27670244273257627,17.299265,gene_signature,1.0,pass
TAAGCGTTCCAGTAGT-1-34-0-0,0.04491222619948602,20.578915,gene_signature,1.0,pass
TAAGTGCAGAAGGTGA-1-34-0-0,0.04056270617604015,11.420881,gene_signature,1.0,pass
TAAGTGCAGTTACCCA-1-34-0-0,0.011907932718196838,18.695234,gene_signature,1.0,pass
TAAGTGCCATTAGGCT-1-34-0-0,0.030234374239961764,16.286007,gene_signature,1.0,pass
TAAGTGCGTAAACCTC-1-34-0-0,0.7358383134031105,12.974714,gene_signature,1.0,pass
TAAGTGCGTAAATACG-1-34-0-0,0.5641757257119793,13.142634,gene_signature,1.0,pass
TAAGTGCGTGACCAAG-1-34-0-0,0.33475245365584066,9.54464,gene_signature,1.0,pass
TAAGTGCTCAATCACG-1-34-0-0,0.0360860507633851,19.24433,gene_signature,1.0,pass
TACACGAAGACACTAA-1-34-0-0,0.286517961229701,12.218112,gene_signature,1.0,pass
TACACGAAGAGCTTCT-1-34-0-0,0.08111176756061907,9.823854,gene_signature,1.0,pass
TACAGTGAGTCACGCC-1-34-0-0,0.36480371019301955,9.444526,gene_signature,1.0,pass
TACAGTGAGTTAGCGG-1-34-0-0,0.3420432630098382,13.972054,gene_signature,1.0,pass
TACAGTGTCAGCGACC-1-34-0-0,0.03648323052178073,20.838879,gene_signature,1.0,pass
TACCTATCACATTTCT-1-34-0-0,0.4755598111517729,13.761563,gene_signature,1.0,pass
TACCTATTCTTCATGT-1-34-0-0,0.024505521811325492,17.083118,gene_signature,1.0,pass
TACCTTAAGAGTAAGG-1-34-0-0,0.013150447172985105,15.463598,gene_signature,1.0,pass
TACCTTAAGTGCGTGA-1-34-0-0,0.13955008485217332,15.066,gene_signature,1.0,pass
TACCTTACACGGCCAT-1-34-0-0,0.03074578991467409,12.177525,gene_signature,1.0,pass
TACCTTATCTAACGGT-1-34-0-0,0.06579467053765868,18.121677,gene_signature,1.0,pass
TACGGATCACCCTATC-1-34-0-0,0.18378213298421203,9.548833,gene_signature,1.0,pass
TACGGATCAGCTTCGG-1-34-0-0,0.19666150140366864,16.563,gene_signature,1.0,pass
TACGGATGTTGAGGTG-1-34-0-0,0.027264263537352718,17.079859,gene_signature,1.0,pass
TACGGATGTTGGAGGT-1-34-0-0,0.14593691557097227,15.806607,gene_signature,1.0,pass
TACGGGCAGCCCAACC-1-34-0-0,0.3297925558286335,7.606553,gene_signature,1.0,pass
TACGGGCCAAGGGTCA-1-34-0-0,0.1175636074524146,15.837839,gene_signature,1.0,pass
TACGGGCCACTGTGTA-1-34-0-0,0.06814747306927753,20.387486,gene_signature,1.0,pass
TACGGGCGTAGGAGTC-1-34-0-0,0.4419703226666106,11.645549,gene_signature,1.0,pass
TACGGGCTCAGGATCT-1-34-0-0,0.009051121263543696,21.42102,gene_signature,1.0,pass
TACGGGCTCGAATGGG-1-34-0-0,0.34336468321766234,14.101095,gene_signature,1.0,pass
TACGGTACAGATGGCA-1-34-0-0,0.13834484958351934,13.554041,gene_signature,1.0,pass
TACGGTAGTCCGAACC-1-34-0-0,0.03451235343218603,17.074001,gene_signature,1.0,pass
TACGGTAGTTTGGCGC-1-34-0-0,0.8097905842779053,19.088621,gene_signature,1.0,pass
TACTCATCATGGTAGG-1-34-0-0,0.0559793000846471,15.801058,gene_signature,1.0,pass
TACTCATTCAGCTGGC-1-34-0-0,0.3755373841106585,15.3409195,gene_signature,1.0,pass
TACTCGCCAGGATCGA-1-34-0-0,0.04721477714945304,19.003529,gene_signature,1.0,pass
TACTCGCCATGACATC-1-34-0-0,0.3776481217212916,14.38475,gene_signature,1.0,pass
TACTCGCGTAACGACG-1-34-0-0,0.1642031761689444,13.180931,gene_signature,1.0,pass
TACTCGCTCAATAAGG-1-34-0-0,0.053402029880844706,13.163554,gene_signature,1.0,pass
TACTCGCTCATTGCGA-1-34-0-0,0.13803189737094415,14.060099,gene_signature,1.0,pass
TACTTACCACACAGAG-1-34-0-0,0.1594068532551356,10.744765,gene_signature,1.0,pass
TACTTACCACAGGTTT-1-34-0-0,0.03663350227120623,16.637506,gene_signature,1.0,pass
TACTTACCAGCCTTGG-1-34-0-0,0.031017736185312728,19.85298,gene_signature,1.0,pass
TACTTACCATCTCCCA-1-34-0-0,0.17939399505194017,19.797592,gene_signature,1.0,pass
TACTTGTCAATGGACG-1-34-0-0,0.5288976934041746,9.21847,gene_signature,1.0,pass
TACTTGTGTACTTGAC-1-34-0-0,0.055641632340405776,12.45038,gene_signature,1.0,pass
TAGACCACATACCATG-1-34-0-0,0.05790564961889302,19.753405,gene_signature,1.0,pass
TAGAGCTAGTACATGA-1-34-0-0,0.054495323869674706,16.856756,gene_signature,1.0,pass
TAGAGCTCATTTGCCC-1-34-0-0,0.1258707568955574,19.74898,gene_signature,1.0,pass
TAGAGCTGTCGACTGC-1-34-0-0,0.13548704394208003,17.108952,gene_signature,1.0,pass
TAGAGCTGTGCACCAC-1-34-0-0,0.15625057727152625,15.203685,gene_signature,1.0,pass
TAGAGCTTCGTTACAG-1-34-0-0,0.14014182971364936,20.06018,gene_signature,1.0,pass
TAGAGCTTCTGCGACG-1-34-0-0,0.15623950924187366,20.411753,gene_signature,1.0,pass
TAGCCGGCACTTGGAT-1-34-0-0,0.2573248141624774,20.54494,gene_signature,1.0,pass
TAGCCGGCATGTCGAT-1-34-0-0,0.03266141795700579,21.06558,gene_signature,1.0,pass
TAGCCGGGTCATCGGC-1-34-0-0,0.20643418944705044,13.966524,gene_signature,1.0,pass
TAGGCATAGATAGCAT-1-34-0-0,0.0957660717330312,16.89457,gene_signature,1.0,pass
TAGGCATAGATAGTCA-1-34-0-0,0.020289140263931926,19.431946,gene_signature,1.0,pass
TAGGCATAGATCGGGT-1-34-0-0,0.11708794790264695,13.0039015,gene_signature,1.0,pass
TAGGCATCAGCTTCGG-1-34-0-0,0.13074136257373742,12.6769285,gene_signature,1.0,pass
TAGGCATGTAGCTCCG-1-34-0-0,0.04631174754102257,13.34505,gene_signature,1.0,pass
TAGGCATGTAGGGTAC-1-34-0-0,0.12654040897858732,16.54093,gene_signature,1.0,pass
TAGGCATGTGGTACAG-1-34-0-0,0.31226490759626546,16.388054,gene_signature,1.0,pass
TAGGCATGTTACTGAC-1-34-0-0,0.1695643537146913,11.746138,gene_signature,1.0,pass
TAGTGGTAGGCATGTG-1-34-0-0,0.07457155436043504,15.7777605,gene_signature,1.0,pass
TAGTGGTTCTGTTGAG-1-34-0-0,0.2084742152202522,13.93222,gene_signature,1.0,pass
TAGTTGGAGGGCTTGA-1-34-0-0,0.5150121478893145,9.542012,gene_signature,1.0,pass
TAGTTGGAGTACGATA-1-34-0-0,0.06934124228068259,16.295525,gene_signature,1.0,pass
TAGTTGGAGTTGAGTA-1-34-0-0,0.21402142446137998,15.0105915,gene_signature,1.0,pass
TAGTTGGCAGACAAGC-1-34-0-0,0.4177018717360631,12.808378,gene_signature,1.0,pass
TAGTTGGGTAAGGGAA-1-34-0-0,0.5379786511084195,18.296297,gene_signature,1.0,pass
TAGTTGGTCAGCTTAG-1-34-0-0,0.021006170687981017,18.309132,gene_signature,1.0,pass
TAGTTGGTCATGTCTT-1-34-0-0,0.12108969449411763,12.269403,gene_signature,1.0,pass
TATCAGGAGTAGGTGC-1-34-0-0,0.10289197432200425,18.699245,gene_signature,1.0,pass
TATCAGGCAAAGCGGT-1-34-0-0,0.019011301709146416,14.560829,gene_signature,1.0,pass
TATCTCAGTCTTGTCC-1-34-0-0,0.10148301004880785,19.186668,gene_signature,1.0,pass
TATGCCCCATTGGCGC-1-34-0-0,0.06828127805318893,19.757036,gene_signature,1.0,pass
TATTACCCACTACAGT-1-34-0-0,0.34246320264080243,15.0848675,gene_signature,1.0,pass
TATTACCCAGGTCGTC-1-34-0-0,0.19408282066056065,12.868088,gene_signature,1.0,pass
TCAACGAGTTAGATGA-1-34-0-0,0.11947918747766835,11.698883,gene_signature,1.0,pass
TCAATCTCATGGTTGT-1-34-0-0,0.041823698542741164,17.948132,gene_signature,1.0,pass
TCACAAGAGATAGGAG-1-34-0-0,0.29646600770148124,18.460857,gene_signature,1.0,pass
TCACAAGTCACTGGGC-1-34-0-0,0.0451457748256714,13.029596,gene_signature,1.0,pass
TCACAAGTCCGTTGTC-1-34-0-0,0.0466207009430899,18.492823,gene_signature,1.0,pass
TCACAAGTCCTATTCA-1-34-0-0,0.2534404774060227,13.707396,gene_signature,1.0,pass
TCACGAAAGAAGCCCA-1-34-0-0,0.055432617199627665,16.926517,gene_signature,1.0,pass
TCACGAACAGGTGCCT-1-34-0-0,0.012865903088481387,19.861675,gene_signature,1.0,pass
TCAGATGAGGAATGGA-1-34-0-0,0.5513876406730962,18.205925,gene_signature,1.0,pass
TCAGATGCATGTCTCC-1-34-0-0,0.07681867572714621,16.199306,gene_signature,1.0,pass
TCAGATGGTCTCCACT-1-34-0-0,0.10585828792226286,17.949675,gene_signature,1.0,pass
TCAGCAATCCAAGTAC-1-34-0-0,0.28504658798019455,16.245646,gene_signature,1.0,pass
TCAGCTCAGCTGCAAG-1-34-0-0,0.04993497702488485,21.62296,gene_signature,1.0,pass
TCAGGATGTGTGACCC-1-34-0-0,0.017370665298771605,17.33908,gene_signature,1.0,pass
TCAGGATTCCTGTAGA-1-34-0-0,0.1391301541668277,11.133909,gene_signature,1.0,pass
TCAGGATTCTGCCAGG-1-34-0-0,0.02068249696099625,16.361488,gene_signature,1.0,pass
TCAGGTAAGAACTCGG-1-34-0-0,0.20721497519286647,7.2563004,gene_signature,1.0,pass
TCAGGTAAGATATGGT-1-34-0-0,0.05128400913623292,16.904812,gene_signature,1.0,pass
TCAGGTACAAGTAGTA-1-34-0-0,0.06341871055433528,15.182596,gene_signature,1.0,pass
TCATTACCATCTATGG-1-34-0-0,0.11437478885497723,17.59362,gene_signature,1.0,pass
TCATTACTCCACGTTC-1-34-0-0,0.08326516386751956,11.634919,gene_signature,1.0,pass
TCATTACTCCTTGACC-1-34-0-0,0.15144317969258808,16.366108,gene_signature,1.0,pass
TCATTTGAGATGCCAG-1-34-0-0,0.15329508275314882,18.528364,gene_signature,1.0,pass
TCATTTGAGCCTATGT-1-34-0-0,0.12484202358756284,18.382498,gene_signature,1.0,pass
TCATTTGGTGATGCCC-1-34-0-0,0.14693373843108948,16.783676,gene_signature,1.0,pass
TCCACACCAACTGCGC-1-34-0-0,0.10582516265525996,15.854614,gene_signature,1.0,pass
TCCACACCACGGATAG-1-34-0-0,0.24184815075515279,11.506648,gene_signature,1.0,pass
TCCACACTCCAAGTAC-1-34-0-0,0.34199282861735,16.275476,gene_signature,1.0,pass
TCCCGATTCGCCAGCA-1-34-0-0,0.1940260599175026,16.908253,gene_signature,1.0,pass
TCGAGGCCAACTGGCC-1-34-0-0,0.05198856541883636,15.688952,gene_signature,1.0,pass
TCGAGGCGTTTCGCTC-1-34-0-0,0.23479801875762693,13.359358,gene_signature,1.0,pass
TCGCGAGAGACATAAC-1-34-0-0,0.17773917429987382,13.962067,gene_signature,1.0,pass
TCGCGAGAGTATCTCG-1-34-0-0,0.058170872055776424,17.103079,gene_signature,1.0,pass
TCGCGAGCACACCGCA-1-34-0-0,0.19356950444441873,18.530193,gene_signature,1.0,pass
TCGCGTTTCCACGACG-1-34-0-0,0.21522537705552963,15.197949,gene_signature,1.0,pass
TCGGGACAGCACCGCT-1-34-0-0,0.27993733837800794,14.902586,gene_signature,1.0,pass
TCGGGACAGCTAGTCT-1-34-0-0,0.020110541854665025,18.66651,gene_signature,1.0,pass
TCGGGACCAGCTGTAT-1-34-0-0,0.08682927783805205,20.518232,gene_signature,1.0,pass
TCGGGACTCAACACAC-1-34-0-0,0.033033646789678364,14.701619,gene_signature,1.0,pass
TCGGGACTCCACTGGG-1-34-0-0,0.2916902756775742,13.576309,gene_signature,1.0,pass
TCGGTAACAACGATCT-1-34-0-0,0.2461383825658178,15.775894,gene_signature,1.0,pass
TCGTACCAGAGTCGGT-1-34-0-0,0.06762874353048447,14.57559,gene_signature,1.0,pass
TCGTACCAGGAGTTTA-1-34-0-0,0.10611375684970437,14.543068,gene_signature,1.0,pass
TCGTACCTCTATCGCC-1-34-0-0,0.2977808900184308,10.825216,gene_signature,1.0,pass
TCGTAGACAGCTGGCT-1-34-0-0,0.07139476485654969,17.718634,gene_signature,1.0,pass
TCGTAGACATCAGTAC-1-34-0-0,0.20973322641583794,18.464924,gene_signature,1.0,pass
TCGTAGACATGCATGT-1-34-0-0,0.1391341918960413,12.467133,gene_signature,1.0,pass
TCGTAGATCGCGATCG-1-34-0-0,0.22674314251944122,15.465421,gene_signature,1.0,pass
TCGTAGATCTCATTCA-1-34-0-0,0.21412279240586535,14.936869,gene_signature,1.0,pass
TCTATTGGTTACGCGC-1-34-0-0,0.5325038130614109,14.235521,gene_signature,1.0,pass
TCTCATACATTAGCCA-1-34-0-0,0.028915620952363302,13.043192,gene_signature,1.0,pass
TCTCATATCGGCCGAT-1-34-0-0,0.3584303759681319,11.01861,gene_signature,1.0,pass
TCTCATATCGTTGACA-1-34-0-0,0.11785384167679405,11.070322,gene_signature,1.0,pass
TCTCATATCTATCCTA-1-34-0-0,0.33325322403529667,14.324362,gene_signature,1.0,pass
TCTCTAAAGACTGGGT-1-34-0-0,0.25362570018605757,14.143689,gene_signature,1.0,pass
TCTCTAACAATGCCAT-1-34-0-0,0.08644837933437437,14.824051,gene_signature,1.0,pass
TCTGAGATCATTTGGG-1-34-0-0,0.019457514678618462,19.505442,gene_signature,1.0,pass
TCTGGAAAGTTCCACA-1-34-0-0,0.07460147065565798,16.620115,gene_signature,1.0,pass
TCTGGAACACTGTCGG-1-34-0-0,0.3282169193900758,12.774485,gene_signature,1.0,pass
TCTTTCCGTATCGCAT-1-34-0-0,0.10339767660442212,13.464015,gene_signature,1.0,pass
TGAAAGAAGTGTCTCA-1-34-0-0,0.04924965779045306,14.196854,gene_signature,1.0,pass
TGAAAGACATGACATC-1-34-0-0,0.035487800375638485,17.783157,gene_signature,1.0,pass
TGAAAGACATTACCTT-1-34-0-0,0.43754981345330834,18.82479,gene_signature,1.0,pass
TGAAAGAGTTATCGGT-1-34-0-0,0.35407000578675873,12.148766,gene_signature,1.0,pass
TGAAAGATCACCATAG-1-34-0-0,0.5143056818885723,21.183308,gene_signature,1.0,pass
TGAAAGATCATCTGCC-1-34-0-0,0.059689660016425374,12.999443,gene_signature,1.0,pass
TGACAACAGGTCATCT-1-34-0-0,0.46069508277814875,9.932062,gene_signature,1.0,pass
TGACAACCAAAGGTGC-1-34-0-0,0.03145693581537653,7.4723444,gene_signature,1.0,pass
TGACAACGTCAGAGGT-1-34-0-0,0.0706655501454749,19.305588,gene_signature,1.0,pass
TGACGGCTCTCTTGAT-1-34-0-0,0.07164571606151607,12.367575,gene_signature,1.0,pass
TGACTAGCAAGTACCT-1-34-0-0,0.11365338933966566,16.309345,gene_signature,1.0,pass
TGACTAGGTTAGATGA-1-34-0-0,0.1751680839515259,11.17344,gene_signature,1.0,pass
TGACTAGTCCGAATGT-1-34-0-0,0.06156751498021843,14.676074,gene_signature,1.0,pass
TGAGAGGAGCGATCCC-1-34-0-0,0.22991840767101396,21.492903,gene_signature,1.0,pass
TGAGAGGGTAGAAGGA-1-34-0-0,0.1315703194283169,15.915034,gene_signature,1.0,pass
TGAGAGGGTGGCAAAC-1-34-0-0,0.05875189928615647,9.175156,gene_signature,1.0,pass
TGAGCCGAGAAGGGTA-1-34-0-0,0.09413826901345292,17.965633,gene_signature,1.0,pass
TGAGCCGTCCAGAAGG-1-34-0-0,0.013485353674008846,14.165155,gene_signature,1.0,pass
TGAGGGAAGCTTATCG-1-34-0-0,0.028413766385340804,14.64397,gene_signature,1.0,pass
TGAGGGAGTAAGAGGA-1-34-0-0,0.25326943645100186,17.092428,gene_signature,1.0,pass
TGAGGGATCACGCATA-1-34-0-0,0.10577868231945597,19.53952,gene_signature,1.0,pass
TGAGGGATCCGCGCAA-1-34-0-0,0.06484249664058035,14.712952,gene_signature,1.0,pass
TGAGGGATCGGAATCT-1-34-0-0,0.07979026179509316,21.504574,gene_signature,1.0,pass
TGATTTCAGCAGGTCA-1-34-0-0,0.14890899715410924,11.262721,gene_signature,1.0,pass
TGCACCTAGGCGATAC-1-34-0-0,0.06272696619866644,18.032076,gene_signature,1.0,pass
TGCACCTAGTGTCTCA-1-34-0-0,0.048577878990222964,17.296497,gene_signature,1.0,pass
TGCACCTCACGGCTAC-1-34-0-0,0.007434592063615996,16.096632,gene_signature,1.0,pass
TGCACCTCATATACCG-1-34-0-0,0.23252663174106664,19.884983,gene_signature,1.0,pass
TGCCAAAGTAAATGAC-1-34-0-0,0.306816613910858,8.056852,gene_signature,1.0,pass
TGCCAAATCTCGAGTA-1-34-0-0,0.2667897472529537,20.225456,gene_signature,1.0,pass
TGCCAAATCTGCTGTC-1-34-0-0,0.18673024109693004,15.964865,gene_signature,1.0,pass
TGCCCATTCAGAAATG-1-34-0-0,0.0037880695306596714,13.920049,gene_signature,1.0,pass
TGCCCATTCCACGTGG-1-34-0-0,0.23521448636159117,15.8424635,gene_signature,1.0,pass
TGCCCATTCGCTTGTC-1-34-0-0,0.20184989892886512,14.514803,gene_signature,1.0,pass
TGCCCATTCTTTCCTC-1-34-0-0,0.05864667538444026,15.466896,gene_signature,1.0,pass
TGCCCTATCCAGTATG-1-34-0-0,0.2589581723913902,11.886579,gene_signature,1.0,pass
TGCGGGTAGAATAGGG-1-34-0-0,0.3454854872133578,7.4109583,gene_signature,1.0,pass
TGCGGGTCAATGGATA-1-34-0-0,0.7674467589822916,8.213616,gene_signature,1.0,pass
TGCGGGTCAGATGGCA-1-34-0-0,0.05443851873690471,21.174105,gene_signature,1.0,pass
TGCGTGGAGCACACAG-1-34-0-0,0.036893426906568785,10.587114,gene_signature,1.0,pass
TGCGTGGCAAGACACG-1-34-0-0,0.2733939674257008,15.24037,gene_signature,1.0,pass
TGCGTGGGTAAGCACG-1-34-0-0,0.3358814627055727,13.2738285,gene_signature,1.0,pass
TGCTACCAGATAGGAG-1-34-0-0,0.3571742775361746,17.395786,gene_signature,1.0,pass
TGCTACCCATGACATC-1-34-0-0,0.017717985204384157,14.097735,gene_signature,1.0,pass
TGCTGCTAGTGCCAGA-1-34-0-0,0.2394639769411661,21.447948,gene_signature,1.0,pass
TGCTGCTCACAAGTAA-1-34-0-0,0.007218511607498005,15.814133,gene_signature,1.0,pass
TGCTGCTCATGCCACG-1-34-0-0,0.17876665364748076,22.1201,gene_signature,1.0,pass
TGCTGCTCATGCCTAA-1-34-0-0,0.012159570409426048,19.586817,gene_signature,1.0,pass
TGCTGCTGTATTCGTG-1-34-0-0,0.3347790118287613,10.083464,gene_signature,1.0,pass
TGGACGCAGATATGGT-1-34-0-0,0.13158080039380274,14.596247,gene_signature,1.0,pass
TGGACGCAGCTAGTGG-1-34-0-0,0.02516840153794958,18.058826,gene_signature,1.0,pass
TGGCCAGGTCTAACGT-1-34-0-0,0.14703157574971204,15.118924,gene_signature,1.0,pass
TGGCCAGGTGACCAAG-1-34-0-0,0.25881663227416507,14.937777,gene_signature,1.0,pass
TGGCCAGTCGGAAACG-1-34-0-0,0.07995702725597727,15.30969,gene_signature,1.0,pass
TGGCGCAAGGCTACGA-1-34-0-0,0.24631436527378936,18.887264,gene_signature,1.0,pass
TGGCGCAAGGCTCTTA-1-34-0-0,0.09383652510315885,14.501772,gene_signature,1.0,pass
TGGCGCACAAAGTGCG-1-34-0-0,0.05336449957225552,16.728119,gene_signature,1.0,pass
TGGCGCACACAAGTAA-1-34-0-0,0.051787512978305014,13.652901,gene_signature,1.0,pass
TGGCGCAGTAGAAAGG-1-34-0-0,0.3056330671036598,14.950813,gene_signature,1.0,pass
TGGCGCAGTCATACTG-1-34-0-0,0.09714259325605422,12.320989,gene_signature,1.0,pass
TGGCGCAGTGCAACTT-1-34-0-0,0.09060672531141006,10.768944,gene_signature,1.0,pass
TGGCTGGTCAACCAAC-1-34-0-0,0.14310159769296896,21.874104,gene_signature,1.0,pass
TGGGAAGAGATAGGAG-1-34-0-0,0.15657294311144085,15.482628,gene_signature,1.0,pass
TGGGAAGCAAGCCATT-1-34-0-0,0.06263618163942006,9.947956,gene_signature,1.0,pass
TGGGAAGCACGAAATA-1-34-0-0,0.11440550258183484,18.424961,gene_signature,1.0,pass
TGGGAAGGTACATGTC-1-34-0-0,0.5174870875625387,12.995245,gene_signature,1.0,pass
TGGTTAGAGCGTAATA-1-34-0-0,0.4013633476857151,18.974092,gene_signature,1.0,pass
TGGTTAGTCATAACCG-1-34-0-0,0.016781326189304356,21.123486,gene_signature,1.0,pass
TGGTTAGTCTGATACG-1-34-0-0,0.38975839446203436,12.668195,gene_signature,1.0,pass
TGGTTCCCACATCCAA-1-34-0-0,0.07322956056717947,15.575955,gene_signature,1.0,pass
TGGTTCCGTCTCGTTC-1-34-0-0,0.5230127437510463,12.335451,gene_signature,1.0,pass
TGTATTCAGTCGAGTG-1-34-0-0,0.16849312769088187,17.014128,gene_signature,1.0,pass
TGTATTCCAGTATCTG-1-34-0-0,0.027534800815693296,21.956142,gene_signature,1.0,pass
TGTATTCGTACAGTTC-1-34-0-0,0.2890700849591627,8.700746,gene_signature,1.0,pass
TGTATTCTCTGACCTC-1-34-0-0,0.12665858396793572,17.197113,gene_signature,1.0,pass
TGTCCCAAGTGGAGAA-1-34-0-0,0.39964568780823334,13.046063,gene_signature,1.0,pass
TGTCCCAGTGAACCTT-1-34-0-0,0.022564407694640607,13.966764,gene_signature,1.0,pass
TGTCCCAGTTGGTGGA-1-34-0-0,0.11711042040785832,17.643724,gene_signature,1.0,pass
TGTGGTAAGCAGCCTC-1-34-0-0,0.4478221927804656,8.117337,gene_signature,1.0,pass
TGTGTTTCAGCCTGTG-1-34-0-0,0.08566758306987898,18.93729,gene_signature,1.0,pass
TGTGTTTGTGCAGGTA-1-34-0-0,0.06362171673350339,12.943052,gene_signature,1.0,pass
TGTGTTTTCCGTCATC-1-34-0-0,0.20932963748828493,16.542545,gene_signature,1.0,pass
TGTTCCGAGACTAGGC-1-34-0-0,0.07662591250514886,19.423557,gene_signature,1.0,pass
TGTTCCGCATTCTCAT-1-34-0-0,0.05055091167491534,17.797169,gene_signature,1.0,pass
TGTTCCGTCCATGAAC-1-34-0-0,0.08174945944075213,14.858124,gene_signature,1.0,pass
TTAACTCAGAAGGGTA-1-34-0-0,0.08840496723924983,14.757919,gene_signature,1.0,pass
TTAACTCAGCAGCCTC-1-34-0-0,0.044959510262620274,18.695066,gene_signature,1.0,pass
TTAACTCCAACACCTA-1-34-0-0,0.06117383272810302,15.42737,gene_signature,1.0,pass
TTAACTCTCACGAAGG-1-34-0-0,0.1513273817616631,9.61973,gene_signature,1.0,pass
TTAACTCTCTATGTGG-1-34-0-0,0.12038451203543565,19.202488,gene_signature,1.0,pass
TTAGGACCAGCGAACA-1-34-0-0,0.22981230344967782,15.528748,gene_signature,1.0,pass
TTAGGACGTTTCCACC-1-34-0-0,0.07101561652737642,19.798443,gene_signature,1.0,pass
TTAGGACTCATGTAGC-1-34-0-0,0.05302919002856388,14.587735,gene_signature,1.0,pass
TTAGGCAAGCAGGTCA-1-34-0-0,0.1061229734127767,12.503459,gene_signature,1.0,pass
TTAGGCAAGTCGCCGT-1-34-0-0,0.19851923357531348,14.48131,gene_signature,1.0,pass
TTAGGCACAAGCCATT-1-34-0-0,0.04152203527486102,18.049435,gene_signature,1.0,pass
TTAGGCACATGTTCCC-1-34-0-0,0.5435396047083951,11.945346,gene_signature,1.0,pass
TTAGTTCTCACCGGGT-1-34-0-0,0.29079118624523653,19.519886,gene_signature,1.0,pass
TTATGCTCACTAGTAC-1-34-0-0,0.14550847307510953,11.843663,gene_signature,1.0,pass
TTATGCTTCTCCCTGA-1-34-0-0,0.33795718271954167,18.131575,gene_signature,1.0,pass
TTCCCAGCACCCATGG-1-34-0-0,0.08471654591053909,11.730185,gene_signature,1.0,pass
TTCCCAGGTGACTACT-1-34-0-0,0.3837134173107014,16.635487,gene_signature,1.0,pass
TTCGAAGCAATGGATA-1-34-0-0,0.05790033361409208,13.991732,gene_signature,1.0,pass
TTCGAAGTCACGCGGT-1-34-0-0,0.1508091432713713,14.651648,gene_signature,1.0,pass
TTCGAAGTCTGGCGTG-1-34-0-0,0.02875658831817257,19.591946,gene_signature,1.0,pass
TTCGGTCCACGTCAGC-1-34-0-0,0.011994594821466939,19.863054,gene_signature,1.0,pass
TTCGGTCCAGTGGAGT-1-34-0-0,0.31104854509129687,16.74116,gene_signature,1.0,pass
TTCGGTCGTTTGTTGG-1-34-0-0,0.3136048653721796,16.741894,gene_signature,1.0,pass
TTCGGTCTCCCATTTA-1-34-0-0,0.00843382450829271,18.58629,gene_signature,1.0,pass
TTCGGTCTCTCTGTCG-1-34-0-0,0.09100481339195945,14.363324,gene_signature,1.0,pass
TTCTACACAGCCAATT-1-34-0-0,0.010153206638934504,20.334969,gene_signature,1.0,pass
TTCTCAAAGATGTAAC-1-34-0-0,0.25047861727232096,16.702545,gene_signature,1.0,pass
TTCTCAACAGACGCTC-1-34-0-0,0.16215592227561246,15.829948,gene_signature,1.0,pass
TTCTCAATCAATCTCT-1-34-0-0,0.43307154025582867,12.718607,gene_signature,1.0,pass
TTCTCAATCTTGAGGT-1-34-0-0,0.15270962956502238,14.9681,gene_signature,1.0,pass
TTCTCCTTCACCGTAA-1-34-0-0,0.49028132581340067,15.607379,gene_signature,1.0,pass
TTCTCCTTCTATCGCC-1-34-0-0,0.05308627388173237,17.370966,gene_signature,1.0,pass
TTCTTAGCAGGAACGT-1-34-0-0,0.18246084247121153,8.332399,gene_signature,1.0,pass
TTCTTAGGTCAGCTAT-1-34-0-0,0.160921184259954,15.104982,gene_signature,1.0,pass
TTCTTAGGTCATTAGC-1-34-0-0,0.021572869971289214,20.034298,gene_signature,1.0,pass
TTCTTAGGTCTGCAAT-1-34-0-0,0.0614513042527251,19.48514,gene_signature,1.0,pass
TTGAACGGTCGCTTCT-1-34-0-0,0.14779494622811096,16.369398,gene_signature,1.0,pass
TTGAACGTCTGTCCGT-1-34-0-0,0.4737226008833376,16.80673,gene_signature,1.0,pass
TTGACTTCACAAGCCC-1-34-0-0,0.7325980177145872,13.438883,gene_signature,1.0,pass
TTGACTTGTGCCTGGT-1-34-0-0,0.06880216495978504,18.981089,gene_signature,1.0,pass
TTGACTTGTTACCAGT-1-34-0-0,0.18997204056158176,14.727925,gene_signature,1.0,pass
TTGCCGTCATAGACTC-1-34-0-0,0.20023856263725898,19.003181,gene_signature,1.0,pass
TTGCGTCTCCGAAGAG-1-34-0-0,0.36888604125619845,14.745401,gene_signature,1.0,pass
TTGGAACGTCGCATCG-1-34-0-0,0.06889969732868087,10.045777,gene_signature,1.0,pass
TTGGAACGTTACTGAC-1-34-0-0,0.03057009389752745,22.146252,gene_signature,1.0,pass
TTGGAACTCCGGGTGT-1-34-0-0,0.3571093255491021,15.26532,gene_signature,1.0,pass
TTGGCAACACATTCGA-1-34-0-0,0.04757065668936979,15.69874,gene_signature,1.0,pass
TTGGCAAGTATCTGCA-1-34-0-0,0.10707417908988397,7.9658403,gene_signature,1.0,pass
TTGGCAAGTCTAAAGA-1-34-0-0,0.0819714630097975,14.780101,gene_signature,1.0,pass
TTGGCAATCAGCTGGC-1-34-0-0,0.29444337089288714,10.135266,gene_signature,1.0,pass
TTGGCAATCTCTGCTG-1-34-0-0,0.14190795318870114,14.244929,gene_signature,1.0,pass
TTGTAGGAGTGTACCT-1-34-0-0,0.09451416275881028,19.38348,gene_signature,1.0,pass
TTGTAGGCATTTGCCC-1-34-0-0,0.047539917605465214,13.009842,gene_signature,1.0,pass
TTTACTGAGAATTGTG-1-34-0-0,0.16546127661674365,14.05199,gene_signature,1.0,pass
TTTACTGGTACAGCAG-1-34-0-0,0.04415501270540527,12.271966,gene_signature,1.0,pass
TTTATGCGTCTCCACT-1-34-0-0,0.4308618880053679,21.555164,gene_signature,1.0,pass
TTTCCTCCACTGCCAG-1-34-0-0,0.33301117897485577,13.895358,gene_signature,1.0,pass
TTTCCTCTCTCCGGTT-1-34-0-0,0.16969846562088214,13.755514,gene_signature,1.0,pass
TTTGCGCAGCTAGCCC-1-34-0-0,0.06851862669821397,16.613007,gene_signature,1.0,pass
TTTGCGCCATCCGTGG-1-34-0-0,0.15587738529809672,13.98987,gene_signature,1.0,pass
TTTGCGCTCCGCGGTA-1-34-0-0,0.4944564935507321,19.208899,gene_signature,1.0,pass
TTTGCGCTCGGACAAG-1-34-0-0,0.08356914699133142,16.874424,gene_signature,1.0,pass
TTTGGTTAGCCAGAAC-1-34-0-0,0.6977216505132537,9.675436,gene_signature,1.0,pass
TTTGGTTAGCGTGAGT-1-34-0-0,0.08215680433694714,18.616554,gene_signature,1.0,pass
TTTGGTTAGGCCCTTG-1-34-0-0,0.061663360819525614,16.146349,gene_signature,1.0,pass
TTTGGTTAGTGTCCAT-1-34-0-0,0.13694388440339106,15.350328,gene_signature,1.0,pass
TTTGTCACATGCGCAC-1-34-0-0,0.7461276227867675,22.144276,gene_signature,1.0,pass
TTTGTCAGTACCGCTG-1-34-0-0,0.0709344627924042,21.5807,gene_signature,1.0,pass
TTTGTCAGTAGTAGTA-1-34-0-0,0.1417315413391656,10.1059,gene_signature,1.0,pass
TTTGTCAGTCTAGCGC-1-34-0-0,0.0817266071163658,20.949047,gene_signature,1.0,pass
TTTGTCAGTGTTAAGA-1-34-0-0,0.23561476400112058,15.781446,gene_signature,1.0,pass
TTTGTCATCGCCCTTA-1-34-0-0,0.21846096952548177,17.384249,gene_signature,1.0,pass
AAACCTGAGCTACCGC-1-35-0-0,0.2300963793218246,18.897581,gene_signature,1.0,pass
AAACCTGGTCCATCCT-1-35-0-0,0.38224186491912543,10.176166,gene_signature,1.0,pass
AAACCTGTCCTATGTT-1-35-0-0,0.5226701561372538,12.967567,gene_signature,1.0,pass
AAACGGGCAATAGAGT-1-35-0-0,0.3682797038056388,15.088663,gene_signature,1.0,pass
AAACGGGTCGGCATCG-1-35-0-0,0.27689476855799144,18.067972,gene_signature,1.0,pass
AAAGATGCAATAACGA-1-35-0-0,0.30461819578388616,13.432432,gene_signature,1.0,pass
AAAGATGGTGTTCGAT-1-35-0-0,0.03841917306658417,22.135406,gene_signature,1.0,pass
AAAGCAACAGTCACTA-1-35-0-0,0.5266706710105862,11.52654,gene_signature,1.0,pass
AAAGCAAGTCATCCCT-1-35-0-0,0.06305037284995431,20.632824,gene_signature,1.0,pass
AAAGTAGCATGGAATA-1-35-0-0,0.023665922757840643,15.991633,gene_signature,1.0,pass
AAATGCCCAGCGTTCG-1-35-0-0,0.06951832413916043,21.50066,gene_signature,1.0,pass
AAATGCCGTGCCTGGT-1-35-0-0,0.3238590234829013,17.044872,gene_signature,1.0,pass
AAATGCCGTTGTACAC-1-35-0-0,0.09769504306456019,16.842457,gene_signature,1.0,pass
AACACGTTCGTCTGAA-1-35-0-0,0.4264049612432473,13.565898,gene_signature,1.0,pass
AACCATGAGGTGGGTT-1-35-0-0,0.07288721427459456,17.658443,gene_signature,1.0,pass
AACCATGGTCGGCACT-1-35-0-0,0.17075313494386646,14.77479,gene_signature,1.0,pass
AACCATGGTTCATGGT-1-35-0-0,0.37138642251273424,14.650884,gene_signature,1.0,pass
AACCGCGAGCTAGTGG-1-35-0-0,0.23605100577883525,12.816505,gene_signature,1.0,pass
AACCGCGCACCGTTGG-1-35-0-0,0.35723730922316277,12.479837,gene_signature,1.0,pass
AACCGCGGTAAGGGCT-1-35-0-0,0.007479454089318627,21.387365,gene_signature,1.0,pass
AACGTTGCACGACTCG-1-35-0-0,0.5586917645081135,17.403805,gene_signature,1.0,pass
AACGTTGGTATCACCA-1-35-0-0,0.5034671151007664,16.492666,gene_signature,1.0,pass
AACGTTGTCTAAGCCA-1-35-0-0,0.47232266660953737,16.904743,gene_signature,1.0,pass
AACTCAGAGAAGATTC-1-35-0-0,0.30298642851158963,11.499232,gene_signature,1.0,pass
AACTCAGAGGAATCGC-1-35-0-0,0.2984335781923128,10.193777,gene_signature,1.0,pass
AACTCAGCAAGGACTG-1-35-0-0,0.08248617132195663,10.075298,gene_signature,1.0,pass
AACTCAGCAAGGCTCC-1-35-0-0,0.12265893730873237,21.64001,gene_signature,1.0,pass
AACTCAGCACGCATCG-1-35-0-0,0.4124910559616037,16.281826,gene_signature,1.0,pass
AACTCTTCACGTCAGC-1-35-0-0,0.690647937501912,17.035488,gene_signature,1.0,pass
AACTCTTGTCCTCCAT-1-35-0-0,0.21655997303338875,16.177505,gene_signature,1.0,pass
AACTCTTGTGTCGCTG-1-35-0-0,0.16499626784632587,13.675949,gene_signature,1.0,pass
AACTGGTTCTCCAACC-1-35-0-0,0.779494137854806,14.06705,gene_signature,1.0,pass
AAGACCTAGACAGAGA-1-35-0-0,0.017342028053036158,17.990965,gene_signature,1.0,pass
AAGACCTAGAGGGATA-1-35-0-0,0.4920395540485954,10.533241,gene_signature,1.0,pass
AAGACCTCAAAGGCGT-1-35-0-0,0.1847982666822711,16.792389,gene_signature,1.0,pass
AAGCCGCAGCTGAACG-1-35-0-0,0.27254213373579567,9.516872,gene_signature,1.0,pass
AAGGAGCAGATTACCC-1-35-0-0,0.7388749614937813,20.546785,gene_signature,1.0,pass
AAGGAGCCAAGCTGAG-1-35-0-0,0.08836758637116679,19.678667,gene_signature,1.0,pass
AAGGAGCTCCAGAGGA-1-35-0-0,0.16455386940548217,18.166111,gene_signature,1.0,pass
AAGGCAGCAATAAGCA-1-35-0-0,0.12807384543130682,13.993358,gene_signature,1.0,pass
AAGGCAGTCCAAAGTC-1-35-0-0,0.28823642466102145,21.666828,gene_signature,1.0,pass
AAGGCAGTCGGTTCGG-1-35-0-0,0.0674272924968357,13.973488,gene_signature,1.0,pass
AAGGTTCAGCCAGGAT-1-35-0-0,0.1825232077705276,11.92958,gene_signature,1.0,pass
AAGGTTCGTAGCTTGT-1-35-0-0,0.1874150638402074,15.174896,gene_signature,1.0,pass
AAGTCTGCAGCGTAAG-1-35-0-0,0.05438954309315604,20.686726,gene_signature,1.0,pass
AAGTCTGCAGCTGCAC-1-35-0-0,0.08539839212834552,11.062141,gene_signature,1.0,pass
AATCCAGTCTGCTGCT-1-35-0-0,0.36082897216762594,13.073682,gene_signature,1.0,pass
AATCGGTAGGGATCTG-1-35-0-0,0.27433075265574786,7.5090322,gene_signature,1.0,pass
AATCGGTCATCCGTGG-1-35-0-0,0.541747264256208,15.274106,gene_signature,1.0,pass
ACACCAACAGTAACGG-1-35-0-0,0.0034076968422511456,21.31464,gene_signature,1.0,pass
ACACCAAGTGACAAAT-1-35-0-0,0.17227719951141815,16.300953,gene_signature,1.0,pass
ACACCAAGTTCATGGT-1-35-0-0,0.09360498813172365,18.770893,gene_signature,1.0,pass
ACACCCTAGAAAGTGG-1-35-0-0,0.1551919701514958,14.219141,gene_signature,1.0,pass
ACACCCTCACATTTCT-1-35-0-0,0.2551677543044908,16.206766,gene_signature,1.0,pass
ACACCGGAGAGCTGGT-1-35-0-0,0.05036899669824102,18.495083,gene_signature,1.0,pass
ACACCGGCAGACGTAG-1-35-0-0,0.11140503939609418,14.838928,gene_signature,1.0,pass
ACACTGAGTGGTTTCA-1-35-0-0,0.4761293092551943,14.846472,gene_signature,1.0,pass
ACAGCCGAGATACACA-1-35-0-0,0.46952916740999734,14.472677,gene_signature,1.0,pass
ACAGCCGCACCTATCC-1-35-0-0,0.033340214205639755,18.997868,gene_signature,1.0,pass
ACAGCTACATGCAATC-1-35-0-0,0.5579949072956287,13.391836,gene_signature,1.0,pass
ACAGCTAGTTACGCGC-1-35-0-0,0.18310237172259877,12.6431675,gene_signature,1.0,pass
ACAGCTATCGATAGAA-1-35-0-0,0.2629927060266014,14.856674,gene_signature,1.0,pass
ACATACGAGAGCTGGT-1-35-0-0,0.1940727295216756,15.089106,gene_signature,1.0,pass
ACATACGCAATGGAAT-1-35-0-0,0.26137611199126765,9.677498,gene_signature,1.0,pass
ACATCAGGTACTCAAC-1-35-0-0,0.08815881232759644,13.864481,gene_signature,1.0,pass
ACATGGTTCGCTTAGA-1-35-0-0,0.27855084750399517,12.485079,gene_signature,1.0,pass
ACCAGTATCCTCTAGC-1-35-0-0,0.10101236308079817,14.175795,gene_signature,1.0,pass
ACCAGTATCGCTTAGA-1-35-0-0,0.9087539473972157,11.792648,gene_signature,1.0,pass
ACCCACTCATACGCCG-1-35-0-0,0.11289884026196402,17.646633,gene_signature,1.0,pass
ACCCACTGTCCCTTGT-1-35-0-0,0.4962322372580495,11.341898,gene_signature,1.0,pass
ACCCACTGTTCCAACA-1-35-0-0,0.2938419250155103,14.382067,gene_signature,1.0,pass
ACCGTAAGTCATACTG-1-35-0-0,0.050484903970488916,17.92927,gene_signature,1.0,pass
ACCGTAAGTGGTGTAG-1-35-0-0,0.4352243849503933,16.364668,gene_signature,1.0,pass
ACGAGCCTCACCATAG-1-35-0-0,0.23386666052852312,20.381725,gene_signature,1.0,pass
ACGAGGAAGGCTAGCA-1-35-0-0,0.04327276051713066,14.85289,gene_signature,1.0,pass
ACGAGGACAGTAAGCG-1-35-0-0,0.0307887377019846,14.348429,gene_signature,1.0,pass
ACGAGGAGTGGCGAAT-1-35-0-0,0.018389144883135748,18.130003,gene_signature,1.0,pass
ACGAGGAGTTCGTTGA-1-35-0-0,0.22423529879633558,21.543682,gene_signature,1.0,pass
ACGAGGATCACTTATC-1-35-0-0,0.02055017967261405,17.754192,gene_signature,1.0,pass
ACGATACCAGTGGAGT-1-35-0-0,0.21048023252578246,8.684317,gene_signature,1.0,pass
ACGATGTAGTTACGGG-1-35-0-0,0.29463686713144244,12.818294,gene_signature,1.0,pass
ACGATGTCAGGAATCG-1-35-0-0,0.06269761367606287,19.821314,gene_signature,1.0,pass
ACGATGTGTACAAGTA-1-35-0-0,0.5577448951164337,12.150264,gene_signature,1.0,pass
ACGCAGCCAAGGTTTC-1-35-0-0,0.1856560031886536,18.749464,gene_signature,1.0,pass
ACGCAGCCATAAAGGT-1-35-0-0,0.3736719550520128,19.9332,gene_signature,1.0,pass
ACGCAGCGTACCGAGA-1-35-0-0,0.48839193857184543,16.180387,gene_signature,1.0,pass
ACGCCAGAGGGCATGT-1-35-0-0,0.3763926999436621,12.822081,gene_signature,1.0,pass
ACGCCAGCACCAGGCT-1-35-0-0,0.18190866972067038,16.28261,gene_signature,1.0,pass
ACGCCAGGTAGCGTAG-1-35-0-0,0.14028083395116517,15.504263,gene_signature,1.0,pass
ACGCCGACATGGTTGT-1-35-0-0,0.17897846994698335,16.18402,gene_signature,1.0,pass
ACGCCGAGTAAGGGCT-1-35-0-0,0.3494856670008364,16.655302,gene_signature,1.0,pass
ACGGAGAAGAGCTGCA-1-35-0-0,0.44831263638560054,21.44853,gene_signature,1.0,pass
ACGGAGAAGCCAGAAC-1-35-0-0,0.3939928202476248,11.358553,gene_signature,1.0,pass
ACGGCCAAGATAGTCA-1-35-0-0,0.04952880560102987,19.707579,gene_signature,1.0,pass
ACGGCCATCCCATTAT-1-35-0-0,0.02900721740454053,18.424862,gene_signature,1.0,pass
ACGGGCTAGGCGACAT-1-35-0-0,0.7387746445432883,14.34429,gene_signature,1.0,pass
ACGGGCTTCATGTGGT-1-35-0-0,0.16283548975711543,17.100826,gene_signature,1.0,pass
ACGGGTCAGCTCTCGG-1-35-0-0,0.27863710242921663,10.960929,gene_signature,1.0,pass
ACGGGTCTCAGCAACT-1-35-0-0,0.24909906411495575,9.370942,gene_signature,1.0,pass
ACGGGTCTCCTGCCAT-1-35-0-0,0.5018604341015409,11.700968,gene_signature,1.0,pass
ACGTCAACATGGAATA-1-35-0-0,0.15426679308785524,20.329845,gene_signature,1.0,pass
ACGTCAATCTATCCTA-1-35-0-0,0.2730597420418694,12.597389,gene_signature,1.0,pass
ACTATCTCAATCTGCA-1-35-0-0,0.04426586842859154,14.060675,gene_signature,1.0,pass
ACTATCTGTTCACCTC-1-35-0-0,0.5662532261677959,8.708349,gene_signature,1.0,pass
ACTGAACAGATGGCGT-1-35-0-0,0.2556099846514801,13.95876,gene_signature,1.0,pass
ACTGAACTCAAGGCTT-1-35-0-0,0.017382673632579556,21.10088,gene_signature,1.0,pass
ACTGAACTCTAGAGTC-1-35-0-0,0.04087553387914391,19.394375,gene_signature,1.0,pass
ACTGAGTTCTCCCTGA-1-35-0-0,0.3004307301193033,17.956896,gene_signature,1.0,pass
ACTGATGCATGCGCAC-1-35-0-0,0.03241261660417874,13.149175,gene_signature,1.0,pass
ACTGATGTCAAGGTAA-1-35-0-0,0.19413474868394803,15.251903,gene_signature,1.0,pass
ACTGATGTCCAACCAA-1-35-0-0,0.22803562073572983,12.729752,gene_signature,1.0,pass
ACTGATGTCCAAGTAC-1-35-0-0,0.5107281644091094,15.798452,gene_signature,1.0,pass
ACTGTCCAGAATGTTG-1-35-0-0,0.2877769641279706,18.143368,gene_signature,1.0,pass
ACTGTCCAGCCCAATT-1-35-0-0,0.5607218416038596,9.406273,gene_signature,1.0,pass
ACTGTCCAGCGCCTCA-1-35-0-0,0.7715676362799676,19.695469,gene_signature,1.0,pass
ACTGTCCAGGCACATG-1-35-0-0,0.151994425826203,18.771769,gene_signature,1.0,pass
ACTTACTAGCTGCGAA-1-35-0-0,0.03946688111324935,19.051952,gene_signature,1.0,pass
ACTTACTCAAGAAAGG-1-35-0-0,0.16696600363307335,14.132116,gene_signature,1.0,pass
ACTTGTTGTATTAGCC-1-35-0-0,0.06215010407495837,21.090755,gene_signature,1.0,pass
ACTTGTTGTCGACTGC-1-35-0-0,0.17202658305868868,11.211485,gene_signature,1.0,pass
ACTTGTTTCAGCACAT-1-35-0-0,0.08608819070938728,13.705637,gene_signature,1.0,pass
ACTTTCATCTCGCATC-1-35-0-0,0.06453215252697476,15.169217,gene_signature,1.0,pass
AGAATAGGTTAGGGTG-1-35-0-0,0.4205939861275291,13.7147045,gene_signature,1.0,pass
AGACGTTGTCAATGTC-1-35-0-0,0.5579680580319442,16.977245,gene_signature,1.0,pass
AGACGTTTCGCAAGCC-1-35-0-0,0.4305042878892779,16.076788,gene_signature,1.0,pass
AGAGCTTAGAAACCGC-1-35-0-0,0.46285870189255157,10.830029,gene_signature,1.0,pass
AGAGCTTTCGTCACGG-1-35-0-0,0.10572114817160858,14.833135,gene_signature,1.0,pass
AGAGTGGGTTCGCGAC-1-35-0-0,0.11904000559831303,14.851349,gene_signature,1.0,pass
AGAGTGGGTTGTCGCG-1-35-0-0,0.1921680543793351,19.682383,gene_signature,1.0,pass
AGATCTGCATGTTGAC-1-35-0-0,0.05598892268085054,18.62681,gene_signature,1.0,pass
AGATCTGCATTGGTAC-1-35-0-0,0.05177779979493149,17.57269,gene_signature,1.0,pass
AGATTGCAGTACACCT-1-35-0-0,0.22954947961252276,16.972525,gene_signature,1.0,pass
AGATTGCCAGTTCCCT-1-35-0-0,0.1650292862349531,15.882596,gene_signature,1.0,pass
AGCAGCCGTCAAGCGA-1-35-0-0,0.49899200554081063,16.893291,gene_signature,1.0,pass
AGCATACCACTGAAGG-1-35-0-0,0.3451364402787208,17.220285,gene_signature,1.0,pass
AGCATACGTCCGTTAA-1-35-0-0,0.32158147415946986,17.129349,gene_signature,1.0,pass
AGCATACTCACCGGGT-1-35-0-0,0.13423218733851597,15.516904,gene_signature,1.0,pass
AGCATACTCTTCTGGC-1-35-0-0,0.6833262162216938,9.440488,gene_signature,1.0,pass
AGCCTAACAACTGCGC-1-35-0-0,0.04999600688070436,20.100227,gene_signature,1.0,pass
AGCCTAACAATGTTGC-1-35-0-0,0.27867730917955297,15.177112,gene_signature,1.0,pass
AGCCTAACACCATGTA-1-35-0-0,0.0529390178100627,13.668295,gene_signature,1.0,pass
AGCGGTCCACCTATCC-1-35-0-0,0.12895769190334744,21.419254,gene_signature,1.0,pass
AGCGGTCGTAGTAGTA-1-35-0-0,0.3236157469845679,11.002171,gene_signature,1.0,pass
AGCGGTCGTTGCTCCT-1-35-0-0,0.16058416891493185,17.156803,gene_signature,1.0,pass
AGCGTATAGACAAAGG-1-35-0-0,0.45829715307844265,17.7609,gene_signature,1.0,pass
AGCGTATAGATCCTGT-1-35-0-0,0.13533546590357912,13.831098,gene_signature,1.0,pass
AGCGTATAGTTGAGTA-1-35-0-0,0.756480055554272,15.471478,gene_signature,1.0,pass
AGCGTATGTACGAAAT-1-35-0-0,0.10737866243321839,14.182383,gene_signature,1.0,pass
AGCGTATTCCAGTATG-1-35-0-0,0.33474778134427774,11.621678,gene_signature,1.0,pass
AGCGTCGGTGGCGAAT-1-35-0-0,0.3904404289690814,12.424408,gene_signature,1.0,pass
AGCTCCTCACAACGTT-1-35-0-0,0.24770186881296138,19.641947,gene_signature,1.0,pass
AGCTCTCAGCACAGGT-1-35-0-0,0.06733552930049452,20.614002,gene_signature,1.0,pass
AGCTCTCGTGGTAACG-1-35-0-0,0.6775079504001871,13.268621,gene_signature,1.0,pass
AGCTCTCGTTACTGAC-1-35-0-0,0.018575860507710183,19.827845,gene_signature,1.0,pass
AGCTTGATCCAGTATG-1-35-0-0,0.18910326786791426,19.633823,gene_signature,1.0,pass
AGGCCACGTATATCCG-1-35-0-0,0.13069051311355348,13.022923,gene_signature,1.0,pass
AGGCCACGTCTTGTCC-1-35-0-0,0.5199334342518804,12.208724,gene_signature,1.0,pass
AGGCCACTCCTTTCTC-1-35-0-0,0.4825699506706109,10.257036,gene_signature,1.0,pass
AGGCCGTGTATAAACG-1-35-0-0,0.6179046328459278,14.468488,gene_signature,1.0,pass
AGGGAGTAGGCAGGTT-1-35-0-0,0.5051186213376901,21.62186,gene_signature,1.0,pass
AGGGAGTCACAACGTT-1-35-0-0,0.19176151408428857,18.956503,gene_signature,1.0,pass
AGGGAGTGTTATCCGA-1-35-0-0,0.23292842185126963,19.130165,gene_signature,1.0,pass
AGGGAGTGTTCCACAA-1-35-0-0,0.21241855869582338,12.718595,gene_signature,1.0,pass
AGGGAGTGTTCGCTAA-1-35-0-0,0.3769274704596028,21.512764,gene_signature,1.0,pass
AGGGAGTTCGTCTGCT-1-35-0-0,0.4166757304977503,14.5274105,gene_signature,1.0,pass
AGGGATGCAAGCCGTC-1-35-0-0,0.28897204000464216,14.086832,gene_signature,1.0,pass
AGGGATGCATGCAACT-1-35-0-0,0.2113006169033364,13.957306,gene_signature,1.0,pass
AGGGTGAAGTGCAAGC-1-35-0-0,0.5826667119254711,16.078304,gene_signature,1.0,pass
AGGGTGAGTGACTCAT-1-35-0-0,0.25491201083640824,10.785669,gene_signature,1.0,pass
AGGTCATAGGCAATTA-1-35-0-0,0.13079294024573526,10.432352,gene_signature,1.0,pass
AGGTCATTCTAACTGG-1-35-0-0,0.07529044905725812,14.875425,gene_signature,1.0,pass
AGTGGGAGTGCCTGCA-1-35-0-0,0.10791317905806239,12.120669,gene_signature,1.0,pass
AGTGGGATCAGCGACC-1-35-0-0,0.037078298405726955,16.265623,gene_signature,1.0,pass
AGTGGGATCATTGCCC-1-35-0-0,0.3075080931328203,7.6476164,gene_signature,1.0,pass
AGTGTCAAGGGCTTGA-1-35-0-0,0.5550765475002829,10.854007,gene_signature,1.0,pass
AGTGTCATCCAACCAA-1-35-0-0,0.43162733420435606,11.777623,gene_signature,1.0,pass
ATAACGCCAGCTCGCA-1-35-0-0,0.16338514312217373,13.199127,gene_signature,1.0,pass
ATAACGCGTTTGGGCC-1-35-0-0,0.013114283489466005,18.462763,gene_signature,1.0,pass
ATAAGAGCACGTCAGC-1-35-0-0,0.08388979145284663,13.823361,gene_signature,1.0,pass
ATAAGAGTCTCAAGTG-1-35-0-0,0.027048848096631457,17.742567,gene_signature,1.0,pass
ATAGACCAGCGATCCC-1-35-0-0,0.19107185527470652,17.636705,gene_signature,1.0,pass
ATAGACCTCTATCGCC-1-35-0-0,0.17411181567217363,11.544147,gene_signature,1.0,pass
ATCACGACAGTGAGTG-1-35-0-0,0.15017783655676525,18.478155,gene_signature,1.0,pass
ATCACGATCTGGAGCC-1-35-0-0,0.21178074409002345,7.3787966,gene_signature,1.0,pass
ATCACGATCTTTAGGG-1-35-0-0,0.34104227158249795,10.583229,gene_signature,1.0,pass
ATCATCTCAGCAGTTT-1-35-0-0,0.14654205409302198,18.57238,gene_signature,1.0,pass
ATCATCTGTCCGAAGA-1-35-0-0,0.47368712228922494,13.935205,gene_signature,1.0,pass
ATCATGGCACGGCCAT-1-35-0-0,0.06033845389024791,13.985374,gene_signature,1.0,pass
ATCCACCCAGGGAGAG-1-35-0-0,0.12395719506648246,12.125715,gene_signature,1.0,pass
ATCCGAATCCGTTGCT-1-35-0-0,0.4256191488536646,15.741219,gene_signature,1.0,pass
ATCGAGTTCTCTAGGA-1-35-0-0,0.32783396585177216,15.458704,gene_signature,1.0,pass
ATCTACTCATCTCCCA-1-35-0-0,0.45094007685677334,14.319618,gene_signature,1.0,pass
ATCTGCCCATGCCCGA-1-35-0-0,0.4326828969640409,13.853869,gene_signature,1.0,pass
ATCTGCCCATGGGACA-1-35-0-0,0.33143666204290867,14.546231,gene_signature,1.0,pass
ATGAGGGTCGGAATCT-1-35-0-0,0.05037628118203911,20.390621,gene_signature,1.0,pass
ATGCGATGTTGGGACA-1-35-0-0,0.16040061801937353,19.13985,gene_signature,1.0,pass
ATGCGATTCTACGAGT-1-35-0-0,0.31778266762911817,9.796633,gene_signature,1.0,pass
ATGCGATTCTGCGACG-1-35-0-0,0.48405431122731385,14.588162,gene_signature,1.0,pass
ATGGGAGCAAAGCAAT-1-35-0-0,0.22878685689355166,12.415327,gene_signature,1.0,pass
ATGGGAGGTCGCATCG-1-35-0-0,0.10458531133835909,13.089086,gene_signature,1.0,pass
ATGGGAGGTGCGGTAA-1-35-0-0,0.21825765780245182,19.083076,gene_signature,1.0,pass
ATGGGAGTCGGTCTAA-1-35-0-0,0.10008943363038358,15.490341,gene_signature,1.0,pass
ATGTGTGAGTTCGCGC-1-35-0-0,0.3344088315030977,15.256534,gene_signature,1.0,pass
ATGTGTGTCAACGCTA-1-35-0-0,0.4904505078919879,10.140235,gene_signature,1.0,pass
ATTACTCTCATCTGTT-1-35-0-0,0.29182479960521,14.293063,gene_signature,1.0,pass
ATTACTCTCTCCAACC-1-35-0-0,0.05003141497722395,17.096912,gene_signature,1.0,pass
ATTATCCAGGTGATTA-1-35-0-0,0.048855654025773874,18.95657,gene_signature,1.0,pass
ATTATCCTCAGCACAT-1-35-0-0,0.6573841269795978,14.94888,gene_signature,1.0,pass
ATTATCCTCTGTTGAG-1-35-0-0,0.25770777566107134,13.590933,gene_signature,1.0,pass
ATTCTACCAGAGCCAA-1-35-0-0,0.27971137671460744,17.939085,gene_signature,1.0,pass
ATTCTACGTTGGGACA-1-35-0-0,0.15695900968966744,13.508093,gene_signature,1.0,pass
ATTGGACAGTAACCCT-1-35-0-0,0.30598222662907326,19.57677,gene_signature,1.0,pass
ATTGGACAGTTTAGGA-1-35-0-0,0.04349496073929827,19.987257,gene_signature,1.0,pass
ATTGGACCAAGCCGCT-1-35-0-0,0.1971899600338753,16.523243,gene_signature,1.0,pass
ATTGGACTCTGTTGAG-1-35-0-0,0.15781482032482547,12.705049,gene_signature,1.0,pass
ATTGGTGAGTGGTAAT-1-35-0-0,0.15280734586921724,14.668646,gene_signature,1.0,pass
ATTGGTGCATCTCCCA-1-35-0-0,0.3883597442012429,10.581404,gene_signature,1.0,pass
CAACCAACAAGCTGAG-1-35-0-0,0.07516229417735965,15.261518,gene_signature,1.0,pass
CAACCAACAGCCAGAA-1-35-0-0,0.41404046741342027,13.29904,gene_signature,1.0,pass
CAACCAACAGTAAGCG-1-35-0-0,0.21717663316363106,13.19045,gene_signature,1.0,pass
CAACCAATCCTATGTT-1-35-0-0,0.19423880724223058,21.015049,gene_signature,1.0,pass
CAACCTCAGGCTCATT-1-35-0-0,0.3975155599717173,16.687168,gene_signature,1.0,pass
CAACCTCTCGCTTGTC-1-35-0-0,0.11854728288276521,9.909378,gene_signature,1.0,pass
CAAGAAAAGCGTTCCG-1-35-0-0,0.05329577733069006,15.491751,gene_signature,1.0,pass
CAAGAAAGTACAGTGG-1-35-0-0,0.137877061883492,12.639862,gene_signature,1.0,pass
CAAGAAATCAGCATGT-1-35-0-0,0.14823669519814361,16.008545,gene_signature,1.0,pass
CAAGATCAGGAATGGA-1-35-0-0,0.03254835137228597,19.872429,gene_signature,1.0,pass
CAAGATCCACGCGAAA-1-35-0-0,0.031923402936938516,21.367258,gene_signature,1.0,pass
CAAGATCTCCGTAGGC-1-35-0-0,0.5099149505600012,11.471105,gene_signature,1.0,pass
CAAGGCCCAGTTAACC-1-35-0-0,0.2544473477530995,12.462689,gene_signature,1.0,pass
CACACAAAGCGTAGTG-1-35-0-0,0.05563101657082794,16.849468,gene_signature,1.0,pass
CACACCTCATGAGCGA-1-35-0-0,0.06428936460470812,16.328764,gene_signature,1.0,pass
CACACCTGTGCTGTAT-1-35-0-0,0.06818423012537164,21.007822,gene_signature,1.0,pass
CACACTCGTCGAGATG-1-35-0-0,0.09204216971702892,14.727911,gene_signature,1.0,pass
CACACTCGTGAGGCTA-1-35-0-0,0.22482825688679142,16.219038,gene_signature,1.0,pass
CACACTCTCACATGCA-1-35-0-0,0.3617052268235533,15.343249,gene_signature,1.0,pass
CACAGGCAGGCTCAGA-1-35-0-0,0.03610827844112803,16.512915,gene_signature,1.0,pass
CACAGGCGTAAGAGAG-1-35-0-0,0.8654732158245146,9.188063,gene_signature,1.0,pass
CACAGTAGTCAATGTC-1-35-0-0,0.15592459800684536,13.564913,gene_signature,1.0,pass
CACAGTATCAGTTGAC-1-35-0-0,0.07038716278236727,15.594133,gene_signature,1.0,pass
CACAGTATCGCGATCG-1-35-0-0,0.023317511596074824,16.288456,gene_signature,1.0,pass
CACATAGCATAGTAAG-1-35-0-0,0.29395598992282834,13.444847,gene_signature,1.0,pass
CACATAGGTAATAGCA-1-35-0-0,0.3311438209262017,16.421106,gene_signature,1.0,pass
CACATAGGTCTCTTTA-1-35-0-0,0.4618194307729747,11.918085,gene_signature,1.0,pass
CACATAGGTGACTACT-1-35-0-0,0.10610688109680924,10.014844,gene_signature,1.0,pass
CACATTTAGAGGTTGC-1-35-0-0,0.09004471642511366,9.276161,gene_signature,1.0,pass
CACCACTCAGTCTTCC-1-35-0-0,0.19583003691868953,13.592802,gene_signature,1.0,pass
CACCACTGTGATGATA-1-35-0-0,0.25505130478686755,8.579838,gene_signature,1.0,pass
CACCAGGCACGTGAGA-1-35-0-0,0.3717426848313841,10.860071,gene_signature,1.0,pass
CACCAGGGTAAACCTC-1-35-0-0,0.5650768698011015,10.147253,gene_signature,1.0,pass
CACCAGGTCGGATGGA-1-35-0-0,0.1652452581615901,13.225995,gene_signature,1.0,pass
CAGAATCCACAAGTAA-1-35-0-0,0.07801961922979198,15.955304,gene_signature,1.0,pass
CAGAATCCATTTGCTT-1-35-0-0,0.2936072942563619,7.220404,gene_signature,1.0,pass
CAGAATCTCCCTAACC-1-35-0-0,0.4020988469967305,10.630098,gene_signature,1.0,pass
CAGAGAGCAATCGGTT-1-35-0-0,0.7170809403523046,8.09844,gene_signature,1.0,pass
CAGCAGCGTCAAAGCG-1-35-0-0,0.9876430127554817,13.8647585,gene_signature,1.0,pass
CAGCATACAGTCCTTC-1-35-0-0,0.3004265597523031,14.416548,gene_signature,1.0,pass
CAGCCGACACATAACC-1-35-0-0,0.14002775828150932,11.176086,gene_signature,1.0,pass
CAGCGACGTAATCACC-1-35-0-0,0.6020778400270418,9.761012,gene_signature,1.0,pass
CAGCGACGTCTCTTTA-1-35-0-0,0.030770766908316705,21.521688,gene_signature,1.0,pass
CAGCGACTCCAGAGGA-1-35-0-0,0.5161657868033085,10.948025,gene_signature,1.0,pass
CAGCGACTCGGTCCGA-1-35-0-0,0.6613748832263784,14.418836,gene_signature,1.0,pass
CAGCTAACACTTAAGC-1-35-0-0,0.4457858967009572,9.6574,gene_signature,1.0,pass
CAGCTAACAGGTCGTC-1-35-0-0,0.07785703572819239,16.386742,gene_signature,1.0,pass
CAGCTAACATATGGTC-1-35-0-0,0.17588417285522906,11.147055,gene_signature,1.0,pass
CAGCTGGAGGAGTAGA-1-35-0-0,0.40390627113845506,16.737873,gene_signature,1.0,pass
CAGCTGGCAGTAAGCG-1-35-0-0,0.24321450647285184,13.434721,gene_signature,1.0,pass
CAGCTGGGTCGAGTTT-1-35-0-0,0.24090364165778633,11.078937,gene_signature,1.0,pass
CAGCTGGTCAGCATGT-1-35-0-0,0.2498597246561105,15.853482,gene_signature,1.0,pass
CAGCTGGTCATAGCAC-1-35-0-0,0.37334643893830516,18.012299,gene_signature,1.0,pass
CAGCTGGTCCCTTGCA-1-35-0-0,0.10333909096271994,10.659487,gene_signature,1.0,pass
CAGCTGGTCTCGTTTA-1-35-0-0,0.4784949961993778,7.5716157,gene_signature,1.0,pass
CAGGTGCTCGACAGCC-1-35-0-0,0.4688567420466926,14.627391,gene_signature,1.0,pass
CAGTAACTCCTTGGTC-1-35-0-0,0.06215009130146376,17.448742,gene_signature,1.0,pass
CAGTCCTCACCTCGTT-1-35-0-0,0.08925623780542694,12.131513,gene_signature,1.0,pass
CAGTCCTGTTTGGGCC-1-35-0-0,0.33638682658881003,16.316784,gene_signature,1.0,pass
CATATGGCAGCGTCCA-1-35-0-0,0.16843963237989254,15.470968,gene_signature,1.0,pass
CATATGGCATGGAATA-1-35-0-0,0.07948102347425692,17.91826,gene_signature,1.0,pass
CATATGGGTACATGTC-1-35-0-0,0.09087708338073763,13.811651,gene_signature,1.0,pass
CATATTCCAGTAAGCG-1-35-0-0,0.01833552764019472,16.904692,gene_signature,1.0,pass
CATATTCCATCATCCC-1-35-0-0,0.08664321987658155,18.523905,gene_signature,1.0,pass
CATCAAGAGTGTTGAA-1-35-0-0,0.0869462861626876,15.625476,gene_signature,1.0,pass
CATCAAGCATGAGCGA-1-35-0-0,0.02949278378711792,18.975473,gene_signature,1.0,pass
CATCAAGCATGTAGTC-1-35-0-0,0.06566156385736713,17.559235,gene_signature,1.0,pass
CATCAGATCAATAAGG-1-35-0-0,0.24537511689578415,10.848344,gene_signature,1.0,pass
CATCAGATCAGCACAT-1-35-0-0,0.4110769984706728,20.102571,gene_signature,1.0,pass
CATCCACAGACTGGGT-1-35-0-0,0.004929249579333569,15.387401,gene_signature,1.0,pass
CATCCACCATTTCACT-1-35-0-0,0.2445523063232296,17.22491,gene_signature,1.0,pass
CATCCACGTGTTCTTT-1-35-0-0,0.37159332346367596,16.545376,gene_signature,1.0,pass
CATCGGGCACGGACAA-1-35-0-0,0.32212459096888163,13.818112,gene_signature,1.0,pass
CATCGGGCATGTCTCC-1-35-0-0,0.4670734134495193,20.340157,gene_signature,1.0,pass
CATCGGGGTTGGACCC-1-35-0-0,0.44699334419491804,13.596338,gene_signature,1.0,pass
CATCGGGTCAAGGCTT-1-35-0-0,0.263189126385511,16.614803,gene_signature,1.0,pass
CATGACAAGAACAATC-1-35-0-0,0.08007963732380048,17.346739,gene_signature,1.0,pass
CATGGCGCAAACTGCT-1-35-0-0,0.28021645817581126,18.355892,gene_signature,1.0,pass
CATGGCGCATCTCGCT-1-35-0-0,0.5154634774221092,17.572325,gene_signature,1.0,pass
CATGGCGGTCCCTACT-1-35-0-0,0.6451334496817668,20.245846,gene_signature,1.0,pass
CATGGCGGTGGTTTCA-1-35-0-0,0.3043683218181218,20.661697,gene_signature,1.0,pass
CATGGCGTCCTTGCCA-1-35-0-0,0.22925516308049732,9.588907,gene_signature,1.0,pass
CATTATCCAAGTAATG-1-35-0-0,0.4171274446871596,11.742778,gene_signature,1.0,pass
CATTATCGTATAGGGC-1-35-0-0,0.08624464919326505,15.548986,gene_signature,1.0,pass
CATTATCTCATCGATG-1-35-0-0,0.4230730398021495,10.971319,gene_signature,1.0,pass
CCAATCCAGGACGAAA-1-35-0-0,0.39770755791673673,13.42337,gene_signature,1.0,pass
CCAATCCTCACAAACC-1-35-0-0,0.5757217815211858,19.033257,gene_signature,1.0,pass
CCACCTACATGCGCAC-1-35-0-0,0.3840984202785732,12.271069,gene_signature,1.0,pass
CCACGGAAGGGTTCCC-1-35-0-0,0.016919917300464243,17.159145,gene_signature,1.0,pass
CCACGGAGTAATCGTC-1-35-0-0,0.04532760827717796,16.797892,gene_signature,1.0,pass
CCACGGAGTTCAGGCC-1-35-0-0,0.35163121256957336,10.085025,gene_signature,1.0,pass
CCACTACGTAAATGAC-1-35-0-0,0.1982024324461176,13.234957,gene_signature,1.0,pass
CCAGCGAGTCCTCTTG-1-35-0-0,0.398182128776752,17.118261,gene_signature,1.0,pass
CCAGCGAGTCGCGTGT-1-35-0-0,0.1940269337208134,16.5416,gene_signature,1.0,pass
CCAGCGATCACTCTTA-1-35-0-0,0.08587975045906968,17.38447,gene_signature,1.0,pass
CCAGCGATCCACTCCA-1-35-0-0,0.12445096883449477,12.743005,gene_signature,1.0,pass
CCATGTCCACATTCGA-1-35-0-0,0.021315623158208,17.21587,gene_signature,1.0,pass
CCATGTCTCGCCGTGA-1-35-0-0,0.16471594129290398,15.656052,gene_signature,1.0,pass
CCATTCGAGTCTCAAC-1-35-0-0,0.12805226437601275,18.634838,gene_signature,1.0,pass
CCCAATCAGGCCCGTT-1-35-0-0,0.08135370857297564,13.328578,gene_signature,1.0,pass
CCCAATCCAAGCCCAC-1-35-0-0,0.014633176342470503,15.232977,gene_signature,1.0,pass
CCCAATCGTACCGCTG-1-35-0-0,0.28738419303309215,16.406334,gene_signature,1.0,pass
CCCAGTTCAGGGTATG-1-35-0-0,0.013934897256325606,9.891249,gene_signature,1.0,pass
CCCAGTTGTATAGGTA-1-35-0-0,0.02094716667171498,16.645279,gene_signature,1.0,pass
CCCATACAGTACACCT-1-35-0-0,0.3257304952114806,14.381308,gene_signature,1.0,pass
CCCATACCACGGACAA-1-35-0-0,0.573384614034687,21.872137,gene_signature,1.0,pass
CCCATACCATACAGCT-1-35-0-0,0.2487617863569629,15.727179,gene_signature,1.0,pass
CCCATACGTGGGTATG-1-35-0-0,0.005346298846990383,13.985046,gene_signature,1.0,pass
CCCTCCTTCGCTAGCG-1-35-0-0,0.42120235858794397,13.399014,gene_signature,1.0,pass
CCGGGATAGACGCACA-1-35-0-0,0.08858109104116556,12.341954,gene_signature,1.0,pass
CCGGGATGTCACAAGG-1-35-0-0,0.19357729996048129,14.718241,gene_signature,1.0,pass
CCGGGATGTGTATGGG-1-35-0-0,0.7667973696658326,9.037905,gene_signature,1.0,pass
CCGGTAGGTCTTGCGG-1-35-0-0,0.3190355998423643,9.1348095,gene_signature,1.0,pass
CCGTGGAGTACGCTGC-1-35-0-0,0.1023639188285365,14.916209,gene_signature,1.0,pass
CCTAAAGGTCGAGATG-1-35-0-0,0.2443567442520021,19.100582,gene_signature,1.0,pass
CCTACACCATCGATTG-1-35-0-0,0.800576284144816,13.4511385,gene_signature,1.0,pass
CCTACCACAAACAACA-1-35-0-0,0.4973869944914169,10.20627,gene_signature,1.0,pass
CCTACCAGTTGTCGCG-1-35-0-0,0.15347580466722843,19.165852,gene_signature,1.0,pass
CCTACCATCCGCATCT-1-35-0-0,0.17397295237400492,17.69887,gene_signature,1.0,pass
CCTATTAGTGGTACAG-1-35-0-0,0.05780765168087543,18.269188,gene_signature,1.0,pass
CCTATTATCGAATCCA-1-35-0-0,0.7875338476159469,11.10294,gene_signature,1.0,pass
CCTATTATCTTAGAGC-1-35-0-0,0.4779136873758956,13.415293,gene_signature,1.0,pass
CCTCAGTGTCAGTGGA-1-35-0-0,0.5790543753115097,8.116781,gene_signature,1.0,pass
CCTCAGTTCCACTGGG-1-35-0-0,0.3391810823085621,15.849238,gene_signature,1.0,pass
CCTTACGCATCGGTTA-1-35-0-0,0.10159292458045839,19.964132,gene_signature,1.0,pass
CCTTACGGTTCAGGCC-1-35-0-0,0.345029383146358,9.749451,gene_signature,1.0,pass
CCTTCCCAGCTTTGGT-1-35-0-0,0.04225155786539414,15.593631,gene_signature,1.0,pass
CCTTCCCTCGCCTGAG-1-35-0-0,0.24013733759694134,11.848874,gene_signature,1.0,pass
CCTTCGACAGGAACGT-1-35-0-0,0.11004685182564249,13.554153,gene_signature,1.0,pass
CCTTCGACATGGTAGG-1-35-0-0,0.0860606518739337,14.095685,gene_signature,1.0,pass
CCTTCGAGTGAGTGAC-1-35-0-0,0.5863547730590876,15.136088,gene_signature,1.0,pass
CCTTTCTTCCTCAACC-1-35-0-0,0.10217676714000364,16.173767,gene_signature,1.0,pass
CGAACATCAAGACGTG-1-35-0-0,0.336964094566819,13.244841,gene_signature,1.0,pass
CGAATGTCATATACGC-1-35-0-0,0.27790102749214374,10.6677685,gene_signature,1.0,pass
CGAATGTTCAGCACAT-1-35-0-0,0.401973232201218,11.724347,gene_signature,1.0,pass
CGACCTTCAGTAGAGC-1-35-0-0,0.24785311345704594,13.614632,gene_signature,1.0,pass
CGACCTTGTCTCCATC-1-35-0-0,0.1984267232623696,13.214976,gene_signature,1.0,pass
CGACTTCAGTGTACTC-1-35-0-0,0.5270357851407701,21.304873,gene_signature,1.0,pass
CGACTTCCAATCTGCA-1-35-0-0,0.3748988415495081,15.192667,gene_signature,1.0,pass
CGACTTCCATTCCTCG-1-35-0-0,0.26992324894264075,14.086688,gene_signature,1.0,pass
CGAGCACCAGTCAGAG-1-35-0-0,0.008676413605476656,15.764562,gene_signature,1.0,pass
CGAGCCAAGTTGCAGG-1-35-0-0,0.12962911252689116,17.328,gene_signature,1.0,pass
CGAGCCATCAAGATCC-1-35-0-0,0.8987991880669111,11.231131,gene_signature,1.0,pass
CGAGCCATCTCGCATC-1-35-0-0,0.1816300656969387,16.954891,gene_signature,1.0,pass
CGAGCCATCTTGGGTA-1-35-0-0,0.2806061596457357,13.982335,gene_signature,1.0,pass
CGATCGGAGAGGGCTT-1-35-0-0,0.05067027603260245,15.095548,gene_signature,1.0,pass
CGATCGGCAGCGATCC-1-35-0-0,0.36521350151546145,12.843915,gene_signature,1.0,pass
CGATGGCAGTATCTCG-1-35-0-0,0.07580145404387535,15.165402,gene_signature,1.0,pass
CGATGGCTCCAAATGC-1-35-0-0,0.35341175332849684,17.991915,gene_signature,1.0,pass
CGATGGCTCGTTTATC-1-35-0-0,0.013537278330056593,19.57974,gene_signature,1.0,pass
CGATGTACACAGAGGT-1-35-0-0,0.21865381752154592,15.143827,gene_signature,1.0,pass
CGATGTATCTAGCACA-1-35-0-0,0.3314759862388553,13.496683,gene_signature,1.0,pass
CGATTGATCAGCAACT-1-35-0-0,0.29805251542852373,18.049957,gene_signature,1.0,pass
CGATTGATCTGCGTAA-1-35-0-0,0.4200239826114586,12.029599,gene_signature,1.0,pass
CGCCAAGAGTGTCTCA-1-35-0-0,0.632919027360914,12.371022,gene_signature,1.0,pass
CGCGGTAGTCCCTTGT-1-35-0-0,0.1443031188929002,16.417667,gene_signature,1.0,pass
CGCGGTATCAGCCTAA-1-35-0-0,0.4908084868471086,10.8860855,gene_signature,1.0,pass
CGCGTTTAGCAATATG-1-35-0-0,0.2692417790960897,16.199316,gene_signature,1.0,pass
CGCTATCCACTTAAGC-1-35-0-0,0.6520741602047488,17.508373,gene_signature,1.0,pass
CGCTATCGTAAGGGCT-1-35-0-0,0.28642122748307275,15.848619,gene_signature,1.0,pass
CGCTATCGTACCGGCT-1-35-0-0,0.2790273418359078,16.248075,gene_signature,1.0,pass
CGCTGGACATGAGCGA-1-35-0-0,0.019677955600219347,19.30925,gene_signature,1.0,pass
CGCTGGACATTGCGGC-1-35-0-0,0.010313987704342307,19.298548,gene_signature,1.0,pass
CGCTGGAGTACGCACC-1-35-0-0,0.5642932107941849,16.750423,gene_signature,1.0,pass
CGCTTCACATAACCTG-1-35-0-0,0.054645779215892365,12.197152,gene_signature,1.0,pass
CGGACACAGAGCCTAG-1-35-0-0,0.49797567880325777,14.17232,gene_signature,1.0,pass
CGGACACTCCGTACAA-1-35-0-0,0.050719421533326835,18.724184,gene_signature,1.0,pass
CGGACGTAGACTTGAA-1-35-0-0,0.022743760017948436,14.749666,gene_signature,1.0,pass
CGGACGTGTCATGCAT-1-35-0-0,0.47785511755640986,13.084676,gene_signature,1.0,pass
CGGACTGAGCAGGCTA-1-35-0-0,0.1284395181750527,11.311114,gene_signature,1.0,pass
CGGACTGGTCTAGCGC-1-35-0-0,0.15151058324726424,11.596167,gene_signature,1.0,pass
CGGACTGTCAACGGCC-1-35-0-0,0.12811294831583672,19.69736,gene_signature,1.0,pass
CGGAGCTGTTCCACAA-1-35-0-0,0.45274877816122033,7.609079,gene_signature,1.0,pass
CGGAGCTTCGTTTATC-1-35-0-0,0.2006668339217069,11.124817,gene_signature,1.0,pass
CGGAGCTTCTGCTGCT-1-35-0-0,0.1462714591981947,16.205112,gene_signature,1.0,pass
CGGAGTCAGGAATGGA-1-35-0-0,0.21930576791806916,10.761831,gene_signature,1.0,pass
CGGAGTCCAATTCCTT-1-35-0-0,0.1529678678644185,13.717407,gene_signature,1.0,pass
CGGAGTCGTACATCCA-1-35-0-0,0.29930053116698435,16.183474,gene_signature,1.0,pass
CGGAGTCTCAAGGTAA-1-35-0-0,0.43033803712207763,13.323011,gene_signature,1.0,pass
CGGCTAGCAGATCGGA-1-35-0-0,0.1880373914752619,13.479843,gene_signature,1.0,pass
CGGCTAGGTCCAAGTT-1-35-0-0,0.3630838952020502,11.305344,gene_signature,1.0,pass
CGGGTCAAGTACGCGA-1-35-0-0,0.3545562330710489,11.024591,gene_signature,1.0,pass
CGGGTCAAGTAGTGCG-1-35-0-0,0.638399364968545,12.370987,gene_signature,1.0,pass
CGGGTCAGTAAGCACG-1-35-0-0,0.16768461956786634,9.095516,gene_signature,1.0,pass
CGGGTCATCTTGTACT-1-35-0-0,0.39887829564268146,20.809984,gene_signature,1.0,pass
CGGTTAAGTAGCGCTC-1-35-0-0,0.20139960507278634,18.095423,gene_signature,1.0,pass
CGGTTAAGTCTAGCGC-1-35-0-0,0.6581954091012745,13.900876,gene_signature,1.0,pass
CGTAGCGAGCGAAGGG-1-35-0-0,0.15016693868216585,16.702534,gene_signature,1.0,pass
CGTAGCGTCCACGTTC-1-35-0-0,0.37266078737457126,19.49485,gene_signature,1.0,pass
CGTAGCGTCTTGTCAT-1-35-0-0,0.47362501482163183,16.365124,gene_signature,1.0,pass
CGTAGGCAGAACAACT-1-35-0-0,0.11893323174765824,17.165623,gene_signature,1.0,pass
CGTAGGCAGTTCGCGC-1-35-0-0,0.14415917231074657,18.569096,gene_signature,1.0,pass
CGTAGGCCAGTTCATG-1-35-0-0,0.5869804665772587,14.951323,gene_signature,1.0,pass
CGTCACTAGAGCAATT-1-35-0-0,0.23031756012555554,12.916212,gene_signature,1.0,pass
CGTCACTAGTCTCCTC-1-35-0-0,0.3229342340735755,16.514734,gene_signature,1.0,pass
CGTCACTTCAGTCAGT-1-35-0-0,0.4541986778108824,18.843014,gene_signature,1.0,pass
CGTCAGGGTTGCCTCT-1-35-0-0,0.4787243595934737,18.051872,gene_signature,1.0,pass
CGTCCATAGATCCGAG-1-35-0-0,0.027273540100357364,17.623354,gene_signature,1.0,pass
CGTCCATGTGTAATGA-1-35-0-0,0.15826782458755387,15.494759,gene_signature,1.0,pass
CGTCCATTCTCCAACC-1-35-0-0,0.22541899919482242,13.350821,gene_signature,1.0,pass
CGTCTACGTCTAGCGC-1-35-0-0,0.35023389575438296,16.54123,gene_signature,1.0,pass
CGTCTACTCCAAACAC-1-35-0-0,0.1739227888408688,14.869275,gene_signature,1.0,pass
CGTGAGCCACCGATAT-1-35-0-0,0.26292516407193245,12.942897,gene_signature,1.0,pass
CGTGTAAAGCGTTTAC-1-35-0-0,0.7349905878646668,9.312415,gene_signature,1.0,pass
CGTGTAACACCGTTGG-1-35-0-0,0.5207868053012104,20.619251,gene_signature,1.0,pass
CGTGTCTCATCGGACC-1-35-0-0,0.21334974166681414,14.482823,gene_signature,1.0,pass
CGTGTCTTCCACGTGG-1-35-0-0,0.01678576132671083,16.350996,gene_signature,1.0,pass
CGTGTCTTCGGCCGAT-1-35-0-0,0.3747054463751617,21.464516,gene_signature,1.0,pass
CGTTAGAAGCACAGGT-1-35-0-0,0.1159053407573776,17.6527,gene_signature,1.0,pass
CGTTAGACAATCGGTT-1-35-0-0,0.14922600956066662,18.201252,gene_signature,1.0,pass
CGTTAGATCCAGGGCT-1-35-0-0,0.6502565533731288,11.91852,gene_signature,1.0,pass
CGTTCTGTCCCATTAT-1-35-0-0,0.19080208160724427,14.583509,gene_signature,1.0,pass
CGTTGGGCACGCATCG-1-35-0-0,0.06164180960014341,16.028154,gene_signature,1.0,pass
CGTTGGGTCTTTCCTC-1-35-0-0,0.034417422556466896,11.910914,gene_signature,1.0,pass
CTAACTTGTGATGCCC-1-35-0-0,0.18675983795557308,8.140528,gene_signature,1.0,pass
CTAACTTTCCGGCACA-1-35-0-0,0.15535721023219495,13.804318,gene_signature,1.0,pass
CTAACTTTCTACGAGT-1-35-0-0,0.3745571543299732,14.726221,gene_signature,1.0,pass
CTAAGACTCGCTTAGA-1-35-0-0,0.1739382304945633,16.63559,gene_signature,1.0,pass
CTAATGGCAAGTTCTG-1-35-0-0,0.3525195094509274,16.863304,gene_signature,1.0,pass
CTAATGGCACGCTTTC-1-35-0-0,0.0458133710438096,19.131823,gene_signature,1.0,pass
CTAATGGGTACCTACA-1-35-0-0,0.24058056405291958,12.511045,gene_signature,1.0,pass
CTAATGGGTGCTCTTC-1-35-0-0,0.6106167895730308,10.0468445,gene_signature,1.0,pass
CTAATGGGTTGCCTCT-1-35-0-0,0.2986419848724117,14.91596,gene_signature,1.0,pass
CTAATGGTCTCCCTGA-1-35-0-0,0.21884231710799468,15.3815975,gene_signature,1.0,pass
CTACATTCAAGCTGAG-1-35-0-0,0.3442696634427321,15.820145,gene_signature,1.0,pass
CTACCCACAAAGTCAA-1-35-0-0,0.22475832805637067,12.981384,gene_signature,1.0,pass
CTAGAGTCAATCTGCA-1-35-0-0,0.5399344938776508,14.757176,gene_signature,1.0,pass
CTAGAGTGTCTCGTTC-1-35-0-0,0.15688674079927034,11.969366,gene_signature,1.0,pass
CTAGCCTAGGCTAGCA-1-35-0-0,0.07840155925961928,18.463657,gene_signature,1.0,pass
CTAGCCTGTCAGTGGA-1-35-0-0,0.054144177576296845,20.106087,gene_signature,1.0,pass
CTAGCCTGTCCAACTA-1-35-0-0,0.09382097711343654,16.402826,gene_signature,1.0,pass
CTAGTGAAGCCCAACC-1-35-0-0,0.2096341256201773,10.267729,gene_signature,1.0,pass
CTAGTGAAGTCAATAG-1-35-0-0,0.07152512441329553,9.652713,gene_signature,1.0,pass
CTAGTGAGTGCTAGCC-1-35-0-0,0.14738739286691374,16.261496,gene_signature,1.0,pass
CTCACACAGATCCGAG-1-35-0-0,0.2724474124539177,11.373495,gene_signature,1.0,pass
CTCACACAGCAGCGTA-1-35-0-0,0.09111032056483183,18.898489,gene_signature,1.0,pass
CTCAGAAAGCGTAGTG-1-35-0-0,0.28486266176785147,15.369492,gene_signature,1.0,pass
CTCATTAAGCGTGTCC-1-35-0-0,0.2617552378643334,14.335394,gene_signature,1.0,pass
CTCATTACATCCTAGA-1-35-0-0,0.11264588070689194,10.507613,gene_signature,1.0,pass
CTCCTAGAGCAGATCG-1-35-0-0,0.35071409719612506,13.053545,gene_signature,1.0,pass
CTCCTAGCACACAGAG-1-35-0-0,0.10377873683231661,16.585712,gene_signature,1.0,pass
CTCGAAATCTGTGCAA-1-35-0-0,0.2786963933739954,11.227301,gene_signature,1.0,pass
CTCGAGGAGATATACG-1-35-0-0,0.29099933589927846,19.257708,gene_signature,1.0,pass
CTCGAGGCAGGACGTA-1-35-0-0,0.20431970662224366,13.723337,gene_signature,1.0,pass
CTCGGAGGTTGGTGGA-1-35-0-0,0.0706255774388948,15.816393,gene_signature,1.0,pass
CTCGGAGTCAGCTGGC-1-35-0-0,0.20549902628462843,13.191933,gene_signature,1.0,pass
CTCGGGAAGGGTCTCC-1-35-0-0,0.37214154961616297,15.224894,gene_signature,1.0,pass
CTCGGGACAGCTCCGA-1-35-0-0,0.3124114545287653,12.618467,gene_signature,1.0,pass
CTCGGGACATACTCTT-1-35-0-0,0.41696411686718304,19.524815,gene_signature,1.0,pass
CTCGGGAGTCAGATAA-1-35-0-0,0.012880032949331693,20.007807,gene_signature,1.0,pass
CTCGGGAGTGTGAATA-1-35-0-0,0.6554483806215373,16.541742,gene_signature,1.0,pass
CTCGGGAGTGTTGGGA-1-35-0-0,0.04384076055138336,10.995091,gene_signature,1.0,pass
CTCGGGATCAACGGGA-1-35-0-0,0.6270726714708095,12.070102,gene_signature,1.0,pass
CTCGTACAGGGATACC-1-35-0-0,0.31175910377119737,15.808881,gene_signature,1.0,pass
CTCGTCAGTAGCGCAA-1-35-0-0,0.32296642074317133,10.150337,gene_signature,1.0,pass
CTCTAATAGAAACGCC-1-35-0-0,0.05829268669074354,17.945902,gene_signature,1.0,pass
CTCTAATCACATCTTT-1-35-0-0,0.44850569925504474,9.661674,gene_signature,1.0,pass
CTCTAATTCAGCATGT-1-35-0-0,0.22212296638742282,12.224462,gene_signature,1.0,pass
CTCTGGTAGCTACCTA-1-35-0-0,0.038279562162121486,18.857395,gene_signature,1.0,pass
CTCTGGTGTTAAAGAC-1-35-0-0,0.050145269190393506,20.660423,gene_signature,1.0,pass
CTGAAACAGACAGACC-1-35-0-0,0.18261176021997522,10.843625,gene_signature,1.0,pass
CTGAAACCATGAACCT-1-35-0-0,0.3584285722800133,11.88338,gene_signature,1.0,pass
CTGAAACTCGCGTAGC-1-35-0-0,0.16080795466826586,12.889234,gene_signature,1.0,pass
CTGAAGTAGTCTCCTC-1-35-0-0,0.025702676463452333,19.790012,gene_signature,1.0,pass
CTGAAGTCACGGCCAT-1-35-0-0,0.8527152338297759,11.651972,gene_signature,1.0,pass
CTGATAGAGACGCACA-1-35-0-0,0.05547940333762609,18.537903,gene_signature,1.0,pass
CTGATAGCATCCGCGA-1-35-0-0,0.2326525861338727,16.056465,gene_signature,1.0,pass
CTGATAGTCCTTCAAT-1-35-0-0,0.2576743510365379,17.269438,gene_signature,1.0,pass
CTGATCCCACGGCTAC-1-35-0-0,0.2200432964006994,13.414637,gene_signature,1.0,pass
CTGATCCGTGACCAAG-1-35-0-0,0.2077287882396363,14.313684,gene_signature,1.0,pass
CTGCGGATCGTACCGG-1-35-0-0,0.49917602108501075,18.10228,gene_signature,1.0,pass
CTGCTGTAGCGCCTCA-1-35-0-0,0.08558719106675336,19.7594,gene_signature,1.0,pass
CTGCTGTCAGATCTGT-1-35-0-0,0.18120654516069074,15.128413,gene_signature,1.0,pass
CTGCTGTCAGGCTGAA-1-35-0-0,0.11783723808953053,14.687314,gene_signature,1.0,pass
CTGCTGTGTAAACGCG-1-35-0-0,0.19983850649686893,13.700419,gene_signature,1.0,pass
CTGCTGTGTTACCAGT-1-35-0-0,0.824591068402764,12.32945,gene_signature,1.0,pass
CTGGTCTTCTTAGCCC-1-35-0-0,0.620739246317823,9.506361,gene_signature,1.0,pass
CTGTGCTCAGACTCGC-1-35-0-0,0.4457966837090074,21.547249,gene_signature,1.0,pass
CTGTTTACAGACAAAT-1-35-0-0,0.07757250936546686,12.09433,gene_signature,1.0,pass
CTGTTTATCGTGGACC-1-35-0-0,0.5977228783124284,12.35777,gene_signature,1.0,pass
CTTAACTAGAATTGTG-1-35-0-0,0.6327353169142744,11.04543,gene_signature,1.0,pass
CTTAACTGTGAAGGCT-1-35-0-0,0.32291380738750375,17.046171,gene_signature,1.0,pass
CTTAACTTCCCTAATT-1-35-0-0,0.09140938500172827,16.38494,gene_signature,1.0,pass
CTTACCGAGCCACCTG-1-35-0-0,0.29009239324025626,12.93351,gene_signature,1.0,pass
CTTAGGACACGACGAA-1-35-0-0,0.17871459325722458,14.0624695,gene_signature,1.0,pass
CTTAGGACAGTTCCCT-1-35-0-0,0.17920190872063627,20.18582,gene_signature,1.0,pass
CTTAGGATCCACTCCA-1-35-0-0,0.2940793863469267,15.188418,gene_signature,1.0,pass
CTTAGGATCGGCTTGG-1-35-0-0,0.0998685231023709,15.662732,gene_signature,1.0,pass
CTTCTCTAGATGTTAG-1-35-0-0,0.0694364384363453,17.026876,gene_signature,1.0,pass
CTTCTCTTCTTCAACT-1-35-0-0,0.06524561629115214,21.68053,gene_signature,1.0,pass
CTTGGCTCAGCCTATA-1-35-0-0,0.10090961728854513,14.45872,gene_signature,1.0,pass
CTTTGCGAGTACTTGC-1-35-0-0,0.7145330425606569,9.527781,gene_signature,1.0,pass
CTTTGCGTCCGTCATC-1-35-0-0,0.2506956131831344,14.386989,gene_signature,1.0,pass
GAAACTCTCAACTCTT-1-35-0-0,0.6340309573460304,9.871422,gene_signature,1.0,pass
GAAATGAGTAGAGCTG-1-35-0-0,0.2844909529451597,16.597431,gene_signature,1.0,pass
GAACATCAGAAACCTA-1-35-0-0,0.18141845623197758,20.004494,gene_signature,1.0,pass
GAACATCAGGATGTAT-1-35-0-0,0.20892171253749292,15.820493,gene_signature,1.0,pass
GAACATCCAATACGCT-1-35-0-0,0.2832305936623971,12.28438,gene_signature,1.0,pass
GAACATCGTACAAGTA-1-35-0-0,0.08919178264923029,16.473955,gene_signature,1.0,pass
GAACCTACACAGTCGC-1-35-0-0,0.14114696581921352,17.316309,gene_signature,1.0,pass
GAACCTACATTGAGCT-1-35-0-0,0.05101636814088119,17.240143,gene_signature,1.0,pass
GAACCTATCGGTGTCG-1-35-0-0,0.5312611417474888,9.8532095,gene_signature,1.0,pass
GAAGCAGTCAGAGCTT-1-35-0-0,0.5326600183140633,10.952334,gene_signature,1.0,pass
GAATAAGCATGCGCAC-1-35-0-0,0.5185337519888529,11.828578,gene_signature,1.0,pass
GAATGAAAGGCAAAGA-1-35-0-0,0.32526818643469657,18.447704,gene_signature,1.0,pass
GACACGCAGAAGGGTA-1-35-0-0,0.6115342651251143,11.529947,gene_signature,1.0,pass
GACACGCAGATGTGTA-1-35-0-0,0.23365209232174897,19.252321,gene_signature,1.0,pass
GACACGCGTGCACGAA-1-35-0-0,0.11527621340360272,13.657431,gene_signature,1.0,pass
GACAGAGCAGCTCCGA-1-35-0-0,0.47346035149349436,14.788135,gene_signature,1.0,pass
GACAGAGTCATCGATG-1-35-0-0,0.10648655386834413,19.786076,gene_signature,1.0,pass
GACCAATAGATCCTGT-1-35-0-0,0.47813803671540356,12.9260435,gene_signature,1.0,pass
GACCTGGCACCAGGCT-1-35-0-0,0.31214656996841644,17.541195,gene_signature,1.0,pass
GACCTGGTCAAGGTAA-1-35-0-0,0.4303313617742309,13.133159,gene_signature,1.0,pass
GACGCGTGTAAAGTCA-1-35-0-0,0.10614774391865689,20.132038,gene_signature,1.0,pass
GACGCGTGTACAGTTC-1-35-0-0,0.39249821423219255,17.736507,gene_signature,1.0,pass
GACGGCTCATGAAGTA-1-35-0-0,0.1847029656775287,18.717129,gene_signature,1.0,pass
GACGGCTCATGTTCCC-1-35-0-0,0.03231637590104648,18.646017,gene_signature,1.0,pass
GACGGCTTCATGTAGC-1-35-0-0,0.22133574640670686,12.695398,gene_signature,1.0,pass
GACGTGCGTATGCTTG-1-35-0-0,0.4643476971950995,12.839457,gene_signature,1.0,pass
GACGTGCGTGTTTGGT-1-35-0-0,0.12513478493231217,13.64403,gene_signature,1.0,pass
GACGTTAAGCGTGAAC-1-35-0-0,0.0926372410935871,12.740786,gene_signature,1.0,pass
GACGTTAAGTCGTTTG-1-35-0-0,0.07917498768841731,15.888062,gene_signature,1.0,pass
GACGTTAGTCAGCTAT-1-35-0-0,0.24907834949719834,13.417421,gene_signature,1.0,pass
GACGTTATCTATCCCG-1-35-0-0,0.14576934392666052,18.460606,gene_signature,1.0,pass
GACTAACAGTAGATGT-1-35-0-0,0.43146825620429585,14.892591,gene_signature,1.0,pass
GACTACAAGAGCTATA-1-35-0-0,0.22597939853659152,10.610009,gene_signature,1.0,pass
GACTGCGAGCGTAATA-1-35-0-0,0.12024104580121368,12.380173,gene_signature,1.0,pass
GACTGCGAGCTACCGC-1-35-0-0,0.2761683434492153,14.931122,gene_signature,1.0,pass
GAGGTGAGTACATCCA-1-35-0-0,0.43227448409221025,18.863766,gene_signature,1.0,pass
GAGGTGATCACCCTCA-1-35-0-0,0.49242032737693064,13.991305,gene_signature,1.0,pass
GAGTCCGAGCAGACTG-1-35-0-0,0.16735348483096368,14.607046,gene_signature,1.0,pass
GAGTCCGAGCGAAGGG-1-35-0-0,0.016907861971976596,11.787446,gene_signature,1.0,pass
GAGTCCGAGTCTCCTC-1-35-0-0,0.5500581291512497,10.111051,gene_signature,1.0,pass
GAGTCCGCAATAGAGT-1-35-0-0,0.28494537353324334,10.912534,gene_signature,1.0,pass
GAGTCCGTCGAATGGG-1-35-0-0,0.26276521479555437,9.11902,gene_signature,1.0,pass
GATCGCGAGTAGCCGA-1-35-0-0,0.6478860909998991,19.19229,gene_signature,1.0,pass
GATCGCGCATGTCCTC-1-35-0-0,0.060542962587042136,15.7511015,gene_signature,1.0,pass
GATCGCGGTGACGGTA-1-35-0-0,0.34122444909442057,13.225162,gene_signature,1.0,pass
GATCGCGTCCTTTCTC-1-35-0-0,0.19974065564124613,15.470614,gene_signature,1.0,pass
GATCGTAGTCCATCCT-1-35-0-0,0.062385538467833845,14.960199,gene_signature,1.0,pass
GATCTAGGTATTCGTG-1-35-0-0,0.34010217666623893,17.21944,gene_signature,1.0,pass
GATCTAGTCAGCAACT-1-35-0-0,0.14972503536674958,12.939795,gene_signature,1.0,pass
GATGAAACACACCGCA-1-35-0-0,0.35741902124203007,16.669666,gene_signature,1.0,pass
GATGAAACAGGATTGG-1-35-0-0,0.3602333235212991,9.711317,gene_signature,1.0,pass
GATGAGGCAGTCCTTC-1-35-0-0,0.2645175284400943,12.20098,gene_signature,1.0,pass
GATGAGGTCACCCGAG-1-35-0-0,0.0860507573055807,16.371073,gene_signature,1.0,pass
GATGAGGTCACTCTTA-1-35-0-0,0.38351746585121527,11.954223,gene_signature,1.0,pass
GATGCTACAGTTAACC-1-35-0-0,0.43010614483657594,13.703497,gene_signature,1.0,pass
GATGCTAGTCTCGTTC-1-35-0-0,0.14089951135623274,15.464665,gene_signature,1.0,pass
GATGCTATCTTAGCCC-1-35-0-0,0.18092224204397417,15.329611,gene_signature,1.0,pass
GCAAACTAGATGTTAG-1-35-0-0,0.1588594623435642,12.484166,gene_signature,1.0,pass
GCAAACTCATACGCCG-1-35-0-0,0.22441790492252886,15.252782,gene_signature,1.0,pass
GCAAACTTCTTATCTG-1-35-0-0,0.5801320409835983,11.885274,gene_signature,1.0,pass
GCAATCAGTACAGCAG-1-35-0-0,0.07361184006565238,14.286733,gene_signature,1.0,pass
GCACATAGTCGACTGC-1-35-0-0,0.5340598688214568,15.11793,gene_signature,1.0,pass
GCACATATCAGGCCCA-1-35-0-0,0.8728959933009992,14.404898,gene_signature,1.0,pass
GCACTCTAGCGCCTCA-1-35-0-0,0.07023235690862675,19.303423,gene_signature,1.0,pass
GCACTCTGTTGAGTTC-1-35-0-0,0.2932452138484078,7.0740013,gene_signature,1.0,pass
GCAGCCATCGGCATCG-1-35-0-0,0.20233900219928916,12.9081745,gene_signature,1.0,pass
GCAGTTATCGGCATCG-1-35-0-0,0.06552455954306553,12.558069,gene_signature,1.0,pass
GCATACAAGACAATAC-1-35-0-0,0.06568413563489779,17.455164,gene_signature,1.0,pass
GCATACAAGCTGATAA-1-35-0-0,0.09741194731488412,19.555191,gene_signature,1.0,pass
GCATACAGTCAATGTC-1-35-0-0,0.4694942476915228,11.940861,gene_signature,1.0,pass
GCATACATCTCAAACG-1-35-0-0,0.378733186143308,14.384334,gene_signature,1.0,pass
GCATGATCACCAGCAC-1-35-0-0,0.29198906840267713,11.144884,gene_signature,1.0,pass
GCATGATTCGTCTGCT-1-35-0-0,0.7640868317549749,11.362432,gene_signature,1.0,pass
GCATGATTCTGGTGTA-1-35-0-0,0.17959001695466129,15.9777355,gene_signature,1.0,pass
GCATGTAAGTCTCGGC-1-35-0-0,0.8199444670242556,9.620233,gene_signature,1.0,pass
GCATGTATCGAGAGCA-1-35-0-0,0.18938444423047732,6.4558706,gene_signature,1.0,pass
GCCAAATCACAACGCC-1-35-0-0,0.12672448099817707,14.000681,gene_signature,1.0,pass
GCCAAATGTACAGTTC-1-35-0-0,0.4836212098977037,15.535342,gene_signature,1.0,pass
GCCAAATGTGGTCTCG-1-35-0-0,0.3018538015474825,10.552082,gene_signature,1.0,pass
GCCTCTAGTGGGTATG-1-35-0-0,0.31857414758195823,14.555197,gene_signature,1.0,pass
GCGACCAAGGGTGTGT-1-35-0-0,0.04109157621083466,16.211395,gene_signature,1.0,pass
GCGACCACATGTAAGA-1-35-0-0,0.05015844721779341,14.8626995,gene_signature,1.0,pass
GCGACCAGTGACGCCT-1-35-0-0,0.2562224137665826,16.604837,gene_signature,1.0,pass
GCGAGAAAGAACTGTA-1-35-0-0,0.14113972971214744,6.757221,gene_signature,1.0,pass
GCGAGAAAGAGCTATA-1-35-0-0,0.4004940679484307,17.494724,gene_signature,1.0,pass
GCGAGAAAGGATGGTC-1-35-0-0,0.284690510480947,15.103048,gene_signature,1.0,pass
GCGCAACTCAGTTTGG-1-35-0-0,0.4302277715903163,12.353641,gene_signature,1.0,pass
GCGCAGTAGCACCGCT-1-35-0-0,0.15713770921345954,14.879457,gene_signature,1.0,pass
GCGCAGTCAAGGTTTC-1-35-0-0,0.0416572816939214,20.871792,gene_signature,1.0,pass
GCGCAGTTCAGGCAAG-1-35-0-0,0.13549046368912582,13.680916,gene_signature,1.0,pass
GCGCCAAGTCAGATAA-1-35-0-0,0.676435509302267,15.400187,gene_signature,1.0,pass
GCGCCAAGTGTAAGTA-1-35-0-0,0.24585079372019986,9.981667,gene_signature,1.0,pass
GCGCGATCACAGACTT-1-35-0-0,0.09636273796760088,14.424963,gene_signature,1.0,pass
GCGCGATCATTACCTT-1-35-0-0,0.0659403193893253,13.576508,gene_signature,1.0,pass
GCGCGATGTCTCGTTC-1-35-0-0,0.019150123264312407,18.056702,gene_signature,1.0,pass
GCGGGTTAGGCAAAGA-1-35-0-0,0.7481980471365027,15.932592,gene_signature,1.0,pass
GCGGGTTAGTCATCCA-1-35-0-0,0.0163811490322061,20.840271,gene_signature,1.0,pass
GCGGGTTCAAAGGCGT-1-35-0-0,0.2603080527752713,16.647863,gene_signature,1.0,pass
GCGGGTTGTTCACCTC-1-35-0-0,0.5120649559996686,10.144501,gene_signature,1.0,pass
GCGGGTTGTTTAAGCC-1-35-0-0,0.3642717041363475,18.073078,gene_signature,1.0,pass
GCGGGTTTCAGCCTAA-1-35-0-0,0.08344621242936764,15.446524,gene_signature,1.0,pass
GCTCCTAAGTATTGGA-1-35-0-0,0.6142510696414928,13.727908,gene_signature,1.0,pass
GCTCCTACATGTCGAT-1-35-0-0,0.3608513017189239,6.1464777,gene_signature,1.0,pass
GCTCCTATCCGCGCAA-1-35-0-0,0.30915897614627985,17.286911,gene_signature,1.0,pass
GCTCTGTTCACAAACC-1-35-0-0,0.056575493765410066,19.659857,gene_signature,1.0,pass
GCTGCAGTCTTGAGAC-1-35-0-0,0.17656422786905573,12.999617,gene_signature,1.0,pass
GCTGCGAAGATGAGAG-1-35-0-0,0.08114084625088805,17.119856,gene_signature,1.0,pass
GCTGCGACACCTCGGA-1-35-0-0,0.4114864433844474,8.626042,gene_signature,1.0,pass
GCTGCGAGTGCACCAC-1-35-0-0,0.0896644961612544,13.971762,gene_signature,1.0,pass
GCTGCGATCACGCATA-1-35-0-0,0.2717452603201675,17.277445,gene_signature,1.0,pass
GCTGCGATCGTCTGCT-1-35-0-0,0.3671281478837223,16.398283,gene_signature,1.0,pass
GCTGCGATCTGCAAGT-1-35-0-0,0.27338083333600705,16.455526,gene_signature,1.0,pass
GCTGCTTAGCAACGGT-1-35-0-0,0.5510516396536977,13.951811,gene_signature,1.0,pass
GCTGCTTAGCGGATCA-1-35-0-0,0.08781553004870085,18.813496,gene_signature,1.0,pass
GCTGCTTGTAACGCGA-1-35-0-0,0.37303654951391113,13.450392,gene_signature,1.0,pass
GCTGGGTAGATAGGAG-1-35-0-0,0.3639739302541459,16.685665,gene_signature,1.0,pass
GCTGGGTTCGGCATCG-1-35-0-0,0.7492124956755484,10.69025,gene_signature,1.0,pass
GCTTCCAAGCAGCCTC-1-35-0-0,0.43335657881238604,10.201388,gene_signature,1.0,pass
GCTTCCAGTTAGAACA-1-35-0-0,0.04200335556189825,19.818974,gene_signature,1.0,pass
GCTTCCATCCGCGGTA-1-35-0-0,0.08935387974697337,17.00781,gene_signature,1.0,pass
GCTTGAACAATGGAGC-1-35-0-0,0.09670157427897691,18.24456,gene_signature,1.0,pass
GCTTGAACAGATCTGT-1-35-0-0,0.20742266725781916,14.820117,gene_signature,1.0,pass
GCTTGAAGTCGACTGC-1-35-0-0,0.26457187783817315,9.973454,gene_signature,1.0,pass
GCTTGAATCATAAAGG-1-35-0-0,0.4907092691368997,20.810476,gene_signature,1.0,pass
GGAAAGCAGAGATGAG-1-35-0-0,0.32097985158526116,14.04447,gene_signature,1.0,pass
GGAACTTAGAATGTTG-1-35-0-0,0.1408000117282131,14.533177,gene_signature,1.0,pass
GGAACTTGTCTCTCGT-1-35-0-0,0.22477196179166312,18.457298,gene_signature,1.0,pass
GGAACTTGTCTTCGTC-1-35-0-0,0.24746257471024563,12.925342,gene_signature,1.0,pass
GGAACTTTCACAGTAC-1-35-0-0,0.08421584342262739,13.937053,gene_signature,1.0,pass
GGAATAACAGACGCTC-1-35-0-0,0.30063814885333917,9.213942,gene_signature,1.0,pass
GGACAGAAGTAACCCT-1-35-0-0,0.2105632398220171,16.044239,gene_signature,1.0,pass
GGACAGATCGGTTAAC-1-35-0-0,0.650042125851933,9.745512,gene_signature,1.0,pass
GGACATTCACCTTGTC-1-35-0-0,0.32121971259213344,12.506939,gene_signature,1.0,pass
GGACGTCAGACGCAAC-1-35-0-0,0.23646126476816312,15.343289,gene_signature,1.0,pass
GGAGCAAAGCAACGGT-1-35-0-0,0.10670488283888205,21.347645,gene_signature,1.0,pass
GGAGCAAAGTGACTCT-1-35-0-0,0.059473985978672886,17.107935,gene_signature,1.0,pass
GGAGCAAAGTGTCCCG-1-35-0-0,0.3406026696213904,11.373132,gene_signature,1.0,pass
GGAGCAACACGGTAAG-1-35-0-0,0.11902138826496864,18.849537,gene_signature,1.0,pass
GGAGCAAGTTAAGAAC-1-35-0-0,0.02119406594401896,20.252176,gene_signature,1.0,pass
GGATGTTCACTGTTAG-1-35-0-0,0.16054030861633892,10.600293,gene_signature,1.0,pass
GGATGTTTCACCCTCA-1-35-0-0,0.12585061521311663,21.8895,gene_signature,1.0,pass
GGCAATTGTATCACCA-1-35-0-0,0.05145537540467689,18.650747,gene_signature,1.0,pass
GGCAATTTCGTACCGG-1-35-0-0,0.42037930100048226,11.741323,gene_signature,1.0,pass
GGCCGATTCCACGAAT-1-35-0-0,0.34346018695950836,13.156178,gene_signature,1.0,pass
GGCGACTCAAAGTCAA-1-35-0-0,0.330986972085536,16.489136,gene_signature,1.0,pass
GGCGACTCACAGCCCA-1-35-0-0,0.23527516443037202,14.07823,gene_signature,1.0,pass
GGCGTGTAGCAGGCTA-1-35-0-0,0.5703245446836475,8.555489,gene_signature,1.0,pass
GGCGTGTCAGGGCATA-1-35-0-0,0.07609610940232385,14.732053,gene_signature,1.0,pass
GGCGTGTCATTACGAC-1-35-0-0,0.5217615900905406,13.643042,gene_signature,1.0,pass
GGCGTGTGTGTCAATC-1-35-0-0,0.16300996796509987,15.233525,gene_signature,1.0,pass
GGCTCGAAGACAGAGA-1-35-0-0,0.7626074568535678,16.904007,gene_signature,1.0,pass
GGCTCGAAGTTTGCGT-1-35-0-0,0.5055999395060597,13.747638,gene_signature,1.0,pass
GGCTCGAGTTCTGTTT-1-35-0-0,0.6447225787800541,16.92403,gene_signature,1.0,pass
GGCTGGTAGTGCCAGA-1-35-0-0,0.2668113025148352,16.961285,gene_signature,1.0,pass
GGGACCTTCCACGTTC-1-35-0-0,0.35610877953800446,11.147377,gene_signature,1.0,pass
GGGACCTTCGGATGTT-1-35-0-0,0.2002560580920989,12.771428,gene_signature,1.0,pass
GGGAGATAGCGTCTAT-1-35-0-0,0.1009323707205396,16.623512,gene_signature,1.0,pass
GGGAGATAGCTGGAAC-1-35-0-0,0.6872050654568822,13.050407,gene_signature,1.0,pass
GGGATGAAGTCCAGGA-1-35-0-0,0.14495747113640026,18.652878,gene_signature,1.0,pass
GGGATGATCAGAGACG-1-35-0-0,0.2388951367303076,15.889165,gene_signature,1.0,pass
GGGTCTGAGCGATATA-1-35-0-0,0.47478165533179595,13.884415,gene_signature,1.0,pass
GGGTCTGCAACCGCCA-1-35-0-0,0.06431090708807181,9.255945,gene_signature,1.0,pass
GGTATTGCAATAGCAA-1-35-0-0,0.2718260469230307,15.171747,gene_signature,1.0,pass
GGTATTGCATGGATGG-1-35-0-0,0.7222370671736791,8.629278,gene_signature,1.0,pass
GGTGCGTCATTAACCG-1-35-0-0,0.31292595964658926,12.9009495,gene_signature,1.0,pass
GGTGCGTGTGAGTATA-1-35-0-0,0.13996884958421385,12.17951,gene_signature,1.0,pass
GGTGTTAAGTTGTAGA-1-35-0-0,0.4455948284901924,15.15842,gene_signature,1.0,pass
GTAACGTAGCGTGAAC-1-35-0-0,0.23851404323407333,10.553064,gene_signature,1.0,pass
GTAACGTTCTTCTGGC-1-35-0-0,0.08472922728112645,21.096514,gene_signature,1.0,pass
GTAACTGAGCTTTGGT-1-35-0-0,0.43488782014434235,16.497591,gene_signature,1.0,pass
GTAACTGGTTACCGAT-1-35-0-0,0.262470151005791,10.942163,gene_signature,1.0,pass
GTACGTAGTTGACGTT-1-35-0-0,0.21201264037734405,11.99642,gene_signature,1.0,pass
GTACGTATCAACACCA-1-35-0-0,0.1636186555538459,20.98883,gene_signature,1.0,pass
GTACTCCCATTAGGCT-1-35-0-0,0.4809642168277957,16.945578,gene_signature,1.0,pass
GTACTCCGTGCTAGCC-1-35-0-0,0.281002005552958,17.338451,gene_signature,1.0,pass
GTACTTTAGCGTCTAT-1-35-0-0,0.12277359893146067,16.725594,gene_signature,1.0,pass
GTACTTTCAATGTAAG-1-35-0-0,0.2343326200684987,12.573985,gene_signature,1.0,pass
GTACTTTGTGTCAATC-1-35-0-0,0.5083647648600528,8.275785,gene_signature,1.0,pass
GTAGGCCCATCGTCGG-1-35-0-0,0.08790512485369859,16.945972,gene_signature,1.0,pass
GTAGGCCGTCCGAAGA-1-35-0-0,0.35417835402066905,9.158232,gene_signature,1.0,pass
GTAGGCCGTTAAAGTG-1-35-0-0,0.14807305496274412,18.101284,gene_signature,1.0,pass
GTAGGCCGTTCGTCTC-1-35-0-0,0.2720177457095786,12.112485,gene_signature,1.0,pass
GTAGTCAGTTAAGATG-1-35-0-0,0.24337317077070791,16.475012,gene_signature,1.0,pass
GTATCTTCAACGATGG-1-35-0-0,0.5249167249672073,18.518377,gene_signature,1.0,pass
GTATCTTGTCGAACAG-1-35-0-0,0.42843668591766343,9.681921,gene_signature,1.0,pass
GTATCTTGTTCGTCTC-1-35-0-0,0.6375569765429365,11.470568,gene_signature,1.0,pass
GTATCTTTCCATGAGT-1-35-0-0,0.2332757317499364,14.919596,gene_signature,1.0,pass
GTATCTTTCGAGCCCA-1-35-0-0,0.0264163849161566,14.023883,gene_signature,1.0,pass
GTATCTTTCTCGTTTA-1-35-0-0,0.02231915702465239,18.029064,gene_signature,1.0,pass
GTCAAGTTCGAGCCCA-1-35-0-0,0.4845426560948159,14.036646,gene_signature,1.0,pass
GTCACAAGTCACAAGG-1-35-0-0,0.12454056369254544,16.857182,gene_signature,1.0,pass
GTCACAATCGGCGGTT-1-35-0-0,0.31483403019849304,17.904596,gene_signature,1.0,pass
GTCACGGAGACTTTCG-1-35-0-0,0.036334236006191484,14.24613,gene_signature,1.0,pass
GTCACGGCACACAGAG-1-35-0-0,0.5166470801581088,11.131004,gene_signature,1.0,pass
GTCACGGTCAAAGTAG-1-35-0-0,0.1308349366185957,16.34534,gene_signature,1.0,pass
GTCATTTAGATCCTGT-1-35-0-0,0.30406064053363074,15.877577,gene_signature,1.0,pass
GTCGGGTAGAAGCCCA-1-35-0-0,0.0510181074540315,15.510953,gene_signature,1.0,pass
GTCGGGTAGTCAAGGC-1-35-0-0,0.2671738328662569,14.823436,gene_signature,1.0,pass
GTCGGGTCAAGTAATG-1-35-0-0,0.3279212291324046,16.801655,gene_signature,1.0,pass
GTCGTAAAGAGGTAGA-1-35-0-0,0.20411719609953277,17.067924,gene_signature,1.0,pass
GTCGTAAAGATCCGAG-1-35-0-0,0.47035061390604405,7.5660505,gene_signature,1.0,pass
GTCGTAACAACTGCGC-1-35-0-0,0.25949558746104884,21.548527,gene_signature,1.0,pass
GTCGTAATCTCTAGGA-1-35-0-0,0.22199975845522638,17.476213,gene_signature,1.0,pass
GTCTCGTAGCGAGAAA-1-35-0-0,0.33136156818162876,14.417499,gene_signature,1.0,pass
GTCTCGTAGCGTTGCC-1-35-0-0,0.28156511185846506,15.972052,gene_signature,1.0,pass
GTCTCGTAGTCGATAA-1-35-0-0,0.09717873309481966,13.826157,gene_signature,1.0,pass
GTCTCGTCAAGAGGCT-1-35-0-0,0.38569329746859893,13.349721,gene_signature,1.0,pass
GTCTCGTGTACCATCA-1-35-0-0,0.3466463042105218,12.508039,gene_signature,1.0,pass
GTCTCGTTCGCGATCG-1-35-0-0,0.34345160786296375,13.942858,gene_signature,1.0,pass
GTCTTCGCATGTTGAC-1-35-0-0,0.04115248596207602,21.725689,gene_signature,1.0,pass
GTGAAGGAGAAAGTGG-1-35-0-0,0.1553155476383039,12.6664,gene_signature,1.0,pass
GTGAAGGAGAGGTAGA-1-35-0-0,0.22168826869024985,11.543829,gene_signature,1.0,pass
GTGCAGCCATCGGAAG-1-35-0-0,0.46100375580969805,9.302931,gene_signature,1.0,pass
GTGCAGCGTCTACCTC-1-35-0-0,0.05653033240046192,18.78852,gene_signature,1.0,pass
GTGCATAAGAAGAAGC-1-35-0-0,0.7720214895405055,11.51085,gene_signature,1.0,pass
GTGCATATCTCGATGA-1-35-0-0,0.41349942822837094,11.531366,gene_signature,1.0,pass
GTGCTTCAGTACCGGA-1-35-0-0,0.15575463328336206,11.652976,gene_signature,1.0,pass
GTGCTTCCAATGTAAG-1-35-0-0,0.6290448207535432,13.298718,gene_signature,1.0,pass
GTGCTTCGTAAGCACG-1-35-0-0,0.37751667272078027,13.978212,gene_signature,1.0,pass
GTGCTTCTCAGAGACG-1-35-0-0,0.06500651696089527,14.47093,gene_signature,1.0,pass
GTGGGTCTCAGTACGT-1-35-0-0,0.40170348562368724,8.37182,gene_signature,1.0,pass
GTGTTAGGTCGCTTTC-1-35-0-0,0.1896321004009619,13.828952,gene_signature,1.0,pass
GTGTTAGGTGTTTGTG-1-35-0-0,0.14408603204836007,20.612072,gene_signature,1.0,pass
GTGTTAGTCTTGAGGT-1-35-0-0,0.8587421820690195,21.570759,gene_signature,1.0,pass
GTTACAGTCACTCCTG-1-35-0-0,0.4011802586744265,13.350345,gene_signature,1.0,pass
GTTCATTAGGGCATGT-1-35-0-0,0.14174536420191128,15.8266735,gene_signature,1.0,pass
GTTCATTGTATATGGA-1-35-0-0,0.08548373950486825,17.870083,gene_signature,1.0,pass
GTTCATTGTCGAAAGC-1-35-0-0,0.36484541373261425,8.499748,gene_signature,1.0,pass
GTTCGGGCACAGGTTT-1-35-0-0,0.17652633815019386,19.524197,gene_signature,1.0,pass
GTTTCTACAACCGCCA-1-35-0-0,0.378575946805846,11.121244,gene_signature,1.0,pass
GTTTCTAGTACGAAAT-1-35-0-0,0.6637625222015522,12.349436,gene_signature,1.0,pass
TAAACCGAGGAATGGA-1-35-0-0,0.5053698941970654,13.537897,gene_signature,1.0,pass
TAAACCGTCCACTGGG-1-35-0-0,0.04361748781392942,13.818064,gene_signature,1.0,pass
TAAGAGAAGCTGCGAA-1-35-0-0,0.34138549315761707,18.41954,gene_signature,1.0,pass
TAAGAGATCAGAGACG-1-35-0-0,0.4306309528079802,7.104705,gene_signature,1.0,pass
TAAGCGTAGCGACGTA-1-35-0-0,0.547089704997063,13.805224,gene_signature,1.0,pass
TAAGCGTAGCTGCGAA-1-35-0-0,0.13939480328407225,16.630196,gene_signature,1.0,pass
TAAGTGCCATGAACCT-1-35-0-0,0.3167995365453475,11.202668,gene_signature,1.0,pass
TACACGAAGAGTGACC-1-35-0-0,0.08293433578530189,18.990673,gene_signature,1.0,pass
TACACGAAGTCAAGCG-1-35-0-0,0.04904764765013811,19.545452,gene_signature,1.0,pass
TACACGATCACAGGCC-1-35-0-0,0.1854193202242092,21.894222,gene_signature,1.0,pass
TACAGTGAGTACATGA-1-35-0-0,0.7634417215740709,8.1936035,gene_signature,1.0,pass
TACAGTGGTGTTGGGA-1-35-0-0,0.19701250798629757,12.566478,gene_signature,1.0,pass
TACCTATAGTAGGTGC-1-35-0-0,0.07431443165745519,16.682753,gene_signature,1.0,pass
TACCTATCAGGGCATA-1-35-0-0,0.3089540578746324,17.801014,gene_signature,1.0,pass
TACCTATCATATACGC-1-35-0-0,0.2944055764885093,12.693758,gene_signature,1.0,pass
TACCTATTCTGATTCT-1-35-0-0,0.24275798367938636,15.094889,gene_signature,1.0,pass
TACCTTATCTTAACCT-1-35-0-0,0.3135910651200442,17.371288,gene_signature,1.0,pass
TACCTTATCTTGTCAT-1-35-0-0,0.34708343184034673,10.152788,gene_signature,1.0,pass
TACGGATAGTCCGTAT-1-35-0-0,0.5406098643758375,11.73653,gene_signature,1.0,pass
TACGGATGTACAGCAG-1-35-0-0,0.4129146450504718,12.781739,gene_signature,1.0,pass
TACGGGCAGAGCCTAG-1-35-0-0,0.11461191479264668,14.419377,gene_signature,1.0,pass
TACGGGCCAGGGCATA-1-35-0-0,0.11056230498310197,15.779096,gene_signature,1.0,pass
TACTCATAGCTAGTCT-1-35-0-0,0.09153666381770129,11.761465,gene_signature,1.0,pass
TACTCATAGTGCAAGC-1-35-0-0,0.049498161458574934,16.933584,gene_signature,1.0,pass
TACTCGCGTTACTGAC-1-35-0-0,0.33524247463693735,13.306313,gene_signature,1.0,pass
TACTCGCTCTCCCTGA-1-35-0-0,0.08626735111564747,15.607283,gene_signature,1.0,pass
TACTCGCTCTTTAGGG-1-35-0-0,0.382165667310207,15.258459,gene_signature,1.0,pass
TACTTACAGACATAAC-1-35-0-0,0.1319204561829818,16.990229,gene_signature,1.0,pass
TACTTACCATCAGTCA-1-35-0-0,0.12909901806344998,17.14948,gene_signature,1.0,pass
TACTTACCATCTGGTA-1-35-0-0,0.82985540478827,21.672964,gene_signature,1.0,pass
TACTTGTAGCACACAG-1-35-0-0,0.1870584635226243,12.221067,gene_signature,1.0,pass
TACTTGTAGCACGCCT-1-35-0-0,0.17032392577840486,21.781965,gene_signature,1.0,pass
TACTTGTTCTTAGCCC-1-35-0-0,0.1330563623816435,13.445969,gene_signature,1.0,pass
TAGACCAAGGCAAAGA-1-35-0-0,0.5140741179937112,13.480621,gene_signature,1.0,pass
TAGAGCTCATGGTCTA-1-35-0-0,0.6502489099685732,13.194753,gene_signature,1.0,pass
TAGAGCTGTCCTCCAT-1-35-0-0,0.43584112723667945,16.801455,gene_signature,1.0,pass
TAGAGCTTCCGAGCCA-1-35-0-0,0.5406495515318305,16.565842,gene_signature,1.0,pass
TAGCCGGGTCGAAAGC-1-35-0-0,0.17173639163574014,17.600143,gene_signature,1.0,pass
TAGCCGGGTTCCACTC-1-35-0-0,0.3633344700350273,12.262876,gene_signature,1.0,pass
TAGCCGGTCGTTGCCT-1-35-0-0,0.40143295522549416,14.890208,gene_signature,1.0,pass
TAGGCATCATGACATC-1-35-0-0,0.283530345158676,15.186548,gene_signature,1.0,pass
TAGGCATGTAATTGGA-1-35-0-0,0.23128519384779808,17.413889,gene_signature,1.0,pass
TAGGCATTCCACTGGG-1-35-0-0,0.03154622326477384,16.180738,gene_signature,1.0,pass
TAGGCATTCTGGTTCC-1-35-0-0,0.15522431723676372,15.203685,gene_signature,1.0,pass
TAGTGGTCAGGTGCCT-1-35-0-0,0.33165970322634025,13.205011,gene_signature,1.0,pass
TAGTTGGTCACCAGGC-1-35-0-0,0.7110970419000988,11.157534,gene_signature,1.0,pass
TATCAGGCAAAGGCGT-1-35-0-0,0.7152680973657654,13.733908,gene_signature,1.0,pass
TATCAGGCAGCGATCC-1-35-0-0,0.3773998085926627,10.0833435,gene_signature,1.0,pass
TATCAGGCATCCGTGG-1-35-0-0,0.06014947486097764,20.620052,gene_signature,1.0,pass
TATGCCCAGCCTTGAT-1-35-0-0,0.5960855353696382,14.612509,gene_signature,1.0,pass
TATGCCCCAGTTCCCT-1-35-0-0,0.07112729973453183,14.839892,gene_signature,1.0,pass
TATGCCCGTACAAGTA-1-35-0-0,0.1730756353611781,15.737892,gene_signature,1.0,pass
TATTACCGTCATGCCG-1-35-0-0,0.21325965325634594,13.1343355,gene_signature,1.0,pass
TATTACCTCCGATATG-1-35-0-0,0.11535475124586754,13.069618,gene_signature,1.0,pass
TCAACGACACCACCAG-1-35-0-0,0.17692717298684765,16.289032,gene_signature,1.0,pass
TCAATCTGTGTGAAAT-1-35-0-0,0.20822186643666912,16.70277,gene_signature,1.0,pass
TCACAAGGTACGCTGC-1-35-0-0,0.20938593860746274,12.027522,gene_signature,1.0,pass
TCACAAGTCCAAACTG-1-35-0-0,0.18864616876511564,8.7134695,gene_signature,1.0,pass
TCACAAGTCCCAAGTA-1-35-0-0,0.3051960375246023,12.703535,gene_signature,1.0,pass
TCACGAAAGCTGGAAC-1-35-0-0,0.7106386997368983,17.306263,gene_signature,1.0,pass
TCACGAAGTCTCCATC-1-35-0-0,0.28329062785976256,16.073503,gene_signature,1.0,pass
TCACGAATCTCACATT-1-35-0-0,0.3963868538425158,14.838446,gene_signature,1.0,pass
TCAGATGTCACATAGC-1-35-0-0,0.058139293691260065,13.435516,gene_signature,1.0,pass
TCAGATGTCCTTTCGG-1-35-0-0,0.3242391377215193,12.360888,gene_signature,1.0,pass
TCAGCAACATTTCACT-1-35-0-0,0.6529242440258175,14.016745,gene_signature,1.0,pass
TCAGCAAGTTCCACTC-1-35-0-0,0.7780224897997197,16.587683,gene_signature,1.0,pass
TCAGCAATCGCAAACT-1-35-0-0,0.5154818533490879,9.751073,gene_signature,1.0,pass
TCAGGTACACATCCGG-1-35-0-0,0.12382104121475498,12.446524,gene_signature,1.0,pass
TCAGGTAGTTGATTGC-1-35-0-0,0.15349698790210659,13.628616,gene_signature,1.0,pass
TCATTACCAAGCGAGT-1-35-0-0,0.1259163619709905,20.023928,gene_signature,1.0,pass
TCATTACGTAATAGCA-1-35-0-0,0.2671593533054086,11.219269,gene_signature,1.0,pass
TCATTTGGTCCGAAGA-1-35-0-0,0.6222569307190591,12.243086,gene_signature,1.0,pass
TCATTTGGTCTTCTCG-1-35-0-0,0.04640464965634094,13.120585,gene_signature,1.0,pass
TCATTTGTCCTTCAAT-1-35-0-0,0.09084492194934815,12.135894,gene_signature,1.0,pass
TCCACACAGTGTTAGA-1-35-0-0,0.8885533359253941,14.2142515,gene_signature,1.0,pass
TCCCGATCACTCTGTC-1-35-0-0,0.14269077424127805,13.853003,gene_signature,1.0,pass
TCCCGATTCGTTACGA-1-35-0-0,0.2358437108518469,17.093554,gene_signature,1.0,pass
TCGAGGCCATCGATGT-1-35-0-0,0.36178914085848446,8.760407,gene_signature,1.0,pass
TCGAGGCGTTCAACCA-1-35-0-0,0.13287287116675173,17.602922,gene_signature,1.0,pass
TCGCGAGGTCGGATCC-1-35-0-0,0.12948956603569553,12.110832,gene_signature,1.0,pass
TCGCGAGGTTCCGGCA-1-35-0-0,0.43160740889469124,15.193695,gene_signature,1.0,pass
TCGCGTTTCAACCAAC-1-35-0-0,0.23485499194291784,11.9973545,gene_signature,1.0,pass
TCGGGACTCCACTGGG-1-35-0-0,0.2253599277236515,14.49885,gene_signature,1.0,pass
TCGGTAAAGGCATGGT-1-35-0-0,0.4819012223968202,12.539289,gene_signature,1.0,pass
TCGGTAATCTGCTTGC-1-35-0-0,0.34548934714535673,14.423772,gene_signature,1.0,pass
TCGTACCCACTGCCAG-1-35-0-0,0.28830550723353265,14.287252,gene_signature,1.0,pass
TCGTAGACAGGCAGTA-1-35-0-0,0.2863921186599744,10.584322,gene_signature,1.0,pass
TCGTAGAGTATTACCG-1-35-0-0,0.030698678150466775,18.625149,gene_signature,1.0,pass
TCTATTGGTGATGTCT-1-35-0-0,0.40864895543537527,13.97814,gene_signature,1.0,pass
TCTATTGTCGGGAGTA-1-35-0-0,0.28866067131664475,17.57714,gene_signature,1.0,pass
TCTCATAAGCAGGTCA-1-35-0-0,0.058613408897009014,21.829426,gene_signature,1.0,pass
TCTCTAAAGAATGTGT-1-35-0-0,0.01180323317243765,11.591931,gene_signature,1.0,pass
TCTCTAAAGTATCTCG-1-35-0-0,0.10277576994492428,17.50415,gene_signature,1.0,pass
TCTCTAACATATGAGA-1-35-0-0,0.2418823778214799,13.154625,gene_signature,1.0,pass
TCTCTAAGTGCACGAA-1-35-0-0,0.23233367615981063,20.055807,gene_signature,1.0,pass
TCTGAGAGTGCAGGTA-1-35-0-0,0.3319418449316601,10.053415,gene_signature,1.0,pass
TCTGGAACAGATGGGT-1-35-0-0,0.3956351739130192,17.372597,gene_signature,1.0,pass
TCTGGAACAGTCACTA-1-35-0-0,0.3069588951398333,18.286394,gene_signature,1.0,pass
TCTTCGGAGTCTTGCA-1-35-0-0,0.8790834987537244,5.8603983,gene_signature,1.0,pass
TCTTCGGTCGAGAGCA-1-35-0-0,0.09763499286670116,19.241611,gene_signature,1.0,pass
TCTTCGGTCGCGATCG-1-35-0-0,0.1882131806100871,10.768306,gene_signature,1.0,pass
TCTTTCCAGAGCTATA-1-35-0-0,0.3689363623897307,13.546858,gene_signature,1.0,pass
TCTTTCCTCAAGAAGT-1-35-0-0,0.40777464012191655,10.934405,gene_signature,1.0,pass
TCTTTCCTCAGAAATG-1-35-0-0,0.2066312932824524,12.958278,gene_signature,1.0,pass
TCTTTCCTCTCATTCA-1-35-0-0,0.2584739089847449,18.71086,gene_signature,1.0,pass
TGACAACAGATGTCGG-1-35-0-0,0.3455503438223353,8.175104,gene_signature,1.0,pass
TGACAACCAGCTCCGA-1-35-0-0,0.07436762024320352,8.5085535,gene_signature,1.0,pass
TGACAACTCTCGCTTG-1-35-0-0,0.9206780886431943,12.755845,gene_signature,1.0,pass
TGACTAGGTTAAAGAC-1-35-0-0,0.060899003811301713,12.602468,gene_signature,1.0,pass
TGACTTTTCGGAGGTA-1-35-0-0,0.219669169333282,17.14896,gene_signature,1.0,pass
TGACTTTTCGTTGCCT-1-35-0-0,0.24134773099316692,13.183395,gene_signature,1.0,pass
TGAGAGGAGTTATCGC-1-35-0-0,0.2576742617408505,14.642553,gene_signature,1.0,pass
TGAGAGGCACTGCCAG-1-35-0-0,0.5929476452421706,14.129503,gene_signature,1.0,pass
TGAGCATAGATCTGCT-1-35-0-0,0.31372493488514375,16.136028,gene_signature,1.0,pass
TGAGCATAGGCAAAGA-1-35-0-0,0.48741498141204664,14.021097,gene_signature,1.0,pass
TGAGCCGAGTGGGATC-1-35-0-0,0.2166464073546599,12.800473,gene_signature,1.0,pass
TGAGCCGGTCGTTGTA-1-35-0-0,0.10223672686651089,13.565579,gene_signature,1.0,pass
TGAGCCGGTGAAATCA-1-35-0-0,0.706606771310387,16.727736,gene_signature,1.0,pass
TGAGGGATCTTACCGC-1-35-0-0,0.7205424669014555,12.86449,gene_signature,1.0,pass
TGATTTCAGACAAGCC-1-35-0-0,0.04654519440407238,16.332615,gene_signature,1.0,pass
TGATTTCCATCCGCGA-1-35-0-0,0.6432385643270719,9.18609,gene_signature,1.0,pass
TGATTTCCATGAAGTA-1-35-0-0,0.18008791692618903,7.268544,gene_signature,1.0,pass
TGATTTCTCCTCGCAT-1-35-0-0,0.18475582705883548,16.04978,gene_signature,1.0,pass
TGCACCTGTTCCTCCA-1-35-0-0,0.011550485798316898,13.664685,gene_signature,1.0,pass
TGCCAAAAGACGACGT-1-35-0-0,0.8211667590516434,10.761052,gene_signature,1.0,pass
TGCCAAAGTTCCCGAG-1-35-0-0,0.545551011244215,10.24608,gene_signature,1.0,pass
TGCCCATAGTATGACA-1-35-0-0,0.340759939598818,16.555965,gene_signature,1.0,pass
TGCCCATGTCATATGC-1-35-0-0,0.13798946116133978,19.75164,gene_signature,1.0,pass
TGCCCATTCTGGTTCC-1-35-0-0,0.21467915307453095,10.911612,gene_signature,1.0,pass
TGCCCTACAGGAATCG-1-35-0-0,0.029603783623049974,22.222912,gene_signature,1.0,pass
TGCCCTAGTACCGCTG-1-35-0-0,0.3767376616732877,9.058447,gene_signature,1.0,pass
TGCCCTAGTAGCTTGT-1-35-0-0,0.009246154857315328,19.738096,gene_signature,1.0,pass
TGCCCTATCGAGGTAG-1-35-0-0,0.08712958117464933,17.738867,gene_signature,1.0,pass
TGCGCAGCAGGATCGA-1-35-0-0,0.6344235147246533,13.291919,gene_signature,1.0,pass
TGCGGGTCATTTCAGG-1-35-0-0,0.032128469117528785,16.34102,gene_signature,1.0,pass
TGCGGGTGTACTCTCC-1-35-0-0,0.420967462589158,18.522478,gene_signature,1.0,pass
TGCGGGTTCACATACG-1-35-0-0,0.12805360300068508,18.32246,gene_signature,1.0,pass
TGCGTGGAGGACATTA-1-35-0-0,0.6087012371630327,21.79039,gene_signature,1.0,pass
TGCGTGGCAAGAAAGG-1-35-0-0,0.19883943495352172,13.045827,gene_signature,1.0,pass
TGCTACCCACAGCGTC-1-35-0-0,0.12307854618718925,17.05636,gene_signature,1.0,pass
TGCTGCTCACCTATCC-1-35-0-0,0.26402059255801386,11.251453,gene_signature,1.0,pass
TGCTGCTGTAGCACGA-1-35-0-0,0.34988267887129126,18.79845,gene_signature,1.0,pass
TGCTGCTGTGCTCTTC-1-35-0-0,0.6045169636614378,13.842697,gene_signature,1.0,pass
TGGACGCAGCTCCTTC-1-35-0-0,0.2833590856822032,14.879044,gene_signature,1.0,pass
TGGACGCAGTGGTAGC-1-35-0-0,0.5297222136121127,10.45644,gene_signature,1.0,pass
TGGACGCGTGACCAAG-1-35-0-0,0.2761102365673517,12.03594,gene_signature,1.0,pass
TGGACGCTCCCTGACT-1-35-0-0,0.16465025660557803,13.280212,gene_signature,1.0,pass
TGGCCAGCACTCTGTC-1-35-0-0,0.08006727835276375,19.662434,gene_signature,1.0,pass
TGGCCAGCATAGGATA-1-35-0-0,0.02325087055099102,16.723707,gene_signature,1.0,pass
TGGCCAGGTCCAGTGC-1-35-0-0,0.4935242652882561,12.587352,gene_signature,1.0,pass
TGGCGCACAAGAGTCG-1-35-0-0,0.16514791816617977,17.922115,gene_signature,1.0,pass
TGGCGCACACCAGTTA-1-35-0-0,0.3261555880659655,10.450124,gene_signature,1.0,pass
TGGCTGGAGAGACTTA-1-35-0-0,0.12148761269890644,11.720568,gene_signature,1.0,pass
TGGCTGGCAAGAAGAG-1-35-0-0,0.6208048364874993,12.1665745,gene_signature,1.0,pass
TGGCTGGCATGACGGA-1-35-0-0,0.25302366736280246,14.341234,gene_signature,1.0,pass
TGGTTAGTCTCGGACG-1-35-0-0,0.052761247461221426,18.871506,gene_signature,1.0,pass
TGGTTAGTCTCTTGAT-1-35-0-0,0.7449739173106027,10.558919,gene_signature,1.0,pass
TGGTTCCTCCAAACAC-1-35-0-0,0.02626123924038226,13.546481,gene_signature,1.0,pass
TGTATTCAGTCGTACT-1-35-0-0,0.38480898174433065,17.998564,gene_signature,1.0,pass
TGTATTCAGTGGGTTG-1-35-0-0,0.239095766106372,14.059016,gene_signature,1.0,pass
TGTATTCGTTCTGGTA-1-35-0-0,0.18290766932644292,15.612285,gene_signature,1.0,pass
TGTCCCAGTTCGTGAT-1-35-0-0,0.11672295470296398,16.877428,gene_signature,1.0,pass
TGTGGTAGTACTCAAC-1-35-0-0,0.15699804183800925,15.42601,gene_signature,1.0,pass
TGTGTTTAGGCATGGT-1-35-0-0,0.006300573908378364,16.095684,gene_signature,1.0,pass
TGTGTTTGTGAGGGTT-1-35-0-0,0.3167053989298278,13.986677,gene_signature,1.0,pass
TGTTCCGTCTAGAGTC-1-35-0-0,0.14072247689981024,13.120969,gene_signature,1.0,pass
TTAACTCAGGAGCGAG-1-35-0-0,0.08032333222287627,20.599916,gene_signature,1.0,pass
TTAACTCCAATCACAC-1-35-0-0,0.27739893075970584,11.839479,gene_signature,1.0,pass
TTAACTCCAATCCGAT-1-35-0-0,0.07271026805376546,8.54659,gene_signature,1.0,pass
TTAACTCCACTTACGA-1-35-0-0,0.14033663333807245,10.103106,gene_signature,1.0,pass
TTAACTCTCAGTCAGT-1-35-0-0,0.1677509883999116,12.5329485,gene_signature,1.0,pass
TTAGGACAGCTAACTC-1-35-0-0,0.11063226824880945,14.984259,gene_signature,1.0,pass
TTAGGACAGTGGAGAA-1-35-0-0,0.15737664338832896,12.460098,gene_signature,1.0,pass
TTAGGACCATCAGTCA-1-35-0-0,0.22111242914160614,12.977445,gene_signature,1.0,pass
TTAGGACCATCGATTG-1-35-0-0,0.5974843547775267,17.42662,gene_signature,1.0,pass
TTAGGACGTCTTGCGG-1-35-0-0,0.1550862664762877,14.642382,gene_signature,1.0,pass
TTAGGACTCAACACTG-1-35-0-0,0.42560788284892254,14.127884,gene_signature,1.0,pass
TTAGGACTCTCCAACC-1-35-0-0,0.3913155593131508,11.370697,gene_signature,1.0,pass
TTAGTTCTCGTCACGG-1-35-0-0,0.40181358980236687,16.570324,gene_signature,1.0,pass
TTATGCTCATACCATG-1-35-0-0,0.08112721388541752,13.754019,gene_signature,1.0,pass
TTATGCTGTGAGTGAC-1-35-0-0,0.21080064917199431,20.726074,gene_signature,1.0,pass
TTCCCAGCATTTCACT-1-35-0-0,0.6063606128206693,11.362158,gene_signature,1.0,pass
TTCCCAGGTCACTTCC-1-35-0-0,0.44694760067377837,17.670801,gene_signature,1.0,pass
TTCGAAGGTCTAAAGA-1-35-0-0,0.10212776690940903,14.056738,gene_signature,1.0,pass
TTCGAAGGTTAAGAAC-1-35-0-0,0.03360409303862314,18.51266,gene_signature,1.0,pass
TTCGGTCAGAGTACAT-1-35-0-0,0.07374963300001014,17.850185,gene_signature,1.0,pass
TTCTACAAGAATAGGG-1-35-0-0,0.6912467975433059,12.622809,gene_signature,1.0,pass
TTCTACAGTTGATTGC-1-35-0-0,0.2901226997004476,19.58321,gene_signature,1.0,pass
TTCTACAGTTTACTCT-1-35-0-0,0.08348780441854627,14.953613,gene_signature,1.0,pass
TTCTCAAGTAACGACG-1-35-0-0,0.2912358050529159,11.740715,gene_signature,1.0,pass
TTCTCCTAGGCGATAC-1-35-0-0,0.319038975591429,14.786687,gene_signature,1.0,pass
TTCTCCTAGGGATGGG-1-35-0-0,0.8244394658450119,12.092451,gene_signature,1.0,pass
TTCTCCTCATCGATTG-1-35-0-0,0.404567748094388,18.655848,gene_signature,1.0,pass
TTCTCCTTCGAGAACG-1-35-0-0,0.2202666587576519,16.51493,gene_signature,1.0,pass
TTCTTAGAGGAATGGA-1-35-0-0,0.22455491184696105,14.704458,gene_signature,1.0,pass
TTCTTAGGTACAGACG-1-35-0-0,0.1525285282380395,13.6874485,gene_signature,1.0,pass
TTGAACGCACTTAAGC-1-35-0-0,0.20748327503235803,16.358078,gene_signature,1.0,pass
TTGACTTCAGTTCATG-1-35-0-0,0.2071582509384613,13.4175205,gene_signature,1.0,pass
TTGACTTTCATTTGGG-1-35-0-0,0.08139520427392205,16.83364,gene_signature,1.0,pass
TTGCCGTGTATGGTTC-1-35-0-0,0.719705460404658,16.603672,gene_signature,1.0,pass
TTGCCGTGTGTGACGA-1-35-0-0,0.2531311847316092,15.520195,gene_signature,1.0,pass
TTGCGTCAGTCCGGTC-1-35-0-0,0.2663862968743743,17.35405,gene_signature,1.0,pass
TTGGAACGTCCGTCAG-1-35-0-0,0.004070103690441007,18.032616,gene_signature,1.0,pass
TTGGAACTCGAGAGCA-1-35-0-0,0.3949149264852771,17.657194,gene_signature,1.0,pass
TTGTAGGCAGTGAGTG-1-35-0-0,0.18776039802459277,17.239529,gene_signature,1.0,pass
TTGTAGGGTGCAACGA-1-35-0-0,0.14595462149509567,8.83,gene_signature,1.0,pass
TTTACTGAGTTAGCGG-1-35-0-0,0.1618029882484356,7.7130823,gene_signature,1.0,pass
TTTACTGGTCCGCTGA-1-35-0-0,0.44901599059192643,11.5797825,gene_signature,1.0,pass
TTTACTGGTTACGGAG-1-35-0-0,0.3019206143418567,13.6496,gene_signature,1.0,pass
TTTACTGTCAAACGGG-1-35-0-0,0.06653017820873483,14.140657,gene_signature,1.0,pass
TTTATGCAGGTAAACT-1-35-0-0,0.027339388596347845,14.951151,gene_signature,1.0,pass
TTTATGCCATATACGC-1-35-0-0,0.3765649238841634,15.867722,gene_signature,1.0,pass
TTTATGCGTAGCTCCG-1-35-0-0,0.34989226874018364,12.560694,gene_signature,1.0,pass
TTTATGCTCAAAGACA-1-35-0-0,0.1241608011246004,13.841234,gene_signature,1.0,pass
TTTCCTCCATAGGATA-1-35-0-0,0.023397080428183215,14.444756,gene_signature,1.0,pass
TTTGGTTAGGCATGGT-1-35-0-0,0.42117540311939183,11.73826,gene_signature,1.0,pass
TTTGGTTTCTACCTGC-1-35-0-0,0.1772311747592882,22.06926,gene_signature,1.0,pass
AAACGGGGTTGCGTTA-1-54-0-0,0.04423704446648792,13.1803,gene_signature,1.0,pass
AAACGGGGTTGTCGCG-1-54-0-0,0.02899625695614364,11.976722,gene_signature,1.0,pass
AAACGGGTCTGTGCAA-1-54-0-0,0.07730982892502966,17.839703,gene_signature,1.0,pass
AAAGATGAGCCTTGAT-1-54-0-0,0.010868032041914772,19.521225,gene_signature,1.0,pass
AAAGATGAGCTTATCG-1-54-0-0,0.16974552824108757,11.692263,gene_signature,1.0,pass
AAAGCAAAGACTAGGC-1-54-0-0,0.04619889840686186,17.438608,gene_signature,1.0,pass
AAAGCAACACCCTATC-1-54-0-0,0.049038595355354105,16.250656,gene_signature,1.0,pass
AAAGCAATCTCTGTCG-1-54-0-0,0.16669749652432647,14.346193,gene_signature,1.0,pass
AAAGTAGAGAAGAAGC-1-54-0-0,0.04577742321892409,16.869429,gene_signature,1.0,pass
AAAGTAGAGAGACTAT-1-54-0-0,0.05177527549433675,20.454334,gene_signature,1.0,pass
AAAGTAGTCGCGCCAA-1-54-0-0,0.06404322396366999,14.132072,gene_signature,1.0,pass
AAATGCCAGAGCTGCA-1-54-0-0,0.20609096801326468,20.036823,gene_signature,1.0,pass
AAATGCCTCGTGGTCG-1-54-0-0,0.37121230432898467,9.04861,gene_signature,1.0,pass
AACCATGCACGAAATA-1-54-0-0,0.012912130240711289,15.517087,gene_signature,1.0,pass
AACCATGCAGCCAGAA-1-54-0-0,0.45901983208309644,16.875114,gene_signature,1.0,pass
AACCATGGTGTAAGTA-1-54-0-0,0.3034119948659831,11.379702,gene_signature,1.0,pass
AACCGCGCACATCCAA-1-54-0-0,0.28670418934567377,13.287193,gene_signature,1.0,pass
AACCGCGCACCTTGTC-1-54-0-0,0.03947884775584535,14.050703,gene_signature,1.0,pass
AACTCAGGTGTTCTTT-1-54-0-0,0.1473762931009081,19.667025,gene_signature,1.0,pass
AACTCAGGTTGGTGGA-1-54-0-0,0.6752921235343612,15.843305,gene_signature,1.0,pass
AACTCCCAGGACTGGT-1-54-0-0,0.012594234106496804,19.386635,gene_signature,1.0,pass
AACTCCCGTGCACGAA-1-54-0-0,0.3187127080757032,15.443133,gene_signature,1.0,pass
AACTCCCTCAACGGGA-1-54-0-0,0.37359618637769126,15.08537,gene_signature,1.0,pass
AACTCTTGTTCAGCGC-1-54-0-0,0.10869318456184422,17.181877,gene_signature,1.0,pass
AACTGGTCACCTATCC-1-54-0-0,0.15484983616867573,16.489677,gene_signature,1.0,pass
AACTGGTTCTTGTATC-1-54-0-0,0.22733098404054908,15.599871,gene_signature,1.0,pass
AACTTTCGTGTAAGTA-1-54-0-0,0.2319711452124249,7.1518326,gene_signature,1.0,pass
AAGACCTGTAGCCTCG-1-54-0-0,0.2791431231395346,10.624066,gene_signature,1.0,pass
AAGGCAGCAAGGTGTG-1-54-0-0,0.08165264549282222,12.307848,gene_signature,1.0,pass
AAGGCAGCATGGGACA-1-54-0-0,0.06821494561423802,13.802426,gene_signature,1.0,pass
AAGGTTCAGCTGCGAA-1-54-0-0,0.28473738712065316,14.293869,gene_signature,1.0,pass
AAGGTTCTCACGACTA-1-54-0-0,0.06971563335200302,18.996582,gene_signature,1.0,pass
AAGGTTCTCACTCCTG-1-54-0-0,0.467900895602153,11.680156,gene_signature,1.0,pass
AATCCAGAGTGCCAGA-1-54-0-0,0.09031786114180165,15.7113495,gene_signature,1.0,pass
AATCCAGCAACTGGCC-1-54-0-0,0.04983401430867678,13.984192,gene_signature,1.0,pass
AATCGGTAGGCTAGCA-1-54-0-0,0.1561036539657899,15.571698,gene_signature,1.0,pass
AATCGGTGTCTCCATC-1-54-0-0,0.03016895562634623,14.33374,gene_signature,1.0,pass
ACACCAATCAAAGACA-1-54-0-0,0.08687959229236324,11.926324,gene_signature,1.0,pass
ACACCCTCAAGTCTAC-1-54-0-0,0.17016185769776318,11.331663,gene_signature,1.0,pass
ACACCCTCACACCGAC-1-54-0-0,0.031191150254647748,19.784082,gene_signature,1.0,pass
ACACCCTTCCAAATGC-1-54-0-0,0.007673776098375516,13.877996,gene_signature,1.0,pass
ACACCCTTCGGCATCG-1-54-0-0,0.10098055836484221,10.872178,gene_signature,1.0,pass
ACACTGAAGCTGCAAG-1-54-0-0,0.2092972776239411,13.941838,gene_signature,1.0,pass
ACACTGAGTGAAGGCT-1-54-0-0,0.13123216629482098,7.003764,gene_signature,1.0,pass
ACAGCCGCAGGATTGG-1-54-0-0,0.01423926824955304,20.758945,gene_signature,1.0,pass
ACAGCCGTCTATCCCG-1-54-0-0,0.12298673225262471,12.269972,gene_signature,1.0,pass
ACAGCTAAGACACGAC-1-54-0-0,0.19224883675193627,12.336042,gene_signature,1.0,pass
ACAGCTACAGGAATCG-1-54-0-0,0.3535692583964285,13.84445,gene_signature,1.0,pass
ACATACGCAATAACGA-1-54-0-0,0.2729519320528821,11.868952,gene_signature,1.0,pass
ACATACGGTAAGTGGC-1-54-0-0,0.029702374653767044,14.593576,gene_signature,1.0,pass
ACATCAGAGCTAGGCA-1-54-0-0,0.12603345817216566,13.47464,gene_signature,1.0,pass
ACATCAGCAGGGTACA-1-54-0-0,0.10643723258724758,15.064119,gene_signature,1.0,pass
ACATCAGGTCAACATC-1-54-0-0,0.16686882376159973,7.766355,gene_signature,1.0,pass
ACATCAGGTTTGTGTG-1-54-0-0,0.1730411362464176,13.434675,gene_signature,1.0,pass
ACATGGTAGCGTCTAT-1-54-0-0,0.029305050476115257,11.808321,gene_signature,1.0,pass
ACATGGTTCCACTGGG-1-54-0-0,0.06745160980669582,8.381122,gene_signature,1.0,pass
ACCAGTAGTAAGGGCT-1-54-0-0,0.3507307961024583,18.212322,gene_signature,1.0,pass
ACCAGTAGTCCCTACT-1-54-0-0,0.5907048221176556,10.718805,gene_signature,1.0,pass
ACCAGTAGTTGTTTGG-1-54-0-0,0.0684212666782967,13.457026,gene_signature,1.0,pass
ACCAGTATCATGCTCC-1-54-0-0,0.049938377010421385,15.306781,gene_signature,1.0,pass
ACCAGTATCTCAACTT-1-54-0-0,0.24474851564299988,18.491053,gene_signature,1.0,pass
ACCCACTAGCCACTAT-1-54-0-0,0.13243728761596274,10.513324,gene_signature,1.0,pass
ACCCACTAGTAAGTAC-1-54-0-0,0.10409315407012718,12.500176,gene_signature,1.0,pass
ACCCACTGTCGTCTTC-1-54-0-0,0.011268427409939096,14.753589,gene_signature,1.0,pass
ACCGTAATCACCACCT-1-54-0-0,0.03440022984189906,21.752228,gene_signature,1.0,pass
ACCTTTACACCAGATT-1-54-0-0,0.12912756956703927,11.82605,gene_signature,1.0,pass
ACCTTTAGTCCAAGTT-1-54-0-0,0.24270510153245956,16.197165,gene_signature,1.0,pass
ACGAGCCGTACGACCC-1-54-0-0,0.5775746955471336,15.495832,gene_signature,1.0,pass
ACGAGCCTCAAACCAC-1-54-0-0,0.09275879795331447,9.4998255,gene_signature,1.0,pass
ACGAGCCTCGCATGGC-1-54-0-0,0.030935762262531842,16.946762,gene_signature,1.0,pass
ACGAGGACAGTACACT-1-54-0-0,0.03432762363566979,19.473454,gene_signature,1.0,pass
ACGAGGATCGAGAACG-1-54-0-0,0.10155223650969825,19.547369,gene_signature,1.0,pass
ACGATACAGATCACGG-1-54-0-0,0.016065878284704276,18.254984,gene_signature,1.0,pass
ACGATACCACCAGCAC-1-54-0-0,0.21497090026777332,17.691353,gene_signature,1.0,pass
ACGATACCATGTTGAC-1-54-0-0,0.19263224431313272,14.522459,gene_signature,1.0,pass
ACGATGTAGCACAGGT-1-54-0-0,0.23648802146775888,7.649501,gene_signature,1.0,pass
ACGATGTAGGAATGGA-1-54-0-0,0.37981108888322923,13.135976,gene_signature,1.0,pass
ACGATGTCAAGACACG-1-54-0-0,0.07563085668210504,12.117331,gene_signature,1.0,pass
ACGCAGCAGGATGGTC-1-54-0-0,0.20165672445084076,10.943003,gene_signature,1.0,pass
ACGCAGCTCTCTGCTG-1-54-0-0,0.6077748633773657,7.5600715,gene_signature,1.0,pass
ACGCCAGGTAGCACGA-1-54-0-0,0.12083966100000754,19.226917,gene_signature,1.0,pass
ACGCCAGGTAGGCTGA-1-54-0-0,0.29955356039322173,10.412107,gene_signature,1.0,pass
ACGCCGATCGGAATCT-1-54-0-0,0.22315284505105887,13.99634,gene_signature,1.0,pass
ACGCCGATCTCAACTT-1-54-0-0,0.15747695665007375,13.938039,gene_signature,1.0,pass
ACGGGCTAGATGTAAC-1-54-0-0,0.047630672372895644,14.701815,gene_signature,1.0,pass
ACGGGCTAGCGTAATA-1-54-0-0,0.131214318785524,18.366978,gene_signature,1.0,pass
ACGGGCTTCGTTTGCC-1-54-0-0,0.4245475551904452,17.829008,gene_signature,1.0,pass
ACGGGTCCATGACGGA-1-54-0-0,0.04406469261193792,12.447432,gene_signature,1.0,pass
ACGTCAATCACTGGGC-1-54-0-0,0.6657169784967955,14.186239,gene_signature,1.0,pass
ACGTCAATCAGCGATT-1-54-0-0,0.30412712002345565,14.687819,gene_signature,1.0,pass
ACTATCTAGTCTCAAC-1-54-0-0,0.06459479010965721,17.12242,gene_signature,1.0,pass
ACTATCTTCTCGATGA-1-54-0-0,0.04972337752093357,14.144295,gene_signature,1.0,pass
ACTGAACAGTGTACGG-1-54-0-0,0.19648442584368714,13.943591,gene_signature,1.0,pass
ACTGAACAGTTATCGC-1-54-0-0,0.26724587570345437,17.872759,gene_signature,1.0,pass
ACTGAACCACCGATAT-1-54-0-0,0.381579853232392,8.3400135,gene_signature,1.0,pass
ACTGAACTCGCGGATC-1-54-0-0,0.518957184773939,14.0330105,gene_signature,1.0,pass
ACTGAGTAGCCATCGC-1-54-0-0,0.022611527101170648,14.5373125,gene_signature,1.0,pass
ACTGAGTAGTGTACGG-1-54-0-0,0.03822312304333931,11.869429,gene_signature,1.0,pass
ACTGCTCAGGAATTAC-1-54-0-0,0.1610134184494574,10.24896,gene_signature,1.0,pass
ACTGCTCGTACGCTGC-1-54-0-0,0.1302991193325509,16.355381,gene_signature,1.0,pass
ACTTGTTAGTGCAAGC-1-54-0-0,0.38505234876591177,13.029419,gene_signature,1.0,pass
ACTTGTTAGTTTAGGA-1-54-0-0,0.5327956700515772,7.7563896,gene_signature,1.0,pass
ACTTGTTCACGGATAG-1-54-0-0,0.10901703680242962,19.437561,gene_signature,1.0,pass
ACTTGTTTCCGTTGCT-1-54-0-0,0.2923549957780651,9.149542,gene_signature,1.0,pass
ACTTTCAGTTCCACAA-1-54-0-0,0.08803029179782881,16.11731,gene_signature,1.0,pass
AGAATAGGTAGCTGCC-1-54-0-0,0.179645205356756,16.90408,gene_signature,1.0,pass
AGAATAGTCCTGTACC-1-54-0-0,0.39777137604581225,12.576351,gene_signature,1.0,pass
AGAATAGTCTAGAGTC-1-54-0-0,0.1899727244472898,17.61825,gene_signature,1.0,pass
AGACGTTCATCGATTG-1-54-0-0,0.030688584172672468,11.627382,gene_signature,1.0,pass
AGACGTTTCCTCGCAT-1-54-0-0,0.028069709508161133,13.4939785,gene_signature,1.0,pass
AGACGTTTCGTTTATC-1-54-0-0,0.35581369365595117,12.355275,gene_signature,1.0,pass
AGAGCGACACTTCGAA-1-54-0-0,0.09420424303846706,13.324176,gene_signature,1.0,pass
AGAGCTTAGTGTTGAA-1-54-0-0,0.026517171358538233,11.136203,gene_signature,1.0,pass
AGAGCTTTCGGCGCTA-1-54-0-0,0.08194468581850126,16.7084,gene_signature,1.0,pass
AGAGTGGAGTAAGTAC-1-54-0-0,0.21904784832436777,14.513524,gene_signature,1.0,pass
AGATCTGGTTATTCTC-1-54-0-0,0.04950498451755671,10.1313,gene_signature,1.0,pass
AGATCTGTCACATAGC-1-54-0-0,0.13993175741968486,14.077326,gene_signature,1.0,pass
AGCAGCCAGTCGTACT-1-54-0-0,0.007843524093861905,20.464703,gene_signature,1.0,pass
AGCAGCCTCATTGCCC-1-54-0-0,0.1365294716174847,12.73437,gene_signature,1.0,pass
AGCATACCATTAGGCT-1-54-0-0,0.03232486581185118,16.709383,gene_signature,1.0,pass
AGCCTAAAGATACACA-1-54-0-0,0.04744369682790768,21.77406,gene_signature,1.0,pass
AGCGGTCAGATGCCTT-1-54-0-0,0.27819344377756244,13.572462,gene_signature,1.0,pass
AGCGGTCAGCTAGCCC-1-54-0-0,0.09505016798383097,5.742511,gene_signature,1.0,pass
AGCGGTCCATACTACG-1-54-0-0,0.011405308985819537,20.44597,gene_signature,1.0,pass
AGCGGTCGTAGCGCTC-1-54-0-0,0.07516112696846186,15.1739025,gene_signature,1.0,pass
AGCGTCGCAGCTTAAC-1-54-0-0,0.3100356854659837,13.262766,gene_signature,1.0,pass
AGCTTGAAGACTCGGA-1-54-0-0,0.16193068306715536,13.587351,gene_signature,1.0,pass
AGCTTGAAGATGTCGG-1-54-0-0,0.3368961478469437,14.571378,gene_signature,1.0,pass
AGCTTGACAGTGGGAT-1-54-0-0,0.3924754515300931,19.262688,gene_signature,1.0,pass
AGCTTGACAGTTAACC-1-54-0-0,0.1909675840682173,16.887959,gene_signature,1.0,pass
AGCTTGAGTTGATTCG-1-54-0-0,0.3783066733284548,11.490993,gene_signature,1.0,pass
AGGCCACCAATCAGAA-1-54-0-0,0.017682221468021595,20.13089,gene_signature,1.0,pass
AGGCCACGTGTGACGA-1-54-0-0,0.05766447263546144,14.300364,gene_signature,1.0,pass
AGGCCGTAGAGACTAT-1-54-0-0,0.34366512392983795,13.236185,gene_signature,1.0,pass
AGGCCGTGTATCGCAT-1-54-0-0,0.09444632271522126,16.490622,gene_signature,1.0,pass
AGGGAGTCATCTCCCA-1-54-0-0,0.12345270312721826,8.8500185,gene_signature,1.0,pass
AGGGATGGTGAAAGAG-1-54-0-0,0.3906881032967659,13.539598,gene_signature,1.0,pass
AGGGATGGTTCCACAA-1-54-0-0,0.27746903400910117,15.043315,gene_signature,1.0,pass
AGGGATGTCTGAAAGA-1-54-0-0,0.025153661822635242,19.377703,gene_signature,1.0,pass
AGGTCATAGCACCGCT-1-54-0-0,0.021378629814953445,14.874988,gene_signature,1.0,pass
AGGTCATCAAATACAG-1-54-0-0,0.017629879763653145,13.038541,gene_signature,1.0,pass
AGGTCATGTCAGTGGA-1-54-0-0,0.13343151755858973,19.48594,gene_signature,1.0,pass
AGTAGTCCAAGGGTCA-1-54-0-0,0.14795959475052334,13.801016,gene_signature,1.0,pass
AGTAGTCGTGAAAGAG-1-54-0-0,0.604738438087985,15.878067,gene_signature,1.0,pass
AGTCTTTAGCACACAG-1-54-0-0,0.38456150803189465,15.706357,gene_signature,1.0,pass
AGTCTTTAGGATGGAA-1-54-0-0,0.682128108435126,11.484548,gene_signature,1.0,pass
AGTCTTTGTCTGCGGT-1-54-0-0,0.036141774991856446,16.614294,gene_signature,1.0,pass
AGTCTTTGTGAGGGTT-1-54-0-0,0.03259677312677454,10.928872,gene_signature,1.0,pass
AGTGAGGAGGAATCGC-1-54-0-0,0.3001682329880724,8.423811,gene_signature,1.0,pass
AGTGAGGGTCCGTCAG-1-54-0-0,0.25911252703673526,17.472275,gene_signature,1.0,pass
AGTGAGGGTGTGGCTC-1-54-0-0,0.27558131619597914,11.845419,gene_signature,1.0,pass
AGTGAGGTCTTGCCGT-1-54-0-0,0.13074979695509475,15.2268095,gene_signature,1.0,pass
AGTGGGAGTAGAAGGA-1-54-0-0,0.110763639530103,14.680372,gene_signature,1.0,pass
AGTGGGAGTAGCTTGT-1-54-0-0,0.10834507430540712,14.332049,gene_signature,1.0,pass
AGTGGGATCACCTCGT-1-54-0-0,0.19716674371088444,10.639666,gene_signature,1.0,pass
AGTGGGATCCTTTCTC-1-54-0-0,0.38466048835124883,7.703682,gene_signature,1.0,pass
AGTGTCAGTATAGGGC-1-54-0-0,0.0162505377239069,13.859637,gene_signature,1.0,pass
AGTTGGTTCGAATGGG-1-54-0-0,0.030274488760960894,10.339803,gene_signature,1.0,pass
ATAACGCCACCCATTC-1-54-0-0,0.5869594609679346,12.707755,gene_signature,1.0,pass
ATAACGCTCTTGTTTG-1-54-0-0,0.022913318393183668,11.221415,gene_signature,1.0,pass
ATAGACCAGAGCCCAA-1-54-0-0,0.563226278669269,12.276822,gene_signature,1.0,pass
ATCACGACATTTCACT-1-54-0-0,0.1858852414308096,12.847867,gene_signature,1.0,pass
ATCACGAGTCAATACC-1-54-0-0,0.4953736217165702,13.130478,gene_signature,1.0,pass
ATCATCTGTAATTGGA-1-54-0-0,0.03111460712854277,14.889734,gene_signature,1.0,pass
ATCATGGCACATCCGG-1-54-0-0,0.03900985453738144,12.557767,gene_signature,1.0,pass
ATCATGGGTCATGCCG-1-54-0-0,0.07557763107900342,15.350252,gene_signature,1.0,pass
ATCATGGTCCAAACAC-1-54-0-0,0.07180842622691892,14.50798,gene_signature,1.0,pass
ATCCACCCAGCTGCTG-1-54-0-0,0.158466048826972,20.6457,gene_signature,1.0,pass
ATCCGAAAGAAGGTGA-1-54-0-0,0.00583975416944558,17.689735,gene_signature,1.0,pass
ATCGAGTAGCAACGGT-1-54-0-0,0.1531478630307909,7.1607285,gene_signature,1.0,pass
ATCGAGTCAGGTTTCA-1-54-0-0,0.03167785580049567,12.992727,gene_signature,1.0,pass
ATCGAGTTCCATGCTC-1-54-0-0,0.5688928805104907,17.010157,gene_signature,1.0,pass
ATCTACTTCAGCATGT-1-54-0-0,0.05740122883368084,13.371462,gene_signature,1.0,pass
ATCTGCCCAAACCCAT-1-54-0-0,0.3427364316546081,18.253632,gene_signature,1.0,pass
ATCTGCCTCACGATGT-1-54-0-0,0.13610923730554986,10.22714,gene_signature,1.0,pass
ATCTGCCTCGAGCCCA-1-54-0-0,0.6219842586350328,15.78599,gene_signature,1.0,pass
ATGAGGGGTCCGAAGA-1-54-0-0,0.12644841439823234,17.817652,gene_signature,1.0,pass
ATGAGGGGTCGTGGCT-1-54-0-0,0.04212152483123856,15.141858,gene_signature,1.0,pass
ATGCGATTCCGTAGTA-1-54-0-0,0.18343360325559926,13.875224,gene_signature,1.0,pass
ATGGGAGAGATGTAAC-1-54-0-0,0.20979716012342883,19.349966,gene_signature,1.0,pass
ATGGGAGAGCTACCGC-1-54-0-0,0.02355839193203526,11.692054,gene_signature,1.0,pass
ATGGGAGCAGGGATTG-1-54-0-0,0.04676112685841252,21.073805,gene_signature,1.0,pass
ATGGGAGGTATATCCG-1-54-0-0,0.13122544104163944,11.334238,gene_signature,1.0,pass
ATGGGAGGTTATGCGT-1-54-0-0,0.28953758095506066,20.901201,gene_signature,1.0,pass
ATGGGAGTCCTCATTA-1-54-0-0,0.18076928621479274,16.094906,gene_signature,1.0,pass
ATGTGTGAGTGAAGAG-1-54-0-0,0.09444588322460065,19.194138,gene_signature,1.0,pass
ATTATCCAGAACTCGG-1-54-0-0,0.4961970676372155,13.0196,gene_signature,1.0,pass
ATTATCCAGTGTGGCA-1-54-0-0,0.029285269883403485,14.932077,gene_signature,1.0,pass
ATTATCCCAATGAAAC-1-54-0-0,0.4474433152354888,17.609644,gene_signature,1.0,pass
ATTATCCGTCCTAGCG-1-54-0-0,0.33743556669739094,9.537256,gene_signature,1.0,pass
ATTATCCTCGGAGCAA-1-54-0-0,0.14538549871458795,10.663787,gene_signature,1.0,pass
ATTCTACCACTGCCAG-1-54-0-0,0.35027205255443034,17.0878,gene_signature,1.0,pass
ATTGGTGCACATCTTT-1-54-0-0,0.6481742494199413,9.097712,gene_signature,1.0,pass
ATTGGTGGTAGTACCT-1-54-0-0,0.020562572917128055,15.734924,gene_signature,1.0,pass
ATTGGTGTCCTATGTT-1-54-0-0,0.44671391799597143,10.722373,gene_signature,1.0,pass
ATTTCTGCAGATGAGC-1-54-0-0,0.17519316039144955,17.219387,gene_signature,1.0,pass
ATTTCTGCAGCGATCC-1-54-0-0,0.49249068633155624,9.920976,gene_signature,1.0,pass
ATTTCTGTCATTGCGA-1-54-0-0,0.008376964030222788,20.10563,gene_signature,1.0,pass
CAACCAATCCAAATGC-1-54-0-0,0.015056811806337875,19.399193,gene_signature,1.0,pass
CAACCTCCACCTTGTC-1-54-0-0,0.8723941884245567,9.355593,gene_signature,1.0,pass
CAACCTCTCCTTTCTC-1-54-0-0,0.041043888190038305,8.410861,gene_signature,1.0,pass
CAACTAGCAAGCCGCT-1-54-0-0,0.08223169303920422,9.547533,gene_signature,1.0,pass
CAAGAAACATCCTTGC-1-54-0-0,0.1661726962029917,7.5649366,gene_signature,1.0,pass
CAAGAAATCCAGAGGA-1-54-0-0,0.06994019812932233,10.7615385,gene_signature,1.0,pass
CAAGATCCAGTGGGAT-1-54-0-0,0.07799840892114533,16.508026,gene_signature,1.0,pass
CAAGATCTCGGCGCAT-1-54-0-0,0.6072858282422037,9.037314,gene_signature,1.0,pass
CAAGGCCAGCGTTCCG-1-54-0-0,0.38261190973831816,12.402959,gene_signature,1.0,pass
CAAGGCCAGTAAGTAC-1-54-0-0,0.3101457109047908,10.051557,gene_signature,1.0,pass
CAAGGCCCACATGACT-1-54-0-0,0.7273091539857133,11.036667,gene_signature,1.0,pass
CAAGGCCTCCAAAGTC-1-54-0-0,0.021030754776665488,13.892227,gene_signature,1.0,pass
CAAGTTGCACGTAAGG-1-54-0-0,0.11359516484362449,8.89879,gene_signature,1.0,pass
CAAGTTGCATACCATG-1-54-0-0,0.15308009912872977,22.379301,gene_signature,1.0,pass
CACAAACAGACGCACA-1-54-0-0,0.03942443913233494,15.193753,gene_signature,1.0,pass
CACAAACAGCGTAGTG-1-54-0-0,0.02322767011828646,18.315372,gene_signature,1.0,pass
CACAAACCAGGAATCG-1-54-0-0,0.18794987384648465,9.719973,gene_signature,1.0,pass
CACAAACGTCCTAGCG-1-54-0-0,0.08366799375232531,13.567365,gene_signature,1.0,pass
CACACAACAAGAGGCT-1-54-0-0,0.07005641128073943,15.009859,gene_signature,1.0,pass
CACACAAGTCTAACGT-1-54-0-0,0.35613875041302523,7.911616,gene_signature,1.0,pass
CACACAAGTTTGCATG-1-54-0-0,0.13129511998226515,16.716797,gene_signature,1.0,pass
CACACAATCATCGATG-1-54-0-0,0.34349040098474665,10.563792,gene_signature,1.0,pass
CACACCTCAGTATCTG-1-54-0-0,0.0587877811093972,11.414854,gene_signature,1.0,pass
CACACCTTCATTGCGA-1-54-0-0,0.026662945895344098,14.059398,gene_signature,1.0,pass
CACACTCAGCGCTCCA-1-54-0-0,0.4001973442422483,19.093418,gene_signature,1.0,pass
CACACTCAGCTACCGC-1-54-0-0,0.04851173797476231,12.697733,gene_signature,1.0,pass
CACACTCCAGCATGAG-1-54-0-0,0.023642909235611822,15.594297,gene_signature,1.0,pass
CACAGGCAGAAACGCC-1-54-0-0,0.2186994234261666,9.545858,gene_signature,1.0,pass
CACAGGCAGATCTGAA-1-54-0-0,0.026480473819407945,13.645834,gene_signature,1.0,pass
CACAGGCGTGCGCTTG-1-54-0-0,0.15444015309649234,16.475113,gene_signature,1.0,pass
CACAGTAAGCCACCTG-1-54-0-0,0.3682097041995879,11.801834,gene_signature,1.0,pass
CACAGTATCACGCATA-1-54-0-0,0.07397853643355198,17.990208,gene_signature,1.0,pass
CACATAGAGCGCCTTG-1-54-0-0,0.14274003762846538,13.600344,gene_signature,1.0,pass
CACATAGAGGGTCTCC-1-54-0-0,0.05618937110911727,16.059185,gene_signature,1.0,pass
CACATAGTCAGCTTAG-1-54-0-0,0.2855364552990683,15.484304,gene_signature,1.0,pass
CACATTTGTATATGAG-1-54-0-0,0.3496644738237672,12.23665,gene_signature,1.0,pass
CACATTTTCTGTGCAA-1-54-0-0,0.02229902594891748,15.377439,gene_signature,1.0,pass
CACCACTCACAACGTT-1-54-0-0,0.07347734754335725,17.468485,gene_signature,1.0,pass
CACCAGGCAAACGTGG-1-54-0-0,0.08169479665004699,12.925351,gene_signature,1.0,pass
CACCAGGCACCTCGGA-1-54-0-0,0.42277429904351804,18.45657,gene_signature,1.0,pass
CACCTTGAGGCCCTCA-1-54-0-0,0.09176639583369457,15.19837,gene_signature,1.0,pass
CACCTTGTCTCTGAGA-1-54-0-0,0.046207961554584384,18.89238,gene_signature,1.0,pass
CAGATCATCGTACGGC-1-54-0-0,0.5081940040063235,12.189613,gene_signature,1.0,pass
CAGCATACAGGTTTCA-1-54-0-0,0.4899896715490032,10.244569,gene_signature,1.0,pass
CAGCATATCAGGCAAG-1-54-0-0,0.2961903192449929,13.778377,gene_signature,1.0,pass
CAGCCGACAGGATTGG-1-54-0-0,0.13335566308284413,19.155903,gene_signature,1.0,pass
CAGCTAAGTTCCACTC-1-54-0-0,0.22343011222468728,9.649725,gene_signature,1.0,pass
CAGCTAATCACATACG-1-54-0-0,0.023583391486426044,11.016749,gene_signature,1.0,pass
CAGCTAATCCTCAATT-1-54-0-0,0.03308165697322562,12.575517,gene_signature,1.0,pass
CAGCTGGAGGGAACGG-1-54-0-0,0.6463780707949891,10.643494,gene_signature,1.0,pass
CAGGTGCGTGAGGGAG-1-54-0-0,0.12265282126055241,20.320753,gene_signature,1.0,pass
CAGTAACTCAGCAACT-1-54-0-0,0.4602899754248715,12.466418,gene_signature,1.0,pass
CAGTCCTCAGTATCTG-1-54-0-0,0.033294659365649695,13.829007,gene_signature,1.0,pass
CAGTCCTGTTCGGCAC-1-54-0-0,0.03709816754878974,14.785334,gene_signature,1.0,pass
CAGTCCTTCAGGCGAA-1-54-0-0,0.07465837641588755,17.827457,gene_signature,1.0,pass
CAGTCCTTCATATCGG-1-54-0-0,0.03701700997328164,18.066898,gene_signature,1.0,pass
CATATGGGTATTACCG-1-54-0-0,0.056398010954630776,12.135111,gene_signature,1.0,pass
CATATGGTCTCCCTGA-1-54-0-0,0.0341610347374191,15.482637,gene_signature,1.0,pass
CATATTCCATTATCTC-1-54-0-0,0.005559747435077227,18.617294,gene_signature,1.0,pass
CATATTCGTTGTTTGG-1-54-0-0,0.27919253757923485,17.06814,gene_signature,1.0,pass
CATCAAGAGCACCGTC-1-54-0-0,0.24002440393786834,14.676672,gene_signature,1.0,pass
CATCAAGAGGGATGGG-1-54-0-0,0.6495547093276979,6.4492745,gene_signature,1.0,pass
CATCAAGTCCTTTCTC-1-54-0-0,0.05396199121018358,21.502682,gene_signature,1.0,pass
CATCAGAAGAGCTTCT-1-54-0-0,0.26076520636484507,8.553453,gene_signature,1.0,pass
CATCAGAAGCAATATG-1-54-0-0,0.03550580983325184,15.353296,gene_signature,1.0,pass
CATCAGACAACGATCT-1-54-0-0,0.022882240487213854,16.85168,gene_signature,1.0,pass
CATCAGACAGCGATCC-1-54-0-0,0.22767506064187035,14.085516,gene_signature,1.0,pass
CATCCACAGGGATCTG-1-54-0-0,0.03129943904530112,10.151436,gene_signature,1.0,pass
CATCCACTCAACCATG-1-54-0-0,0.048603809790410436,14.732498,gene_signature,1.0,pass
CATCCACTCAACGAAA-1-54-0-0,0.022645282195609254,14.474409,gene_signature,1.0,pass
CATCCACTCCAGAAGG-1-54-0-0,0.03036333943174263,14.615527,gene_signature,1.0,pass
CATCGAACATCATCCC-1-54-0-0,0.18366568978758996,14.056955,gene_signature,1.0,pass
CATCGGGAGTATTGGA-1-54-0-0,0.5121156660378468,11.737831,gene_signature,1.0,pass
CATCGGGCAGCTTCGG-1-54-0-0,0.6570965850540095,10.860591,gene_signature,1.0,pass
CATCGGGGTTGAACTC-1-54-0-0,0.33301354184919146,14.414879,gene_signature,1.0,pass
CATGACATCAGCACAT-1-54-0-0,0.017984490279981103,10.521979,gene_signature,1.0,pass
CATGCCTGTCAGAAGC-1-54-0-0,0.2845545247338367,16.719002,gene_signature,1.0,pass
CATGGCGCACCATCCT-1-54-0-0,0.04260792547733215,16.414497,gene_signature,1.0,pass
CATTATCCACTCGACG-1-54-0-0,0.1894296550211886,15.712239,gene_signature,1.0,pass
CATTATCCATAAGACA-1-54-0-0,0.24836396520796084,14.620189,gene_signature,1.0,pass
CATTCGCCATAGGATA-1-54-0-0,0.5619567758838786,17.175228,gene_signature,1.0,pass
CATTCGCTCAGGTTCA-1-54-0-0,0.19710524404950897,9.578958,gene_signature,1.0,pass
CCAATCCCAAACCCAT-1-54-0-0,0.04630058886070816,10.753792,gene_signature,1.0,pass
CCAATCCCACAGAGGT-1-54-0-0,0.06110208136607311,17.064531,gene_signature,1.0,pass
CCAATCCCATGGGACA-1-54-0-0,0.10737001812475248,11.259951,gene_signature,1.0,pass
CCAATCCGTCTCCCTA-1-54-0-0,0.3813144875864075,9.510579,gene_signature,1.0,pass
CCACCTAGTTGCTCCT-1-54-0-0,0.008921511434985561,11.182781,gene_signature,1.0,pass
CCACCTATCTACTCAT-1-54-0-0,0.3013253673893728,18.819218,gene_signature,1.0,pass
CCACGGAAGTAGCCGA-1-54-0-0,0.16571759058055938,20.299505,gene_signature,1.0,pass
CCACGGATCATATCGG-1-54-0-0,0.10501687662807843,10.875824,gene_signature,1.0,pass
CCACGGATCGTGACAT-1-54-0-0,0.019383490725034567,15.964798,gene_signature,1.0,pass
CCACTACGTGGCCCTA-1-54-0-0,0.06371138917512957,19.44685,gene_signature,1.0,pass
CCAGCGAAGTATCGAA-1-54-0-0,0.08313842700003042,10.954237,gene_signature,1.0,pass
CCAGCGATCCAAACTG-1-54-0-0,0.031371296340279714,10.36475,gene_signature,1.0,pass
CCAGCGATCGCACTCT-1-54-0-0,0.1568341733258743,16.442307,gene_signature,1.0,pass
CCATGTCCATCTACGA-1-54-0-0,0.329421362822328,10.931125,gene_signature,1.0,pass
CCATTCGCACCCATTC-1-54-0-0,0.6218986206966558,18.538586,gene_signature,1.0,pass
CCATTCGGTGCTCTTC-1-54-0-0,0.2721443109009186,13.458262,gene_signature,1.0,pass
CCCAATCGTAGCGTAG-1-54-0-0,0.03404626210266165,10.08839,gene_signature,1.0,pass
CCCAGTTAGCGACGTA-1-54-0-0,0.054294983489020544,17.647352,gene_signature,1.0,pass
CCCAGTTGTTGTACAC-1-54-0-0,0.021122782706348375,18.94331,gene_signature,1.0,pass
CCCATACCATAGACTC-1-54-0-0,0.1336060680029672,10.494183,gene_signature,1.0,pass
CCCTCCTCATCACGTA-1-54-0-0,0.004993059896643671,16.253193,gene_signature,1.0,pass
CCCTCCTGTACTCTCC-1-54-0-0,0.3480075849464255,14.911609,gene_signature,1.0,pass
CCCTCCTGTGTGAAAT-1-54-0-0,0.1318786996923799,14.266708,gene_signature,1.0,pass
CCGGGATGTCAGAATA-1-54-0-0,0.1026488147235886,18.577429,gene_signature,1.0,pass
CCGGGATTCCCATTAT-1-54-0-0,0.0809691181262739,15.231165,gene_signature,1.0,pass
CCGGTAGCAGCCTATA-1-54-0-0,0.2349560173877256,13.27223,gene_signature,1.0,pass
CCGGTAGGTATTCTCT-1-54-0-0,0.021865767863145456,14.253012,gene_signature,1.0,pass
CCGGTAGTCTTACCGC-1-54-0-0,0.3111834984697149,15.976697,gene_signature,1.0,pass
CCGGTAGTCTTTACGT-1-54-0-0,0.3450845557273317,7.0351,gene_signature,1.0,pass
CCGTGGAAGCCTTGAT-1-54-0-0,0.42189101824671543,13.338366,gene_signature,1.0,pass
CCGTGGAGTAACGACG-1-54-0-0,0.10536919262582925,13.662707,gene_signature,1.0,pass
CCGTGGATCCTGCCAT-1-54-0-0,0.2720373287464513,11.127063,gene_signature,1.0,pass
CCGTTCAAGACACGAC-1-54-0-0,0.247509798742893,15.038508,gene_signature,1.0,pass
CCGTTCATCTGCGACG-1-54-0-0,0.034906708878527995,21.73537,gene_signature,1.0,pass
CCTACACAGCGCCTCA-1-54-0-0,0.1039603578321561,19.995146,gene_signature,1.0,pass
CCTACACAGGGTCTCC-1-54-0-0,0.04497542183394509,15.0298,gene_signature,1.0,pass
CCTACACGTAAACCTC-1-54-0-0,0.17065979670394466,10.972082,gene_signature,1.0,pass
CCTACACTCGGCGCAT-1-54-0-0,0.3143327097219478,14.773521,gene_signature,1.0,pass
CCTACCAAGCTGTCTA-1-54-0-0,0.7285529774089732,12.645699,gene_signature,1.0,pass
CCTACCATCCCTAACC-1-54-0-0,0.13114592372119435,9.812182,gene_signature,1.0,pass
CCTAGCTCAATTCCTT-1-54-0-0,0.28145165301648944,9.422916,gene_signature,1.0,pass
CCTATTAAGACTAGGC-1-54-0-0,0.26126757326273725,12.458455,gene_signature,1.0,pass
CCTATTACACGAAAGC-1-54-0-0,0.056300820061530935,19.48672,gene_signature,1.0,pass
CCTCAGTCATGACATC-1-54-0-0,0.09280764397198,17.014145,gene_signature,1.0,pass
CCTCAGTGTTGATTGC-1-54-0-0,0.10142509062830016,14.990332,gene_signature,1.0,pass
CCTCTGAAGGAATCGC-1-54-0-0,0.05608514502645965,16.114708,gene_signature,1.0,pass
CCTCTGACACCGCTAG-1-54-0-0,0.08469903976549276,17.691048,gene_signature,1.0,pass
CCTCTGAGTTGCGTTA-1-54-0-0,0.07120421982510187,21.256874,gene_signature,1.0,pass
CCTCTGATCTATCCCG-1-54-0-0,0.29572071538167755,10.469767,gene_signature,1.0,pass
CCTTACGCATTCACTT-1-54-0-0,0.024259717298226954,17.996393,gene_signature,1.0,pass
CCTTACGGTTTAAGCC-1-54-0-0,0.07530796891453774,10.080793,gene_signature,1.0,pass
CCTTCCCAGAGCAATT-1-54-0-0,0.40424925789248534,15.821917,gene_signature,1.0,pass
CCTTCCCAGGATATAC-1-54-0-0,0.32370982456617103,7.860505,gene_signature,1.0,pass
CCTTCCCTCACCACCT-1-54-0-0,0.03433236270562002,21.462692,gene_signature,1.0,pass
CCTTCCCTCATTGCGA-1-54-0-0,0.24832490565440507,13.392703,gene_signature,1.0,pass
CCTTCCCTCCAGTAGT-1-54-0-0,0.3739669158896841,15.714064,gene_signature,1.0,pass
CCTTCGAGTATTCTCT-1-54-0-0,0.44530475853189433,9.773558,gene_signature,1.0,pass
CCTTCGATCATTTGGG-1-54-0-0,0.43392671325701826,16.77865,gene_signature,1.0,pass
CCTTTCTTCGTCTGCT-1-54-0-0,0.028318061945059054,10.892802,gene_signature,1.0,pass
CGAACATAGATGAGAG-1-54-0-0,0.2525335938982599,13.696234,gene_signature,1.0,pass
CGAACATTCTGCAGTA-1-54-0-0,0.0256385846614944,18.310253,gene_signature,1.0,pass
CGAATGTTCAAAGACA-1-54-0-0,0.226241427745253,8.737589,gene_signature,1.0,pass
CGACCTTAGGGAACGG-1-54-0-0,0.031422798493419064,14.87267,gene_signature,1.0,pass
CGACCTTAGGGCTTGA-1-54-0-0,0.01023365960672164,21.527933,gene_signature,1.0,pass
CGACCTTCAAAGGAAG-1-54-0-0,0.1339441749526106,13.301462,gene_signature,1.0,pass
CGACTTCAGCATGGCA-1-54-0-0,0.03887532826434987,17.860882,gene_signature,1.0,pass
CGACTTCGTAGAAAGG-1-54-0-0,0.370466585188466,7.0952315,gene_signature,1.0,pass
CGACTTCTCCGCATAA-1-54-0-0,0.08980321881004286,13.353607,gene_signature,1.0,pass
CGAGAAGAGAATAGGG-1-54-0-0,0.09013581983567348,16.775982,gene_signature,1.0,pass
CGAGCACAGATATACG-1-54-0-0,0.19439317658967523,18.267876,gene_signature,1.0,pass
CGAGCACGTACCGTTA-1-54-0-0,0.20440285038590314,12.027319,gene_signature,1.0,pass
CGAGCACGTTGCGCAC-1-54-0-0,0.3026677436424662,8.161692,gene_signature,1.0,pass
CGAGCACTCAGAGACG-1-54-0-0,0.1050593955332257,14.383825,gene_signature,1.0,pass
CGAGCCAAGCGTTCCG-1-54-0-0,0.2526773368628489,13.959088,gene_signature,1.0,pass
CGAGCCATCTGATTCT-1-54-0-0,0.03914414294566352,15.026965,gene_signature,1.0,pass
CGATCGGTCTGGTGTA-1-54-0-0,0.25729255815937535,11.101465,gene_signature,1.0,pass
CGATGGCAGTACGACG-1-54-0-0,0.2628633796740112,14.434235,gene_signature,1.0,pass
CGATGGCCACGCTTTC-1-54-0-0,0.13354317187245623,14.283679,gene_signature,1.0,pass
CGATGTACAATCCAAC-1-54-0-0,0.29409091290230593,13.607198,gene_signature,1.0,pass
CGATGTACATGAGCGA-1-54-0-0,0.23685728276310464,14.732923,gene_signature,1.0,pass
CGATGTAGTCTGCCAG-1-54-0-0,0.0339963265887647,12.746725,gene_signature,1.0,pass
CGATTGAAGACAATAC-1-54-0-0,0.07032968641590444,20.265285,gene_signature,1.0,pass
CGATTGAGTGTGACCC-1-54-0-0,0.13488205523972957,18.952705,gene_signature,1.0,pass
CGCCAAGAGACCTAGG-1-54-0-0,0.4346305269383766,10.4552145,gene_signature,1.0,pass
CGCCAAGAGCGTAATA-1-54-0-0,0.28229536161913027,11.842794,gene_signature,1.0,pass
CGCCAAGGTCCAAGTT-1-54-0-0,0.3050442120034357,13.598287,gene_signature,1.0,pass
CGCGGTACACGAAACG-1-54-0-0,0.5304143818842635,13.075137,gene_signature,1.0,pass
CGCGGTACATCGATGT-1-54-0-0,0.11697177003487022,21.078632,gene_signature,1.0,pass
CGCGGTACATTATCTC-1-54-0-0,0.12255703323949056,16.989216,gene_signature,1.0,pass
CGCGGTAGTGCCTTGG-1-54-0-0,0.06731114809804378,12.443793,gene_signature,1.0,pass
CGCGGTATCTAGAGTC-1-54-0-0,0.1289146542899589,14.952191,gene_signature,1.0,pass
CGCGTTTAGTACGTTC-1-54-0-0,0.23966630575893424,10.360202,gene_signature,1.0,pass
CGCGTTTTCACCGGGT-1-54-0-0,0.0657811015080833,12.8538685,gene_signature,1.0,pass
CGCTATCAGAGAACAG-1-54-0-0,0.7361843331847704,18.850506,gene_signature,1.0,pass
CGCTGGACAAGCCTAT-1-54-0-0,0.014775355034539172,9.489511,gene_signature,1.0,pass
CGCTGGACAGTCTTCC-1-54-0-0,0.3013767000233738,10.182463,gene_signature,1.0,pass
CGCTGGAGTTGCGTTA-1-54-0-0,0.3659675996853965,12.522024,gene_signature,1.0,pass
CGCTTCAAGACGCACA-1-54-0-0,0.011364568327182419,16.767902,gene_signature,1.0,pass
CGCTTCAAGCTAACAA-1-54-0-0,0.10751034744600323,8.9788475,gene_signature,1.0,pass
CGCTTCAGTAGGAGTC-1-54-0-0,0.23634862040388666,15.889493,gene_signature,1.0,pass
CGGACACAGATGCCAG-1-54-0-0,0.06046467659309464,11.858788,gene_signature,1.0,pass
CGGACACTCATGCATG-1-54-0-0,0.02991409030062957,17.295143,gene_signature,1.0,pass
CGGACGTGTCAATGTC-1-54-0-0,0.08948351035861428,14.766741,gene_signature,1.0,pass
CGGACTGTCCAAGTAC-1-54-0-0,0.15308293740085652,17.240175,gene_signature,1.0,pass
CGGAGCTTCTGCTGCT-1-54-0-0,0.07972552521724738,11.447973,gene_signature,1.0,pass
CGGAGTCAGGGCTTCC-1-54-0-0,0.009836777835666267,17.669912,gene_signature,1.0,pass
CGGAGTCAGTCTCAAC-1-54-0-0,0.02214579597839385,14.569496,gene_signature,1.0,pass
CGGAGTCCACCGAATT-1-54-0-0,0.03849402353039501,20.880089,gene_signature,1.0,pass
CGGAGTCTCCCAAGTA-1-54-0-0,0.41987116319828355,16.463871,gene_signature,1.0,pass
CGGCTAGAGCAGACTG-1-54-0-0,0.06297096914662657,19.355099,gene_signature,1.0,pass
CGGCTAGGTACTTAGC-1-54-0-0,0.5539717005374063,9.696675,gene_signature,1.0,pass
CGGCTAGTCCTAGTGA-1-54-0-0,0.09158369039768045,14.003138,gene_signature,1.0,pass
CGGGTCACATGCCCGA-1-54-0-0,0.05534002208590209,20.32726,gene_signature,1.0,pass
CGGTTAAGTGTATGGG-1-54-0-0,0.27477062020247106,17.701708,gene_signature,1.0,pass
CGGTTAAGTGTGCGTC-1-54-0-0,0.01497812748974921,17.975597,gene_signature,1.0,pass
CGGTTAATCAATCACG-1-54-0-0,0.04284079299711625,21.820087,gene_signature,1.0,pass
CGGTTAATCCATGAGT-1-54-0-0,0.07674781402984446,21.531685,gene_signature,1.0,pass
CGTAGCGAGACAAGCC-1-54-0-0,0.138428359052061,10.539124,gene_signature,1.0,pass
CGTAGCGAGATTACCC-1-54-0-0,0.36234580857881027,10.495466,gene_signature,1.0,pass
CGTAGCGGTAAACCTC-1-54-0-0,0.5380702105410393,12.690538,gene_signature,1.0,pass
CGTAGCGTCTACTCAT-1-54-0-0,0.043268503643650515,11.547437,gene_signature,1.0,pass
CGTAGCGTCTCGCATC-1-54-0-0,0.2917280487988893,13.447894,gene_signature,1.0,pass
CGTAGGCGTCCGTTAA-1-54-0-0,0.19768051597481667,15.028229,gene_signature,1.0,pass
CGTCACTAGCGATCCC-1-54-0-0,0.029782725100212216,20.99293,gene_signature,1.0,pass
CGTCACTCAATCCGAT-1-54-0-0,0.21299971961955647,16.02808,gene_signature,1.0,pass
CGTCAGGAGTTATCGC-1-54-0-0,0.02444182815345449,21.54695,gene_signature,1.0,pass
CGTCAGGCATAGAAAC-1-54-0-0,0.26717678877952206,12.959885,gene_signature,1.0,pass
CGTCAGGCATCACAAC-1-54-0-0,0.2603239361401027,15.512477,gene_signature,1.0,pass
CGTCAGGTCTCAAGTG-1-54-0-0,0.07529252959825258,14.834905,gene_signature,1.0,pass
CGTCCATAGGTGCTAG-1-54-0-0,0.16012630282731338,14.005386,gene_signature,1.0,pass
CGTCTACGTCGCGTGT-1-54-0-0,0.09449098320625976,17.398037,gene_signature,1.0,pass
CGTCTACGTTTGTTTC-1-54-0-0,0.14128004426562063,13.682996,gene_signature,1.0,pass
CGTCTACTCCCGGATG-1-54-0-0,0.02030317423986538,14.625153,gene_signature,1.0,pass
CGTGAGCAGGTGCAAC-1-54-0-0,0.1145177442891773,17.770414,gene_signature,1.0,pass
CGTGAGCCAGCTTAAC-1-54-0-0,0.33411926375296186,15.131848,gene_signature,1.0,pass
CGTGAGCGTCGGGTCT-1-54-0-0,0.5324717922584007,15.079272,gene_signature,1.0,pass
CGTGAGCGTGTGGTTT-1-54-0-0,0.08251623899123355,10.194966,gene_signature,1.0,pass
CGTGAGCTCAGGCCCA-1-54-0-0,0.15814417774951237,15.256979,gene_signature,1.0,pass
CGTGTAAAGGGATGGG-1-54-0-0,0.288543977908632,10.080827,gene_signature,1.0,pass
CGTGTAAGTCTAGAGG-1-54-0-0,0.03107190902420705,14.477921,gene_signature,1.0,pass
CGTGTAATCGTCTGAA-1-54-0-0,0.11644961087477448,14.619173,gene_signature,1.0,pass
CGTGTCTCACCTCGTT-1-54-0-0,0.13105291922962636,13.461905,gene_signature,1.0,pass
CGTGTCTGTGTGGCTC-1-54-0-0,0.05523929480407634,16.020649,gene_signature,1.0,pass
CGTTAGAAGAATAGGG-1-54-0-0,0.02412585624370834,16.24087,gene_signature,1.0,pass
CGTTAGATCTACTATC-1-54-0-0,0.27432953156211515,11.337869,gene_signature,1.0,pass
CGTTCTGAGAACAATC-1-54-0-0,0.036599342615548404,18.870825,gene_signature,1.0,pass
CGTTCTGGTGTTCGAT-1-54-0-0,0.3766477553850541,15.922487,gene_signature,1.0,pass
CGTTGGGCACACCGCA-1-54-0-0,0.12461952913871954,14.851532,gene_signature,1.0,pass
CGTTGGGGTACTTGAC-1-54-0-0,0.16389630922013568,11.478346,gene_signature,1.0,pass
CGTTGGGGTAGAAGGA-1-54-0-0,0.5114897709064088,11.887239,gene_signature,1.0,pass
CGTTGGGGTCTAGTCA-1-54-0-0,0.06339054641651468,19.849083,gene_signature,1.0,pass
CTAACTTAGCGAGAAA-1-54-0-0,0.3010540487768452,10.3423815,gene_signature,1.0,pass
CTAACTTGTCCGTCAG-1-54-0-0,0.4542414874212698,13.04052,gene_signature,1.0,pass
CTAAGACCATTGTGCA-1-54-0-0,0.35766905907446966,10.827033,gene_signature,1.0,pass
CTAATGGGTATGAATG-1-54-0-0,0.31203999495325413,14.11516,gene_signature,1.0,pass
CTACACCAGGCGTACA-1-54-0-0,0.08238119079222507,22.010086,gene_signature,1.0,pass
CTACACCTCAGTTAGC-1-54-0-0,0.18361596972366542,10.534225,gene_signature,1.0,pass
CTACATTAGTCTCCTC-1-54-0-0,0.11138615654405826,20.016403,gene_signature,1.0,pass
CTACCCAAGGCTAGGT-1-54-0-0,0.20088090550569712,21.264963,gene_signature,1.0,pass
CTACCCAAGTGGGCTA-1-54-0-0,0.6260430924729937,9.143885,gene_signature,1.0,pass
CTACCCACAACTTGAC-1-54-0-0,0.1307705307414076,12.865698,gene_signature,1.0,pass
CTACCCACAGGTGCCT-1-54-0-0,0.2169212100216006,10.438719,gene_signature,1.0,pass
CTACGTCCATCCTTGC-1-54-0-0,0.47795479859960455,9.034898,gene_signature,1.0,pass
CTACGTCTCGGATGGA-1-54-0-0,0.06689228660260106,13.361212,gene_signature,1.0,pass
CTAGAGTGTGGCCCTA-1-54-0-0,0.01756533665617401,19.293415,gene_signature,1.0,pass
CTAGAGTGTTGACGTT-1-54-0-0,0.05604441530080177,15.0106,gene_signature,1.0,pass
CTAGAGTGTTGAGGTG-1-54-0-0,0.44819532800611633,16.213036,gene_signature,1.0,pass
CTAGCCTGTCTTCAAG-1-54-0-0,0.06175936829961877,15.25576,gene_signature,1.0,pass
CTAGTGAAGGGATCTG-1-54-0-0,0.03576695916371655,12.24716,gene_signature,1.0,pass
CTAGTGAAGTTAGCGG-1-54-0-0,0.6315638185012439,13.568377,gene_signature,1.0,pass
CTAGTGACAAGTCTGT-1-54-0-0,0.7123687072363701,7.3332214,gene_signature,1.0,pass
CTCACACCAAGTAGTA-1-54-0-0,0.48824821574317545,14.52227,gene_signature,1.0,pass
CTCAGAACAAATACAG-1-54-0-0,0.01493631257572794,9.318629,gene_signature,1.0,pass
CTCATTAAGTCGATAA-1-54-0-0,0.18083977348639557,20.029663,gene_signature,1.0,pass
CTCATTACACAAGACG-1-54-0-0,0.4494754861071071,20.500914,gene_signature,1.0,pass
CTCATTAGTCAACTGT-1-54-0-0,0.45189698601181494,15.499652,gene_signature,1.0,pass
CTCATTAGTCTGGTCG-1-54-0-0,0.07339573824787324,15.5805645,gene_signature,1.0,pass
CTCATTAGTTGGTAAA-1-54-0-0,0.06672860565262105,20.256361,gene_signature,1.0,pass
CTCATTATCAGCAACT-1-54-0-0,0.10327792826808165,13.776545,gene_signature,1.0,pass
CTCGAAAAGGATGGAA-1-54-0-0,0.6259403776148376,9.701142,gene_signature,1.0,pass
CTCGAAACAGGGTACA-1-54-0-0,0.08360734126949725,15.705099,gene_signature,1.0,pass
CTCGAAAGTCCGAAGA-1-54-0-0,0.022584906756021435,15.08642,gene_signature,1.0,pass
CTCGAAATCGCAAACT-1-54-0-0,0.0298040821789478,14.303629,gene_signature,1.0,pass
CTCGGAGGTAGTGAAT-1-54-0-0,0.2626130490030792,21.524385,gene_signature,1.0,pass
CTCGGGACAGGCGATA-1-54-0-0,0.06682541334175848,12.7699,gene_signature,1.0,pass
CTCGTACTCTAACTCT-1-54-0-0,0.009705375177650308,17.059727,gene_signature,1.0,pass
CTCGTCAAGTCGTTTG-1-54-0-0,0.33981158217490925,15.573746,gene_signature,1.0,pass
CTCGTCACAATGAAAC-1-54-0-0,0.6934061696766739,7.7275496,gene_signature,1.0,pass
CTCGTCACACTTAACG-1-54-0-0,0.048759882349769273,14.95328,gene_signature,1.0,pass
CTCGTCAGTTATGTGC-1-54-0-0,0.03185041655448575,17.680382,gene_signature,1.0,pass
CTCGTCATCAATCTCT-1-54-0-0,0.08712306348568327,16.00858,gene_signature,1.0,pass
CTCTAATTCAGTCCCT-1-54-0-0,0.027224308011905674,8.740107,gene_signature,1.0,pass
CTCTACGCAACACGCC-1-54-0-0,0.28201975915603394,14.548571,gene_signature,1.0,pass
CTCTACGGTTAAGGGC-1-54-0-0,0.5336590226805986,9.298456,gene_signature,1.0,pass
CTCTACGTCACGCGGT-1-54-0-0,0.10626995101500439,11.93801,gene_signature,1.0,pass
CTCTACGTCTGAAAGA-1-54-0-0,0.21483472686954813,15.716234,gene_signature,1.0,pass
CTCTGGTAGCTGCCCA-1-54-0-0,0.293945933778167,12.90378,gene_signature,1.0,pass
CTCTGGTAGGCATGGT-1-54-0-0,0.10535195573252557,12.878838,gene_signature,1.0,pass
CTCTGGTTCTGCTGCT-1-54-0-0,0.02804588545192967,17.352758,gene_signature,1.0,pass
CTGAAACAGCCAGTTT-1-54-0-0,0.025310428785382377,17.737375,gene_signature,1.0,pass
CTGAAACAGTGCCAGA-1-54-0-0,0.4724539155392872,15.860764,gene_signature,1.0,pass
CTGAAACGTCCGAAGA-1-54-0-0,0.03514994145329092,14.863605,gene_signature,1.0,pass
CTGATAGCACAAGTAA-1-54-0-0,0.12074110150978057,7.431533,gene_signature,1.0,pass
CTGATAGGTTGGGACA-1-54-0-0,0.1510149012564062,16.368555,gene_signature,1.0,pass
CTGATCCAGTAGCGGT-1-54-0-0,0.2819518847357646,9.266382,gene_signature,1.0,pass
CTGCCTATCAAACGGG-1-54-0-0,0.02603108142301483,21.967752,gene_signature,1.0,pass
CTGCCTATCGCGGATC-1-54-0-0,0.14489387921194652,12.526598,gene_signature,1.0,pass
CTGCGGAAGTCATCCA-1-54-0-0,0.09164027116665514,13.576632,gene_signature,1.0,pass
CTGCGGATCCTATGTT-1-54-0-0,0.00897408781298738,16.808887,gene_signature,1.0,pass
CTGTGCTCAGCAGTTT-1-54-0-0,0.04846693708370194,21.356333,gene_signature,1.0,pass
CTGTGCTGTTCGCGAC-1-54-0-0,0.02956108841800665,17.534803,gene_signature,1.0,pass
CTGTGCTGTTCGCTAA-1-54-0-0,0.48298368741784714,13.981096,gene_signature,1.0,pass
CTGTTTAAGGTAGCTG-1-54-0-0,0.28514381920028664,17.103592,gene_signature,1.0,pass
CTGTTTAAGTACGTAA-1-54-0-0,0.4464672571536683,11.728798,gene_signature,1.0,pass
CTTAACTCATGACGGA-1-54-0-0,0.4221022917364058,21.535894,gene_signature,1.0,pass
CTTAACTGTTCCACGG-1-54-0-0,0.5847062042794418,13.741518,gene_signature,1.0,pass
CTTAGGAGTCTCTCTG-1-54-0-0,0.039036197314844354,17.86091,gene_signature,1.0,pass
CTTCTCTAGGAATTAC-1-54-0-0,0.11187834993662511,15.438212,gene_signature,1.0,pass
CTTGGCTGTGTCCTCT-1-54-0-0,0.018893775621893386,13.732199,gene_signature,1.0,pass
CTTTGCGCAAGGACTG-1-54-0-0,0.13886780936199794,15.286052,gene_signature,1.0,pass
CTTTGCGCACGACGAA-1-54-0-0,0.44954111514049516,4.6660614,gene_signature,1.0,pass
CTTTGCGTCCATGAAC-1-54-0-0,0.42227637446334915,11.92201,gene_signature,1.0,pass
CTTTGCGTCTGCGACG-1-54-0-0,0.25258892954251677,17.268927,gene_signature,1.0,pass
CTTTGCGTCTTAGCCC-1-54-0-0,0.3711755834310374,14.457205,gene_signature,1.0,pass
GAAACTCAGCCCGAAA-1-54-0-0,0.4800660800163314,17.842402,gene_signature,1.0,pass
GAAACTCAGCGGCTTC-1-54-0-0,0.1977498674533975,21.282627,gene_signature,1.0,pass
GAAATGAAGATCCGAG-1-54-0-0,0.02534432263840201,20.20502,gene_signature,1.0,pass
GAAATGACAAGCGAGT-1-54-0-0,0.07009672780309432,10.106931,gene_signature,1.0,pass
GAACATCCAAATTGCC-1-54-0-0,0.24075094425723814,14.948382,gene_signature,1.0,pass
GAACATCGTCTCCATC-1-54-0-0,0.1736979213607099,15.591418,gene_signature,1.0,pass
GAACATCTCAGTCCCT-1-54-0-0,0.03646285430208334,15.155405,gene_signature,1.0,pass
GAACATCTCCGTACAA-1-54-0-0,0.010176927904732526,15.335217,gene_signature,1.0,pass
GAACCTAGTAGTACCT-1-54-0-0,0.07387536159504496,20.57777,gene_signature,1.0,pass
GAACCTATCTAGAGTC-1-54-0-0,0.35081041317903605,11.656053,gene_signature,1.0,pass
GAACGGACATCACGAT-1-54-0-0,0.35214473230022214,13.255116,gene_signature,1.0,pass
GAACGGAGTCAAAGAT-1-54-0-0,0.5209759794329054,13.232823,gene_signature,1.0,pass
GAACGGAGTCACCTAA-1-54-0-0,0.01741340754009481,20.945518,gene_signature,1.0,pass
GAAGCAGAGGTGCAAC-1-54-0-0,0.1947328330237036,14.403023,gene_signature,1.0,pass
GAAGCAGGTTCACCTC-1-54-0-0,0.07129068187001779,19.44627,gene_signature,1.0,pass
GAATGAAGTACCTACA-1-54-0-0,0.18632438858934736,16.390024,gene_signature,1.0,pass
GACACGCCAATGGAGC-1-54-0-0,0.08863666548016737,10.447004,gene_signature,1.0,pass
GACAGAGAGGTGCAAC-1-54-0-0,0.13021070788423272,16.06634,gene_signature,1.0,pass
GACAGAGTCCTATGTT-1-54-0-0,0.143737466819378,14.121729,gene_signature,1.0,pass
GACCAATAGCCGCCTA-1-54-0-0,0.055345172953490764,20.264835,gene_signature,1.0,pass
GACCAATTCATGTCTT-1-54-0-0,0.01061889195433477,20.844473,gene_signature,1.0,pass
GACCTGGCATGCGCAC-1-54-0-0,0.29782143936941713,15.184283,gene_signature,1.0,pass
GACCTGGTCCCGACTT-1-54-0-0,0.30705095179171216,6.0824018,gene_signature,1.0,pass
GACGCGTCATTACGAC-1-54-0-0,0.1856034747812605,19.225864,gene_signature,1.0,pass
GACGGCTCAAACCCAT-1-54-0-0,0.011313919297167359,14.828493,gene_signature,1.0,pass
GACGGCTTCCTGCTTG-1-54-0-0,0.0991799008447575,12.7178135,gene_signature,1.0,pass
GACGGCTTCTTCGAGA-1-54-0-0,0.23287192009826266,10.270807,gene_signature,1.0,pass
GACGTGCGTCATACTG-1-54-0-0,0.04048068912223636,15.067477,gene_signature,1.0,pass
GACGTTAAGTACGTTC-1-54-0-0,0.07993731687520697,18.394506,gene_signature,1.0,pass
GACTAACCAGCAGTTT-1-54-0-0,0.6574971694903616,13.058096,gene_signature,1.0,pass
GACTACATCAGCACAT-1-54-0-0,0.022468233427289257,20.400578,gene_signature,1.0,pass
GACTGCGCATTGGTAC-1-54-0-0,0.07390591686281664,13.383563,gene_signature,1.0,pass
GACTGCGGTGGTTTCA-1-54-0-0,0.386053152201852,14.112765,gene_signature,1.0,pass
GAGTCCGCATAGGATA-1-54-0-0,0.42181263175936135,19.493542,gene_signature,1.0,pass
GAGTCCGTCTCGTATT-1-54-0-0,0.1963356056252227,18.338192,gene_signature,1.0,pass
GATCAGTGTTGTCTTT-1-54-0-0,0.01569016234139773,21.227074,gene_signature,1.0,pass
GATCGCGAGAGTACAT-1-54-0-0,0.22655781760461152,12.290459,gene_signature,1.0,pass
GATCGCGCAGAGCCAA-1-54-0-0,0.06382148478460188,17.144821,gene_signature,1.0,pass
GATCGCGCATGGATGG-1-54-0-0,0.07527745213077099,16.016117,gene_signature,1.0,pass
GATCGCGTCGTATCAG-1-54-0-0,0.36420575253382864,13.676203,gene_signature,1.0,pass
GATCTAGAGACACTAA-1-54-0-0,0.2135570426265275,9.197878,gene_signature,1.0,pass
GATCTAGCAAGTACCT-1-54-0-0,0.1866297955251853,12.706423,gene_signature,1.0,pass
GATCTAGGTGTAAGTA-1-54-0-0,0.062381349382898944,20.395071,gene_signature,1.0,pass
GATCTAGGTGTTTGTG-1-54-0-0,0.1010321728360128,16.28211,gene_signature,1.0,pass
GATGAAAAGTACACCT-1-54-0-0,0.12686181386590387,17.15808,gene_signature,1.0,pass
GATGAAACACGTCTCT-1-54-0-0,0.05180813162203418,12.14229,gene_signature,1.0,pass
GATGAGGTCCATGAGT-1-54-0-0,0.07601684922116907,15.9207735,gene_signature,1.0,pass
GATGAGGTCTCCTATA-1-54-0-0,0.026274357235581063,16.310747,gene_signature,1.0,pass
GATGCTAAGTGCTGCC-1-54-0-0,0.028159386094886274,19.845146,gene_signature,1.0,pass
GATGCTACAATCAGAA-1-54-0-0,0.14649501892921174,12.621924,gene_signature,1.0,pass
GATTCAGTCAGCTGGC-1-54-0-0,0.10663606242669714,17.319662,gene_signature,1.0,pass
GATTCAGTCGCGGATC-1-54-0-0,0.21235907461487563,11.240969,gene_signature,1.0,pass
GCAAACTAGCCAGTTT-1-54-0-0,0.06118470857614544,15.329539,gene_signature,1.0,pass
GCAAACTTCCCTCAGT-1-54-0-0,0.05421224076298046,11.697795,gene_signature,1.0,pass
GCAATCAAGCGCCTTG-1-54-0-0,0.3952273315400031,14.739612,gene_signature,1.0,pass
GCAATCACAATCACAC-1-54-0-0,0.047292635088878286,17.048655,gene_signature,1.0,pass
GCAATCAGTAATAGCA-1-54-0-0,0.04856614319940102,17.257923,gene_signature,1.0,pass
GCAATCATCTCCAGGG-1-54-0-0,0.6356270963015123,21.196014,gene_signature,1.0,pass
GCACATATCAAACCAC-1-54-0-0,0.2472659595079591,19.112524,gene_signature,1.0,pass
GCACTCTCAAGACGTG-1-54-0-0,0.15735015163862043,11.805196,gene_signature,1.0,pass
GCACTCTTCTTTAGTC-1-54-0-0,0.12214731053520736,19.88104,gene_signature,1.0,pass
GCAGCCAGTCTCCCTA-1-54-0-0,0.4994396737262775,16.789621,gene_signature,1.0,pass
GCATACAAGTCGAGTG-1-54-0-0,0.49296108554331913,12.212924,gene_signature,1.0,pass
GCATACACACAGAGGT-1-54-0-0,0.021852872598794267,16.368078,gene_signature,1.0,pass
GCATGATAGTGCGTGA-1-54-0-0,0.017179038657668844,18.19199,gene_signature,1.0,pass
GCATGCGGTTGACGTT-1-54-0-0,0.547413036968082,11.894711,gene_signature,1.0,pass
GCATGCGTCGGATGGA-1-54-0-0,0.45221495821985797,12.21295,gene_signature,1.0,pass
GCATGTAAGATACACA-1-54-0-0,0.1263550232516446,12.275728,gene_signature,1.0,pass
GCATGTAAGCGATTCT-1-54-0-0,0.19096197435290138,13.141031,gene_signature,1.0,pass
GCATGTATCCGCATAA-1-54-0-0,0.19350240847018166,15.508429,gene_signature,1.0,pass
GCCAAATGTAGGGTAC-1-54-0-0,0.017997119771683605,21.538036,gene_signature,1.0,pass
GCCTCTAAGTAGCGGT-1-54-0-0,0.03886497351754487,17.1752,gene_signature,1.0,pass
GCCTCTATCTACTCAT-1-54-0-0,0.43637776157756647,16.893307,gene_signature,1.0,pass
GCGACCACAGCCAGAA-1-54-0-0,0.022888237891521016,8.668821,gene_signature,1.0,pass
GCGACCACAGTAAGAT-1-54-0-0,0.17172768642778663,16.255085,gene_signature,1.0,pass
GCGAGAAGTGAAATCA-1-54-0-0,0.07219073725006639,18.59855,gene_signature,1.0,pass
GCGCAACAGCGCCTTG-1-54-0-0,0.025257747563712084,17.477589,gene_signature,1.0,pass
GCGCAACCAGGCAGTA-1-54-0-0,0.7128108399545952,14.224554,gene_signature,1.0,pass
GCGCAACTCCTTGGTC-1-54-0-0,0.1798879167274217,10.918468,gene_signature,1.0,pass
GCGCCAACAGCTGCTG-1-54-0-0,0.3605680436764656,11.443975,gene_signature,1.0,pass
GCGCCAACATCACAAC-1-54-0-0,0.2362282142474316,13.389613,gene_signature,1.0,pass
GCGCCAAGTCGATTGT-1-54-0-0,0.2490082178982626,10.425377,gene_signature,1.0,pass
GCGCCAAGTGCAGTAG-1-54-0-0,0.030350130391503694,17.603823,gene_signature,1.0,pass
GCGCCAAGTTCCATGA-1-54-0-0,0.12004278815354893,13.794891,gene_signature,1.0,pass
GCGCGATGTGTGGCTC-1-54-0-0,0.29041583431486595,13.905897,gene_signature,1.0,pass
GCGGGTTCATCTGGTA-1-54-0-0,0.23387267867045808,20.015648,gene_signature,1.0,pass
GCGGGTTCATTCCTGC-1-54-0-0,0.26699906575356686,15.347403,gene_signature,1.0,pass
GCTCCTAAGACACTAA-1-54-0-0,0.06769325374282713,11.277872,gene_signature,1.0,pass
GCTCTGTAGGGTTTCT-1-54-0-0,0.2587794763382349,9.033783,gene_signature,1.0,pass
GCTGCTTGTGCGCTTG-1-54-0-0,0.39560125653155714,16.597578,gene_signature,1.0,pass
GCTGGGTAGGCTAGCA-1-54-0-0,0.05757672398356388,14.170871,gene_signature,1.0,pass
GCTTGAAAGACATAAC-1-54-0-0,0.25595936378841444,15.808088,gene_signature,1.0,pass
GCTTGAAAGTAACCCT-1-54-0-0,0.1987939451471143,15.84656,gene_signature,1.0,pass
GGAAAGCAGAACAACT-1-54-0-0,0.18030552448227688,16.2403,gene_signature,1.0,pass
GGAAAGCAGTCTTGCA-1-54-0-0,0.10484428156219558,10.76152,gene_signature,1.0,pass
GGAAAGCTCAACACGT-1-54-0-0,0.1332076231002784,16.475521,gene_signature,1.0,pass
GGAAAGCTCATCGATG-1-54-0-0,0.05548543608389243,14.365557,gene_signature,1.0,pass
GGACAAGCATGTCCTC-1-54-0-0,0.2332301921921583,13.087183,gene_signature,1.0,pass
GGACAGACAACACCCG-1-54-0-0,0.43094681465290596,9.57265,gene_signature,1.0,pass
GGACAGACACGTTGGC-1-54-0-0,0.6288101330021403,10.635356,gene_signature,1.0,pass
GGACATTAGGGATCTG-1-54-0-0,0.015306846957825995,12.371806,gene_signature,1.0,pass
GGACATTAGTTGTCGT-1-54-0-0,0.13173476283795849,11.048699,gene_signature,1.0,pass
GGACATTTCGCATGAT-1-54-0-0,0.06134576332141979,17.41615,gene_signature,1.0,pass
GGATGTTGTACATCCA-1-54-0-0,0.07262946168250546,19.619032,gene_signature,1.0,pass
GGATGTTTCCAGATCA-1-54-0-0,0.2660996824474191,11.191804,gene_signature,1.0,pass
GGATTACGTCTGATTG-1-54-0-0,0.1333933105340797,13.666267,gene_signature,1.0,pass
GGATTACGTTGCTCCT-1-54-0-0,0.2150853519285621,8.367346,gene_signature,1.0,pass
GGCAATTAGTGGAGTC-1-54-0-0,0.13658348868010686,10.985285,gene_signature,1.0,pass
GGCAATTGTGTGCGTC-1-54-0-0,0.18550274187959573,17.274946,gene_signature,1.0,pass
GGCAATTTCCCTAACC-1-54-0-0,0.09388914599154508,11.902087,gene_signature,1.0,pass
GGCCGATAGATCCCGC-1-54-0-0,0.08593673881614453,14.808291,gene_signature,1.0,pass
GGCGTGTAGAAGGTTT-1-54-0-0,0.059725518629283623,21.597776,gene_signature,1.0,pass
GGCGTGTGTCCAGTTA-1-54-0-0,0.25858745318156195,10.451013,gene_signature,1.0,pass
GGCGTGTGTGCAGTAG-1-54-0-0,0.21557287971172237,10.841634,gene_signature,1.0,pass
GGCGTGTTCGTACGGC-1-54-0-0,0.10271508843344537,13.784258,gene_signature,1.0,pass
GGCGTGTTCTAACCGA-1-54-0-0,0.3285916057924302,10.529614,gene_signature,1.0,pass
GGCTCGACACATGACT-1-54-0-0,0.15123183526596318,13.950422,gene_signature,1.0,pass
GGCTGGTTCCCAGGTG-1-54-0-0,0.05750969985368638,13.190262,gene_signature,1.0,pass
GGGAATGCATGGTTGT-1-54-0-0,0.24922678970767564,15.065844,gene_signature,1.0,pass
GGGAATGGTATTACCG-1-54-0-0,0.07338306413857543,12.940781,gene_signature,1.0,pass
GGGACCTAGATATACG-1-54-0-0,0.07751929448831443,16.031006,gene_signature,1.0,pass
GGGACCTAGGGCACTA-1-54-0-0,0.023859678957613654,14.877179,gene_signature,1.0,pass
GGGACCTGTCGGCATC-1-54-0-0,0.13039742246956793,12.634183,gene_signature,1.0,pass
GGGACCTGTTCCTCCA-1-54-0-0,0.12438585596459246,12.279558,gene_signature,1.0,pass
GGGAGATTCAGCTCGG-1-54-0-0,0.01697823648394451,9.643511,gene_signature,1.0,pass
GGGATGACACGGTAGA-1-54-0-0,0.2894098513391869,21.789494,gene_signature,1.0,pass
GGGATGAGTATATCCG-1-54-0-0,0.022536599814073868,20.287958,gene_signature,1.0,pass
GGGCACTAGCAAATCA-1-54-0-0,0.06808528551870865,21.574343,gene_signature,1.0,pass
GGGCACTGTATCAGTC-1-54-0-0,0.49148101853777026,16.034433,gene_signature,1.0,pass
GGGCACTGTCGTTGTA-1-54-0-0,0.29160822883238563,15.96874,gene_signature,1.0,pass
GGGCACTGTGCATCTA-1-54-0-0,0.21587790240527283,15.307576,gene_signature,1.0,pass
GGGCACTGTTCCAACA-1-54-0-0,0.09975263912204102,9.574648,gene_signature,1.0,pass
GGGCATCAGCGTAGTG-1-54-0-0,0.4076515001000255,18.41628,gene_signature,1.0,pass
GGGCATCCAGGGTACA-1-54-0-0,0.20569029588360924,12.863164,gene_signature,1.0,pass
GGGCATCTCCAAACAC-1-54-0-0,0.04008991989619009,20.27801,gene_signature,1.0,pass
GGGTCTGCAAACAACA-1-54-0-0,0.4691081073559131,13.478246,gene_signature,1.0,pass
GGGTCTGCAAAGTCAA-1-54-0-0,0.07000528193580774,13.808069,gene_signature,1.0,pass
GGGTCTGCATCCCACT-1-54-0-0,0.1751516340273695,18.04813,gene_signature,1.0,pass
GGGTCTGTCTACTATC-1-54-0-0,0.26746800369024293,16.22236,gene_signature,1.0,pass
GGGTTGCTCCACGAAT-1-54-0-0,0.15739899504707272,11.576067,gene_signature,1.0,pass
GGTATTGCATGGTAGG-1-54-0-0,0.03634925351138352,17.399372,gene_signature,1.0,pass
GGTATTGGTAGTGAAT-1-54-0-0,0.568298916085485,17.648304,gene_signature,1.0,pass
GGTATTGGTCATGCAT-1-54-0-0,0.025344170464698168,18.936066,gene_signature,1.0,pass
GGTATTGGTTCCGTCT-1-54-0-0,0.17107282552288772,17.855125,gene_signature,1.0,pass
GGTATTGTCGACCAGC-1-54-0-0,0.16625080405178588,17.069942,gene_signature,1.0,pass
GGTGAAGCACAGGAGT-1-54-0-0,0.46511149316362355,12.342352,gene_signature,1.0,pass
GGTGAAGCATCCTAGA-1-54-0-0,0.24438042212004643,15.31325,gene_signature,1.0,pass
GGTGCGTCACAGCCCA-1-54-0-0,0.3428109211886271,13.115547,gene_signature,1.0,pass
GGTGCGTGTCTCTCGT-1-54-0-0,0.2041506042374593,17.211452,gene_signature,1.0,pass
GGTGTTACAAGTCTAC-1-54-0-0,0.031128686061915867,15.786049,gene_signature,1.0,pass
GGTGTTACAGTATAAG-1-54-0-0,0.056081158706328,15.142775,gene_signature,1.0,pass
GGTGTTAGTGCACCAC-1-54-0-0,0.09268654854483584,8.691689,gene_signature,1.0,pass
GGTGTTAGTTATGTGC-1-54-0-0,0.15685860687830144,12.910818,gene_signature,1.0,pass
GTAACTGAGCTGCGAA-1-54-0-0,0.43224667789611215,16.174244,gene_signature,1.0,pass
GTAACTGTCTTTACGT-1-54-0-0,0.04878178385480101,8.6640215,gene_signature,1.0,pass
GTACGTACAAAGGTGC-1-54-0-0,0.10191758111716562,17.336515,gene_signature,1.0,pass
GTACGTATCGTGGGAA-1-54-0-0,0.14923654225129362,15.783392,gene_signature,1.0,pass
GTACTCCCAAAGTGCG-1-54-0-0,0.02294627004305593,14.431971,gene_signature,1.0,pass
GTACTCCTCCCGACTT-1-54-0-0,0.1985942260245808,15.089808,gene_signature,1.0,pass
GTACTTTCAATCCGAT-1-54-0-0,0.5603154232206184,16.176395,gene_signature,1.0,pass
GTACTTTCATTCGACA-1-54-0-0,0.09568051772869948,13.53657,gene_signature,1.0,pass
GTACTTTGTAGCTCCG-1-54-0-0,0.12911864778395687,11.738802,gene_signature,1.0,pass
GTACTTTGTGAGGGTT-1-54-0-0,0.21497435061256248,10.193846,gene_signature,1.0,pass
GTACTTTGTGCATCTA-1-54-0-0,0.027061826292041145,17.855814,gene_signature,1.0,pass
GTAGGCCAGACACGAC-1-54-0-0,0.05187677204157004,20.963385,gene_signature,1.0,pass
GTAGTCAAGGTGCTAG-1-54-0-0,0.09717568481406472,12.92043,gene_signature,1.0,pass
GTATCTTAGTCGATAA-1-54-0-0,0.05460486380905192,13.610484,gene_signature,1.0,pass
GTATTCTCAGCATACT-1-54-0-0,0.017076643545515656,13.840605,gene_signature,1.0,pass
GTATTCTGTCTCACCT-1-54-0-0,0.05171367190570507,12.931715,gene_signature,1.0,pass
GTATTCTTCAAACAAG-1-54-0-0,0.4031053252259884,10.79815,gene_signature,1.0,pass
GTCAAGTGTCAGAATA-1-54-0-0,0.6565297664826881,13.967181,gene_signature,1.0,pass
GTCAAGTTCCTAGTGA-1-54-0-0,0.06421487766069203,15.791585,gene_signature,1.0,pass
GTCACAACACCTGGTG-1-54-0-0,0.3213407248916389,18.519535,gene_signature,1.0,pass
GTCACAATCCACGACG-1-54-0-0,0.1074844568692938,16.796885,gene_signature,1.0,pass
GTCACGGAGCGCTCCA-1-54-0-0,0.2005056845686905,15.722246,gene_signature,1.0,pass
GTCACGGAGCGTGTCC-1-54-0-0,0.29676520433026354,9.74847,gene_signature,1.0,pass
GTCATTTCAGCTATTG-1-54-0-0,0.022181436369032102,20.884975,gene_signature,1.0,pass
GTCATTTGTTAAAGAC-1-54-0-0,0.3571639419913551,13.474146,gene_signature,1.0,pass
GTCCTCAGTAGCTGCC-1-54-0-0,0.6505762224599532,10.787448,gene_signature,1.0,pass
GTCGGGTCACCAGATT-1-54-0-0,0.6503317916204236,13.300392,gene_signature,1.0,pass
GTCGGGTCAGACGCAA-1-54-0-0,0.354737085080279,14.546428,gene_signature,1.0,pass
GTCGTAACAAGGTGTG-1-54-0-0,0.19035966517462236,13.238983,gene_signature,1.0,pass
GTCTCGTAGGCAGGTT-1-54-0-0,0.6256519612054934,9.219475,gene_signature,1.0,pass
GTCTCGTGTGCAACTT-1-54-0-0,0.06863425550629734,15.776245,gene_signature,1.0,pass
GTCTCGTTCAGCACAT-1-54-0-0,0.04153138383358622,12.244662,gene_signature,1.0,pass
GTCTCGTTCTCGAGTA-1-54-0-0,0.1773865436230418,16.539843,gene_signature,1.0,pass
GTCTTCGAGAGCTTCT-1-54-0-0,0.06653662223809156,15.34165,gene_signature,1.0,pass
GTCTTCGAGGGCTTGA-1-54-0-0,0.3074661973179488,13.733478,gene_signature,1.0,pass
GTCTTCGGTCCGCTGA-1-54-0-0,0.025097475453748297,14.652133,gene_signature,1.0,pass
GTCTTCGTCAGTCAGT-1-54-0-0,0.05288848933150599,12.935689,gene_signature,1.0,pass
GTGAAGGGTTATCACG-1-54-0-0,0.19342856922437823,15.263823,gene_signature,1.0,pass
GTGCAGCGTAGCGTGA-1-54-0-0,0.16814311681917465,12.535784,gene_signature,1.0,pass
GTGCATACAAGAGTCG-1-54-0-0,0.30109245206018453,10.123126,gene_signature,1.0,pass
GTGCGGTAGAGCTATA-1-54-0-0,0.03965866409996506,22.137516,gene_signature,1.0,pass
GTGCGGTAGTGAAGTT-1-54-0-0,0.18173937850484367,14.573248,gene_signature,1.0,pass
GTGCGGTGTGAGGGTT-1-54-0-0,0.1427307017104522,15.3574295,gene_signature,1.0,pass
GTGCGGTGTGTTGAGG-1-54-0-0,0.10457893913011698,13.66801,gene_signature,1.0,pass
GTGCGGTTCGCATGAT-1-54-0-0,0.0724834565476329,16.61323,gene_signature,1.0,pass
GTGCGGTTCTCACATT-1-54-0-0,0.11703001781291042,13.57726,gene_signature,1.0,pass
GTGCTTCAGCCCAACC-1-54-0-0,0.15775739746374934,12.618491,gene_signature,1.0,pass
GTGCTTCAGGGCTCTC-1-54-0-0,0.29970715712227636,11.548137,gene_signature,1.0,pass
GTGCTTCGTGCTTCTC-1-54-0-0,0.17727090036060975,11.465244,gene_signature,1.0,pass
GTGCTTCTCATGCTCC-1-54-0-0,0.04375177492231331,17.597818,gene_signature,1.0,pass
GTGGGTCAGCCTATGT-1-54-0-0,0.1473143860253055,13.630528,gene_signature,1.0,pass
GTGTGCGCAGGATCGA-1-54-0-0,0.5594525246025672,18.7263,gene_signature,1.0,pass
GTGTGCGCATTTGCTT-1-54-0-0,0.22716081333030785,12.5199,gene_signature,1.0,pass
GTGTGCGGTTTGGGCC-1-54-0-0,0.17436273741140604,13.587003,gene_signature,1.0,pass
GTGTTAGTCGCGATCG-1-54-0-0,0.2619917764245354,13.783653,gene_signature,1.0,pass
GTGTTAGTCTTACCTA-1-54-0-0,0.05577277395332149,14.851405,gene_signature,1.0,pass
GTTAAGCCAATGTAAG-1-54-0-0,0.021531533096183678,21.29273,gene_signature,1.0,pass
GTTAAGCCAGGAATGC-1-54-0-0,0.22619856418598192,17.64228,gene_signature,1.0,pass
GTTAAGCGTGTTGAGG-1-54-0-0,0.028025668075664024,21.368536,gene_signature,1.0,pass
GTTACAGCAAGGACTG-1-54-0-0,0.020882041789643327,16.535597,gene_signature,1.0,pass
GTTCATTTCGAATGGG-1-54-0-0,0.2983789692587065,12.911715,gene_signature,1.0,pass
GTTCGGGCAGTCAGCC-1-54-0-0,0.3149969751498639,13.27758,gene_signature,1.0,pass
GTTCTCGAGATAGCAT-1-54-0-0,0.02825127319779257,21.640491,gene_signature,1.0,pass
GTTCTCGAGCTTTGGT-1-54-0-0,0.4511137576069717,11.043158,gene_signature,1.0,pass
GTTTCTAAGTGAACGC-1-54-0-0,0.033082039913754926,11.946803,gene_signature,1.0,pass
GTTTCTAGTCACAAGG-1-54-0-0,0.056159591417734925,17.888346,gene_signature,1.0,pass
GTTTCTAGTTCAGTAC-1-54-0-0,0.06368122024877272,20.972075,gene_signature,1.0,pass
TAAACCGAGCTCTCGG-1-54-0-0,0.11596304522609532,12.682378,gene_signature,1.0,pass
TAAACCGCAAACCCAT-1-54-0-0,0.04747298338646389,5.124514,gene_signature,1.0,pass
TAAACCGCACTATCTT-1-54-0-0,0.09646350595531339,8.857586,gene_signature,1.0,pass
TAAACCGGTGCACGAA-1-54-0-0,0.045891448926672046,15.336703,gene_signature,1.0,pass
TAAGCGTCAGCTTCGG-1-54-0-0,0.021803531051795617,15.021284,gene_signature,1.0,pass
TAAGCGTTCTGCTGCT-1-54-0-0,0.03897130429680358,11.995855,gene_signature,1.0,pass
TAAGTGCAGCCGTCGT-1-54-0-0,0.4332978749077938,13.073166,gene_signature,1.0,pass
TAAGTGCCAAGGACAC-1-54-0-0,0.18860156440305884,20.907019,gene_signature,1.0,pass
TAAGTGCTCAACACCA-1-54-0-0,0.06997034409737898,11.946327,gene_signature,1.0,pass
TAAGTGCTCATAGCAC-1-54-0-0,0.1536842438601368,14.071777,gene_signature,1.0,pass
TACACGAGTCCCTACT-1-54-0-0,0.3095798311445649,12.280925,gene_signature,1.0,pass
TACACGATCGGCTTGG-1-54-0-0,0.1982500276594198,11.38022,gene_signature,1.0,pass
TACAGTGCAAGGTTTC-1-54-0-0,0.019641796425028717,21.295887,gene_signature,1.0,pass
TACAGTGCATCACGAT-1-54-0-0,0.4209756631640377,9.971716,gene_signature,1.0,pass
TACAGTGGTCGAAAGC-1-54-0-0,0.5143127361835903,16.935595,gene_signature,1.0,pass
TACAGTGGTTGCCTCT-1-54-0-0,0.38216416743538545,9.723113,gene_signature,1.0,pass
TACCTATAGATCCTGT-1-54-0-0,0.28844777361875884,13.141139,gene_signature,1.0,pass
TACCTATCAGACACTT-1-54-0-0,0.009241898861669682,16.501574,gene_signature,1.0,pass
TACCTATCAGATGGCA-1-54-0-0,0.6123237163646649,13.216272,gene_signature,1.0,pass
TACCTATCATCACGTA-1-54-0-0,0.08373737831801716,12.652235,gene_signature,1.0,pass
TACCTATTCTGATACG-1-54-0-0,0.09496765570324998,13.699387,gene_signature,1.0,pass
TACCTTACAGAAGCAC-1-54-0-0,0.35395449140408325,15.51886,gene_signature,1.0,pass
TACCTTATCCTTGCCA-1-54-0-0,0.25241079313346615,17.930698,gene_signature,1.0,pass
TACGGATTCGCCAGCA-1-54-0-0,0.12688892837634663,20.432283,gene_signature,1.0,pass
TACGGTAAGTGGCACA-1-54-0-0,0.03659478809895806,15.836919,gene_signature,1.0,pass
TACGGTAGTAGCACGA-1-54-0-0,0.1328682563151731,11.47904,gene_signature,1.0,pass
TACTCATCAATGTAAG-1-54-0-0,0.06672209338462443,17.210396,gene_signature,1.0,pass
TACTCATGTCAAAGAT-1-54-0-0,0.30760060777340953,9.721024,gene_signature,1.0,pass
TACTCATGTCGCGGTT-1-54-0-0,0.1744734290775352,16.328266,gene_signature,1.0,pass
TACTCATGTTTAAGCC-1-54-0-0,0.21650083609909246,15.532198,gene_signature,1.0,pass
TACTCATTCATGTCTT-1-54-0-0,0.08991154491463929,12.9073715,gene_signature,1.0,pass
TACTTACGTCTAGAGG-1-54-0-0,0.18469198422576744,18.229729,gene_signature,1.0,pass
TACTTACTCAACGGCC-1-54-0-0,0.04372033085260382,11.505742,gene_signature,1.0,pass
TACTTACTCGGGAGTA-1-54-0-0,0.14564084498204882,15.462244,gene_signature,1.0,pass
TAGACCAAGCCACCTG-1-54-0-0,0.31227406694656884,10.90431,gene_signature,1.0,pass
TAGCCGGGTATATGAG-1-54-0-0,0.057838928131454526,16.576534,gene_signature,1.0,pass
TAGGCATAGAAACCAT-1-54-0-0,0.40388811103378186,15.786548,gene_signature,1.0,pass
TAGGCATAGATCGGGT-1-54-0-0,0.1999866873336774,17.589005,gene_signature,1.0,pass
TAGGCATCATAACCTG-1-54-0-0,0.18453987692718743,15.0959425,gene_signature,1.0,pass
TAGGCATGTTGGACCC-1-54-0-0,0.13281775163918472,14.130229,gene_signature,1.0,pass
TAGTGGTCATATGGTC-1-54-0-0,0.589023178937993,8.96297,gene_signature,1.0,pass
TAGTTGGAGCGAGAAA-1-54-0-0,0.3056660329098394,10.255359,gene_signature,1.0,pass
TATCAGGCAAGCTGTT-1-54-0-0,0.18316579702431626,14.221725,gene_signature,1.0,pass
TATCAGGCAGCCAGAA-1-54-0-0,0.029000351236523163,15.548457,gene_signature,1.0,pass
TATCTCAAGATCACGG-1-54-0-0,0.020205682710843102,18.952194,gene_signature,1.0,pass
TATCTCACATTGGTAC-1-54-0-0,0.08899016229733168,15.770696,gene_signature,1.0,pass
TATCTCATCGTGGTCG-1-54-0-0,0.3411454129109407,8.476145,gene_signature,1.0,pass
TATGCCCGTCAATGTC-1-54-0-0,0.04069535302662954,15.384026,gene_signature,1.0,pass
TATGCCCGTGATGATA-1-54-0-0,0.39633431134171937,14.630844,gene_signature,1.0,pass
TATTACCAGTCTTGCA-1-54-0-0,0.018556604411089868,17.583439,gene_signature,1.0,pass
TATTACCGTAGAAAGG-1-54-0-0,0.020515457386130986,16.145748,gene_signature,1.0,pass
TATTACCTCCAGAGGA-1-54-0-0,0.07194685090949501,13.125887,gene_signature,1.0,pass
TCAACGAAGTTGAGAT-1-54-0-0,0.04079656973722222,9.833979,gene_signature,1.0,pass
TCAACGACATGCCCGA-1-54-0-0,0.17859998939053262,15.020325,gene_signature,1.0,pass
TCAACGACATTAGCCA-1-54-0-0,0.5989764684634429,9.689431,gene_signature,1.0,pass
TCAACGATCAGAGGTG-1-54-0-0,0.1454481900065901,12.681651,gene_signature,1.0,pass
TCAACGATCAGATAAG-1-54-0-0,0.040068653108238886,16.855713,gene_signature,1.0,pass
TCACAAGGTGTGCCTG-1-54-0-0,0.11221494810779727,7.630745,gene_signature,1.0,pass
TCACGAAAGAACAATC-1-54-0-0,0.03308721625047092,13.286667,gene_signature,1.0,pass
TCAGATGCACAAGACG-1-54-0-0,0.238653259134379,15.009448,gene_signature,1.0,pass
TCAGATGCATTCACTT-1-54-0-0,0.02604522962669483,15.131648,gene_signature,1.0,pass
TCAGATGGTCGCATCG-1-54-0-0,0.1317417143296603,14.779223,gene_signature,1.0,pass
TCAGATGTCGCTGATA-1-54-0-0,0.0562816169428461,21.986431,gene_signature,1.0,pass
TCAGATGTCTGTTTGT-1-54-0-0,0.4309784150499544,11.113589,gene_signature,1.0,pass
TCAGCAAAGATCCCGC-1-54-0-0,0.3654026774805505,8.9410305,gene_signature,1.0,pass
TCAGCTCAGGATGCGT-1-54-0-0,0.02993285572359326,16.004572,gene_signature,1.0,pass
TCAGCTCCACAAGACG-1-54-0-0,0.22851323714257682,15.691511,gene_signature,1.0,pass
TCAGCTCCAGTTTACG-1-54-0-0,0.005844333346810054,22.126858,gene_signature,1.0,pass
TCAGGATCACACATGT-1-54-0-0,0.30790910599848625,15.434817,gene_signature,1.0,pass
TCAGGATTCCTATTCA-1-54-0-0,0.023162931736124746,14.5053835,gene_signature,1.0,pass
TCATTACTCTAACTGG-1-54-0-0,0.1340659249937753,14.707809,gene_signature,1.0,pass
TCCACACAGATGTGTA-1-54-0-0,0.04207313615876866,20.16027,gene_signature,1.0,pass
TCCACACAGTGGAGAA-1-54-0-0,0.3636559056764892,9.471671,gene_signature,1.0,pass
TCCACACGTACCGGCT-1-54-0-0,0.2482211151562282,10.932078,gene_signature,1.0,pass
TCCCGATAGCGTAGTG-1-54-0-0,0.31659519425107674,16.93322,gene_signature,1.0,pass
TCCCGATCACGAGAGT-1-54-0-0,0.5151275436843257,13.5672,gene_signature,1.0,pass
TCCCGATGTATAGGGC-1-54-0-0,0.050090417270532005,12.967453,gene_signature,1.0,pass
TCGAGGCTCTGGTGTA-1-54-0-0,0.7133995066263076,11.439449,gene_signature,1.0,pass
TCGCGAGCAAGTTGTC-1-54-0-0,0.298369042437178,11.818472,gene_signature,1.0,pass
TCGCGAGCAGCGTAAG-1-54-0-0,0.46612298096706456,17.189255,gene_signature,1.0,pass
TCGCGAGGTAAGCACG-1-54-0-0,0.030591543949906326,16.253845,gene_signature,1.0,pass
TCGCGTTAGTGAATTG-1-54-0-0,0.12771810313867457,17.27887,gene_signature,1.0,pass
TCGGGACTCATTGCCC-1-54-0-0,0.05545441932049385,18.448893,gene_signature,1.0,pass
TCGGTAAGTATCTGCA-1-54-0-0,0.08379108250332876,11.018726,gene_signature,1.0,pass
TCGGTAAGTTCTGAAC-1-54-0-0,0.08806723304746084,21.704144,gene_signature,1.0,pass
TCGGTAATCCGCTGTT-1-54-0-0,0.07080777509577338,15.538454,gene_signature,1.0,pass
TCGTAGAAGCCCAATT-1-54-0-0,0.03862634326656867,21.705347,gene_signature,1.0,pass
TCGTAGAAGCGGATCA-1-54-0-0,0.03834338989932975,15.529871,gene_signature,1.0,pass
TCGTAGAGTGTTCGAT-1-54-0-0,0.0069155721268328,17.329432,gene_signature,1.0,pass
TCTATTGAGCCCAATT-1-54-0-0,0.06308108528770244,12.789372,gene_signature,1.0,pass
TCTATTGGTCTAGGTT-1-54-0-0,0.010527194633821563,18.27895,gene_signature,1.0,pass
TCTCATACACGTCAGC-1-54-0-0,0.3704595839301092,13.514943,gene_signature,1.0,pass
TCTCTAACACACCGCA-1-54-0-0,0.02557366032042424,18.576797,gene_signature,1.0,pass
TCTGAGACAGTCAGAG-1-54-0-0,0.5341108733435014,12.621336,gene_signature,1.0,pass
TCTGAGATCACCATAG-1-54-0-0,0.5182289358399548,10.288986,gene_signature,1.0,pass
TCTGGAAGTAGCTCCG-1-54-0-0,0.26178364955192174,13.226374,gene_signature,1.0,pass
TCTTCGGAGCTGTCTA-1-54-0-0,0.009307782472388693,14.827377,gene_signature,1.0,pass
TCTTCGGGTGTCAATC-1-54-0-0,0.3619526221540378,13.856176,gene_signature,1.0,pass
TCTTTCCTCCTATGTT-1-54-0-0,0.3040575537538078,12.235431,gene_signature,1.0,pass
TGACAACCAATGGATA-1-54-0-0,0.16915130242351362,14.784386,gene_signature,1.0,pass
TGACAACGTGCAACGA-1-54-0-0,0.17081633743517852,11.898439,gene_signature,1.0,pass
TGACGGCTCTTATCTG-1-54-0-0,0.15902659828227356,11.593971,gene_signature,1.0,pass
TGACTTTCAGTTTACG-1-54-0-0,0.08218227260228787,11.805652,gene_signature,1.0,pass
TGACTTTCATGCATGT-1-54-0-0,0.2585129104216049,12.847003,gene_signature,1.0,pass
TGAGAGGAGTGTTAGA-1-54-0-0,0.17507184751434007,12.218214,gene_signature,1.0,pass
TGAGAGGTCATTGCCC-1-54-0-0,0.13046823090032883,13.944557,gene_signature,1.0,pass
TGAGCCGGTATCGCAT-1-54-0-0,0.1156086435278659,15.318962,gene_signature,1.0,pass
TGAGGGAAGCCGTCGT-1-54-0-0,0.21570031598182302,13.186394,gene_signature,1.0,pass
TGAGGGAAGTGTTGAA-1-54-0-0,0.07172848474918468,11.71296,gene_signature,1.0,pass
TGAGGGAAGTTCGCAT-1-54-0-0,0.16362324200515774,16.85426,gene_signature,1.0,pass
TGATTTCCATAACCTG-1-54-0-0,0.10628308999424489,18.613375,gene_signature,1.0,pass
TGCACCTAGTGTACCT-1-54-0-0,0.04497520215626965,16.162514,gene_signature,1.0,pass
TGCACCTTCCGATATG-1-54-0-0,0.22928982776541842,14.938683,gene_signature,1.0,pass
TGCCCATTCTCCAGGG-1-54-0-0,0.5104452882754769,19.386465,gene_signature,1.0,pass
TGCCCTATCTAACTCT-1-54-0-0,0.01547261155699924,12.479848,gene_signature,1.0,pass
TGCGCAGAGGGCTCTC-1-54-0-0,0.22788242390016283,7.3373346,gene_signature,1.0,pass
TGCGCAGTCTGCTGCT-1-54-0-0,0.03626975880952682,18.744207,gene_signature,1.0,pass
TGCGGGTCAAGCGAGT-1-54-0-0,0.2896918688916187,9.194193,gene_signature,1.0,pass
TGCGGGTGTCTCGTTC-1-54-0-0,0.10355086801480504,19.73777,gene_signature,1.0,pass
TGCGGGTGTGTGACGA-1-54-0-0,0.057140161195839756,14.383417,gene_signature,1.0,pass
TGCGTGGAGGTGGGTT-1-54-0-0,0.06098273100137939,16.222239,gene_signature,1.0,pass
TGCGTGGCAAAGCAAT-1-54-0-0,0.07290780311375034,20.00571,gene_signature,1.0,pass
TGCGTGGCACCGATAT-1-54-0-0,0.140556804522472,18.757427,gene_signature,1.0,pass
TGCGTGGTCCACGCAG-1-54-0-0,0.6375938136788536,8.166466,gene_signature,1.0,pass
TGCTGCTTCGTCTGCT-1-54-0-0,0.48686635617928015,9.404245,gene_signature,1.0,pass
TGGACGCAGACGACGT-1-54-0-0,0.24990826036294472,21.24219,gene_signature,1.0,pass
TGGACGCGTCATGCCG-1-54-0-0,0.055140659704232875,15.745539,gene_signature,1.0,pass
TGGACGCGTGTCAATC-1-54-0-0,0.025544276381471647,13.629599,gene_signature,1.0,pass
TGGCCAGAGTGGTAGC-1-54-0-0,0.0813086739579347,15.177652,gene_signature,1.0,pass
TGGCCAGCACCACCAG-1-54-0-0,0.37081705815392296,12.52319,gene_signature,1.0,pass
TGGCGCAAGAATGTTG-1-54-0-0,0.1196553246462803,13.893236,gene_signature,1.0,pass
TGGCTGGTCAACTCTT-1-54-0-0,0.10646933813720438,14.482925,gene_signature,1.0,pass
TGGGAAGAGTGAATTG-1-54-0-0,0.8427702531018395,12.038803,gene_signature,1.0,pass
TGGGAAGCAAAGCAAT-1-54-0-0,0.26299630316695166,12.152989,gene_signature,1.0,pass
TGGGAAGCAAGCCATT-1-54-0-0,0.17264280041692465,17.78199,gene_signature,1.0,pass
TGGGAAGGTCAACTGT-1-54-0-0,0.5577390593368333,6.7421064,gene_signature,1.0,pass
TGGTTCCCACCAGTTA-1-54-0-0,0.16563361625622938,13.742662,gene_signature,1.0,pass
TGGTTCCGTACTCAAC-1-54-0-0,0.059889232464869345,17.478838,gene_signature,1.0,pass
TGTATTCAGAGTGAGA-1-54-0-0,0.021492768522233398,15.050115,gene_signature,1.0,pass
TGTATTCAGCGTTTAC-1-54-0-0,0.5037834071103207,8.266547,gene_signature,1.0,pass
TGTATTCCACGTCAGC-1-54-0-0,0.5090165365218586,15.1051235,gene_signature,1.0,pass
TGTATTCCAGCTGGCT-1-54-0-0,0.05062200883941849,16.984362,gene_signature,1.0,pass
TGTGGTACAAGTCATC-1-54-0-0,0.5346155680460348,20.20907,gene_signature,1.0,pass
TGTGGTATCCACTGGG-1-54-0-0,0.014881150628006037,20.074251,gene_signature,1.0,pass
TGTGTTTAGGGCTCTC-1-54-0-0,0.12805023958734624,13.681087,gene_signature,1.0,pass
TGTGTTTAGTGGTAGC-1-54-0-0,0.16172312947158007,17.102047,gene_signature,1.0,pass
TGTGTTTGTCACACGC-1-54-0-0,0.044945905417458576,13.110886,gene_signature,1.0,pass
TGTTCCGGTGACCAAG-1-54-0-0,0.6507009012902952,15.139536,gene_signature,1.0,pass
TGTTCCGTCATCACCC-1-54-0-0,0.25155108229277123,16.448545,gene_signature,1.0,pass
TGTTCCGTCGCCTGTT-1-54-0-0,0.05722879656569633,14.272535,gene_signature,1.0,pass
TTAACTCGTAGCCTCG-1-54-0-0,0.4588953612028647,16.350206,gene_signature,1.0,pass
TTAACTCTCACCGGGT-1-54-0-0,0.029318211388632453,19.281403,gene_signature,1.0,pass
TTAGGCAAGATATGCA-1-54-0-0,0.468863223872209,20.356268,gene_signature,1.0,pass
TTAGGCACAATGGAGC-1-54-0-0,0.07802551991781595,14.307569,gene_signature,1.0,pass
TTAGGCACACAGCCCA-1-54-0-0,0.18705532835169156,14.599254,gene_signature,1.0,pass
TTATGCTGTAGCGTAG-1-54-0-0,0.46381379783802323,8.875724,gene_signature,1.0,pass
TTATGCTGTTTGGGCC-1-54-0-0,0.1837095248971094,18.12825,gene_signature,1.0,pass
TTATGCTTCCTGTACC-1-54-0-0,0.04277239854332781,15.0852375,gene_signature,1.0,pass
TTCGAAGCACAAGTAA-1-54-0-0,0.011174309342207494,18.588728,gene_signature,1.0,pass
TTCGAAGCAGATGGGT-1-54-0-0,0.6173469071497424,11.5327015,gene_signature,1.0,pass
TTCGAAGTCGTGGGAA-1-54-0-0,0.31241603659029316,10.439903,gene_signature,1.0,pass
TTCGGTCTCAGTCCCT-1-54-0-0,0.46233983612787055,17.23949,gene_signature,1.0,pass
TTCGGTCTCTAAGCCA-1-54-0-0,0.4926669923046614,8.853627,gene_signature,1.0,pass
TTCTACACAATAGCAA-1-54-0-0,0.039717739776218015,11.994337,gene_signature,1.0,pass
TTCTACAGTCGGCTCA-1-54-0-0,0.01874273427160248,10.746277,gene_signature,1.0,pass
TTCTACAGTTTAAGCC-1-54-0-0,0.036619828703401205,14.899567,gene_signature,1.0,pass
TTCTACATCACTTACT-1-54-0-0,0.35880169456491845,21.122082,gene_signature,1.0,pass
TTCTACATCATGCAAC-1-54-0-0,0.20166192768575497,10.274315,gene_signature,1.0,pass
TTCTCAATCAACACTG-1-54-0-0,0.08730662309898461,15.360548,gene_signature,1.0,pass
TTCTCCTGTCACCCAG-1-54-0-0,0.3440453990482644,12.583719,gene_signature,1.0,pass
TTCTCCTGTTAAGTAG-1-54-0-0,0.06436200438729997,13.986873,gene_signature,1.0,pass
TTCTTAGAGAAACCGC-1-54-0-0,0.08135880223746567,20.17377,gene_signature,1.0,pass
TTCTTAGAGTAGGTGC-1-54-0-0,0.04873426984042149,12.070119,gene_signature,1.0,pass
TTCTTAGGTCCGAGTC-1-54-0-0,0.09148716683219156,21.992296,gene_signature,1.0,pass
TTGAACGAGTTGTCGT-1-54-0-0,0.004374334856836303,20.66543,gene_signature,1.0,pass
TTGAACGCAGCGATCC-1-54-0-0,0.06361786581476356,14.511278,gene_signature,1.0,pass
TTGAACGCAGCTGTAT-1-54-0-0,0.24326361714621864,14.738981,gene_signature,1.0,pass
TTGAACGGTCCTCTTG-1-54-0-0,0.4246502521822585,8.53846,gene_signature,1.0,pass
TTGAACGTCAGCGATT-1-54-0-0,0.35382851845658747,12.077272,gene_signature,1.0,pass
TTGACTTTCATCTGCC-1-54-0-0,0.203094052455008,10.17821,gene_signature,1.0,pass
TTGACTTTCGTAGGTT-1-54-0-0,0.41088537670063985,15.547175,gene_signature,1.0,pass
TTGACTTTCTTTAGTC-1-54-0-0,0.03133382485183203,18.634363,gene_signature,1.0,pass
TTGCCGTAGCATGGCA-1-54-0-0,0.10278698322484607,13.80822,gene_signature,1.0,pass
TTGCCGTTCCCTCTTT-1-54-0-0,0.13349770099062136,13.092664,gene_signature,1.0,pass
TTGCCGTTCTTCAACT-1-54-0-0,0.1737446781445253,17.620352,gene_signature,1.0,pass
TTGGAACAGAGGGCTT-1-54-0-0,0.687357226027707,12.348288,gene_signature,1.0,pass
TTGGAACTCTTGGGTA-1-54-0-0,0.14729175240570233,17.619957,gene_signature,1.0,pass
TTGGCAACAAGAAAGG-1-54-0-0,0.12167651089178286,11.533643,gene_signature,1.0,pass
TTGTAGGGTCTCATCC-1-54-0-0,0.09351344815839713,18.451733,gene_signature,1.0,pass
TTGTAGGGTGATAAGT-1-54-0-0,0.7208397835150047,10.285891,gene_signature,1.0,pass
TTGTAGGGTGGAAAGA-1-54-0-0,0.19509566473541376,13.983854,gene_signature,1.0,pass
TTTACTGAGCACAGGT-1-54-0-0,0.09834108878419687,17.507092,gene_signature,1.0,pass
TTTACTGCATCCGCGA-1-54-0-0,0.11616159816286971,7.8161535,gene_signature,1.0,pass
TTTATGCGTTCGTCTC-1-54-0-0,0.09265488241680778,18.288963,gene_signature,1.0,pass
TTTATGCTCGGTCTAA-1-54-0-0,0.23849872463131544,12.584853,gene_signature,1.0,pass
TTTATGCTCTGTCAAG-1-54-0-0,0.047309851536179226,19.951008,gene_signature,1.0,pass
TTTCCTCAGAGCTATA-1-54-0-0,0.11959049128187708,12.369522,gene_signature,1.0,pass
TTTCCTCCAAACTGTC-1-54-0-0,0.14738544729360453,16.733469,gene_signature,1.0,pass
TTTCCTCGTTAGAACA-1-54-0-0,0.2521185885504562,16.71613,gene_signature,1.0,pass
TTTGGTTAGAGTACAT-1-54-0-0,0.029646843414518925,19.168396,gene_signature,1.0,pass
TTTGGTTCAGGTTTCA-1-54-0-0,0.013181494278338363,19.642138,gene_signature,1.0,pass
TTTGGTTTCAAGAAGT-1-54-0-0,0.2843453609960345,17.448568,gene_signature,1.0,pass
TTTGTCACAACTTGAC-1-54-0-0,0.5361007073365666,14.020366,gene_signature,1.0,pass
TTTGTCACAGAAGCAC-1-54-0-0,0.4070686571261148,10.4878645,gene_signature,1.0,pass
TTTGTCAGTACAGCAG-1-54-0-0,0.014531430467649844,18.505018,gene_signature,1.0,pass
TTTGTCATCCCTAACC-1-54-0-0,0.06125946409112282,14.52844,gene_signature,1.0,pass
AAACCTGAGCCTATGT-1-55-0-0,0.029416782806052977,17.786629,gene_signature,1.0,pass
AAACCTGAGTGCGTGA-1-55-0-0,0.11377959871975707,14.666239,gene_signature,1.0,pass
AAACCTGCAGGGTATG-1-55-0-0,0.27981829767645916,13.801077,gene_signature,1.0,pass
AAACGGGGTTGTCTTT-1-55-0-0,0.04454929144965822,14.91479,gene_signature,1.0,pass
AAAGATGGTTTGTTGG-1-55-0-0,0.17514962759184569,19.234156,gene_signature,1.0,pass
AAAGATGTCAGAAATG-1-55-0-0,0.024208198655687962,16.408642,gene_signature,1.0,pass
AAAGATGTCCGGGTGT-1-55-0-0,0.12347026374845356,19.325264,gene_signature,1.0,pass
AAAGCAACACTGTCGG-1-55-0-0,0.08325368218012655,17.886711,gene_signature,1.0,pass
AAAGCAATCCCAGGTG-1-55-0-0,0.17603449656235365,12.103376,gene_signature,1.0,pass
AAAGTAGGTGTAATGA-1-55-0-0,0.0494872050411019,12.501346,gene_signature,1.0,pass
AAATGCCCAAGCCCAC-1-55-0-0,0.07012243053757744,15.5738735,gene_signature,1.0,pass
AAATGCCCAGTTCATG-1-55-0-0,0.012937221476883518,21.499012,gene_signature,1.0,pass
AAATGCCGTTCGTCTC-1-55-0-0,0.2430581452250375,10.096906,gene_signature,1.0,pass
AAATGCCTCATTGCGA-1-55-0-0,0.021098871266792857,14.147944,gene_signature,1.0,pass
AACACGTGTAGCACGA-1-55-0-0,0.31938386688391823,15.129321,gene_signature,1.0,pass
AACCATGCACAGCCCA-1-55-0-0,0.2070694723924731,11.853292,gene_signature,1.0,pass
AACCATGTCGGTCCGA-1-55-0-0,0.09705158737979933,10.363348,gene_signature,1.0,pass
AACCGCGGTTGGTTTG-1-55-0-0,0.2110723992468067,10.841034,gene_signature,1.0,pass
AACCGCGGTTGTACAC-1-55-0-0,0.06146261862441432,16.42861,gene_signature,1.0,pass
AACGTTGAGTTCGCAT-1-55-0-0,0.047127634926673774,12.308253,gene_signature,1.0,pass
AACGTTGAGTTGTCGT-1-55-0-0,0.03896846647267374,16.8251,gene_signature,1.0,pass
AACGTTGCAGCTGTAT-1-55-0-0,0.0076927717242998616,17.206085,gene_signature,1.0,pass
AACGTTGGTCATGCCG-1-55-0-0,0.18503785709932144,20.825459,gene_signature,1.0,pass
AACGTTGGTTCACCTC-1-55-0-0,0.27162511966948133,12.68923,gene_signature,1.0,pass
AACGTTGTCTCATTCA-1-55-0-0,0.09370214296848996,13.026136,gene_signature,1.0,pass
AACTCAGCAACACCTA-1-55-0-0,0.16490314620646757,13.63396,gene_signature,1.0,pass
AACTCAGCAATGAATG-1-55-0-0,0.12791086038111837,16.848925,gene_signature,1.0,pass
AACTCAGCATGGGACA-1-55-0-0,0.017209139074136508,15.723353,gene_signature,1.0,pass
AACTCAGTCATGTGGT-1-55-0-0,0.10945208485496916,13.534063,gene_signature,1.0,pass
AACTCAGTCCAGAAGG-1-55-0-0,0.10124128884930254,17.326513,gene_signature,1.0,pass
AACTCCCAGGCATTGG-1-55-0-0,0.49738364001986496,7.7178903,gene_signature,1.0,pass
AACTCCCTCCTTCAAT-1-55-0-0,0.020685102910400814,14.215775,gene_signature,1.0,pass
AACTCTTCACCAGCAC-1-55-0-0,0.12127948269675462,16.80558,gene_signature,1.0,pass
AACTGGTTCACGCGGT-1-55-0-0,0.012818872146215113,16.503757,gene_signature,1.0,pass
AACTGGTTCTGAGGGA-1-55-0-0,0.2004508377826885,12.139376,gene_signature,1.0,pass
AACTTTCAGTCGTTTG-1-55-0-0,0.0808194676118291,18.30981,gene_signature,1.0,pass
AACTTTCCATGCCCGA-1-55-0-0,0.06115650535971111,18.93401,gene_signature,1.0,pass
AACTTTCCATTTGCTT-1-55-0-0,0.07801868788177649,12.709587,gene_signature,1.0,pass
AACTTTCTCAGGTAAA-1-55-0-0,0.03540608726644105,13.3140335,gene_signature,1.0,pass
AAGCCGCTCAACGAAA-1-55-0-0,0.412449127996317,14.202608,gene_signature,1.0,pass
AAGCCGCTCCTCGCAT-1-55-0-0,0.07403309356852314,13.230533,gene_signature,1.0,pass
AAGGAGCAGCTTTGGT-1-55-0-0,0.07350918868485497,13.6397705,gene_signature,1.0,pass
AAGGAGCCACTCGACG-1-55-0-0,0.0990531057201124,14.512344,gene_signature,1.0,pass
AAGGAGCGTATAGTAG-1-55-0-0,0.40517122987415277,10.166165,gene_signature,1.0,pass
AAGGCAGCAATAGCGG-1-55-0-0,0.018819089317108895,18.104488,gene_signature,1.0,pass
AAGGCAGCATCGGACC-1-55-0-0,0.025081318439420262,18.21716,gene_signature,1.0,pass
AAGGCAGTCAAAGACA-1-55-0-0,0.3165928923927198,14.898412,gene_signature,1.0,pass
AAGGCAGTCTTCATGT-1-55-0-0,0.013197999041934338,15.475413,gene_signature,1.0,pass
AAGGTTCCAGACGCTC-1-55-0-0,0.01870312703698191,16.639704,gene_signature,1.0,pass
AAGGTTCGTGGCAAAC-1-55-0-0,0.10439714783000589,15.296976,gene_signature,1.0,pass
AAGGTTCTCTGCTGTC-1-55-0-0,0.01722712612624938,10.434312,gene_signature,1.0,pass
AAGTCTGAGGAATGGA-1-55-0-0,0.08387673765804626,15.881755,gene_signature,1.0,pass
AAGTCTGAGTACGCGA-1-55-0-0,0.4002680147145484,14.748116,gene_signature,1.0,pass
AAGTCTGGTACTTCTT-1-55-0-0,0.28705946100366214,11.284361,gene_signature,1.0,pass
AATCCAGAGATCGATA-1-55-0-0,0.08445687411045341,21.035442,gene_signature,1.0,pass
AATCCAGAGCCCAATT-1-55-0-0,0.11297271189032135,16.09334,gene_signature,1.0,pass
AATCCAGCAGTCTTCC-1-55-0-0,0.46918896224402823,10.735403,gene_signature,1.0,pass
AATCCAGGTCGCTTTC-1-55-0-0,0.02071806385027305,12.950663,gene_signature,1.0,pass
ACACCAAAGGGATCTG-1-55-0-0,0.0484525142325236,20.035185,gene_signature,1.0,pass
ACACCAACATACCATG-1-55-0-0,0.025127184031090554,9.293771,gene_signature,1.0,pass
ACACCAAGTACGCTGC-1-55-0-0,0.07033595640361008,15.599935,gene_signature,1.0,pass
ACACCAATCACTTATC-1-55-0-0,0.00929924936043092,17.807657,gene_signature,1.0,pass
ACACCCTAGTTCGATC-1-55-0-0,0.6310133489512142,14.275144,gene_signature,1.0,pass
ACACCCTGTAAGGATT-1-55-0-0,0.23277254310475182,9.191526,gene_signature,1.0,pass
ACACCGGAGCCACTAT-1-55-0-0,0.2809153164904636,9.381119,gene_signature,1.0,pass
ACACCGGCAGCCTGTG-1-55-0-0,0.16724105015437954,13.498291,gene_signature,1.0,pass
ACACTGAAGATCTGCT-1-55-0-0,0.005634894493218851,19.567478,gene_signature,1.0,pass
ACACTGAAGGCAATTA-1-55-0-0,0.021228856752955386,13.321383,gene_signature,1.0,pass
ACAGCCGAGGGCACTA-1-55-0-0,0.05347866711896008,9.771345,gene_signature,1.0,pass
ACAGCCGAGTGGGCTA-1-55-0-0,0.015730176368100555,13.589363,gene_signature,1.0,pass
ACAGCCGCATCACCCT-1-55-0-0,0.22096489548297518,10.154249,gene_signature,1.0,pass
ACAGCCGGTAATAGCA-1-55-0-0,0.09324486617080521,12.726013,gene_signature,1.0,pass
ACAGCCGTCTTCAACT-1-55-0-0,0.015046799523707877,14.203097,gene_signature,1.0,pass
ACAGCTACAAGGACAC-1-55-0-0,0.03558299643128472,19.245121,gene_signature,1.0,pass
ACAGCTAGTAAACGCG-1-55-0-0,0.09086649062818503,9.023803,gene_signature,1.0,pass
ACAGCTAGTAAGGGCT-1-55-0-0,0.19397201579269524,13.102643,gene_signature,1.0,pass
ACAGCTAGTATAGGGC-1-55-0-0,0.09185266403310946,20.721626,gene_signature,1.0,pass
ACATACGAGTGTACTC-1-55-0-0,0.3731016099184373,9.978593,gene_signature,1.0,pass
ACATACGTCGAATGCT-1-55-0-0,0.03321146278156377,20.815044,gene_signature,1.0,pass
ACATCAGAGGATGGTC-1-55-0-0,0.07582464832006382,18.96226,gene_signature,1.0,pass
ACATCAGCAAATCCGT-1-55-0-0,0.0820376196014864,14.469426,gene_signature,1.0,pass
ACATCAGCATGCCACG-1-55-0-0,0.3627320817814634,12.816083,gene_signature,1.0,pass
ACATGGTTCCTCAACC-1-55-0-0,0.08396125319551595,13.171819,gene_signature,1.0,pass
ACCAGTACATGATCCA-1-55-0-0,0.6047855213110687,17.475227,gene_signature,1.0,pass
ACCCACTAGAAACCGC-1-55-0-0,0.049946220475297995,13.272329,gene_signature,1.0,pass
ACCGTAAAGCCACTAT-1-55-0-0,0.43001455215954376,10.687957,gene_signature,1.0,pass
ACCGTAAAGCTGGAAC-1-55-0-0,0.04892697960477317,13.598775,gene_signature,1.0,pass
ACCGTAAAGGGTTCCC-1-55-0-0,0.15430434089032186,19.27314,gene_signature,1.0,pass
ACCGTAAGTCAAAGAT-1-55-0-0,0.03460694480818448,13.460787,gene_signature,1.0,pass
ACCTTTAAGATAGCAT-1-55-0-0,0.363055848361688,14.574179,gene_signature,1.0,pass
ACGAGCCAGCGAGAAA-1-55-0-0,0.11781580269253708,14.614016,gene_signature,1.0,pass
ACGAGCCAGCTCCTTC-1-55-0-0,0.22777199129864373,16.404175,gene_signature,1.0,pass
ACGAGCCGTCTTGTCC-1-55-0-0,0.037575005142094234,13.992076,gene_signature,1.0,pass
ACGATACCAATGGACG-1-55-0-0,0.049839915481418126,8.974713,gene_signature,1.0,pass
ACGATGTCAGCGTCCA-1-55-0-0,0.17963287604050596,14.004393,gene_signature,1.0,pass
ACGATGTGTCTCGTTC-1-55-0-0,0.012312653383193269,21.729328,gene_signature,1.0,pass
ACGATGTTCTAACCGA-1-55-0-0,0.020223804908181067,15.654289,gene_signature,1.0,pass
ACGCAGCCACAAGACG-1-55-0-0,0.05297960763145022,19.910946,gene_signature,1.0,pass
ACGCAGCTCGACAGCC-1-55-0-0,0.2082380269394161,9.942488,gene_signature,1.0,pass
ACGCCAGTCCTTTCGG-1-55-0-0,0.025425996946382933,19.777119,gene_signature,1.0,pass
ACGCCGAAGCTAAACA-1-55-0-0,0.0753612352709791,14.730265,gene_signature,1.0,pass
ACGCCGACACTTCTGC-1-55-0-0,0.1370504521580415,15.174368,gene_signature,1.0,pass
ACGCCGAGTGTTCTTT-1-55-0-0,0.1561824312488666,14.666748,gene_signature,1.0,pass
ACGCCGATCCGTAGTA-1-55-0-0,0.03708066810290918,12.100252,gene_signature,1.0,pass
ACGGAGAAGGCGTACA-1-55-0-0,0.013761907588597067,18.72855,gene_signature,1.0,pass
ACGGCCAGTGCAGACA-1-55-0-0,0.25634125084968196,9.035246,gene_signature,1.0,pass
ACGGCCAGTTTACTCT-1-55-0-0,0.17654596619762097,16.722422,gene_signature,1.0,pass
ACGGGTCAGAATGTGT-1-55-0-0,0.29004303033472895,7.7001534,gene_signature,1.0,pass
ACGTCAAGTAAGAGGA-1-55-0-0,0.05077631687072811,18.07281,gene_signature,1.0,pass
ACGTCAAGTGACTACT-1-55-0-0,0.2776618062702448,16.206203,gene_signature,1.0,pass
ACTATCTGTGCGGTAA-1-55-0-0,0.03064266700780275,10.110399,gene_signature,1.0,pass
ACTATCTTCGGAATCT-1-55-0-0,0.13749662676015367,10.056709,gene_signature,1.0,pass
ACTGAACCAACACCTA-1-55-0-0,0.008064847701596756,12.847003,gene_signature,1.0,pass
ACTGAACTCACCAGGC-1-55-0-0,0.011050183473490233,14.841171,gene_signature,1.0,pass
ACTGAGTAGCAGGTCA-1-55-0-0,0.03792309111244085,12.516462,gene_signature,1.0,pass
ACTGAGTCACGAAACG-1-55-0-0,0.08452185778840109,14.837422,gene_signature,1.0,pass
ACTGAGTCACTAAGTC-1-55-0-0,0.3372875108178427,12.302414,gene_signature,1.0,pass
ACTGAGTGTTATCCGA-1-55-0-0,0.059602523228019,19.991467,gene_signature,1.0,pass
ACTGATGAGACAGGCT-1-55-0-0,0.044986232703477215,20.6355,gene_signature,1.0,pass
ACTGATGGTTAAGAAC-1-55-0-0,0.1467333839171136,10.726339,gene_signature,1.0,pass
ACTGATGTCCTAGAAC-1-55-0-0,0.13094511219609337,12.301668,gene_signature,1.0,pass
ACTGCTCCAGATGGGT-1-55-0-0,0.06506938939800652,16.373434,gene_signature,1.0,pass
ACTGCTCCATACCATG-1-55-0-0,0.009286071584661767,15.770772,gene_signature,1.0,pass
ACTGCTCGTCGGCTCA-1-55-0-0,0.3748894215823249,17.996037,gene_signature,1.0,pass
ACTGTCCAGCCGCCTA-1-55-0-0,0.21432764739064045,16.099567,gene_signature,1.0,pass
ACTGTCCTCGCTGATA-1-55-0-0,0.020278235133318577,18.251453,gene_signature,1.0,pass
ACTTACTAGCGTGAGT-1-55-0-0,0.13321353096135194,7.8349442,gene_signature,1.0,pass
ACTTGTTAGAATGTGT-1-55-0-0,0.041446586282483676,12.607562,gene_signature,1.0,pass
ACTTGTTAGTGGGTTG-1-55-0-0,0.12742259124342975,15.093921,gene_signature,1.0,pass
ACTTGTTGTGAGGCTA-1-55-0-0,0.4951101426585233,9.021749,gene_signature,1.0,pass
ACTTGTTTCAATCTCT-1-55-0-0,0.03596267572328867,14.865771,gene_signature,1.0,pass
ACTTGTTTCCCTGACT-1-55-0-0,0.0032492834829223926,19.3535,gene_signature,1.0,pass
ACTTTCAAGAACTGTA-1-55-0-0,0.2458663275346827,15.113134,gene_signature,1.0,pass
ACTTTCAAGTATGACA-1-55-0-0,0.021327743851260336,19.34653,gene_signature,1.0,pass
ACTTTCAGTAGAGGAA-1-55-0-0,0.022604055065352128,10.942937,gene_signature,1.0,pass
AGAATAGAGGGATGGG-1-55-0-0,0.10279139777208238,8.920857,gene_signature,1.0,pass
AGAATAGGTAGAAAGG-1-55-0-0,0.0190850535397042,18.110659,gene_signature,1.0,pass
AGAATAGTCAGCTTAG-1-55-0-0,0.06321027900810652,14.252576,gene_signature,1.0,pass
AGACGTTAGGTCATCT-1-55-0-0,0.059836428214696105,17.874805,gene_signature,1.0,pass
AGACGTTCATTTCAGG-1-55-0-0,0.020253580769503874,17.26691,gene_signature,1.0,pass
AGACGTTGTCAGCTAT-1-55-0-0,0.03399879279470282,9.638107,gene_signature,1.0,pass
AGAGCGAAGAAAGTGG-1-55-0-0,0.010040721826263501,14.521521,gene_signature,1.0,pass
AGAGCGACACTCGACG-1-55-0-0,0.40681102154944604,8.942926,gene_signature,1.0,pass
AGAGCGATCCTCAATT-1-55-0-0,0.06203680811190108,16.529064,gene_signature,1.0,pass
AGAGCTTAGTACGTTC-1-55-0-0,0.03247546953885791,19.569458,gene_signature,1.0,pass
AGAGCTTCATCGGACC-1-55-0-0,0.09649321092692781,12.094067,gene_signature,1.0,pass
AGAGTGGCAGTCACTA-1-55-0-0,0.08378305799447391,21.916943,gene_signature,1.0,pass
AGAGTGGGTAACGCGA-1-55-0-0,0.02345695706401672,10.423519,gene_signature,1.0,pass
AGATCTGCAATCCGAT-1-55-0-0,0.2811660782786452,14.091848,gene_signature,1.0,pass
AGATTGCCATGCAACT-1-55-0-0,0.20247065888998755,9.693167,gene_signature,1.0,pass
AGATTGCGTCATGCAT-1-55-0-0,0.03536888851678986,11.444662,gene_signature,1.0,pass
AGCAGCCAGGGAAACA-1-55-0-0,0.012197896183592316,14.637906,gene_signature,1.0,pass
AGCAGCCAGTTTGCGT-1-55-0-0,0.0339639079214253,20.178005,gene_signature,1.0,pass
AGCAGCCGTGGTCCGT-1-55-0-0,0.12038588599640505,13.361333,gene_signature,1.0,pass
AGCATACAGGACATTA-1-55-0-0,0.0978520964633413,14.449503,gene_signature,1.0,pass
AGCCTAAAGATAGGAG-1-55-0-0,0.05883605733819523,13.439867,gene_signature,1.0,pass
AGCCTAACAATGACCT-1-55-0-0,0.09525257229205848,18.126736,gene_signature,1.0,pass
AGCGGTCAGTTGAGAT-1-55-0-0,0.5796506637123303,10.894612,gene_signature,1.0,pass
AGCGGTCGTAAACGCG-1-55-0-0,0.09560600579048392,12.534894,gene_signature,1.0,pass
AGCGGTCGTCTCCCTA-1-55-0-0,0.057388547302929895,14.507128,gene_signature,1.0,pass
AGCGTATGTTATTCTC-1-55-0-0,0.13074754931503552,18.908611,gene_signature,1.0,pass
AGCGTCGCAGGTGGAT-1-55-0-0,0.08796216371544938,14.68394,gene_signature,1.0,pass
AGCGTCGGTTGGTGGA-1-55-0-0,0.08931122522213847,17.986431,gene_signature,1.0,pass
AGCGTCGTCGCATGAT-1-55-0-0,0.03120285804323756,20.210348,gene_signature,1.0,pass
AGCTCCTTCTCCAGGG-1-55-0-0,0.08033202428475628,18.93015,gene_signature,1.0,pass
AGCTCTCAGCCTCGTG-1-55-0-0,0.1279192221591699,17.770796,gene_signature,1.0,pass
AGCTTGAAGAACTCGG-1-55-0-0,0.07976180103400758,14.233663,gene_signature,1.0,pass
AGGCCACAGTATGACA-1-55-0-0,0.015035822243811331,8.897108,gene_signature,1.0,pass
AGGCCGTCATACTACG-1-55-0-0,0.02065401596085489,17.62514,gene_signature,1.0,pass
AGGCCGTCATGCGCAC-1-55-0-0,0.09768920827244192,14.670198,gene_signature,1.0,pass
AGGCCGTCATGGTCAT-1-55-0-0,0.263541278746717,15.192119,gene_signature,1.0,pass
AGGCCGTGTAATCACC-1-55-0-0,0.23010232332347305,10.10659,gene_signature,1.0,pass
AGGGAGTAGAACTCGG-1-55-0-0,0.10324102319715892,9.824183,gene_signature,1.0,pass
AGGGAGTGTCCAGTAT-1-55-0-0,0.0997195675330015,12.940846,gene_signature,1.0,pass
AGGGATGAGACTAGAT-1-55-0-0,0.2900217148672785,14.995401,gene_signature,1.0,pass
AGGGATGAGCCGGTAA-1-55-0-0,0.4631985207604698,6.5139723,gene_signature,1.0,pass
AGGGATGTCATTGCGA-1-55-0-0,0.04755828602298456,15.255884,gene_signature,1.0,pass
AGGGTGAAGACGCTTT-1-55-0-0,0.2387285384938307,12.684336,gene_signature,1.0,pass
AGGGTGACACTGTTAG-1-55-0-0,0.01223232713999268,16.887287,gene_signature,1.0,pass
AGGGTGAGTCGTCTTC-1-55-0-0,0.18229903249310359,19.781727,gene_signature,1.0,pass
AGGTCCGAGTACGTAA-1-55-0-0,0.015754892632712594,12.333132,gene_signature,1.0,pass
AGGTCCGCAAGTACCT-1-55-0-0,0.31266019526258104,17.777372,gene_signature,1.0,pass
AGGTCCGCAAGTTCTG-1-55-0-0,0.03572921107001921,10.411533,gene_signature,1.0,pass
AGGTCCGGTAGGAGTC-1-55-0-0,0.03127222790557453,20.768995,gene_signature,1.0,pass
AGTAGTCAGCCAACAG-1-55-0-0,0.09308250862787444,18.892544,gene_signature,1.0,pass
AGTCTTTAGATAGTCA-1-55-0-0,0.1412947029262796,14.0477295,gene_signature,1.0,pass
AGTCTTTGTTAAAGAC-1-55-0-0,0.013500168516647645,13.061752,gene_signature,1.0,pass
AGTCTTTGTTCAACCA-1-55-0-0,0.04412877521432256,13.196544,gene_signature,1.0,pass
AGTCTTTTCCATGAGT-1-55-0-0,0.014904444963562361,19.877909,gene_signature,1.0,pass
AGTGAGGCAGCAGTTT-1-55-0-0,0.023277970733464985,18.850117,gene_signature,1.0,pass
AGTGAGGGTCTAGTCA-1-55-0-0,0.04353332555958638,14.336566,gene_signature,1.0,pass
AGTGAGGGTGGTCCGT-1-55-0-0,0.25438979045165117,15.166832,gene_signature,1.0,pass
AGTGAGGTCTGCTGCT-1-55-0-0,0.03743819487286124,8.489311,gene_signature,1.0,pass
AGTGGGAAGAAGGTGA-1-55-0-0,0.012923434076777554,21.417646,gene_signature,1.0,pass
AGTGGGACATCATCCC-1-55-0-0,0.09791740818935561,10.337056,gene_signature,1.0,pass
AGTGGGATCAACCAAC-1-55-0-0,0.027207345638625775,21.20203,gene_signature,1.0,pass
AGTGTCACACATGTGT-1-55-0-0,0.4508336959399479,11.025659,gene_signature,1.0,pass
AGTGTCATCCTTCAAT-1-55-0-0,0.16290650783171087,13.2361965,gene_signature,1.0,pass
AGTGTCATCCTTGACC-1-55-0-0,0.06753219094119964,19.722397,gene_signature,1.0,pass
AGTTGGTTCAGGCAAG-1-55-0-0,0.015462467172616012,18.277945,gene_signature,1.0,pass
ATAAGAGCACAACGTT-1-55-0-0,0.1361321505622838,11.631999,gene_signature,1.0,pass
ATAAGAGTCTGCTGTC-1-55-0-0,0.18746788767738498,10.82942,gene_signature,1.0,pass
ATAGACCGTAAATGAC-1-55-0-0,0.07045374112962634,16.156673,gene_signature,1.0,pass
ATAGACCGTGATAAGT-1-55-0-0,0.014047242668446832,13.801381,gene_signature,1.0,pass
ATCACGAAGACCTTTG-1-55-0-0,0.4016870186011712,19.853312,gene_signature,1.0,pass
ATCACGACAGTCCTTC-1-55-0-0,0.02547941592875379,17.250677,gene_signature,1.0,pass
ATCATCTCACACCGAC-1-55-0-0,0.01831165696297717,21.316593,gene_signature,1.0,pass
ATCATGGTCCTTGACC-1-55-0-0,0.08330455399779799,17.762888,gene_signature,1.0,pass
ATCCACCTCAACACGT-1-55-0-0,0.2562978182003781,14.681041,gene_signature,1.0,pass
ATCCGAACAAGAGTCG-1-55-0-0,0.02486254207296492,14.2195,gene_signature,1.0,pass
ATCCGAATCAAGAAGT-1-55-0-0,0.21011300643767689,15.5161915,gene_signature,1.0,pass
ATCGAGTAGCGTGAAC-1-55-0-0,0.08806617410881797,14.609047,gene_signature,1.0,pass
ATCGAGTTCGGTTCGG-1-55-0-0,0.02880662023983339,13.776799,gene_signature,1.0,pass
ATCTGCCAGGGTGTGT-1-55-0-0,0.2323009828980142,16.89093,gene_signature,1.0,pass
ATCTGCCTCTGAAAGA-1-55-0-0,0.21093165444328005,14.354437,gene_signature,1.0,pass
ATGCGATTCAAACCGT-1-55-0-0,0.206056995073419,16.546665,gene_signature,1.0,pass
ATGCGATTCCCTGACT-1-55-0-0,0.004727667466370794,17.511932,gene_signature,1.0,pass
ATGGGAGCACCCTATC-1-55-0-0,0.23283331149611622,8.949858,gene_signature,1.0,pass
ATGGGAGTCCACGAAT-1-55-0-0,0.04528292243619983,21.302746,gene_signature,1.0,pass
ATGGGAGTCTGTCAAG-1-55-0-0,0.24490328879147233,14.721942,gene_signature,1.0,pass
ATGTGTGGTTACGCGC-1-55-0-0,0.023580044362387358,19.68478,gene_signature,1.0,pass
ATGTGTGTCTTAGAGC-1-55-0-0,0.06616456684564133,15.494036,gene_signature,1.0,pass
ATTATCCAGGACAGAA-1-55-0-0,0.05360517791140903,19.809696,gene_signature,1.0,pass
ATTATCCGTGAAATCA-1-55-0-0,0.09582292140427309,12.869608,gene_signature,1.0,pass
ATTCTACCATCCGGGT-1-55-0-0,0.07001556830388725,14.53094,gene_signature,1.0,pass
ATTGGTGAGTGTACGG-1-55-0-0,0.05094075089928875,13.577454,gene_signature,1.0,pass
ATTGGTGCAAAGTCAA-1-55-0-0,0.046024030426767545,16.290607,gene_signature,1.0,pass
ATTGGTGCACAGACAG-1-55-0-0,0.021641402808476994,15.540548,gene_signature,1.0,pass
ATTGGTGGTCTCATCC-1-55-0-0,0.06842568655765088,14.674411,gene_signature,1.0,pass
ATTGGTGGTGCCTGTG-1-55-0-0,0.47030137279159423,14.755974,gene_signature,1.0,pass
ATTGGTGTCAGCGACC-1-55-0-0,0.12890894362261773,16.199675,gene_signature,1.0,pass
ATTGGTGTCCACGCAG-1-55-0-0,0.04890306382737123,14.16597,gene_signature,1.0,pass
ATTTCTGTCTTTAGGG-1-55-0-0,0.01741852823861858,10.467196,gene_signature,1.0,pass
CAACCTCCATGCTGGC-1-55-0-0,0.20307822585909374,13.2839985,gene_signature,1.0,pass
CAACCTCCATTTGCCC-1-55-0-0,0.08972785424882049,13.920001,gene_signature,1.0,pass
CAACTAGGTTCCAACA-1-55-0-0,0.1472887151148809,12.231651,gene_signature,1.0,pass
CAACTAGTCGCCAAAT-1-55-0-0,0.08254300712624867,17.017088,gene_signature,1.0,pass
CAAGAAACACGGCTAC-1-55-0-0,0.02511352999837695,18.800024,gene_signature,1.0,pass
CAAGAAACAGTATCTG-1-55-0-0,0.008186505495935314,21.685482,gene_signature,1.0,pass
CAAGAAAGTAGCGTCC-1-55-0-0,0.041078520827793834,12.214903,gene_signature,1.0,pass
CAAGATCCACAGACAG-1-55-0-0,0.015961450107628377,18.04211,gene_signature,1.0,pass
CAAGATCCACGGATAG-1-55-0-0,0.013938706642335003,18.822529,gene_signature,1.0,pass
CAAGATCGTCATGCAT-1-55-0-0,0.009487424856258118,15.394234,gene_signature,1.0,pass
CAAGGCCAGAACTGTA-1-55-0-0,0.1427669527286371,14.396715,gene_signature,1.0,pass
CAAGGCCGTACTCTCC-1-55-0-0,0.08748593875279567,17.736673,gene_signature,1.0,pass
CAAGGCCGTCTGGTCG-1-55-0-0,0.22443887387496453,13.520572,gene_signature,1.0,pass
CAAGTTGCAGCCAATT-1-55-0-0,0.3641866222618167,9.688415,gene_signature,1.0,pass
CAAGTTGCATGCTAGT-1-55-0-0,0.3620693749914633,10.598394,gene_signature,1.0,pass
CAAGTTGGTGTGAATA-1-55-0-0,0.14080494543373376,14.720505,gene_signature,1.0,pass
CACAAACAGCCGCCTA-1-55-0-0,0.02406903231954031,21.536715,gene_signature,1.0,pass
CACAAACTCCTTGGTC-1-55-0-0,0.047968946038357926,18.589977,gene_signature,1.0,pass
CACACAAAGCCAGTAG-1-55-0-0,0.05891136388122879,20.350307,gene_signature,1.0,pass
CACACAACACCAGTTA-1-55-0-0,0.2300997350132424,11.45734,gene_signature,1.0,pass
CACACAACATGACATC-1-55-0-0,0.024754468565794926,14.145029,gene_signature,1.0,pass
CACACAAGTTCGGGCT-1-55-0-0,0.04395343618259797,12.89728,gene_signature,1.0,pass
CACACCTGTATCGCAT-1-55-0-0,0.12501544280973315,15.138353,gene_signature,1.0,pass
CACAGGCCAAAGTGCG-1-55-0-0,0.20520649859471277,12.915291,gene_signature,1.0,pass
CACAGGCCAATAAGCA-1-55-0-0,0.12632036070761749,16.477238,gene_signature,1.0,pass
CACAGGCGTCGAACAG-1-55-0-0,0.23411418695634983,18.13386,gene_signature,1.0,pass
CACAGGCGTGTCCTCT-1-55-0-0,0.00678627551531874,20.674522,gene_signature,1.0,pass
CACAGTAAGACCTAGG-1-55-0-0,0.12912924796225222,13.950655,gene_signature,1.0,pass
CACAGTACAGTGGAGT-1-55-0-0,0.45256658090630053,14.378647,gene_signature,1.0,pass
CACAGTAGTCTAGTCA-1-55-0-0,0.035579437209187256,18.362148,gene_signature,1.0,pass
CACATAGAGAGGACGG-1-55-0-0,0.4522007084641594,12.333094,gene_signature,1.0,pass
CACATAGGTAGCCTCG-1-55-0-0,0.4067436972323488,8.825991,gene_signature,1.0,pass
CACATAGTCAGAGGTG-1-55-0-0,0.07660128505003473,20.590145,gene_signature,1.0,pass
CACATTTGTACTCAAC-1-55-0-0,0.01842955582575152,19.037878,gene_signature,1.0,pass
CACATTTTCTCCAACC-1-55-0-0,0.013439486444899049,10.805627,gene_signature,1.0,pass
CACCACTAGTCTCAAC-1-55-0-0,0.07430800553427537,17.362402,gene_signature,1.0,pass
CACCACTGTAAACGCG-1-55-0-0,0.1688378094075274,21.742098,gene_signature,1.0,pass
CACCACTGTACCGCTG-1-55-0-0,0.03407030359249484,17.598936,gene_signature,1.0,pass
CACCAGGGTATGGTTC-1-55-0-0,0.023556845826804285,20.439919,gene_signature,1.0,pass
CACCTTGAGAAGCCCA-1-55-0-0,0.10841476189853379,13.534609,gene_signature,1.0,pass
CACCTTGAGGACCACA-1-55-0-0,0.012958385885647105,15.118698,gene_signature,1.0,pass
CACCTTGAGTTACGGG-1-55-0-0,0.032997938109033474,15.022009,gene_signature,1.0,pass
CACCTTGCACGGATAG-1-55-0-0,0.07125241920093088,15.682138,gene_signature,1.0,pass
CACCTTGCACTCTGTC-1-55-0-0,0.018446115029537462,18.128845,gene_signature,1.0,pass
CACCTTGCATGTCCTC-1-55-0-0,0.03731913111232462,8.201014,gene_signature,1.0,pass
CACCTTGTCCACGTGG-1-55-0-0,0.396607271616355,18.935331,gene_signature,1.0,pass
CACCTTGTCTACTTAC-1-55-0-0,0.13923284020804355,11.858037,gene_signature,1.0,pass
CACCTTGTCTTCGAGA-1-55-0-0,0.07692818347597895,18.95412,gene_signature,1.0,pass
CACTCCAAGACTAAGT-1-55-0-0,0.16531454319638902,16.127811,gene_signature,1.0,pass
CAGAATCGTAGGGTAC-1-55-0-0,0.16611007535814754,15.533633,gene_signature,1.0,pass
CAGAATCGTCCATGAT-1-55-0-0,0.01320370355525867,18.526718,gene_signature,1.0,pass
CAGATCAAGAGTGAGA-1-55-0-0,0.18350409406192036,13.141634,gene_signature,1.0,pass
CAGATCAGTCTGCAAT-1-55-0-0,0.020910039801157645,14.630653,gene_signature,1.0,pass
CAGATCATCGGCATCG-1-55-0-0,0.007227086775711771,14.741466,gene_signature,1.0,pass
CAGCAGCAGGATATAC-1-55-0-0,0.24065684691580724,15.2332535,gene_signature,1.0,pass
CAGCATAGTAGCACGA-1-55-0-0,0.1824008349098661,15.604523,gene_signature,1.0,pass
CAGCATATCGTCTGAA-1-55-0-0,0.026482179684136197,13.666577,gene_signature,1.0,pass
CAGCCGAAGAGCTATA-1-55-0-0,0.14989060855542052,12.924929,gene_signature,1.0,pass
CAGCCGAAGCGTGAAC-1-55-0-0,0.009791302795156161,13.0774355,gene_signature,1.0,pass
CAGCCGAGTGACGCCT-1-55-0-0,0.038257677330568104,15.05663,gene_signature,1.0,pass
CAGCCGATCAAAGTAG-1-55-0-0,0.05071309613233845,15.731723,gene_signature,1.0,pass
CAGCGACGTACCGTTA-1-55-0-0,0.07217920610499215,21.66726,gene_signature,1.0,pass
CAGCTAAGTTTGACTG-1-55-0-0,0.05249086221820335,13.257222,gene_signature,1.0,pass
CAGCTGGAGAGCAATT-1-55-0-0,0.27427038966208467,16.402298,gene_signature,1.0,pass
CAGCTGGGTCCGAACC-1-55-0-0,0.06781920145980713,15.527527,gene_signature,1.0,pass
CAGGTGCCAAATACAG-1-55-0-0,0.04294329875583376,18.968403,gene_signature,1.0,pass
CAGGTGCTCGGATGTT-1-55-0-0,0.014742106154382853,18.849834,gene_signature,1.0,pass
CAGTAACCAAGTCTAC-1-55-0-0,0.07366758477596871,16.075415,gene_signature,1.0,pass
CAGTAACGTAGGACAC-1-55-0-0,0.016397377342769685,19.279198,gene_signature,1.0,pass
CAGTAACTCACAAACC-1-55-0-0,0.010092851108396795,22.024105,gene_signature,1.0,pass
CAGTCCTCAACCGCCA-1-55-0-0,0.013261588441376954,13.241526,gene_signature,1.0,pass
CATATGGCAGCTTAAC-1-55-0-0,0.07057978450436106,14.389188,gene_signature,1.0,pass
CATATGGGTCTGGTCG-1-55-0-0,0.09827444035487226,13.466009,gene_signature,1.0,pass
CATATTCTCGGGAGTA-1-55-0-0,0.022188496548825088,13.6593,gene_signature,1.0,pass
CATCAAGCATTCTTAC-1-55-0-0,0.0414138427616942,12.279161,gene_signature,1.0,pass
CATCAAGTCAACACCA-1-55-0-0,0.17029842497252107,18.214806,gene_signature,1.0,pass
CATCAAGTCCTAGTGA-1-55-0-0,0.04134237187403695,9.446154,gene_signature,1.0,pass
CATCAGAAGTACTTGC-1-55-0-0,0.1245171482152454,17.418869,gene_signature,1.0,pass
CATCAGATCTTCAACT-1-55-0-0,0.03731280712630456,19.636713,gene_signature,1.0,pass
CATCGAACAGATCGGA-1-55-0-0,0.7025398514973785,15.163057,gene_signature,1.0,pass
CATCGAAGTGACTACT-1-55-0-0,0.13618097555694436,16.680063,gene_signature,1.0,pass
CATCGAATCCTCAATT-1-55-0-0,0.08439960055493458,17.672789,gene_signature,1.0,pass
CATGACACACGCCAGT-1-55-0-0,0.19233297453092352,11.237511,gene_signature,1.0,pass
CATGCCTAGCGTTGCC-1-55-0-0,0.23225534248496965,11.401285,gene_signature,1.0,pass
CATGCCTGTTTGACTG-1-55-0-0,0.008020755593170005,16.704046,gene_signature,1.0,pass
CATGGCGAGGTAAACT-1-55-0-0,0.013034106074236235,14.082741,gene_signature,1.0,pass
CATGGCGCATTGGCGC-1-55-0-0,0.05252840380850817,16.97211,gene_signature,1.0,pass
CATGGCGTCAGCTCTC-1-55-0-0,0.12972242860263872,16.411428,gene_signature,1.0,pass
CATTATCAGACAAGCC-1-55-0-0,0.06155859593583107,14.900769,gene_signature,1.0,pass
CATTATCTCTCTGTCG-1-55-0-0,0.06213340963320411,8.734899,gene_signature,1.0,pass
CCAATCCAGCTACCTA-1-55-0-0,0.0381875667410248,14.965144,gene_signature,1.0,pass
CCAATCCTCAAAGTAG-1-55-0-0,0.18439665304027172,16.199574,gene_signature,1.0,pass
CCACCTAGTCAATACC-1-55-0-0,0.07340809860314187,14.438906,gene_signature,1.0,pass
CCACCTAGTCAGAGGT-1-55-0-0,0.014960166370085588,19.58013,gene_signature,1.0,pass
CCACCTAGTCGAACAG-1-55-0-0,0.22775838115245003,11.172331,gene_signature,1.0,pass
CCACCTATCTCTTGAT-1-55-0-0,0.0564941326428649,19.106289,gene_signature,1.0,pass
CCACGGAGTCAAAGCG-1-55-0-0,0.00898409692575476,22.248451,gene_signature,1.0,pass
CCACGGATCATTATCC-1-55-0-0,0.05668018943747344,16.271778,gene_signature,1.0,pass
CCACGGATCTCAAGTG-1-55-0-0,0.01885893276813603,16.296524,gene_signature,1.0,pass
CCACTACAGGTTCCTA-1-55-0-0,0.020514586011262295,18.84975,gene_signature,1.0,pass
CCACTACTCAACCAAC-1-55-0-0,0.007989260217299532,16.792826,gene_signature,1.0,pass
CCAGCGAAGAGTCGGT-1-55-0-0,0.05114264587750743,15.28641,gene_signature,1.0,pass
CCATGTCAGACTAAGT-1-55-0-0,0.36306140374722207,8.330254,gene_signature,1.0,pass
CCATGTCAGTCTCCTC-1-55-0-0,0.5353365340289977,10.038755,gene_signature,1.0,pass
CCATGTCTCTACTATC-1-55-0-0,0.18118895868467358,21.294819,gene_signature,1.0,pass
CCATTCGCACGCCAGT-1-55-0-0,0.09842042797453895,12.861569,gene_signature,1.0,pass
CCATTCGGTGCTTCTC-1-55-0-0,0.021059985101082264,22.023148,gene_signature,1.0,pass
CCCAATCGTAGCGATG-1-55-0-0,0.019950040841200375,17.427141,gene_signature,1.0,pass
CCCAATCGTTGACGTT-1-55-0-0,0.018863086499165734,12.081983,gene_signature,1.0,pass
CCCAGTTCATACTACG-1-55-0-0,0.14036513584883106,13.722035,gene_signature,1.0,pass
CCCAGTTCATCTATGG-1-55-0-0,0.15113012932296668,13.333592,gene_signature,1.0,pass
CCCAGTTGTAATTGGA-1-55-0-0,0.13491661823574447,14.335429,gene_signature,1.0,pass
CCCAGTTGTAGTACCT-1-55-0-0,0.07586867404738247,14.94306,gene_signature,1.0,pass
CCCATACTCGCCAAAT-1-55-0-0,0.017645083693910216,21.497478,gene_signature,1.0,pass
CCCATACTCTGGCGTG-1-55-0-0,0.020013199111707063,19.97175,gene_signature,1.0,pass
CCCTCCTAGAGACTTA-1-55-0-0,0.03179269192965399,18.028866,gene_signature,1.0,pass
CCCTCCTAGTAACCCT-1-55-0-0,0.1002427835929656,14.490832,gene_signature,1.0,pass
CCCTCCTTCCAAATGC-1-55-0-0,0.011704395475975552,21.658875,gene_signature,1.0,pass
CCCTCCTTCTACTCAT-1-55-0-0,0.2109650517856098,12.453967,gene_signature,1.0,pass
CCGGGATCATGCTGGC-1-55-0-0,0.050753777179809854,9.095278,gene_signature,1.0,pass
CCGGGATGTCATACTG-1-55-0-0,0.07977808933946748,11.369965,gene_signature,1.0,pass
CCGGGATGTGACGGTA-1-55-0-0,0.14561671116103017,9.746785,gene_signature,1.0,pass
CCGGTAGAGAGTGACC-1-55-0-0,0.03583801973269711,13.134333,gene_signature,1.0,pass
CCGGTAGAGCAATCTC-1-55-0-0,0.03447875577157802,15.503703,gene_signature,1.0,pass
CCGGTAGCACAGATTC-1-55-0-0,0.030044197906607596,14.923227,gene_signature,1.0,pass
CCGGTAGCACAGGAGT-1-55-0-0,0.02988541056091625,19.563358,gene_signature,1.0,pass
CCGGTAGCATGTAAGA-1-55-0-0,0.14701910452183403,16.946724,gene_signature,1.0,pass
CCGGTAGGTAGCGTAG-1-55-0-0,0.04914334454514498,17.595974,gene_signature,1.0,pass
CCGGTAGTCTATGTGG-1-55-0-0,0.0245595683640211,18.454597,gene_signature,1.0,pass
CCGTACTTCAACACAC-1-55-0-0,0.2480903693643492,13.668398,gene_signature,1.0,pass
CCGTACTTCATCACCC-1-55-0-0,0.09203771753719972,13.3955965,gene_signature,1.0,pass
CCGTGGAGTTCCATGA-1-55-0-0,0.11548851934423021,14.871274,gene_signature,1.0,pass
CCGTTCACACTTCGAA-1-55-0-0,0.17083417302742038,13.207726,gene_signature,1.0,pass
CCGTTCACATGCGCAC-1-55-0-0,0.4498410910028987,11.096109,gene_signature,1.0,pass
CCGTTCATCCTCTAGC-1-55-0-0,0.01669539107647662,13.953697,gene_signature,1.0,pass
CCTAAAGAGATCGGGT-1-55-0-0,0.049784415571284005,21.62932,gene_signature,1.0,pass
CCTAAAGCAGGCTCAC-1-55-0-0,0.0074032443924451265,19.758926,gene_signature,1.0,pass
CCTACACAGTGGTCCC-1-55-0-0,0.024493052644996877,20.190302,gene_signature,1.0,pass
CCTACACCAGATGAGC-1-55-0-0,0.1388623843981544,15.335118,gene_signature,1.0,pass
CCTACACTCCCTTGCA-1-55-0-0,0.4340795810324063,9.737995,gene_signature,1.0,pass
CCTACCACACTTAACG-1-55-0-0,0.1520104423412465,15.225329,gene_signature,1.0,pass
CCTACCAGTTCACCTC-1-55-0-0,0.04915379699605883,19.50539,gene_signature,1.0,pass
CCTACCAGTTTACTCT-1-55-0-0,0.18034824033757846,6.671469,gene_signature,1.0,pass
CCTACCATCGTTGACA-1-55-0-0,0.018977021340644672,14.1651325,gene_signature,1.0,pass
CCTACCATCTTGTCAT-1-55-0-0,0.06023945421133584,9.512736,gene_signature,1.0,pass
CCTAGCTGTGTTTGGT-1-55-0-0,0.05524329880841942,17.995052,gene_signature,1.0,pass
CCTAGCTTCAGAGCTT-1-55-0-0,0.6139131379966812,11.296795,gene_signature,1.0,pass
CCTAGCTTCTAACTGG-1-55-0-0,0.05310205499370889,18.634039,gene_signature,1.0,pass
CCTATTAGTCGGCATC-1-55-0-0,0.055025930277564264,14.739963,gene_signature,1.0,pass
CCTATTATCTGACCTC-1-55-0-0,0.29054969799811803,14.092165,gene_signature,1.0,pass
CCTCAGTAGCCAGTAG-1-55-0-0,0.22383872246450678,15.67926,gene_signature,1.0,pass
CCTCAGTGTGCTCTTC-1-55-0-0,0.009502635260293848,16.927967,gene_signature,1.0,pass
CCTCTGAAGCTACCTA-1-55-0-0,0.2368658557011166,13.277803,gene_signature,1.0,pass
CCTCTGACAGTCGATT-1-55-0-0,0.07431750943291168,16.005747,gene_signature,1.0,pass
CCTCTGACATTGGTAC-1-55-0-0,0.11154229455422685,15.22762,gene_signature,1.0,pass
CCTCTGATCTCAAACG-1-55-0-0,0.06406426884080675,12.2497425,gene_signature,1.0,pass
CCTTACGCACCGAATT-1-55-0-0,0.16619130861684955,14.780545,gene_signature,1.0,pass
CCTTACGGTCGCATCG-1-55-0-0,0.10161781383760796,21.5975,gene_signature,1.0,pass
CCTTACGGTTTGCATG-1-55-0-0,0.08210825346233838,17.730268,gene_signature,1.0,pass
CCTTACGTCACGACTA-1-55-0-0,0.05098245389265854,14.663714,gene_signature,1.0,pass
CCTTCCCGTTAAGACA-1-55-0-0,0.12389635251506811,13.829634,gene_signature,1.0,pass
CCTTTCTAGTGTGAAT-1-55-0-0,0.11580415942483539,13.651892,gene_signature,1.0,pass
CCTTTCTAGTTCGCAT-1-55-0-0,0.018308907830539612,12.341988,gene_signature,1.0,pass
CGAACATAGTAGATGT-1-55-0-0,0.026932547971735877,14.4008,gene_signature,1.0,pass
CGACCTTAGGATATAC-1-55-0-0,0.01063255855095344,12.492071,gene_signature,1.0,pass
CGACCTTGTCCCTTGT-1-55-0-0,0.034177249679156044,19.825527,gene_signature,1.0,pass
CGACCTTTCACCACCT-1-55-0-0,0.5857572796663731,11.432551,gene_signature,1.0,pass
CGACCTTTCGGCGCTA-1-55-0-0,0.04362306386048208,19.990059,gene_signature,1.0,pass
CGACCTTTCGTGGGAA-1-55-0-0,0.18374592247687843,15.132471,gene_signature,1.0,pass
CGACTTCGTATAATGG-1-55-0-0,0.06840941361034973,19.687967,gene_signature,1.0,pass
CGACTTCTCCCACTTG-1-55-0-0,0.21992729138326833,10.461999,gene_signature,1.0,pass
CGAGAAGCAAGTAGTA-1-55-0-0,0.1091199596250002,15.181662,gene_signature,1.0,pass
CGAGAAGGTAGGGACT-1-55-0-0,0.16799480558101984,17.64689,gene_signature,1.0,pass
CGAGCACAGTAGCCGA-1-55-0-0,0.08506701525021747,21.570042,gene_signature,1.0,pass
CGAGCACCAGCCACCA-1-55-0-0,0.012580691357451402,14.862515,gene_signature,1.0,pass
CGAGCACCAGTTCATG-1-55-0-0,0.014041689708414296,16.095133,gene_signature,1.0,pass
CGAGCACCATGCTAGT-1-55-0-0,0.04007879735501043,15.662847,gene_signature,1.0,pass
CGAGCCACAAACGCGA-1-55-0-0,0.02898400692906245,14.965109,gene_signature,1.0,pass
CGAGCCACACCGAATT-1-55-0-0,0.17196865576583148,8.960167,gene_signature,1.0,pass
CGAGCCAGTGATGATA-1-55-0-0,0.46235375800763856,9.808112,gene_signature,1.0,pass
CGAGCCAGTGGGTCAA-1-55-0-0,0.18008014563200267,11.583448,gene_signature,1.0,pass
CGATCGGAGGGCACTA-1-55-0-0,0.023021194354073897,16.984438,gene_signature,1.0,pass
CGATCGGCACCAGTTA-1-55-0-0,0.011853700829351745,18.363064,gene_signature,1.0,pass
CGATCGGGTTACCAGT-1-55-0-0,0.23350172951009932,16.918955,gene_signature,1.0,pass
CGATCGGTCCAACCAA-1-55-0-0,0.13612492075030774,9.468859,gene_signature,1.0,pass
CGATGGCAGATAGCAT-1-55-0-0,0.04819303020346019,14.848903,gene_signature,1.0,pass
CGATGTAAGCTGCCCA-1-55-0-0,0.06412001790260854,17.183823,gene_signature,1.0,pass
CGATTGAAGAATTCCC-1-55-0-0,0.1465755699141648,12.959819,gene_signature,1.0,pass
CGATTGAAGAGACGAA-1-55-0-0,0.16846975518995577,15.828555,gene_signature,1.0,pass
CGCCAAGGTACAGTGG-1-55-0-0,0.347253859414067,16.996433,gene_signature,1.0,pass
CGCGGTAGTCGAACAG-1-55-0-0,0.009275993570733668,14.397199,gene_signature,1.0,pass
CGCGGTATCGCTTAGA-1-55-0-0,0.2059510649158313,12.849683,gene_signature,1.0,pass
CGCGTTTCAGGTCCAC-1-55-0-0,0.13042302452527116,17.863758,gene_signature,1.0,pass
CGCGTTTGTAGTAGTA-1-55-0-0,0.04409212308178682,17.642788,gene_signature,1.0,pass
CGCTATCGTACGAAAT-1-55-0-0,0.31810257969030686,15.344859,gene_signature,1.0,pass
CGCTATCTCGGCTACG-1-55-0-0,0.07584970625362014,7.322165,gene_signature,1.0,pass
CGCTGGAAGACACGAC-1-55-0-0,0.1710410484589402,15.281881,gene_signature,1.0,pass
CGCTTCACAAGAAGAG-1-55-0-0,0.21913661952225585,16.367052,gene_signature,1.0,pass
CGGACACGTCGAGATG-1-55-0-0,0.03725983339380357,16.13352,gene_signature,1.0,pass
CGGAGCTCACGGTGTC-1-55-0-0,0.11741338163341508,16.617756,gene_signature,1.0,pass
CGGAGCTGTGAAGGCT-1-55-0-0,0.03043410636851182,16.762676,gene_signature,1.0,pass
CGGAGTCCATGTTGAC-1-55-0-0,0.009765361363563959,16.132278,gene_signature,1.0,pass
CGGAGTCGTGTCTGAT-1-55-0-0,0.11933484428461971,17.452206,gene_signature,1.0,pass
CGGAGTCGTTAGAACA-1-55-0-0,0.018289050348456314,17.063808,gene_signature,1.0,pass
CGGCTAGCAGCGATCC-1-55-0-0,0.06201191203778448,20.997274,gene_signature,1.0,pass
CGGGTCACAAGTTGTC-1-55-0-0,0.029461086806634222,20.44539,gene_signature,1.0,pass
CGGGTCACATCCGTGG-1-55-0-0,0.058359964179915,19.328524,gene_signature,1.0,pass
CGGTTAACATGTAAGA-1-55-0-0,0.12232360821765989,15.908463,gene_signature,1.0,pass
CGGTTAATCCAATGGT-1-55-0-0,0.0069852151099754735,20.674902,gene_signature,1.0,pass
CGTAGCGAGCGTAGTG-1-55-0-0,0.015870534182272775,17.813519,gene_signature,1.0,pass
CGTAGCGAGTGAAGAG-1-55-0-0,0.8551441784043391,13.652702,gene_signature,1.0,pass
CGTAGCGGTCAATGTC-1-55-0-0,0.07936850983572591,10.548431,gene_signature,1.0,pass
CGTAGCGGTTTAAGCC-1-55-0-0,0.009935979169504495,16.643642,gene_signature,1.0,pass
CGTAGGCCACCCATGG-1-55-0-0,0.48696107331897087,9.691105,gene_signature,1.0,pass
CGTAGGCCAGGAATCG-1-55-0-0,0.09466455154023809,17.247183,gene_signature,1.0,pass
CGTAGGCGTCTCTTTA-1-55-0-0,0.06655594611102025,17.410435,gene_signature,1.0,pass
CGTCACTCAGGTGGAT-1-55-0-0,0.1700225819330802,13.332186,gene_signature,1.0,pass
CGTCACTCAGTGGGAT-1-55-0-0,0.10687869057469226,20.725096,gene_signature,1.0,pass
CGTCACTGTACATCCA-1-55-0-0,0.28394629966990503,16.481598,gene_signature,1.0,pass
CGTCACTTCGTACCGG-1-55-0-0,0.05328989567262625,13.85508,gene_signature,1.0,pass
CGTCAGGTCTAACTTC-1-55-0-0,0.04559117886999118,16.066504,gene_signature,1.0,pass
CGTCCATAGAAGGTGA-1-55-0-0,0.0028884898057992946,17.808119,gene_signature,1.0,pass
CGTCCATAGCCACTAT-1-55-0-0,0.06975251133915308,13.114502,gene_signature,1.0,pass
CGTCCATGTCCAAGTT-1-55-0-0,0.17688573056710688,17.918896,gene_signature,1.0,pass
CGTCTACAGTCGAGTG-1-55-0-0,0.20365651214012476,16.99782,gene_signature,1.0,pass
CGTGAGCCAAATCCGT-1-55-0-0,0.04862136958356751,12.366318,gene_signature,1.0,pass
CGTGAGCCATCTCGCT-1-55-0-0,0.06635933164403648,15.74118,gene_signature,1.0,pass
CGTGAGCGTCGAAAGC-1-55-0-0,0.5725339758743135,12.730171,gene_signature,1.0,pass
CGTGAGCTCTTTCCTC-1-55-0-0,0.1177995842627108,14.583815,gene_signature,1.0,pass
CGTGTAAAGTGGCACA-1-55-0-0,0.008652976320537346,15.856363,gene_signature,1.0,pass
CGTGTAACACTAAGTC-1-55-0-0,0.009704145793993283,13.364316,gene_signature,1.0,pass
CGTGTAAGTGCCTGGT-1-55-0-0,0.028794025528878654,15.022771,gene_signature,1.0,pass
CGTGTAATCGTGGGAA-1-55-0-0,0.050785532717276614,18.370531,gene_signature,1.0,pass
CGTGTCTAGGGAACGG-1-55-0-0,0.3183229364905,15.143667,gene_signature,1.0,pass
CGTGTCTGTAGAGCTG-1-55-0-0,0.012437996356124997,20.903692,gene_signature,1.0,pass
CGTGTCTTCGCCTGAG-1-55-0-0,0.13986120769906113,21.81934,gene_signature,1.0,pass
CGTTAGACAGTCCTTC-1-55-0-0,0.04635633770434921,11.979217,gene_signature,1.0,pass
CGTTAGAGTAGTGAAT-1-55-0-0,0.011538518973510327,15.061821,gene_signature,1.0,pass
CGTTCTGAGTTACCCA-1-55-0-0,0.30561046000702247,13.121546,gene_signature,1.0,pass
CGTTGGGAGAAACCGC-1-55-0-0,0.011297715951933294,19.909159,gene_signature,1.0,pass
CGTTGGGAGTGTACTC-1-55-0-0,0.16167079354356767,12.509549,gene_signature,1.0,pass
CGTTGGGCAAACAACA-1-55-0-0,0.04376808955560019,14.649533,gene_signature,1.0,pass
CGTTGGGGTTGTGGAG-1-55-0-0,0.04634125414436431,13.2096195,gene_signature,1.0,pass
CTAACTTAGAAGCCCA-1-55-0-0,0.2563001397011974,11.579593,gene_signature,1.0,pass
CTAACTTAGCAATCTC-1-55-0-0,0.04106401831376486,14.610878,gene_signature,1.0,pass
CTAACTTGTATGAATG-1-55-0-0,0.18577861917186084,18.450329,gene_signature,1.0,pass
CTAAGACTCGTCTGCT-1-55-0-0,0.047017200196002175,9.693438,gene_signature,1.0,pass
CTAATGGAGGCTAGGT-1-55-0-0,0.055940383046915496,21.84094,gene_signature,1.0,pass
CTACACCAGTGGTAAT-1-55-0-0,0.1856474780136509,9.1477375,gene_signature,1.0,pass
CTACACCAGTTATCGC-1-55-0-0,0.029821182216556618,15.2738495,gene_signature,1.0,pass
CTACACCCACCCTATC-1-55-0-0,0.03354297907434738,16.379635,gene_signature,1.0,pass
CTACACCCATCATCCC-1-55-0-0,0.14921187173506084,8.35114,gene_signature,1.0,pass
CTACACCGTTTAGGAA-1-55-0-0,0.03994352613626189,19.787588,gene_signature,1.0,pass
CTACATTAGTACGTAA-1-55-0-0,0.15605166241758503,14.394867,gene_signature,1.0,pass
CTACATTTCCATGAAC-1-55-0-0,0.07596520946130007,18.300186,gene_signature,1.0,pass
CTACATTTCCTATTCA-1-55-0-0,0.13317226202644977,21.108862,gene_signature,1.0,pass
CTACCCAGTAACGACG-1-55-0-0,0.07659382495448384,16.27914,gene_signature,1.0,pass
CTACCCAGTTCGTTGA-1-55-0-0,0.030452466364767672,19.52737,gene_signature,1.0,pass
CTACCCATCGATAGAA-1-55-0-0,0.018393402239551986,15.2929945,gene_signature,1.0,pass
CTACGTCCACTTAAGC-1-55-0-0,0.33002395859177985,19.371647,gene_signature,1.0,pass
CTACGTCCATTCGACA-1-55-0-0,0.2572329886561021,19.087069,gene_signature,1.0,pass
CTACGTCGTCTAGGTT-1-55-0-0,0.7677000886282035,11.757635,gene_signature,1.0,pass
CTACGTCTCCAGTATG-1-55-0-0,0.34221774210791117,13.510335,gene_signature,1.0,pass
CTAGAGTGTCGCCATG-1-55-0-0,0.022295723547071995,14.384997,gene_signature,1.0,pass
CTAGCCTGTATTCTCT-1-55-0-0,0.12577750709617075,15.179278,gene_signature,1.0,pass
CTAGCCTGTCTAACGT-1-55-0-0,0.04558416490274184,13.250208,gene_signature,1.0,pass
CTAGCCTTCAAAGACA-1-55-0-0,0.009861757655066774,12.958158,gene_signature,1.0,pass
CTAGCCTTCATCTGTT-1-55-0-0,0.05384612860093778,15.510762,gene_signature,1.0,pass
CTAGCCTTCTGGTTCC-1-55-0-0,0.07270175321032381,15.709717,gene_signature,1.0,pass
CTAGTGAAGCGCCTCA-1-55-0-0,0.031399469036822655,12.236776,gene_signature,1.0,pass
CTAGTGACAAAGCAAT-1-55-0-0,0.06925338856527558,11.89875,gene_signature,1.0,pass
CTCACACAGGCTACGA-1-55-0-0,0.11356693252215036,19.343222,gene_signature,1.0,pass
CTCACACCACAAGTAA-1-55-0-0,0.18646848293014276,17.349915,gene_signature,1.0,pass
CTCACACCATTAACCG-1-55-0-0,0.08313990491962166,9.67796,gene_signature,1.0,pass
CTCACACGTAACGACG-1-55-0-0,0.1359399082394536,16.54118,gene_signature,1.0,pass
CTCACACGTTCAGTAC-1-55-0-0,0.06914893453551701,15.445299,gene_signature,1.0,pass
CTCAGAAAGCAATATG-1-55-0-0,0.19299601605590955,13.943602,gene_signature,1.0,pass
CTCAGAAAGGTGCAAC-1-55-0-0,0.08633208757331916,10.180217,gene_signature,1.0,pass
CTCAGAACATGTTCCC-1-55-0-0,0.012895152346827346,13.298947,gene_signature,1.0,pass
CTCATTAAGCCCGAAA-1-55-0-0,0.18372592499434717,12.941107,gene_signature,1.0,pass
CTCATTAGTCTAGTGT-1-55-0-0,0.0629751085401839,18.099174,gene_signature,1.0,pass
CTCCTAGAGTGGGCTA-1-55-0-0,0.1759790792764993,14.47711,gene_signature,1.0,pass
CTCGAAACATGGTCAT-1-55-0-0,0.056052404682676284,8.870931,gene_signature,1.0,pass
CTCGAAAGTCTAGTCA-1-55-0-0,0.017521351295531874,21.662682,gene_signature,1.0,pass
CTCGAAATCATGCATG-1-55-0-0,0.11154572272043708,13.312686,gene_signature,1.0,pass
CTCGAGGCACCCATTC-1-55-0-0,0.03224790456382411,18.267548,gene_signature,1.0,pass
CTCGAGGGTAAAGTCA-1-55-0-0,0.1503494099086457,13.62472,gene_signature,1.0,pass
CTCGGAGTCCGTTGTC-1-55-0-0,0.008459472771625402,19.984995,gene_signature,1.0,pass
CTCGGGAAGCAATCTC-1-55-0-0,0.0964250011764971,17.501232,gene_signature,1.0,pass
CTCGGGAGTCAATGTC-1-55-0-0,0.12318356929496821,21.012375,gene_signature,1.0,pass
CTCGGGATCCTACAGA-1-55-0-0,0.03961087214536567,15.088857,gene_signature,1.0,pass
CTCGTACCACAAGCCC-1-55-0-0,0.0682546169503078,12.194278,gene_signature,1.0,pass
CTCGTCAAGACGACGT-1-55-0-0,0.20903979165015668,14.333488,gene_signature,1.0,pass
CTCGTCAAGCTAGTGG-1-55-0-0,0.03162043096795372,11.935278,gene_signature,1.0,pass
CTCGTCATCCGCTGTT-1-55-0-0,0.07798816148106581,8.734396,gene_signature,1.0,pass
CTCGTCATCTGAAAGA-1-55-0-0,0.09966386108992874,13.34386,gene_signature,1.0,pass
CTCTAATAGGGCATGT-1-55-0-0,0.01339684068608206,17.725842,gene_signature,1.0,pass
CTCTAATGTGGTTTCA-1-55-0-0,0.15983957877498658,19.766203,gene_signature,1.0,pass
CTCTAATGTTAAAGTG-1-55-0-0,0.010528785758419004,21.04079,gene_signature,1.0,pass
CTCTAATTCCACTGGG-1-55-0-0,0.016556750300625832,21.590261,gene_signature,1.0,pass
CTCTACGAGAGGTAGA-1-55-0-0,0.2888946665736276,12.470953,gene_signature,1.0,pass
CTCTACGCAATCACAC-1-55-0-0,0.3407922806982848,11.571323,gene_signature,1.0,pass
CTGAAACAGGAATGGA-1-55-0-0,0.09981331403432948,17.287323,gene_signature,1.0,pass
CTGAAACGTGATAAAC-1-55-0-0,0.05167900511526281,14.727414,gene_signature,1.0,pass
CTGAAACTCGGAAACG-1-55-0-0,0.13811040588181667,16.996624,gene_signature,1.0,pass
CTGAAGTCACATGGGA-1-55-0-0,0.02619666926001707,16.50328,gene_signature,1.0,pass
CTGAAGTCATCAGTAC-1-55-0-0,0.035819381243142115,16.904299,gene_signature,1.0,pass
CTGAAGTCATTGCGGC-1-55-0-0,0.02432697054456808,12.847174,gene_signature,1.0,pass
CTGAAGTGTACTTAGC-1-55-0-0,0.06483974690003316,11.65003,gene_signature,1.0,pass
CTGATAGGTAGAGCTG-1-55-0-0,0.0622241887524162,16.981867,gene_signature,1.0,pass
CTGATAGTCATGGTCA-1-55-0-0,0.23820186544543845,12.872502,gene_signature,1.0,pass
CTGATAGTCTCCAACC-1-55-0-0,0.12416781469624197,12.6509905,gene_signature,1.0,pass
CTGATCCGTTCCAACA-1-55-0-0,0.12215673412755856,11.878714,gene_signature,1.0,pass
CTGCCTACACCGAATT-1-55-0-0,0.1817631326873501,17.343113,gene_signature,1.0,pass
CTGCCTACATAACCTG-1-55-0-0,0.0365828389224645,18.60894,gene_signature,1.0,pass
CTGCCTAGTAAGTGTA-1-55-0-0,0.3124989421916302,12.875272,gene_signature,1.0,pass
CTGCCTAGTGTGAAAT-1-55-0-0,0.38078503565801336,9.707314,gene_signature,1.0,pass
CTGCCTAGTTAGAACA-1-55-0-0,0.17123912633580077,10.444353,gene_signature,1.0,pass
CTGCCTATCAGAGACG-1-55-0-0,0.2716045070205707,12.549964,gene_signature,1.0,pass
CTGCGGATCCCTGACT-1-55-0-0,0.1501745433300095,14.022464,gene_signature,1.0,pass
CTGCTGTCAATAACGA-1-55-0-0,0.4583946663214379,20.519367,gene_signature,1.0,pass
CTGCTGTCACTTCTGC-1-55-0-0,0.14154859123558466,15.306966,gene_signature,1.0,pass
CTGCTGTGTATGAATG-1-55-0-0,0.006912051345401893,18.429523,gene_signature,1.0,pass
CTGCTGTTCACTCTTA-1-55-0-0,0.030499512475685914,13.682737,gene_signature,1.0,pass
CTGCTGTTCCTTCAAT-1-55-0-0,0.2895062353565405,9.218176,gene_signature,1.0,pass
CTGGTCTAGGCGCTCT-1-55-0-0,0.3286149063300857,13.086512,gene_signature,1.0,pass
CTGTGCTTCAGCCTAA-1-55-0-0,0.4055312299470297,10.3654995,gene_signature,1.0,pass
CTGTTTATCTGATACG-1-55-0-0,0.020587411480100057,18.680141,gene_signature,1.0,pass
CTTACCGTCTGTTGAG-1-55-0-0,0.21148304819767202,10.173287,gene_signature,1.0,pass
CTTAGGAGTACGCTGC-1-55-0-0,0.038877362477489255,13.260439,gene_signature,1.0,pass
CTTAGGATCATGTCTT-1-55-0-0,0.042421332338849614,14.029562,gene_signature,1.0,pass
CTTCTCTCAACTTGAC-1-55-0-0,0.1104369359413088,18.978443,gene_signature,1.0,pass
CTTGGCTAGCTGAAAT-1-55-0-0,0.011726147820257679,19.951794,gene_signature,1.0,pass
CTTTGCGAGGGATCTG-1-55-0-0,0.41603181388795674,17.794825,gene_signature,1.0,pass
GAAACTCCAGGTCGTC-1-55-0-0,0.22563345608104446,11.831113,gene_signature,1.0,pass
GAAACTCCATCGATTG-1-55-0-0,0.21655650723251135,12.08124,gene_signature,1.0,pass
GAAACTCTCCAAACAC-1-55-0-0,0.13972795804647273,12.407715,gene_signature,1.0,pass
GAAACTCTCGGCGCAT-1-55-0-0,0.15718835211843485,14.597914,gene_signature,1.0,pass
GAAATGAAGCTTTGGT-1-55-0-0,0.08513805213896738,9.126933,gene_signature,1.0,pass
GAAATGAAGTAATCCC-1-55-0-0,0.07938208945124,13.943094,gene_signature,1.0,pass
GAAATGACATGCAATC-1-55-0-0,0.040328600624913294,13.103373,gene_signature,1.0,pass
GAAATGATCTGACCTC-1-55-0-0,0.057346682673022766,12.695748,gene_signature,1.0,pass
GAACATCAGCTCCCAG-1-55-0-0,0.5102574501914492,14.534732,gene_signature,1.0,pass
GAACATCTCTTCGGTC-1-55-0-0,0.0518744964572326,8.563,gene_signature,1.0,pass
GAACCTACAAGCTGGA-1-55-0-0,0.2776046031774489,10.431388,gene_signature,1.0,pass
GAACCTATCCTCAATT-1-55-0-0,0.021697249127046667,13.114598,gene_signature,1.0,pass
GAACGGACAAGTCTAC-1-55-0-0,0.14169087473505862,15.7982025,gene_signature,1.0,pass
GAACGGACACCGATAT-1-55-0-0,0.13383605649475877,21.929033,gene_signature,1.0,pass
GAACGGATCACCCTCA-1-55-0-0,0.07170443214790209,16.539194,gene_signature,1.0,pass
GAAGCAGTCCTAAGTG-1-55-0-0,0.44605955060644503,14.649763,gene_signature,1.0,pass
GAAGCAGTCCTTTCGG-1-55-0-0,0.061509628036281086,18.059633,gene_signature,1.0,pass
GAAGCAGTCGGAGCAA-1-55-0-0,0.021929224833774588,12.412419,gene_signature,1.0,pass
GAAGCAGTCTGATTCT-1-55-0-0,0.1408167592992197,11.863404,gene_signature,1.0,pass
GAATAAGAGAAGGCCT-1-55-0-0,0.02277873321837285,20.998972,gene_signature,1.0,pass
GAATAAGCATGCGCAC-1-55-0-0,0.3160243510103668,7.549517,gene_signature,1.0,pass
GAATAAGGTCAGTGGA-1-55-0-0,0.0032119804993076956,15.303042,gene_signature,1.0,pass
GAATGAAAGGACAGAA-1-55-0-0,0.013507405896931982,19.071371,gene_signature,1.0,pass
GAATGAACAGCTCGAC-1-55-0-0,0.17945900793659092,17.218754,gene_signature,1.0,pass
GAATGAATCAAGATCC-1-55-0-0,0.01402341252240651,12.511457,gene_signature,1.0,pass
GAATGAATCTTACCTA-1-55-0-0,0.07388230848311128,14.138019,gene_signature,1.0,pass
GACACGCAGGATGCGT-1-55-0-0,0.16010948312265716,15.2326355,gene_signature,1.0,pass
GACACGCCAAGCTGTT-1-55-0-0,0.12253857158538792,16.099726,gene_signature,1.0,pass
GACACGCCAATGGTCT-1-55-0-0,0.2936637397010143,10.945683,gene_signature,1.0,pass
GACACGCGTATATGGA-1-55-0-0,0.2865793570677095,15.087339,gene_signature,1.0,pass
GACACGCGTGGCGAAT-1-55-0-0,0.030870885523160328,15.08462,gene_signature,1.0,pass
GACACGCTCTCCTATA-1-55-0-0,0.19238304095924727,13.724091,gene_signature,1.0,pass
GACACGCTCTTACCGC-1-55-0-0,0.06762572038030942,11.70278,gene_signature,1.0,pass
GACAGAGGTCAACTGT-1-55-0-0,0.14155392897038444,13.475557,gene_signature,1.0,pass
GACCAATAGACTAGGC-1-55-0-0,0.1156336109934514,13.18717,gene_signature,1.0,pass
GACCAATAGCTGATAA-1-55-0-0,0.007790532173627414,20.672537,gene_signature,1.0,pass
GACCAATTCCGAATGT-1-55-0-0,0.12492091143066988,16.130505,gene_signature,1.0,pass
GACCTGGAGAAGATTC-1-55-0-0,0.17454676098619956,11.8949375,gene_signature,1.0,pass
GACCTGGCACCAGGTC-1-55-0-0,0.021781264010955592,22.015478,gene_signature,1.0,pass
GACCTGGTCAGCTGGC-1-55-0-0,0.0753288101132849,11.520399,gene_signature,1.0,pass
GACGCGTCAAGTCTAC-1-55-0-0,0.08184699179979762,14.733615,gene_signature,1.0,pass
GACGCGTTCATCACCC-1-55-0-0,0.1442596324361229,12.775731,gene_signature,1.0,pass
GACGCGTTCCTAGTGA-1-55-0-0,0.3551278844404232,18.230627,gene_signature,1.0,pass
GACGCGTTCGGCGCAT-1-55-0-0,0.17350761663125552,13.351438,gene_signature,1.0,pass
GACGCGTTCTTACCTA-1-55-0-0,0.24511984968369896,18.087166,gene_signature,1.0,pass
GACGGCTGTGTAACGG-1-55-0-0,0.0203997740990637,15.358057,gene_signature,1.0,pass
GACGGCTTCAACCATG-1-55-0-0,0.11064084502280691,13.630533,gene_signature,1.0,pass
GACGTGCAGTCTTGCA-1-55-0-0,0.009071391210512696,16.876215,gene_signature,1.0,pass
GACGTGCCAGACAAGC-1-55-0-0,0.028560288319189393,14.704991,gene_signature,1.0,pass
GACGTGCTCACGACTA-1-55-0-0,0.014440039072565154,19.523087,gene_signature,1.0,pass
GACTAACGTGTTCTTT-1-55-0-0,0.18289713311105438,7.4433546,gene_signature,1.0,pass
GACTAACGTTGTACAC-1-55-0-0,0.028238865880410365,13.072978,gene_signature,1.0,pass
GACTAACTCCCTTGTG-1-55-0-0,0.14509703897858153,9.2658415,gene_signature,1.0,pass
GACTACACACGTTGGC-1-55-0-0,0.06344682584579067,13.573219,gene_signature,1.0,pass
GACTACACAGCCAATT-1-55-0-0,0.0295128075777712,20.754772,gene_signature,1.0,pass
GACTACAGTCTAGTGT-1-55-0-0,0.058582032814948726,13.120676,gene_signature,1.0,pass
GACTACATCAAACGGG-1-55-0-0,0.12344086213015101,12.133315,gene_signature,1.0,pass
GACTACATCCGCGGTA-1-55-0-0,0.06255278092925584,16.542797,gene_signature,1.0,pass
GACTACATCCTAGTGA-1-55-0-0,0.030278029809736352,14.838236,gene_signature,1.0,pass
GACTGCGAGACCTTTG-1-55-0-0,0.49004320231988674,13.786751,gene_signature,1.0,pass
GACTGCGTCGTCCGTT-1-55-0-0,0.08490983672410014,21.22078,gene_signature,1.0,pass
GAGCAGAGTAGCACGA-1-55-0-0,0.08538086037989993,13.566835,gene_signature,1.0,pass
GAGCAGATCCCATTTA-1-55-0-0,0.7110124927417985,7.1718245,gene_signature,1.0,pass
GAGGTGAGTTACCGAT-1-55-0-0,0.03520335369720193,18.643185,gene_signature,1.0,pass
GAGTCCGCATGTAGTC-1-55-0-0,0.02035127662817431,16.946947,gene_signature,1.0,pass
GAGTCCGTCGAGAGCA-1-55-0-0,0.010722325897677933,19.741425,gene_signature,1.0,pass
GATCAGTTCTTGTCAT-1-55-0-0,0.2572317760644889,10.974628,gene_signature,1.0,pass
GATCGATAGCTCTCGG-1-55-0-0,0.031159036077426084,16.020702,gene_signature,1.0,pass
GATCGATGTACCATCA-1-55-0-0,0.057578715315058294,12.922783,gene_signature,1.0,pass
GATCGCGAGCTAGTGG-1-55-0-0,0.009222118371702958,13.407228,gene_signature,1.0,pass
GATCGCGCAACTGGCC-1-55-0-0,0.013439388978847739,16.015028,gene_signature,1.0,pass
GATCGCGCATGCTGGC-1-55-0-0,0.0683745032186124,7.3682084,gene_signature,1.0,pass
GATCGCGGTGCGAAAC-1-55-0-0,0.11917582552817234,16.614855,gene_signature,1.0,pass
GATCGTAGTTGGTGGA-1-55-0-0,0.0804538388313357,13.643542,gene_signature,1.0,pass
GATCGTATCAACGGGA-1-55-0-0,0.08140569648328524,15.091568,gene_signature,1.0,pass
GATCTAGCATGTCCTC-1-55-0-0,0.01922091719646159,13.943579,gene_signature,1.0,pass
GATCTAGGTATAATGG-1-55-0-0,0.13986756149699892,13.479301,gene_signature,1.0,pass
GATCTAGTCGTCCAGG-1-55-0-0,0.20947670262718598,15.470177,gene_signature,1.0,pass
GATGAGGAGCGATAGC-1-55-0-0,0.34048397128420893,14.424711,gene_signature,1.0,pass
GATGAGGCAGGTCCAC-1-55-0-0,0.025553894194976022,12.7712,gene_signature,1.0,pass
GATGAGGGTCTCAACA-1-55-0-0,0.017974767536005482,18.65976,gene_signature,1.0,pass
GATGAGGTCAGGCGAA-1-55-0-0,0.23196237691369972,18.965805,gene_signature,1.0,pass
GATGCTAAGGTGATTA-1-55-0-0,0.006722194643138511,15.441981,gene_signature,1.0,pass
GATGCTAAGTAGGTGC-1-55-0-0,0.04969503062694784,13.296603,gene_signature,1.0,pass
GATTCAGCACTTCGAA-1-55-0-0,0.060051747115872155,18.642265,gene_signature,1.0,pass
GATTCAGTCGTGGGAA-1-55-0-0,0.02362060589106273,15.630122,gene_signature,1.0,pass
GCAAACTTCCGCATCT-1-55-0-0,0.05016635924666607,15.640048,gene_signature,1.0,pass
GCAAACTTCTTTAGTC-1-55-0-0,0.5788367198701052,6.72876,gene_signature,1.0,pass
GCAATCACAACGATGG-1-55-0-0,0.020350086076947667,17.552975,gene_signature,1.0,pass
GCAATCACATATGCTG-1-55-0-0,0.3193159125675943,12.048195,gene_signature,1.0,pass
GCAATCATCTCTAAGG-1-55-0-0,0.043042648520916,19.696026,gene_signature,1.0,pass
GCACATACATTGGCGC-1-55-0-0,0.04861029112034451,13.217276,gene_signature,1.0,pass
GCACATAGTCAAAGCG-1-55-0-0,0.025101091611898524,15.129743,gene_signature,1.0,pass
GCACATAGTGCTGTAT-1-55-0-0,0.17220682303468748,12.524389,gene_signature,1.0,pass
GCAGCCACACGCCAGT-1-55-0-0,0.22687938810008412,15.093794,gene_signature,1.0,pass
GCAGCCATCAAGGTAA-1-55-0-0,0.06532093436022372,15.368475,gene_signature,1.0,pass
GCAGTTACACAACGCC-1-55-0-0,0.010971693841003483,10.221134,gene_signature,1.0,pass
GCAGTTACAGCCTTGG-1-55-0-0,0.11535110194767093,8.994383,gene_signature,1.0,pass
GCATACACACCAGCAC-1-55-0-0,0.08237810310596852,20.932076,gene_signature,1.0,pass
GCATACAGTGCACCAC-1-55-0-0,0.23406177781621063,15.983522,gene_signature,1.0,pass
GCATACATCTCAAACG-1-55-0-0,0.02431920613322628,18.73591,gene_signature,1.0,pass
GCATGATCACCTGGTG-1-55-0-0,0.05515696099688283,15.647084,gene_signature,1.0,pass
GCATGATTCCAGGGCT-1-55-0-0,0.06701357830213248,14.093692,gene_signature,1.0,pass
GCATGCGCACATTTCT-1-55-0-0,0.2960819777107831,12.14192,gene_signature,1.0,pass
GCATGCGCATTGGCGC-1-55-0-0,0.26775276863527353,21.082853,gene_signature,1.0,pass
GCCAAATGTACAGTGG-1-55-0-0,0.30243763160758425,18.981365,gene_signature,1.0,pass
GCCAAATGTGTGACGA-1-55-0-0,0.009563997248039233,13.814517,gene_signature,1.0,pass
GCCAAATGTTCGAATC-1-55-0-0,0.10253150576982802,14.118787,gene_signature,1.0,pass
GCCAAATTCTACCAGA-1-55-0-0,0.05926236712247224,13.087248,gene_signature,1.0,pass
GCCTCTATCATGGTCA-1-55-0-0,0.07015640295785722,17.801586,gene_signature,1.0,pass
GCGACCAAGACAAGCC-1-55-0-0,0.16973689337414707,13.253946,gene_signature,1.0,pass
GCGACCAAGGTGATTA-1-55-0-0,0.038566499041395974,20.721018,gene_signature,1.0,pass
GCGACCAAGTCCTCCT-1-55-0-0,0.7154500617426057,15.615016,gene_signature,1.0,pass
GCGACCATCGACAGCC-1-55-0-0,0.01320476917520239,21.182274,gene_signature,1.0,pass
GCGAGAACAGAGCCAA-1-55-0-0,0.24497374203111497,11.983424,gene_signature,1.0,pass
GCGCAACCAAGTTGTC-1-55-0-0,0.1315660390284746,11.697204,gene_signature,1.0,pass
GCGGGTTAGCGATATA-1-55-0-0,0.06823888843450654,21.474564,gene_signature,1.0,pass
GCGGGTTCAAAGTGCG-1-55-0-0,0.37516064661215537,16.933594,gene_signature,1.0,pass
GCGGGTTGTAGAAGGA-1-55-0-0,0.01638453333887865,14.7324095,gene_signature,1.0,pass
GCTCCTACACAGCCCA-1-55-0-0,0.18149893470647588,11.221349,gene_signature,1.0,pass
GCTCCTACAGTGGGAT-1-55-0-0,0.013796040812190722,18.85832,gene_signature,1.0,pass
GCTCCTAGTACCCAAT-1-55-0-0,0.11733687141680185,12.550052,gene_signature,1.0,pass
GCTCCTAGTTATCACG-1-55-0-0,0.008346901301535913,16.928913,gene_signature,1.0,pass
GCTCCTATCCGCGTTT-1-55-0-0,0.038015795806805475,16.33714,gene_signature,1.0,pass
GCTCTGTAGGCATGGT-1-55-0-0,0.30910613331717923,15.899602,gene_signature,1.0,pass
GCTCTGTCAGTCAGAG-1-55-0-0,0.06513291119985605,16.739527,gene_signature,1.0,pass
GCTGCAGCATACTCTT-1-55-0-0,0.011115786465749513,11.644583,gene_signature,1.0,pass
GCTGCTTAGTGTCCCG-1-55-0-0,0.03545971528382084,14.383654,gene_signature,1.0,pass
GCTGCTTGTTCCCTTG-1-55-0-0,0.4097196928319951,13.786093,gene_signature,1.0,pass
GCTGGGTAGATGCGAC-1-55-0-0,0.018483307656768543,19.317492,gene_signature,1.0,pass
GCTGGGTAGCACGCCT-1-55-0-0,0.10108553556122715,11.413057,gene_signature,1.0,pass
GCTTCCACAAGGCTCC-1-55-0-0,0.12547589918264448,17.279045,gene_signature,1.0,pass
GCTTGAAGTGCGATAG-1-55-0-0,0.013865060285145095,21.695936,gene_signature,1.0,pass
GCTTGAATCACAATGC-1-55-0-0,0.5762510289916157,13.750067,gene_signature,1.0,pass
GGAAAGCAGGATATAC-1-55-0-0,0.03858831414522559,15.54509,gene_signature,1.0,pass
GGAAAGCGTCTCACCT-1-55-0-0,0.03788226795912941,14.996022,gene_signature,1.0,pass
GGAACTTAGGACGAAA-1-55-0-0,0.0176531464436076,18.18905,gene_signature,1.0,pass
GGAACTTCACGGCTAC-1-55-0-0,0.13174199195222597,8.66884,gene_signature,1.0,pass
GGAATAAGTATCAGTC-1-55-0-0,0.30353312144030975,14.959928,gene_signature,1.0,pass
GGACAAGGTACATCCA-1-55-0-0,0.02449037710262956,18.086601,gene_signature,1.0,pass
GGACAAGTCAACACGT-1-55-0-0,0.04620255721755645,15.535063,gene_signature,1.0,pass
GGACAGAAGGGATGGG-1-55-0-0,0.03870158534976861,16.958353,gene_signature,1.0,pass
GGACAGAGTGCTTCTC-1-55-0-0,0.08091596284810475,13.058609,gene_signature,1.0,pass
GGACATTAGGGCTTCC-1-55-0-0,0.02437880560716604,16.778812,gene_signature,1.0,pass
GGACATTCAGGGTACA-1-55-0-0,0.06112574729526181,13.308309,gene_signature,1.0,pass
GGACATTGTATAGTAG-1-55-0-0,0.14605813610432944,14.637439,gene_signature,1.0,pass
GGACGTCGTCTGATTG-1-55-0-0,0.11135977360951418,9.876684,gene_signature,1.0,pass
GGAGCAAGTCCCTTGT-1-55-0-0,0.20706976790135592,12.261583,gene_signature,1.0,pass
GGAGCAAGTTTGACTG-1-55-0-0,0.028091127518541516,13.896342,gene_signature,1.0,pass
GGAGCAATCATGTGGT-1-55-0-0,0.10985058241408488,17.835985,gene_signature,1.0,pass
GGATGTTCAGTGGAGT-1-55-0-0,0.04024199608589049,17.498867,gene_signature,1.0,pass
GGATTACAGGGTCTCC-1-55-0-0,0.059531039491733974,18.622465,gene_signature,1.0,pass
GGATTACCACGGATAG-1-55-0-0,0.01291676253210218,18.978891,gene_signature,1.0,pass
GGATTACTCACAAACC-1-55-0-0,0.0848414091076797,16.17099,gene_signature,1.0,pass
GGCAATTGTCGTTGTA-1-55-0-0,0.10185255248244848,19.099941,gene_signature,1.0,pass
GGCCGATCACCATGTA-1-55-0-0,0.04790633198342409,18.850046,gene_signature,1.0,pass
GGCCGATCACGGTAAG-1-55-0-0,0.11603520804943498,17.167467,gene_signature,1.0,pass
GGCCGATCAGATGGCA-1-55-0-0,0.10634655719495296,13.701953,gene_signature,1.0,pass
GGCCGATGTCTCTTTA-1-55-0-0,0.037186937507092004,20.079027,gene_signature,1.0,pass
GGCGACTGTGTCTGAT-1-55-0-0,0.06975233150005358,21.571058,gene_signature,1.0,pass
GGCGTGTGTCGAGTTT-1-55-0-0,0.04254490083092825,15.426445,gene_signature,1.0,pass
GGCTCGAGTGATGCCC-1-55-0-0,0.04310493438589213,15.310779,gene_signature,1.0,pass
GGCTGGTAGTACGATA-1-55-0-0,0.0191587968310754,18.070515,gene_signature,1.0,pass
GGCTGGTTCTGCGGCA-1-55-0-0,0.04932476068258368,20.57697,gene_signature,1.0,pass
GGGAATGAGGAGTAGA-1-55-0-0,0.19885322205322814,15.153644,gene_signature,1.0,pass
GGGAATGCAATAGCAA-1-55-0-0,0.43309425267743357,9.666376,gene_signature,1.0,pass
GGGAATGCAGCTTAAC-1-55-0-0,0.2528953392521538,14.085211,gene_signature,1.0,pass
GGGAATGTCCGAACGC-1-55-0-0,0.0319708113970836,11.93898,gene_signature,1.0,pass
GGGAATGTCCTTGCCA-1-55-0-0,0.26697191601806025,11.301816,gene_signature,1.0,pass
GGGACCTAGTGGTAGC-1-55-0-0,0.05594529867957006,18.794378,gene_signature,1.0,pass
GGGACCTGTCCAACTA-1-55-0-0,0.07541841260398902,10.921011,gene_signature,1.0,pass
GGGAGATAGTGATCGG-1-55-0-0,0.004641238318423309,15.47397,gene_signature,1.0,pass
GGGATGAGTTTACTCT-1-55-0-0,0.01641140278500857,12.154423,gene_signature,1.0,pass
GGGATGATCTTAACCT-1-55-0-0,0.09094173656032935,16.158525,gene_signature,1.0,pass
GGGCACTCAACACGCC-1-55-0-0,0.05348561791124411,14.620188,gene_signature,1.0,pass
GGGCATCAGATATACG-1-55-0-0,0.011017671265411014,16.42955,gene_signature,1.0,pass
GGGCATCGTGTGACCC-1-55-0-0,0.09244382320920616,21.042412,gene_signature,1.0,pass
GGGTCTGAGCAGACTG-1-55-0-0,0.0552726416893116,21.390635,gene_signature,1.0,pass
GGGTCTGAGGTGATAT-1-55-0-0,0.23628819529104014,19.348162,gene_signature,1.0,pass
GGGTCTGGTACCGTAT-1-55-0-0,0.11478581826315826,13.551051,gene_signature,1.0,pass
GGGTCTGTCACTGGGC-1-55-0-0,0.0068078795968440475,21.4527,gene_signature,1.0,pass
GGGTTGCGTGCAACGA-1-55-0-0,0.3427192986082609,12.798241,gene_signature,1.0,pass
GGGTTGCTCGCCAAAT-1-55-0-0,0.3615928385698893,15.4345875,gene_signature,1.0,pass
GGTATTGCACCACGTG-1-55-0-0,0.3263684336901728,13.648564,gene_signature,1.0,pass
GGTATTGCACTGCCAG-1-55-0-0,0.22863020839357925,10.010511,gene_signature,1.0,pass
GGTATTGTCACCTCGT-1-55-0-0,0.037206810178802334,10.80372,gene_signature,1.0,pass
GGTGCGTCAACACCCG-1-55-0-0,0.43290232640926385,14.501265,gene_signature,1.0,pass
GGTGTTAGTAAACCTC-1-55-0-0,0.11088552814166035,15.886899,gene_signature,1.0,pass
GGTGTTAGTCCGAACC-1-55-0-0,0.11765437833810619,18.504879,gene_signature,1.0,pass
GGTGTTAGTCGACTAT-1-55-0-0,0.06872322725078062,14.1187725,gene_signature,1.0,pass
GGTGTTATCGATCCCT-1-55-0-0,0.025088723136692043,18.507267,gene_signature,1.0,pass
GTAACGTAGACATAAC-1-55-0-0,0.26751905885270094,14.558081,gene_signature,1.0,pass
GTAACGTAGTATTGGA-1-55-0-0,0.04453915452892521,11.157527,gene_signature,1.0,pass
GTAACGTGTGGGTCAA-1-55-0-0,0.1466613184748907,17.305944,gene_signature,1.0,pass
GTAACGTTCTCAAACG-1-55-0-0,0.26478354860507913,12.735403,gene_signature,1.0,pass
GTAACTGAGGCCCTTG-1-55-0-0,0.04550768583332391,17.795067,gene_signature,1.0,pass
GTAACTGGTTCGTTGA-1-55-0-0,0.24880582816285557,10.942675,gene_signature,1.0,pass
GTAACTGTCAAACCAC-1-55-0-0,0.14132151388763237,11.233626,gene_signature,1.0,pass
GTACTCCGTATTACCG-1-55-0-0,0.21113485381734076,13.390772,gene_signature,1.0,pass
GTACTCCTCGTTACAG-1-55-0-0,0.043107699404027325,16.17115,gene_signature,1.0,pass
GTACTTTCAGTGGAGT-1-55-0-0,0.031814445175916015,17.058235,gene_signature,1.0,pass
GTACTTTTCTGGTGTA-1-55-0-0,0.14505381894163297,15.71537,gene_signature,1.0,pass
GTAGGCCCAATAGCGG-1-55-0-0,0.10309318565220793,11.029841,gene_signature,1.0,pass
GTAGGCCCACCGTTGG-1-55-0-0,0.4499833994096889,9.589717,gene_signature,1.0,pass
GTAGGCCGTCGACTAT-1-55-0-0,0.4747807673145214,17.696325,gene_signature,1.0,pass
GTAGGCCTCCCAAGAT-1-55-0-0,0.1587352687290469,11.426178,gene_signature,1.0,pass
GTAGTCAAGTATTGGA-1-55-0-0,0.006972407800344421,17.66704,gene_signature,1.0,pass
GTAGTCAGTGCGCTTG-1-55-0-0,0.0732110871529831,14.280332,gene_signature,1.0,pass
GTAGTCAGTTGAACTC-1-55-0-0,0.21213535275973464,16.232273,gene_signature,1.0,pass
GTATTCTCAGTTTACG-1-55-0-0,0.03946260810699263,14.647702,gene_signature,1.0,pass
GTATTCTGTCTAGGTT-1-55-0-0,0.02222596030324873,14.069794,gene_signature,1.0,pass
GTATTCTGTTATGCGT-1-55-0-0,0.12118984660911225,14.269539,gene_signature,1.0,pass
GTCAAGTAGCGGATCA-1-55-0-0,0.15821257905284603,10.018186,gene_signature,1.0,pass
GTCAAGTAGCTGCCCA-1-55-0-0,0.05526094907566979,17.366215,gene_signature,1.0,pass
GTCAAGTAGGGATGGG-1-55-0-0,0.10711082359163601,9.083593,gene_signature,1.0,pass
GTCAAGTAGTCGATAA-1-55-0-0,0.27038601795992956,19.325008,gene_signature,1.0,pass
GTCAAGTTCCAGAGGA-1-55-0-0,0.09172678663691247,17.158106,gene_signature,1.0,pass
GTCACAATCAGTTTGG-1-55-0-0,0.1663794624284397,11.335337,gene_signature,1.0,pass
GTCACAATCGTACCGG-1-55-0-0,0.046114508008232004,13.199173,gene_signature,1.0,pass
GTCACAATCGTTGCCT-1-55-0-0,0.045282206211660625,16.470436,gene_signature,1.0,pass
GTCACGGAGCAGGTCA-1-55-0-0,0.08984441107179927,19.259556,gene_signature,1.0,pass
GTCACGGCAGTTCATG-1-55-0-0,0.15996668413097084,21.619228,gene_signature,1.0,pass
GTCACGGGTCGGGTCT-1-55-0-0,0.018070364550887084,17.992472,gene_signature,1.0,pass
GTCATTTCAGGGAGAG-1-55-0-0,0.07808642349629258,12.635231,gene_signature,1.0,pass
GTCATTTTCTGCGTAA-1-55-0-0,0.008053438842935651,11.025145,gene_signature,1.0,pass
GTCGGGTGTCTCATCC-1-55-0-0,0.07894653198763851,15.606796,gene_signature,1.0,pass
GTCGGGTTCAGCTCTC-1-55-0-0,0.06579740072142848,14.022568,gene_signature,1.0,pass
GTCGGGTTCATGGTCA-1-55-0-0,0.03611006228700057,16.597372,gene_signature,1.0,pass
GTCGTAACAAGCGAGT-1-55-0-0,0.3987575085145414,16.140057,gene_signature,1.0,pass
GTCGTAACACTCGACG-1-55-0-0,0.2185240195254885,16.8547,gene_signature,1.0,pass
GTCGTAACATAGGATA-1-55-0-0,0.07206543039748443,16.5052,gene_signature,1.0,pass
GTCTCGTAGACCTAGG-1-55-0-0,0.07157904409799262,17.753744,gene_signature,1.0,pass
GTCTCGTGTAACGTTC-1-55-0-0,0.018906343156758855,17.1274,gene_signature,1.0,pass
GTCTCGTTCATCGGAT-1-55-0-0,0.017334733948614314,12.605982,gene_signature,1.0,pass
GTCTTCGAGGCATGTG-1-55-0-0,0.0505124320105941,18.256765,gene_signature,1.0,pass
GTCTTCGAGGGTTTCT-1-55-0-0,0.26634157218117716,13.196814,gene_signature,1.0,pass
GTCTTCGTCCGTAGTA-1-55-0-0,0.026875936829343326,19.078333,gene_signature,1.0,pass
GTCTTCGTCTCACATT-1-55-0-0,0.05329606986236923,9.76588,gene_signature,1.0,pass
GTGAAGGAGTGGTAAT-1-55-0-0,0.07628754231969276,15.1475115,gene_signature,1.0,pass
GTGAAGGTCTCCAACC-1-55-0-0,0.12000443596253552,14.364972,gene_signature,1.0,pass
GTGCAGCTCCGCGCAA-1-55-0-0,0.011667993115289207,16.910727,gene_signature,1.0,pass
GTGCATACATTCGACA-1-55-0-0,0.6655757268261148,11.143693,gene_signature,1.0,pass
GTGCATATCTACTCAT-1-55-0-0,0.1378059299423731,11.6726055,gene_signature,1.0,pass
GTGCTTCCAGCTTCGG-1-55-0-0,0.022207922302403593,19.56043,gene_signature,1.0,pass
GTGCTTCGTTCCTCCA-1-55-0-0,0.31524087516931,14.2717495,gene_signature,1.0,pass
GTGGGTCAGCTAAACA-1-55-0-0,0.06227918416248758,19.97895,gene_signature,1.0,pass
GTGGGTCAGTGTCCCG-1-55-0-0,0.02978651694541693,10.595599,gene_signature,1.0,pass
GTGGGTCCACGTTGGC-1-55-0-0,0.04743438491375882,16.022707,gene_signature,1.0,pass
GTGGGTCCAGGAATGC-1-55-0-0,0.07735939399372291,15.017444,gene_signature,1.0,pass
GTGGGTCGTATAGTAG-1-55-0-0,0.13499895091229624,14.236737,gene_signature,1.0,pass
GTGGGTCGTCAAAGCG-1-55-0-0,0.052946520519144405,10.32477,gene_signature,1.0,pass
GTGTGCGAGTAGCGGT-1-55-0-0,0.018727632278527993,12.321283,gene_signature,1.0,pass
GTGTTAGAGTCCCACG-1-55-0-0,0.16686582241356876,11.431023,gene_signature,1.0,pass
GTGTTAGGTCGTGGCT-1-55-0-0,0.43292781643051487,11.567411,gene_signature,1.0,pass
GTTAAGCAGTAGCGGT-1-55-0-0,0.19294592792123164,11.983183,gene_signature,1.0,pass
GTTACAGCATATGCTG-1-55-0-0,0.11902009946797332,13.262774,gene_signature,1.0,pass
GTTACAGTCCTCAATT-1-55-0-0,0.05939940946874824,14.868863,gene_signature,1.0,pass
GTTCATTTCAAGCCTA-1-55-0-0,0.13535791038188844,12.562155,gene_signature,1.0,pass
GTTCATTTCGGTGTTA-1-55-0-0,0.10126840852033125,15.820578,gene_signature,1.0,pass
GTTCATTTCTTACCGC-1-55-0-0,0.05148259863622852,10.8001375,gene_signature,1.0,pass
GTTCGGGCAATCCGAT-1-55-0-0,0.031200073876640606,15.4080715,gene_signature,1.0,pass
GTTCGGGGTAAGTGGC-1-55-0-0,0.11999144750476778,14.904506,gene_signature,1.0,pass
GTTCGGGGTAGGGTAC-1-55-0-0,0.01606751335918693,11.670265,gene_signature,1.0,pass
GTTCGGGGTCTCCCTA-1-55-0-0,0.06601496978006727,16.549616,gene_signature,1.0,pass
GTTCTCGTCTTCAACT-1-55-0-0,0.046114019452754354,15.309206,gene_signature,1.0,pass
TAAACCGAGAGGGATA-1-55-0-0,0.0032660096296923194,19.120853,gene_signature,1.0,pass
TAAACCGCATCACGAT-1-55-0-0,0.20810743766981496,10.004394,gene_signature,1.0,pass
TAAACCGGTGCCTGTG-1-55-0-0,0.2889872822883771,13.34821,gene_signature,1.0,pass
TAAACCGTCGCACTCT-1-55-0-0,0.23170422733093865,15.646733,gene_signature,1.0,pass
TAAACCGTCGGCGCAT-1-55-0-0,0.01700906957646258,16.252413,gene_signature,1.0,pass
TAAGAGACATGGTAGG-1-55-0-0,0.06906359178350466,11.343578,gene_signature,1.0,pass
TAAGAGAGTAGAGGAA-1-55-0-0,0.3514601086788658,13.104523,gene_signature,1.0,pass
TAAGAGATCAGTGCAT-1-55-0-0,0.15396082091673718,11.106592,gene_signature,1.0,pass
TAAGCGTAGCCTTGAT-1-55-0-0,0.5309538380235036,7.5513473,gene_signature,1.0,pass
TAAGCGTGTCCGAAGA-1-55-0-0,0.20454810977824217,19.862755,gene_signature,1.0,pass
TAAGCGTTCCTTGCCA-1-55-0-0,0.11367737789414627,13.969241,gene_signature,1.0,pass
TAAGTGCAGAGTAAGG-1-55-0-0,0.03543293625602301,21.464952,gene_signature,1.0,pass
TAAGTGCAGGACATTA-1-55-0-0,0.048387608226466365,15.725489,gene_signature,1.0,pass
TAAGTGCCACCAGGTC-1-55-0-0,0.11110825606068868,12.798059,gene_signature,1.0,pass
TACACGAAGGTCGGAT-1-55-0-0,0.10650058791717672,12.778375,gene_signature,1.0,pass
TACACGACACCACGTG-1-55-0-0,0.01461823703797667,18.08689,gene_signature,1.0,pass
TACACGAGTAAGAGAG-1-55-0-0,0.09872432378008623,13.436853,gene_signature,1.0,pass
TACAGTGTCAGTCAGT-1-55-0-0,0.09750624176025294,12.931096,gene_signature,1.0,pass
TACCTATCACACAGAG-1-55-0-0,0.02539318458070567,21.276157,gene_signature,1.0,pass
TACCTATGTAAGAGGA-1-55-0-0,0.03344541077098662,21.54457,gene_signature,1.0,pass
TACCTTACAGCTGTTA-1-55-0-0,0.25966172845959223,11.270386,gene_signature,1.0,pass
TACCTTAGTCTGGAGA-1-55-0-0,0.09517463782933151,12.651503,gene_signature,1.0,pass
TACGGATCATGGTCAT-1-55-0-0,0.17173361255062944,21.505379,gene_signature,1.0,pass
TACGGGCTCAACCATG-1-55-0-0,0.04938303198617897,13.968679,gene_signature,1.0,pass
TACGGGCTCTGAGTGT-1-55-0-0,0.04165744766398678,20.85255,gene_signature,1.0,pass
TACGGTAAGGCAGGTT-1-55-0-0,0.01090426636643001,18.014454,gene_signature,1.0,pass
TACTCATAGATCTGAA-1-55-0-0,0.0033204867952766606,21.58511,gene_signature,1.0,pass
TACTCGCAGCAGGCTA-1-55-0-0,0.11078533036295812,18.190065,gene_signature,1.0,pass
TACTCGCCAGTCACTA-1-55-0-0,0.20906568727174793,13.104399,gene_signature,1.0,pass
TACTCGCTCGCAGGCT-1-55-0-0,0.20596863115840586,10.48343,gene_signature,1.0,pass
TACTTACAGAGGACGG-1-55-0-0,0.03411073915617098,17.058971,gene_signature,1.0,pass
TACTTACAGATGCCTT-1-55-0-0,0.011074279550115189,17.351887,gene_signature,1.0,pass
TACTTACAGTGTTTGC-1-55-0-0,0.012970997841749623,16.993572,gene_signature,1.0,pass
TACTTACCAGCTGTAT-1-55-0-0,0.39202785839013093,12.8244505,gene_signature,1.0,pass
TACTTACGTTAGTGGG-1-55-0-0,0.03975994280175234,18.07348,gene_signature,1.0,pass
TACTTGTCAGTAGAGC-1-55-0-0,0.15319208050848543,15.045596,gene_signature,1.0,pass
TACTTGTGTCAGGACA-1-55-0-0,0.04372320097316448,21.544386,gene_signature,1.0,pass
TACTTGTGTCGGATCC-1-55-0-0,0.047597589680813956,9.389425,gene_signature,1.0,pass
TACTTGTTCGCAAACT-1-55-0-0,0.13785347003807483,12.797252,gene_signature,1.0,pass
TAGACCAAGACAAGCC-1-55-0-0,0.015326630898363069,18.836628,gene_signature,1.0,pass
TAGACCAAGGTAAACT-1-55-0-0,0.11728585104297758,11.477564,gene_signature,1.0,pass
TAGACCAGTGGTCCGT-1-55-0-0,0.2120347967758803,14.008573,gene_signature,1.0,pass
TAGAGCTGTTCGGCAC-1-55-0-0,0.026167051029320813,21.703142,gene_signature,1.0,pass
TAGAGCTTCCAGTAGT-1-55-0-0,0.1254702698853654,15.210791,gene_signature,1.0,pass
TAGAGCTTCGTAGGTT-1-55-0-0,0.08613090317326008,13.955358,gene_signature,1.0,pass
TAGCCGGCACAGATTC-1-55-0-0,0.08384010207966286,17.653255,gene_signature,1.0,pass
TAGGCATTCAGCAACT-1-55-0-0,0.1947511089475759,12.558772,gene_signature,1.0,pass
TAGGCATTCGGCGCTA-1-55-0-0,0.026089509531498845,14.72261,gene_signature,1.0,pass
TAGTTGGCATACAGCT-1-55-0-0,0.2304320553986058,16.955135,gene_signature,1.0,pass
TAGTTGGTCCATTCTA-1-55-0-0,0.5547891689462663,9.87224,gene_signature,1.0,pass
TATCAGGGTAAGTGGC-1-55-0-0,0.037230206785973045,15.505777,gene_signature,1.0,pass
TATCAGGGTCGCATCG-1-55-0-0,0.025148521336763603,21.511347,gene_signature,1.0,pass
TATCAGGTCATTTGGG-1-55-0-0,0.005480945137918994,19.417942,gene_signature,1.0,pass
TATCAGGTCTTTCCTC-1-55-0-0,0.034126039415436696,15.227636,gene_signature,1.0,pass
TATCTCAAGCTCAACT-1-55-0-0,0.1711595912593889,15.875789,gene_signature,1.0,pass
TATCTCATCATTCACT-1-55-0-0,0.0027472273097824485,17.353579,gene_signature,1.0,pass
TATCTCATCTCCTATA-1-55-0-0,0.02113015945791359,13.092624,gene_signature,1.0,pass
TATCTCATCTGCAGTA-1-55-0-0,0.015326997711009144,21.795616,gene_signature,1.0,pass
TATGCCCCATGTTCCC-1-55-0-0,0.030072307691945695,17.508518,gene_signature,1.0,pass
TATTACCCACCTCGTT-1-55-0-0,0.20621884427216175,11.927664,gene_signature,1.0,pass
TCAACGAAGACCCACC-1-55-0-0,0.08854178391216214,16.159912,gene_signature,1.0,pass
TCAACGAAGAGCTGGT-1-55-0-0,0.19431912335880064,10.858274,gene_signature,1.0,pass
TCAACGAAGCTCTCGG-1-55-0-0,0.6796593516469465,15.111789,gene_signature,1.0,pass
TCAACGAGTTAGAACA-1-55-0-0,0.05166275956377751,7.9918036,gene_signature,1.0,pass
TCAATCTCACTGTGTA-1-55-0-0,0.02022966227814512,20.760952,gene_signature,1.0,pass
TCAATCTTCCCATTTA-1-55-0-0,0.0171225936557872,21.438007,gene_signature,1.0,pass
TCACAAGAGGGATGGG-1-55-0-0,0.030096983391417188,20.411467,gene_signature,1.0,pass
TCACAAGCATGGGAAC-1-55-0-0,0.08806396360571511,14.678513,gene_signature,1.0,pass
TCACAAGGTTGTGGAG-1-55-0-0,0.08751233970868019,14.818224,gene_signature,1.0,pass
TCACAAGTCAGCTGGC-1-55-0-0,0.0381623744353331,11.854097,gene_signature,1.0,pass
TCACGAACAAACCTAC-1-55-0-0,0.026725936602427648,16.465044,gene_signature,1.0,pass
TCAGATGAGTGGGTTG-1-55-0-0,0.10235025201317054,21.918802,gene_signature,1.0,pass
TCAGATGGTTCCACTC-1-55-0-0,0.024608999995758045,11.426578,gene_signature,1.0,pass
TCAGCAAAGGGCACTA-1-55-0-0,0.041266379732182626,18.437551,gene_signature,1.0,pass
TCAGCAAAGTCGTTTG-1-55-0-0,0.014070568479929024,10.274759,gene_signature,1.0,pass
TCAGCAAGTTAGGGTG-1-55-0-0,0.07963832252298482,14.691951,gene_signature,1.0,pass
TCAGCAATCAGGATCT-1-55-0-0,0.12281018849487861,14.152563,gene_signature,1.0,pass
TCAGCTCGTAATTGGA-1-55-0-0,0.03368838262170966,15.342394,gene_signature,1.0,pass
TCAGCTCGTCGTTGTA-1-55-0-0,0.0071888622095406165,16.629025,gene_signature,1.0,pass
TCAGCTCTCGATAGAA-1-55-0-0,0.02966502104210683,9.890559,gene_signature,1.0,pass
TCAGGATCACTTACGA-1-55-0-0,0.036679499701363166,16.360357,gene_signature,1.0,pass
TCAGGATTCAGAGGTG-1-55-0-0,0.26709449078582337,6.775271,gene_signature,1.0,pass
TCAGGTAGTTCGTGAT-1-55-0-0,0.5328829142728708,17.340666,gene_signature,1.0,pass
TCATTACCACTCTGTC-1-55-0-0,0.038203397758089404,14.603607,gene_signature,1.0,pass
TCATTTGCATGGGACA-1-55-0-0,0.04964838911952659,13.574511,gene_signature,1.0,pass
TCATTTGTCAGCTTAG-1-55-0-0,0.07266077977850359,17.950941,gene_signature,1.0,pass
TCCACACAGATATACG-1-55-0-0,0.02317018129878836,14.06217,gene_signature,1.0,pass
TCCACACCAGCGTTCG-1-55-0-0,0.05572843583604473,13.717886,gene_signature,1.0,pass
TCCACACGTCAAGCGA-1-55-0-0,0.009171937413958426,15.821919,gene_signature,1.0,pass
TCCCGATAGAAGGGTA-1-55-0-0,0.011809565583355126,15.814128,gene_signature,1.0,pass
TCCCGATCACCAGGTC-1-55-0-0,0.04505643492340005,15.997793,gene_signature,1.0,pass
TCCCGATTCCCAACGG-1-55-0-0,0.022416787290167776,11.107226,gene_signature,1.0,pass
TCGCGAGAGACCTAGG-1-55-0-0,0.02047008285415271,18.36581,gene_signature,1.0,pass
TCGCGAGCATTAGGCT-1-55-0-0,0.018532995012785235,13.852574,gene_signature,1.0,pass
TCGCGAGGTCCCGACA-1-55-0-0,0.32378069858674413,11.355551,gene_signature,1.0,pass
TCGCGTTTCCGAAGAG-1-55-0-0,0.21932420329477612,11.854729,gene_signature,1.0,pass
TCGGGACAGAGTACAT-1-55-0-0,0.052750404498157336,16.48663,gene_signature,1.0,pass
TCGGTAAAGAAGGACA-1-55-0-0,0.0952972562633959,19.056885,gene_signature,1.0,pass
TCGGTAACAATAACGA-1-55-0-0,0.03792256681610283,13.75857,gene_signature,1.0,pass
TCGTAGAAGCGATGAC-1-55-0-0,0.026644071859766937,20.067852,gene_signature,1.0,pass
TCGTAGAAGGGCTCTC-1-55-0-0,0.011464860936173922,16.437977,gene_signature,1.0,pass
TCTATTGGTCCAACTA-1-55-0-0,0.033283479721615994,13.896746,gene_signature,1.0,pass
TCTATTGGTTCCACAA-1-55-0-0,0.0471520468133453,21.796587,gene_signature,1.0,pass
TCTATTGTCCCTTGTG-1-55-0-0,0.09449992480178585,10.59498,gene_signature,1.0,pass
TCTCATAAGAAAGTGG-1-55-0-0,0.3540283814892443,12.646749,gene_signature,1.0,pass
TCTCATATCAAACCGT-1-55-0-0,0.33276756740440616,13.816,gene_signature,1.0,pass
TCTCATATCTGGTTCC-1-55-0-0,0.015022892889032852,13.071089,gene_signature,1.0,pass
TCTGAGAAGACGCAAC-1-55-0-0,0.011265099631475955,19.455837,gene_signature,1.0,pass
TCTGAGAAGATCCGAG-1-55-0-0,0.11625653461828818,22.057697,gene_signature,1.0,pass
TCTGAGAAGGAGTAGA-1-55-0-0,0.4155549439709943,7.6191683,gene_signature,1.0,pass
TCTGAGACACATCCGG-1-55-0-0,0.041270627780199805,12.1629925,gene_signature,1.0,pass
TCTGAGACACCGTTGG-1-55-0-0,0.08826497062487368,15.16904,gene_signature,1.0,pass
TCTGAGATCCGAATGT-1-55-0-0,0.015726812078949125,20.28039,gene_signature,1.0,pass
TCTGGAACAGCCACCA-1-55-0-0,0.31652769244473133,19.899872,gene_signature,1.0,pass
TCTGGAACATTAACCG-1-55-0-0,0.006660028561490864,15.331865,gene_signature,1.0,pass
TCTGGAATCAACACAC-1-55-0-0,0.11636666568198775,15.32876,gene_signature,1.0,pass
TCTGGAATCTCCCTGA-1-55-0-0,0.18976668860694448,10.77305,gene_signature,1.0,pass
TCTTCGGCAAGCCGTC-1-55-0-0,0.19130945813582778,13.356056,gene_signature,1.0,pass
TCTTCGGCAGCATACT-1-55-0-0,0.1723790044031024,10.546688,gene_signature,1.0,pass
TCTTCGGGTTGCGTTA-1-55-0-0,0.10534957558617715,15.547861,gene_signature,1.0,pass
TCTTTCCAGTATCTCG-1-55-0-0,0.010455440683339944,18.816572,gene_signature,1.0,pass
TGAAAGAGTATAGTAG-1-55-0-0,0.15806103490128934,12.584222,gene_signature,1.0,pass
TGAAAGAGTCTAGTGT-1-55-0-0,0.16276916436957573,16.764961,gene_signature,1.0,pass
TGAAAGATCACCTTAT-1-55-0-0,0.03501669714049613,15.487155,gene_signature,1.0,pass
TGAAAGATCCTATTCA-1-55-0-0,0.03434243110502489,16.957125,gene_signature,1.0,pass
TGACAACAGCGTAATA-1-55-0-0,0.07926416521356382,13.67793,gene_signature,1.0,pass
TGACGGCAGCCCAATT-1-55-0-0,0.012213465526097967,14.665567,gene_signature,1.0,pass
TGACGGCTCGTGGGAA-1-55-0-0,0.03254656656339603,19.25838,gene_signature,1.0,pass
TGACTAGGTAGCTGCC-1-55-0-0,0.12423479807978785,12.667858,gene_signature,1.0,pass
TGACTAGTCGGGAGTA-1-55-0-0,0.00800672822944851,15.162007,gene_signature,1.0,pass
TGACTAGTCTCTAAGG-1-55-0-0,0.023456558765872545,16.833448,gene_signature,1.0,pass
TGACTTTAGGCTCAGA-1-55-0-0,0.018369971689519378,13.1881,gene_signature,1.0,pass
TGACTTTCAACGATCT-1-55-0-0,0.19127707123216925,15.656351,gene_signature,1.0,pass
TGACTTTGTGGTAACG-1-55-0-0,0.06297472297326935,13.282156,gene_signature,1.0,pass
TGAGAGGGTGAGGGTT-1-55-0-0,0.0031199195066013226,21.194427,gene_signature,1.0,pass
TGAGCATTCAAACCAC-1-55-0-0,0.07323765997640519,16.106075,gene_signature,1.0,pass
TGAGCCGCACATGGGA-1-55-0-0,0.12840452505441974,16.025127,gene_signature,1.0,pass
TGAGCCGGTCGTTGTA-1-55-0-0,0.024645267872861323,18.43948,gene_signature,1.0,pass
TGAGCCGGTGTTAAGA-1-55-0-0,0.34587191120808713,17.224972,gene_signature,1.0,pass
TGAGGGAAGTGGCACA-1-55-0-0,0.05496900169886902,16.735676,gene_signature,1.0,pass
TGAGGGACACGTAAGG-1-55-0-0,0.06618296046521598,14.197789,gene_signature,1.0,pass
TGAGGGAGTGAAATCA-1-55-0-0,0.05816570598078504,21.208183,gene_signature,1.0,pass
TGAGGGATCTGTTGAG-1-55-0-0,0.16078383341298874,14.267952,gene_signature,1.0,pass
TGATTTCAGCGATGAC-1-55-0-0,0.34123675677358045,13.036504,gene_signature,1.0,pass
TGCACCTAGCTCCTCT-1-55-0-0,0.011217826483947178,16.925814,gene_signature,1.0,pass
TGCACCTGTCTAAACC-1-55-0-0,0.018911790431972185,17.147038,gene_signature,1.0,pass
TGCCAAACACGTCTCT-1-55-0-0,0.4169947157716042,15.175371,gene_signature,1.0,pass
TGCCAAAGTGATGATA-1-55-0-0,0.3784727261291951,18.639872,gene_signature,1.0,pass
TGCCAAATCGCCCTTA-1-55-0-0,0.2207910262500894,16.824726,gene_signature,1.0,pass
TGCCAAATCGGTGTTA-1-55-0-0,0.12051635573883071,14.686679,gene_signature,1.0,pass
TGCCCTAAGCTAGTTC-1-55-0-0,0.07860242836323005,15.004415,gene_signature,1.0,pass
TGCCCTATCCGCATCT-1-55-0-0,0.08846681733058029,14.172712,gene_signature,1.0,pass
TGCGCAGGTAGCGTGA-1-55-0-0,0.09077657661313263,13.531024,gene_signature,1.0,pass
TGCGCAGGTTATTCTC-1-55-0-0,0.11287816874244365,11.667606,gene_signature,1.0,pass
TGCGGGTGTCAGGACA-1-55-0-0,0.07301679001663071,13.181618,gene_signature,1.0,pass
TGCGGGTGTTCAGTAC-1-55-0-0,0.017235024687892567,9.754793,gene_signature,1.0,pass
TGCGGGTTCACAGGCC-1-55-0-0,0.05826080546562311,15.893784,gene_signature,1.0,pass
TGCGTGGGTCTGGTCG-1-55-0-0,0.023949008409403408,15.982355,gene_signature,1.0,pass
TGCGTGGGTGTATGGG-1-55-0-0,0.0645385371466697,16.534481,gene_signature,1.0,pass
TGCTGCTCACCAACCG-1-55-0-0,0.09447730102444184,9.442949,gene_signature,1.0,pass
TGGACGCGTCACCCAG-1-55-0-0,0.12665469183819916,14.702342,gene_signature,1.0,pass
TGGACGCGTTCAACCA-1-55-0-0,0.045411312842723095,12.586309,gene_signature,1.0,pass
TGGCCAGCAGATGGCA-1-55-0-0,0.013122238532052629,16.661304,gene_signature,1.0,pass
TGGCCAGTCAACGGCC-1-55-0-0,0.20789119672865675,9.656893,gene_signature,1.0,pass
TGGCCAGTCAAGGTAA-1-55-0-0,0.193962414422976,15.570882,gene_signature,1.0,pass
TGGCGCAAGAAACCAT-1-55-0-0,0.3912080270013872,15.200549,gene_signature,1.0,pass
TGGCGCAAGACTTTCG-1-55-0-0,0.23713220526970927,15.281535,gene_signature,1.0,pass
TGGCGCACAAGGTGTG-1-55-0-0,0.06203679862300517,16.029709,gene_signature,1.0,pass
TGGCGCAGTAAATGAC-1-55-0-0,0.21731074974282621,19.227983,gene_signature,1.0,pass
TGGCGCATCCCACTTG-1-55-0-0,0.022635536286310553,16.031351,gene_signature,1.0,pass
TGGCTGGGTAGGCTGA-1-55-0-0,0.12200818583697097,12.822168,gene_signature,1.0,pass
TGGGAAGAGGTGCTTT-1-55-0-0,0.05492485926131889,18.39132,gene_signature,1.0,pass
TGGGAAGCAACTTGAC-1-55-0-0,0.6222528704676347,9.428495,gene_signature,1.0,pass
TGGGAAGCACTGTGTA-1-55-0-0,0.27353270469120644,11.484949,gene_signature,1.0,pass
TGGGAAGGTAGGCATG-1-55-0-0,0.1493500590768175,16.649311,gene_signature,1.0,pass
TGGGCGTAGGATATAC-1-55-0-0,0.021455387439014352,20.452961,gene_signature,1.0,pass
TGGGCGTGTTATCACG-1-55-0-0,0.18466310822013804,14.6420765,gene_signature,1.0,pass
TGGTTAGCATGCCTTC-1-55-0-0,0.09817127256170297,16.494024,gene_signature,1.0,pass
TGGTTAGTCCAGGGCT-1-55-0-0,0.019968357442442224,16.669834,gene_signature,1.0,pass
TGGTTCCGTAAGTGGC-1-55-0-0,0.13608149682606324,14.860115,gene_signature,1.0,pass
TGGTTCCGTGGAAAGA-1-55-0-0,0.2366259513048897,16.411116,gene_signature,1.0,pass
TGGTTCCTCGCGGATC-1-55-0-0,0.06293035829553396,13.557856,gene_signature,1.0,pass
TGTATTCGTCGACTGC-1-55-0-0,0.1364658491644088,19.541718,gene_signature,1.0,pass
TGTCCCACATCCGCGA-1-55-0-0,0.08003539861589921,16.200397,gene_signature,1.0,pass
TGTCCCACATTCGACA-1-55-0-0,0.258531885558011,15.44576,gene_signature,1.0,pass
TGTCCCAGTTCCCTTG-1-55-0-0,0.1976082964553882,14.348854,gene_signature,1.0,pass
TGTGGTAAGTCAAGGC-1-55-0-0,0.017108918634092307,19.553905,gene_signature,1.0,pass
TGTGGTACAAGCGAGT-1-55-0-0,0.06148715850186327,13.561482,gene_signature,1.0,pass
TGTGGTACATCAGTCA-1-55-0-0,0.024815650664016323,21.5783,gene_signature,1.0,pass
TGTGGTACATCGGAAG-1-55-0-0,0.3910006104542596,13.199387,gene_signature,1.0,pass
TGTGGTAGTGCAACTT-1-55-0-0,0.05460471450380018,15.027014,gene_signature,1.0,pass
TGTGGTATCATGCTCC-1-55-0-0,0.4796721448572553,15.6108675,gene_signature,1.0,pass
TGTGGTATCCTGTACC-1-55-0-0,0.06345542746849482,19.391016,gene_signature,1.0,pass
TGTGGTATCGAATGCT-1-55-0-0,0.0770214515352732,17.665417,gene_signature,1.0,pass
TGTGTTTCAATGGAAT-1-55-0-0,0.24436837512461498,20.373152,gene_signature,1.0,pass
TGTTCCGAGGTGCTAG-1-55-0-0,0.12939976670058218,10.301188,gene_signature,1.0,pass
TGTTCCGCAATAGCAA-1-55-0-0,0.3374828747440498,18.34881,gene_signature,1.0,pass
TGTTCCGCAATGAATG-1-55-0-0,0.07720343811779168,16.124155,gene_signature,1.0,pass
TGTTCCGCACGGTAGA-1-55-0-0,0.009467610585448493,16.496637,gene_signature,1.0,pass
TGTTCCGCAGTAACGG-1-55-0-0,0.25565139152494276,18.351263,gene_signature,1.0,pass
TGTTCCGTCACTTATC-1-55-0-0,0.28522929482117715,13.838847,gene_signature,1.0,pass
TTAACTCAGCTGTTCA-1-55-0-0,0.02086199706961654,17.475801,gene_signature,1.0,pass
TTAACTCGTCGACTAT-1-55-0-0,0.17325039360570688,15.351034,gene_signature,1.0,pass
TTAGGACCACCATCCT-1-55-0-0,0.04635334738760697,16.144825,gene_signature,1.0,pass
TTAGGACGTTTGCATG-1-55-0-0,0.11888387376079716,17.54382,gene_signature,1.0,pass
TTAGTTCGTGAAAGAG-1-55-0-0,0.03286092795641496,21.159977,gene_signature,1.0,pass
TTAGTTCGTGAGTATA-1-55-0-0,0.005521458500454646,16.813648,gene_signature,1.0,pass
TTCCCAGTCAAGAAGT-1-55-0-0,0.0798788682040957,14.779215,gene_signature,1.0,pass
TTCGAAGCAGCTGTAT-1-55-0-0,0.010881920243015687,18.528341,gene_signature,1.0,pass
TTCGAAGGTGGCAAAC-1-55-0-0,0.06735701677498011,12.713829,gene_signature,1.0,pass
TTCGGTCGTATGCTTG-1-55-0-0,0.0640847396503769,16.00262,gene_signature,1.0,pass
TTCGGTCGTCCCTTGT-1-55-0-0,0.008848992816852617,18.101982,gene_signature,1.0,pass
TTCTACACAAGTTAAG-1-55-0-0,0.30341597311527513,17.266315,gene_signature,1.0,pass
TTCTACAGTGAGCGAT-1-55-0-0,0.26901244304334104,12.295344,gene_signature,1.0,pass
TTCTCCTTCGCATGGC-1-55-0-0,0.3106453701990686,18.8466,gene_signature,1.0,pass
TTCTCCTTCTTGCAAG-1-55-0-0,0.015834867904265658,20.683376,gene_signature,1.0,pass
TTCTTAGAGGATTCGG-1-55-0-0,0.04434120332838209,13.715335,gene_signature,1.0,pass
TTCTTAGCACACATGT-1-55-0-0,0.03815650171408389,10.022456,gene_signature,1.0,pass
TTCTTAGGTCTCCCTA-1-55-0-0,0.40490609949951184,13.771767,gene_signature,1.0,pass
TTGAACGGTCACCTAA-1-55-0-0,0.03976064176236998,12.591671,gene_signature,1.0,pass
TTGAACGGTTGTTTGG-1-55-0-0,0.2972339142814113,13.934855,gene_signature,1.0,pass
TTGAACGTCAACGGGA-1-55-0-0,0.018971532970587165,20.208675,gene_signature,1.0,pass
TTGACTTCAAGTCATC-1-55-0-0,0.017345711752989698,16.339294,gene_signature,1.0,pass
TTGACTTCAGGCAGTA-1-55-0-0,0.3654878731836135,17.329643,gene_signature,1.0,pass
TTGACTTCATCCGCGA-1-55-0-0,0.0983372707187487,16.29908,gene_signature,1.0,pass
TTGACTTTCTGCGGCA-1-55-0-0,0.1882100983196545,13.899069,gene_signature,1.0,pass
TTGCCGTCAAATTGCC-1-55-0-0,0.08595272740825168,12.599014,gene_signature,1.0,pass
TTGGAACTCAGCCTAA-1-55-0-0,0.03457722141448953,16.18456,gene_signature,1.0,pass
TTGGAACTCTGGTGTA-1-55-0-0,0.03581338699313864,15.840164,gene_signature,1.0,pass
TTGGCAATCCTAGAAC-1-55-0-0,0.0980485712072453,8.139478,gene_signature,1.0,pass
TTGTAGGAGACTTTCG-1-55-0-0,0.03434210362699718,16.65673,gene_signature,1.0,pass
TTGTAGGGTAAGGGCT-1-55-0-0,0.24649720655713617,9.759864,gene_signature,1.0,pass
TTGTAGGGTCCGAACC-1-55-0-0,0.03833789543601303,9.610827,gene_signature,1.0,pass
TTGTAGGGTTCCCGAG-1-55-0-0,0.015336766668548569,20.701576,gene_signature,1.0,pass
TTTACTGAGTAGATGT-1-55-0-0,0.03393789571148491,18.143435,gene_signature,1.0,pass
TTTATGCGTGAGTATA-1-55-0-0,0.13063707571098962,16.512966,gene_signature,1.0,pass
TTTCCTCGTGTTGGGA-1-55-0-0,0.02013260004224081,21.623158,gene_signature,1.0,pass
TTTCCTCGTTTGTTTC-1-55-0-0,0.09649020775999578,10.02552,gene_signature,1.0,pass
TTTGCGCGTATCAGTC-1-55-0-0,0.13724811057680678,12.772573,gene_signature,1.0,pass
TTTGGTTAGCCCAACC-1-55-0-0,0.3581973256340503,14.72672,gene_signature,1.0,pass
TTTGGTTAGGCTACGA-1-55-0-0,0.03414223188507668,20.921305,gene_signature,1.0,pass
TTTGGTTAGGGTATCG-1-55-0-0,0.08285638336600773,16.71553,gene_signature,1.0,pass
TTTGGTTAGTGCCAGA-1-55-0-0,0.07540978239263436,14.945378,gene_signature,1.0,pass
TTTGGTTGTTCGTCTC-1-55-0-0,0.02245463481436637,10.365476,gene_signature,1.0,pass
TTTGTCAAGCCGGTAA-1-55-0-0,0.07578502916746585,12.352768,gene_signature,1.0,pass
AAACCTGCAACTTGAC-1-80-0-0,0.10885218541259485,17.771584,gene_signature,1.0,pass
AAACCTGGTGTGCGTC-1-80-0-0,0.11007203103225131,15.630534,gene_signature,1.0,pass
AAACCTGTCCACGTTC-1-80-0-0,0.2311680876561355,14.485354,gene_signature,1.0,pass
AAACGGGGTCATCCCT-1-80-0-0,0.10790926550131312,13.233477,gene_signature,1.0,pass
AAACGGGGTTCCACGG-1-80-0-0,0.4311331671515908,13.2791,gene_signature,1.0,pass
AAACGGGTCGAGCCCA-1-80-0-0,0.04083810408499516,17.3867,gene_signature,1.0,pass
AAAGATGGTTGGTGGA-1-80-0-0,0.09686175791692053,16.49511,gene_signature,1.0,pass
AAAGATGTCTGCAGTA-1-80-0-0,0.03045828531032772,14.36806,gene_signature,1.0,pass
AAAGCAAAGCGCCTTG-1-80-0-0,0.04677870289983478,19.231766,gene_signature,1.0,pass
AAAGCAAAGGCCCTCA-1-80-0-0,0.4272705220647815,8.690987,gene_signature,1.0,pass
AAATGCCCAGCTGTAT-1-80-0-0,0.03562969441422816,13.8682995,gene_signature,1.0,pass
AAATGCCTCGCGTTTC-1-80-0-0,0.21828203206982494,12.0366535,gene_signature,1.0,pass
AACACGTTCGTCGTTC-1-80-0-0,0.08462171672259415,11.544609,gene_signature,1.0,pass
AACCATGAGCAGCGTA-1-80-0-0,0.5045681940942657,11.352274,gene_signature,1.0,pass
AACCATGTCCATGAGT-1-80-0-0,0.2776061318927255,11.359891,gene_signature,1.0,pass
AACCATGTCGCCTGTT-1-80-0-0,0.09060185064602132,15.626656,gene_signature,1.0,pass
AACCATGTCGTACGGC-1-80-0-0,0.1143154615633388,10.255077,gene_signature,1.0,pass
AACCGCGCATAGGATA-1-80-0-0,0.3081545230480968,18.17847,gene_signature,1.0,pass
AACCGCGGTAAGAGAG-1-80-0-0,0.1863300083474368,14.55231,gene_signature,1.0,pass
AACCGCGTCGAATGGG-1-80-0-0,0.04079793664093254,14.016611,gene_signature,1.0,pass
AACCGCGTCTTCGGTC-1-80-0-0,0.03731748057497568,12.563803,gene_signature,1.0,pass
AACTCAGAGACCTAGG-1-80-0-0,0.11945225631837612,13.605942,gene_signature,1.0,pass
AACTCAGAGACTTGAA-1-80-0-0,0.15233736756882932,14.185092,gene_signature,1.0,pass
AACTCAGGTTACCAGT-1-80-0-0,0.1373922456886866,17.7577,gene_signature,1.0,pass
AACTCCCAGCTAACAA-1-80-0-0,0.03198617564092353,10.419543,gene_signature,1.0,pass
AACTCCCGTATAAACG-1-80-0-0,0.026312815674858638,15.64504,gene_signature,1.0,pass
AACTCCCGTCGCTTCT-1-80-0-0,0.1833267250737158,18.662703,gene_signature,1.0,pass
AACTCCCGTCTACCTC-1-80-0-0,0.26504527592482807,14.93915,gene_signature,1.0,pass
AACTCCCGTGGAAAGA-1-80-0-0,0.29332944382742554,10.095774,gene_signature,1.0,pass
AACTCTTGTAGCTCCG-1-80-0-0,0.05208988716538763,20.104948,gene_signature,1.0,pass
AACTGGTGTATGAAAC-1-80-0-0,0.1334456663999068,8.72684,gene_signature,1.0,pass
AACTGGTGTGCTGTAT-1-80-0-0,0.11127099186952034,12.829534,gene_signature,1.0,pass
AACTGGTTCACCCGAG-1-80-0-0,0.1600409978422169,17.15585,gene_signature,1.0,pass
AAGACCTAGCGATATA-1-80-0-0,0.0771649242974373,13.807795,gene_signature,1.0,pass
AAGACCTGTAGCGTCC-1-80-0-0,0.008396722083924982,15.982531,gene_signature,1.0,pass
AAGACCTGTGACAAAT-1-80-0-0,0.018425021560656472,14.572988,gene_signature,1.0,pass
AAGACCTTCTGAGGGA-1-80-0-0,0.017623440158325995,21.927805,gene_signature,1.0,pass
AAGCCGCCAAGAAGAG-1-80-0-0,0.05990489365776404,20.266134,gene_signature,1.0,pass
AAGCCGCCATTCACTT-1-80-0-0,0.14067748198304658,19.632957,gene_signature,1.0,pass
AAGCCGCGTGAAGGCT-1-80-0-0,0.29117806675855845,12.633326,gene_signature,1.0,pass
AAGGAGCAGCTAGTGG-1-80-0-0,0.009350134949691368,18.552044,gene_signature,1.0,pass
AAGGTTCAGATGAGAG-1-80-0-0,0.01921337854056799,12.995938,gene_signature,1.0,pass
AAGGTTCTCTCACATT-1-80-0-0,0.20931737999667935,17.4323,gene_signature,1.0,pass
AAGTCTGAGCCAGTTT-1-80-0-0,0.009018970295157282,19.38559,gene_signature,1.0,pass
AAGTCTGTCCGTTGTC-1-80-0-0,0.35728194765320787,10.93126,gene_signature,1.0,pass
AAGTCTGTCTTAGCCC-1-80-0-0,0.03909210061666647,19.612732,gene_signature,1.0,pass
AATCCAGTCTGCAGTA-1-80-0-0,0.04166011104827312,14.585447,gene_signature,1.0,pass
AATCGGTAGGCTATCT-1-80-0-0,0.04286586209245151,16.96105,gene_signature,1.0,pass
AATCGGTTCGGCTTGG-1-80-0-0,0.04760862790044576,20.34194,gene_signature,1.0,pass
ACACCAACAAGTTGTC-1-80-0-0,0.1758919315789237,18.939604,gene_signature,1.0,pass
ACACCAAGTCTCTTAT-1-80-0-0,0.08148237005943065,14.254916,gene_signature,1.0,pass
ACACCAAGTTTGGGCC-1-80-0-0,0.07989822820538584,14.642352,gene_signature,1.0,pass
ACACCAATCTCGATGA-1-80-0-0,0.38045640957135474,18.371489,gene_signature,1.0,pass
ACACCCTCAATCGGTT-1-80-0-0,0.12184105888129829,11.584508,gene_signature,1.0,pass
ACACCGGGTCCAAGTT-1-80-0-0,0.056177757001156715,14.440376,gene_signature,1.0,pass
ACACTGACATAAGACA-1-80-0-0,0.01838281525690414,10.099633,gene_signature,1.0,pass
ACACTGAGTCAGAATA-1-80-0-0,0.18381233652853388,8.35594,gene_signature,1.0,pass
ACACTGAGTTCGGGCT-1-80-0-0,0.010508544161844019,16.723267,gene_signature,1.0,pass
ACACTGAGTTGTGGCC-1-80-0-0,0.10704519048902253,19.34232,gene_signature,1.0,pass
ACAGCCGAGGGAAACA-1-80-0-0,0.21330013040809553,15.064085,gene_signature,1.0,pass
ACAGCCGCAAACGCGA-1-80-0-0,0.16259722737357668,13.36944,gene_signature,1.0,pass
ACAGCTAAGTAATCCC-1-80-0-0,0.015376339106090814,14.563852,gene_signature,1.0,pass
ACAGCTAGTAACGACG-1-80-0-0,0.10100036154182968,12.551099,gene_signature,1.0,pass
ACAGCTATCGTGGACC-1-80-0-0,0.00984385559605614,21.800655,gene_signature,1.0,pass
ACATACGAGCCTTGAT-1-80-0-0,0.020397983582468207,16.347218,gene_signature,1.0,pass
ACATACGCATGAGCGA-1-80-0-0,0.022800000125067416,15.034818,gene_signature,1.0,pass
ACATACGGTACAGTTC-1-80-0-0,0.06489190068634429,16.952734,gene_signature,1.0,pass
ACATACGGTTGGAGGT-1-80-0-0,0.3058632495810108,8.764256,gene_signature,1.0,pass
ACATCAGCAAGTCATC-1-80-0-0,0.05396056379913501,10.464991,gene_signature,1.0,pass
ACATCAGGTCAGTGGA-1-80-0-0,0.15419419334661802,13.34093,gene_signature,1.0,pass
ACATGGTAGAAGGGTA-1-80-0-0,0.012082817377713854,13.938028,gene_signature,1.0,pass
ACATGGTCACAGGTTT-1-80-0-0,0.07412467017380645,16.045992,gene_signature,1.0,pass
ACATGGTGTTATGCGT-1-80-0-0,0.021994512196882636,11.160963,gene_signature,1.0,pass
ACCAGTAGTAGGACAC-1-80-0-0,0.23661826130614055,14.947924,gene_signature,1.0,pass
ACCAGTATCGCTGATA-1-80-0-0,0.06660247001096131,12.695973,gene_signature,1.0,pass
ACCCACTCAGCCTTGG-1-80-0-0,0.06983677982249335,16.949556,gene_signature,1.0,pass
ACCGTAACAGCTTAAC-1-80-0-0,0.08787777439885025,17.260168,gene_signature,1.0,pass
ACCGTAACATTCCTCG-1-80-0-0,0.013881542781364123,21.888777,gene_signature,1.0,pass
ACCGTAAGTAACGACG-1-80-0-0,0.04896590240448229,19.035046,gene_signature,1.0,pass
ACCTTTAAGATGTGGC-1-80-0-0,0.028892968558210545,17.304882,gene_signature,1.0,pass
ACCTTTAGTCTAGTGT-1-80-0-0,0.012060834730253281,14.180608,gene_signature,1.0,pass
ACCTTTATCACCCGAG-1-80-0-0,0.21526782615858164,10.744695,gene_signature,1.0,pass
ACCTTTATCGATGAGG-1-80-0-0,0.029883514326510163,16.502218,gene_signature,1.0,pass
ACGAGCCCAGACGCAA-1-80-0-0,0.055517982617443486,12.641922,gene_signature,1.0,pass
ACGAGCCGTGTCCTCT-1-80-0-0,0.03650328826226541,15.274531,gene_signature,1.0,pass
ACGAGGACATCGATTG-1-80-0-0,0.7049718980249542,5.5691724,gene_signature,1.0,pass
ACGAGGAGTAATCGTC-1-80-0-0,0.07816412387232008,16.115942,gene_signature,1.0,pass
ACGAGGAGTCTAGTGT-1-80-0-0,0.18444084140457873,8.995531,gene_signature,1.0,pass
ACGATACCAGTAGAGC-1-80-0-0,0.04500404224649964,14.765195,gene_signature,1.0,pass
ACGATACCAGTCAGAG-1-80-0-0,0.02706111150837681,18.763235,gene_signature,1.0,pass
ACGATGTCAAACCTAC-1-80-0-0,0.028785044951151046,14.7397175,gene_signature,1.0,pass
ACGATGTCATCTCGCT-1-80-0-0,0.1757207953175015,12.424509,gene_signature,1.0,pass
ACGATGTGTGCGCTTG-1-80-0-0,0.12422450771528512,18.717094,gene_signature,1.0,pass
ACGATGTTCCCGACTT-1-80-0-0,0.14046057529669304,12.820051,gene_signature,1.0,pass
ACGCAGCTCATGCATG-1-80-0-0,0.15314173580859822,14.706018,gene_signature,1.0,pass
ACGCAGCTCTGACCTC-1-80-0-0,0.06689218131573424,14.966807,gene_signature,1.0,pass
ACGCCAGTCTTTAGTC-1-80-0-0,0.04259072577329519,21.720463,gene_signature,1.0,pass
ACGCCGATCGGTGTCG-1-80-0-0,0.21099596126095718,14.341658,gene_signature,1.0,pass
ACGGAGAAGCGTGAAC-1-80-0-0,0.11143285548707553,16.683157,gene_signature,1.0,pass
ACGGAGATCTGATACG-1-80-0-0,0.23591298756058351,14.61929,gene_signature,1.0,pass
ACGGAGATCTTCGGTC-1-80-0-0,0.08035552756445331,13.350805,gene_signature,1.0,pass
ACGGCCAGTTTGGCGC-1-80-0-0,0.19983811902793694,13.029188,gene_signature,1.0,pass
ACGGGCTAGCGCTCCA-1-80-0-0,0.028857630268987067,15.261795,gene_signature,1.0,pass
ACGGGCTAGCGTAGTG-1-80-0-0,0.16900543676366184,9.773733,gene_signature,1.0,pass
ACGGGCTCACTTAAGC-1-80-0-0,0.02003208282234677,19.563595,gene_signature,1.0,pass
ACGTCAACATGATCCA-1-80-0-0,0.039250622180128994,13.78174,gene_signature,1.0,pass
ACGTCAACATTCTCAT-1-80-0-0,0.041957733662952565,14.205084,gene_signature,1.0,pass
ACGTCAAGTGGTACAG-1-80-0-0,0.14753283694595706,15.776408,gene_signature,1.0,pass
ACTATCTTCAACGCTA-1-80-0-0,0.08888843827212897,20.038015,gene_signature,1.0,pass
ACTGAACAGCCGCCTA-1-80-0-0,0.10660173062037784,16.582312,gene_signature,1.0,pass
ACTGAACCAAGTTCTG-1-80-0-0,0.054968047803198215,19.418503,gene_signature,1.0,pass
ACTGAACCACCTGGTG-1-80-0-0,0.0554008356513075,21.157368,gene_signature,1.0,pass
ACTGAACTCGTCCGTT-1-80-0-0,0.015252325431629864,19.033176,gene_signature,1.0,pass
ACTGAGTCAAGCGCTC-1-80-0-0,0.19680972901374671,9.624425,gene_signature,1.0,pass
ACTGAGTGTACGAAAT-1-80-0-0,0.0035093375167679526,19.886225,gene_signature,1.0,pass
ACTGAGTGTCACTGGC-1-80-0-0,0.0412407896348715,11.493136,gene_signature,1.0,pass
ACTGAGTGTTACTGAC-1-80-0-0,0.09922441654056,11.515465,gene_signature,1.0,pass
ACTGCTCGTGGGTCAA-1-80-0-0,0.5139572783893847,15.568716,gene_signature,1.0,pass
ACTGCTCTCCTCGCAT-1-80-0-0,0.17217132770611437,13.644377,gene_signature,1.0,pass
ACTGCTCTCTTTACAC-1-80-0-0,0.12614540917191078,14.227547,gene_signature,1.0,pass
ACTTACTGTCTTGCGG-1-80-0-0,0.00853082508045291,18.408573,gene_signature,1.0,pass
ACTTACTGTTTAGCTG-1-80-0-0,0.007884813743671918,19.921595,gene_signature,1.0,pass
ACTTGTTAGCAGGTCA-1-80-0-0,0.08375124071728465,17.48997,gene_signature,1.0,pass
ACTTGTTAGCGATTCT-1-80-0-0,0.16189229467411226,13.771337,gene_signature,1.0,pass
ACTTGTTAGCTGGAAC-1-80-0-0,0.28410958849857965,11.18624,gene_signature,1.0,pass
ACTTTCAGTATTAGCC-1-80-0-0,0.3246771591777941,14.322184,gene_signature,1.0,pass
ACTTTCATCTGACCTC-1-80-0-0,0.07351161305133189,11.471931,gene_signature,1.0,pass
AGAATAGAGCGTGTCC-1-80-0-0,0.15332654436265786,14.424021,gene_signature,1.0,pass
AGAATAGCATCACAAC-1-80-0-0,0.11019864843606442,12.039938,gene_signature,1.0,pass
AGACGTTGTCAATGTC-1-80-0-0,0.004884150449641293,17.176952,gene_signature,1.0,pass
AGAGCGACACGCGAAA-1-80-0-0,0.026143536187303695,11.474062,gene_signature,1.0,pass
AGAGCGAGTCTTCGTC-1-80-0-0,0.005861564695557487,16.407463,gene_signature,1.0,pass
AGAGCGATCAGGCAAG-1-80-0-0,0.09373522065200904,14.766101,gene_signature,1.0,pass
AGAGCTTCACGCGAAA-1-80-0-0,0.03308247780115803,21.008074,gene_signature,1.0,pass
AGAGTGGAGCCTATGT-1-80-0-0,0.05014690958909773,18.318293,gene_signature,1.0,pass
AGAGTGGGTAATAGCA-1-80-0-0,0.1282223500642961,11.371243,gene_signature,1.0,pass
AGATCTGAGTACGCCC-1-80-0-0,0.021944783305762126,17.35032,gene_signature,1.0,pass
AGATCTGGTGATGATA-1-80-0-0,0.032114026544980176,11.778879,gene_signature,1.0,pass
AGATCTGTCTTACCGC-1-80-0-0,0.07201290196727868,13.371483,gene_signature,1.0,pass
AGATTGCAGAATCTCC-1-80-0-0,0.008031094290553386,13.916384,gene_signature,1.0,pass
AGATTGCAGTCTCCTC-1-80-0-0,0.09526755005892458,12.606676,gene_signature,1.0,pass
AGATTGCTCCTTCAAT-1-80-0-0,0.21620749840549475,14.489247,gene_signature,1.0,pass
AGCGTATAGATCCTGT-1-80-0-0,0.08016620680087458,15.645752,gene_signature,1.0,pass
AGCGTATAGCTAACAA-1-80-0-0,0.03546885455498395,15.9157505,gene_signature,1.0,pass
AGCGTCGAGCTAGTGG-1-80-0-0,0.3868256623581373,13.309509,gene_signature,1.0,pass
AGCGTCGTCGTCCAGG-1-80-0-0,0.48888918452912156,16.727558,gene_signature,1.0,pass
AGCTCCTGTCAAAGCG-1-80-0-0,0.11000689042353998,16.191288,gene_signature,1.0,pass
AGCTCTCAGCTAAACA-1-80-0-0,0.030152006984888645,10.7396755,gene_signature,1.0,pass
AGCTCTCCATGAACCT-1-80-0-0,0.023889749356956286,10.266474,gene_signature,1.0,pass
AGCTCTCGTGCATCTA-1-80-0-0,0.04271330831280253,16.041248,gene_signature,1.0,pass
AGCTTGAAGAAACCAT-1-80-0-0,0.03914236203038613,11.480327,gene_signature,1.0,pass
AGGCCACAGTACGACG-1-80-0-0,0.04500192441111076,15.986494,gene_signature,1.0,pass
AGGCCGTAGTAATCCC-1-80-0-0,0.02947903136051046,15.591062,gene_signature,1.0,pass
AGGCCGTTCGCCAAAT-1-80-0-0,0.010535827710932045,22.012424,gene_signature,1.0,pass
AGGGAGTTCGCCTGAG-1-80-0-0,0.05524358414020354,13.882881,gene_signature,1.0,pass
AGGGATGAGGCTAGGT-1-80-0-0,0.09474417702806825,10.386766,gene_signature,1.0,pass
AGGGATGAGTGTACGG-1-80-0-0,0.2392462610824778,16.192692,gene_signature,1.0,pass
AGGGTGACAATGAATG-1-80-0-0,0.3942208476523696,10.398614,gene_signature,1.0,pass
AGGGTGAGTTATCGGT-1-80-0-0,0.06838277189798114,19.13526,gene_signature,1.0,pass
AGGTCATCACAGATTC-1-80-0-0,0.21959219048694179,14.760051,gene_signature,1.0,pass
AGGTCATCATTATCTC-1-80-0-0,0.03974977962743538,17.535255,gene_signature,1.0,pass
AGGTCATTCCACGTTC-1-80-0-0,0.13803527298127258,14.760203,gene_signature,1.0,pass
AGGTCCGCAGAGTGTG-1-80-0-0,0.006812072398323238,19.692715,gene_signature,1.0,pass
AGGTCCGCAGCTGCAC-1-80-0-0,0.02991387347787028,12.482368,gene_signature,1.0,pass
AGTAGTCCACCAGCAC-1-80-0-0,0.06640415477779131,13.123117,gene_signature,1.0,pass
AGTCTTTCACATTAGC-1-80-0-0,0.013340421577391478,21.710157,gene_signature,1.0,pass
AGTGAGGAGAAAGTGG-1-80-0-0,0.28788678409780905,16.302387,gene_signature,1.0,pass
AGTGAGGGTCGGCACT-1-80-0-0,0.6370135239969041,9.977492,gene_signature,1.0,pass
AGTGGGAAGTCTTGCA-1-80-0-0,0.3233136147733263,15.63837,gene_signature,1.0,pass
AGTGGGACAAGGTGTG-1-80-0-0,0.11421137271158521,17.634361,gene_signature,1.0,pass
AGTGTCACAGCCTGTG-1-80-0-0,0.05017144605995898,19.07013,gene_signature,1.0,pass
AGTGTCAGTCTTGATG-1-80-0-0,0.20740061821711753,20.189577,gene_signature,1.0,pass
AGTGTCATCCTACAGA-1-80-0-0,0.09823309695648993,13.337135,gene_signature,1.0,pass
AGTGTCATCGGAGGTA-1-80-0-0,0.01708345888558317,15.660925,gene_signature,1.0,pass
ATAACGCGTTCCAACA-1-80-0-0,0.0679508485943461,10.743384,gene_signature,1.0,pass
ATAACGCTCTCTAAGG-1-80-0-0,0.01440976975845335,22.031933,gene_signature,1.0,pass
ATCACGAGTCCGACGT-1-80-0-0,0.11604843363390054,13.6056,gene_signature,1.0,pass
ATCATGGAGACTCGGA-1-80-0-0,0.19610913708171054,11.032122,gene_signature,1.0,pass
ATCATGGGTGTGCCTG-1-80-0-0,0.011127812584420234,19.17622,gene_signature,1.0,pass
ATCATGGTCCACTGGG-1-80-0-0,0.08557579734676005,13.622874,gene_signature,1.0,pass
ATCCACCAGACAGACC-1-80-0-0,0.08400152237055003,11.661482,gene_signature,1.0,pass
ATCCACCGTCGCGGTT-1-80-0-0,0.1728210549036882,11.081727,gene_signature,1.0,pass
ATCCACCTCTCTAGGA-1-80-0-0,0.2294588272401586,18.829433,gene_signature,1.0,pass
ATCCGAAAGGAATTAC-1-80-0-0,0.04998813828922298,13.603869,gene_signature,1.0,pass
ATCCGAAAGTGAACGC-1-80-0-0,0.05535330662782014,10.836401,gene_signature,1.0,pass
ATCCGAACAGATCGGA-1-80-0-0,0.10000493650828894,17.606075,gene_signature,1.0,pass
ATCCGAAGTAGCTAAA-1-80-0-0,0.011820867650773812,16.25373,gene_signature,1.0,pass
ATCCGAATCATGTAGC-1-80-0-0,0.06683187341090838,17.055504,gene_signature,1.0,pass
ATCGAGTCACTCAGGC-1-80-0-0,0.011197735597564479,19.334631,gene_signature,1.0,pass
ATCGAGTCAGCTCCGA-1-80-0-0,0.27824811526463683,10.686272,gene_signature,1.0,pass
ATCGAGTTCCCATTAT-1-80-0-0,0.03194442561893017,19.4549,gene_signature,1.0,pass
ATCTACTCAAAGGAAG-1-80-0-0,0.029375091741983238,20.977451,gene_signature,1.0,pass
ATCTGCCGTTACCGAT-1-80-0-0,0.14851383724650338,12.93173,gene_signature,1.0,pass
ATCTGCCTCAGGTAAA-1-80-0-0,0.23750661189597416,12.801458,gene_signature,1.0,pass
ATGAGGGGTTCAGCGC-1-80-0-0,0.05039904388850652,13.776251,gene_signature,1.0,pass
ATGAGGGTCGCTTGTC-1-80-0-0,0.10137672003652112,10.4931755,gene_signature,1.0,pass
ATGCGATTCGAACGGA-1-80-0-0,0.07066083763813798,14.13403,gene_signature,1.0,pass
ATGGGAGGTTGCCTCT-1-80-0-0,0.017393324319024565,20.429428,gene_signature,1.0,pass
ATGGGAGTCACATAGC-1-80-0-0,0.4231231877976345,11.237529,gene_signature,1.0,pass
ATGGGAGTCAGATAAG-1-80-0-0,0.012737607272505636,14.802913,gene_signature,1.0,pass
ATGGGAGTCCAGTAGT-1-80-0-0,0.015264046122707394,19.800684,gene_signature,1.0,pass
ATTACTCAGATGGCGT-1-80-0-0,0.053089855357679516,11.916773,gene_signature,1.0,pass
ATTACTCCACCAGATT-1-80-0-0,0.024269590172151308,21.71619,gene_signature,1.0,pass
ATTATCCCATCGATGT-1-80-0-0,0.03132825516159818,21.182266,gene_signature,1.0,pass
ATTGGACTCATCATTC-1-80-0-0,0.023983726401147723,19.91042,gene_signature,1.0,pass
ATTGGACTCATCTGTT-1-80-0-0,0.27133998543466137,9.369339,gene_signature,1.0,pass
ATTGGTGCAAGTTCTG-1-80-0-0,0.0965670653967928,12.940218,gene_signature,1.0,pass
ATTGGTGCATGTCCTC-1-80-0-0,0.14207264552980822,14.564123,gene_signature,1.0,pass
ATTGGTGGTAATCACC-1-80-0-0,0.015563250277834062,11.946515,gene_signature,1.0,pass
ATTTCTGAGCGTTGCC-1-80-0-0,0.03486035302650988,17.457294,gene_signature,1.0,pass
CAACCAAAGTTTAGGA-1-80-0-0,0.01150779886681363,21.68629,gene_signature,1.0,pass
CAACCAATCGGAAACG-1-80-0-0,0.04598312861593263,12.720636,gene_signature,1.0,pass
CAACCTCAGTAGATGT-1-80-0-0,0.1267526413428898,10.6631,gene_signature,1.0,pass
CAACCTCCAGCTTAAC-1-80-0-0,0.04095359825948601,19.130959,gene_signature,1.0,pass
CAACCTCGTCCCGACA-1-80-0-0,0.07408352264158541,15.977592,gene_signature,1.0,pass
CAACCTCTCACTCCTG-1-80-0-0,0.06302429015965952,13.40791,gene_signature,1.0,pass
CAACTAGAGTCACGCC-1-80-0-0,0.042181266299702924,16.389343,gene_signature,1.0,pass
CAAGAAAAGCCTCGTG-1-80-0-0,0.02397273297461461,14.522551,gene_signature,1.0,pass
CAAGAAACAGCCAATT-1-80-0-0,0.03075996371877911,21.99011,gene_signature,1.0,pass
CAAGATCAGATACACA-1-80-0-0,0.09287499987081362,18.595184,gene_signature,1.0,pass
CAAGATCCACCTCGTT-1-80-0-0,0.2576978318399377,9.238752,gene_signature,1.0,pass
CAAGATCCACGTAAGG-1-80-0-0,0.31207687240476545,7.420255,gene_signature,1.0,pass
CAAGGCCAGGCTCAGA-1-80-0-0,0.13914404582729945,12.628505,gene_signature,1.0,pass
CAAGGCCTCGCGTAGC-1-80-0-0,0.12777089964466748,21.126755,gene_signature,1.0,pass
CAAGTTGAGTAGTGCG-1-80-0-0,0.21980751142560068,17.20367,gene_signature,1.0,pass
CAAGTTGCAAATACAG-1-80-0-0,0.013668004432277437,17.322765,gene_signature,1.0,pass
CAAGTTGGTCTAGGTT-1-80-0-0,0.3232940354671465,12.841242,gene_signature,1.0,pass
CAAGTTGGTGATAAAC-1-80-0-0,0.06702066016626859,14.416776,gene_signature,1.0,pass
CACAAACAGTACGCCC-1-80-0-0,0.12082112349041832,13.772604,gene_signature,1.0,pass
CACAAACCAACACCCG-1-80-0-0,0.23562083179313525,10.362959,gene_signature,1.0,pass
CACAAACGTCCGTGAC-1-80-0-0,0.06557910842470518,13.471766,gene_signature,1.0,pass
CACACCTAGACAGGCT-1-80-0-0,0.03225754788001746,17.437965,gene_signature,1.0,pass
CACACTCCACACCGCA-1-80-0-0,0.0463390075897767,20.309961,gene_signature,1.0,pass
CACACTCCACATGGGA-1-80-0-0,0.017058958631672342,13.135162,gene_signature,1.0,pass
CACAGTAGTCCGAGTC-1-80-0-0,0.09069912389439869,15.986267,gene_signature,1.0,pass
CACATAGCACTCGACG-1-80-0-0,0.2393567816317297,14.655914,gene_signature,1.0,pass
CACATAGTCGCAAACT-1-80-0-0,0.10022061488648548,17.568066,gene_signature,1.0,pass
CACATTTCAGGGTACA-1-80-0-0,0.1369336288183529,14.108063,gene_signature,1.0,pass
CACCACTCAGGTTTCA-1-80-0-0,0.07203439964038408,13.545346,gene_signature,1.0,pass
CACCACTTCAGTTGAC-1-80-0-0,0.187475296405396,16.96428,gene_signature,1.0,pass
CACCAGGGTAGTAGTA-1-80-0-0,0.012743921729442229,21.332296,gene_signature,1.0,pass
CACCAGGGTTACGCGC-1-80-0-0,0.14188272872894508,21.470802,gene_signature,1.0,pass
CACTCCACAACACCTA-1-80-0-0,0.08124289540374689,11.2431965,gene_signature,1.0,pass
CACTCCACAGGAATCG-1-80-0-0,0.050627613708650474,15.446437,gene_signature,1.0,pass
CACTCCAGTTAAGGGC-1-80-0-0,0.07631561175729985,9.869289,gene_signature,1.0,pass
CAGAATCTCAAGGTAA-1-80-0-0,0.1200929234293017,12.92246,gene_signature,1.0,pass
CAGAGAGAGATCCCGC-1-80-0-0,0.0608672607242002,18.752872,gene_signature,1.0,pass
CAGAGAGGTTAAGAAC-1-80-0-0,0.004991236417434529,20.433983,gene_signature,1.0,pass
CAGAGAGTCTGTGCAA-1-80-0-0,0.18860562198027606,17.740658,gene_signature,1.0,pass
CAGATCAAGTCCGTAT-1-80-0-0,0.09009799749967759,14.436844,gene_signature,1.0,pass
CAGATCAGTTCCGTCT-1-80-0-0,0.05726998375756398,11.7391815,gene_signature,1.0,pass
CAGATCATCTTGAGGT-1-80-0-0,0.3142148698418101,11.751317,gene_signature,1.0,pass
CAGCAGCCAGGCTGAA-1-80-0-0,0.10938336072454473,9.140194,gene_signature,1.0,pass
CAGCATAAGACAGACC-1-80-0-0,0.05413160238563271,19.553802,gene_signature,1.0,pass
CAGCATAGTGGTGTAG-1-80-0-0,0.13759172314988452,13.094786,gene_signature,1.0,pass
CAGCATATCATCGGAT-1-80-0-0,0.2833751098835692,8.578202,gene_signature,1.0,pass
CAGCCGACACTTCGAA-1-80-0-0,0.2762196281458099,14.109279,gene_signature,1.0,pass
CAGCCGATCGCCGTGA-1-80-0-0,0.12452210765072039,13.919353,gene_signature,1.0,pass
CAGCGACAGGTCGGAT-1-80-0-0,0.16427466470179558,21.680817,gene_signature,1.0,pass
CAGCGACCATCCTAGA-1-80-0-0,0.11502799631598275,15.15069,gene_signature,1.0,pass
CAGCGACGTATCACCA-1-80-0-0,0.02261939247430609,21.150482,gene_signature,1.0,pass
CAGCTAACATGGTTGT-1-80-0-0,0.0723780045168193,18.888605,gene_signature,1.0,pass
CAGCTGGGTCTGCAAT-1-80-0-0,0.037785321240722966,11.969477,gene_signature,1.0,pass
CAGCTGGTCCGTTGCT-1-80-0-0,0.03313444035382771,21.110294,gene_signature,1.0,pass
CAGTAACCAGATCTGT-1-80-0-0,0.018684924125856647,13.761606,gene_signature,1.0,pass
CAGTAACTCCACGTGG-1-80-0-0,0.007645362160277135,17.328388,gene_signature,1.0,pass
CAGTCCTAGATCGATA-1-80-0-0,0.09918232780524543,18.639397,gene_signature,1.0,pass
CATATGGAGTGTACGG-1-80-0-0,0.024771088057557147,14.490091,gene_signature,1.0,pass
CATATGGAGTTGCAGG-1-80-0-0,0.0073099687281019884,14.562876,gene_signature,1.0,pass
CATATGGGTCGCGTGT-1-80-0-0,0.042315711500763804,14.183973,gene_signature,1.0,pass
CATCAAGAGATCACGG-1-80-0-0,0.0038792703767927318,21.425226,gene_signature,1.0,pass
CATCAGAAGACTAGGC-1-80-0-0,0.10815080815128049,15.143056,gene_signature,1.0,pass
CATCAGAAGGGTGTTG-1-80-0-0,0.11739289211879773,10.783491,gene_signature,1.0,pass
CATCAGACATGCCACG-1-80-0-0,0.1992009711391719,20.474094,gene_signature,1.0,pass
CATCGAATCAGCGATT-1-80-0-0,0.007371337525611056,16.310654,gene_signature,1.0,pass
CATCGAATCGGTCCGA-1-80-0-0,0.29901012642149216,11.73412,gene_signature,1.0,pass
CATCGGGCACTTCGAA-1-80-0-0,0.028142329303946466,20.322552,gene_signature,1.0,pass
CATCGGGCAGCGTTCG-1-80-0-0,0.10603297737556536,13.794418,gene_signature,1.0,pass
CATGCCTGTGCGCTTG-1-80-0-0,0.11951909024311429,16.270027,gene_signature,1.0,pass
CATGCCTTCACATGCA-1-80-0-0,0.013769069621742694,17.9226,gene_signature,1.0,pass
CATGGCGGTCCGAATT-1-80-0-0,0.08448322303713868,21.285252,gene_signature,1.0,pass
CATGGCGGTCTCCATC-1-80-0-0,0.00628156626189647,18.895893,gene_signature,1.0,pass
CATTATCAGGAGTTGC-1-80-0-0,0.006017316880991075,15.096863,gene_signature,1.0,pass
CATTATCCACCGAAAG-1-80-0-0,0.035060732499006646,13.506961,gene_signature,1.0,pass
CATTATCTCACCAGGC-1-80-0-0,0.1523961765383974,7.556587,gene_signature,1.0,pass
CATTATCTCTTGTCAT-1-80-0-0,0.045092880395997834,13.829638,gene_signature,1.0,pass
CATTCGCCAGATGGCA-1-80-0-0,0.04440782813282449,12.004193,gene_signature,1.0,pass
CATTCGCTCTTAGCCC-1-80-0-0,0.4197070270452298,13.183662,gene_signature,1.0,pass
CCAATCCAGATGGGTC-1-80-0-0,0.12390530032646248,11.3475065,gene_signature,1.0,pass
CCAATCCAGGCTATCT-1-80-0-0,0.039696685158050055,13.744298,gene_signature,1.0,pass
CCAATCCCAATTGCTG-1-80-0-0,0.27144940125530936,11.316864,gene_signature,1.0,pass
CCAATCCTCTCTGAGA-1-80-0-0,0.32281228549666946,15.263918,gene_signature,1.0,pass
CCACCTACATGCTAGT-1-80-0-0,0.012863607417314163,17.149776,gene_signature,1.0,pass
CCACCTAGTAAATACG-1-80-0-0,0.0261807610222206,9.9403305,gene_signature,1.0,pass
CCACCTAGTTTAGCTG-1-80-0-0,0.1292146044525057,15.390079,gene_signature,1.0,pass
CCACTACAGGTTACCT-1-80-0-0,0.20750249479576183,14.4179735,gene_signature,1.0,pass
CCAGCGAAGAAACCAT-1-80-0-0,0.08337256933672735,12.446047,gene_signature,1.0,pass
CCAGCGACACCGAATT-1-80-0-0,0.021476728390684402,20.616741,gene_signature,1.0,pass
CCATTCGAGCGTAATA-1-80-0-0,0.28318374859355067,9.281325,gene_signature,1.0,pass
CCATTCGGTTGTCTTT-1-80-0-0,0.19837025272399958,15.995908,gene_signature,1.0,pass
CCCAATCGTTCACGGC-1-80-0-0,0.10218617150106428,16.46351,gene_signature,1.0,pass
CCCAATCTCAGAAATG-1-80-0-0,0.015216404006834692,17.996212,gene_signature,1.0,pass
CCCAGTTTCTATCCCG-1-80-0-0,0.08417597577103962,14.889381,gene_signature,1.0,pass
CCCATACAGGAGTAGA-1-80-0-0,0.0941447948637542,13.473959,gene_signature,1.0,pass
CCCTCCTAGATTACCC-1-80-0-0,0.04440751298798381,16.639126,gene_signature,1.0,pass
CCCTCCTCATGTTGAC-1-80-0-0,0.026163295882976743,15.511767,gene_signature,1.0,pass
CCGGTAGAGGGTCGAT-1-80-0-0,0.7475526163762278,16.694096,gene_signature,1.0,pass
CCGGTAGGTCTCGTTC-1-80-0-0,0.055322296668557445,13.098417,gene_signature,1.0,pass
CCGTACTAGGGCATGT-1-80-0-0,0.15277628737998,9.185717,gene_signature,1.0,pass
CCGTACTCAGCTGTGC-1-80-0-0,0.11492116545618784,12.096781,gene_signature,1.0,pass
CCGTACTGTGATAAAC-1-80-0-0,0.013442335428579488,16.00024,gene_signature,1.0,pass
CCGTTCACAGTCCTTC-1-80-0-0,0.019054124166137956,21.414623,gene_signature,1.0,pass
CCGTTCATCCTTAATC-1-80-0-0,0.017901606708920367,20.964172,gene_signature,1.0,pass
CCGTTCATCGTAGATC-1-80-0-0,0.04778102741872601,14.48643,gene_signature,1.0,pass
CCTAAAGCACTTCGAA-1-80-0-0,0.08292108603780171,11.220886,gene_signature,1.0,pass
CCTAAAGTCCTATGTT-1-80-0-0,0.21019560326996264,11.086276,gene_signature,1.0,pass
CCTACACTCAAGGCTT-1-80-0-0,0.01333653495186483,17.984919,gene_signature,1.0,pass
CCTACCAGTACCAGTT-1-80-0-0,0.024840237464257623,18.783184,gene_signature,1.0,pass
CCTAGCTAGTGGTCCC-1-80-0-0,0.3212953368225101,8.58601,gene_signature,1.0,pass
CCTAGCTCAGTCTTCC-1-80-0-0,0.1037207668208383,15.951696,gene_signature,1.0,pass
CCTAGCTTCCGCGCAA-1-80-0-0,0.06478493962232769,15.731722,gene_signature,1.0,pass
CCTCAGTAGTCATGCT-1-80-0-0,0.01684715837947839,19.793377,gene_signature,1.0,pass
CCTCAGTCAGCTGTGC-1-80-0-0,0.047986222287719316,21.509605,gene_signature,1.0,pass
CCTCAGTCATTCTTAC-1-80-0-0,0.18409831290050324,18.95221,gene_signature,1.0,pass
CCTCTGAAGGCCATAG-1-80-0-0,0.011745050118115902,19.07213,gene_signature,1.0,pass
CCTCTGACATCATCCC-1-80-0-0,0.013506684636583994,14.621925,gene_signature,1.0,pass
CCTTACGAGGGATACC-1-80-0-0,0.21392749735526836,16.892378,gene_signature,1.0,pass
CCTTACGAGGGTTCCC-1-80-0-0,0.058770349838124604,16.152622,gene_signature,1.0,pass
CCTTACGGTGTGAATA-1-80-0-0,0.05206930137408925,18.099506,gene_signature,1.0,pass
CCTTACGTCACATACG-1-80-0-0,0.5636172366639949,15.994644,gene_signature,1.0,pass
CCTTCCCAGAGTAATC-1-80-0-0,0.04932942106110148,10.819088,gene_signature,1.0,pass
CCTTCCCCATGGTCAT-1-80-0-0,0.07921953997227377,17.491116,gene_signature,1.0,pass
CCTTCGACAATAAGCA-1-80-0-0,0.09266129497984443,17.600971,gene_signature,1.0,pass
CCTTCGATCGGGAGTA-1-80-0-0,0.16632704481576596,10.283796,gene_signature,1.0,pass
CCTTCGATCTGCAGTA-1-80-0-0,0.13499253423002672,14.435593,gene_signature,1.0,pass
CCTTTCTAGAGGGCTT-1-80-0-0,0.024269057898209646,21.360308,gene_signature,1.0,pass
CCTTTCTCAGCTGCAC-1-80-0-0,0.13930574509739363,13.107628,gene_signature,1.0,pass
CCTTTCTGTATCTGCA-1-80-0-0,0.2907970669307872,15.424814,gene_signature,1.0,pass
CCTTTCTGTGTGACGA-1-80-0-0,0.13292826343476546,16.034653,gene_signature,1.0,pass
CGAACATAGGCAATTA-1-80-0-0,0.10019024947870556,10.357837,gene_signature,1.0,pass
CGAACATCAAGCGATG-1-80-0-0,0.3317086032999074,11.687802,gene_signature,1.0,pass
CGAACATCATTGGTAC-1-80-0-0,0.056207276145291765,19.928219,gene_signature,1.0,pass
CGAATGTAGACACTAA-1-80-0-0,0.09713151084532098,15.685534,gene_signature,1.0,pass
CGAATGTAGCGCTCCA-1-80-0-0,0.20525760426562384,17.291826,gene_signature,1.0,pass
CGAATGTCACTCGACG-1-80-0-0,0.0067138527379858644,15.967421,gene_signature,1.0,pass
CGAATGTCAGGATTGG-1-80-0-0,0.1991716727463768,17.23715,gene_signature,1.0,pass
CGACCTTAGCTCAACT-1-80-0-0,0.08078661627363123,11.382966,gene_signature,1.0,pass
CGAGCACAGTGTCTCA-1-80-0-0,0.010546250357338294,15.961995,gene_signature,1.0,pass
CGAGCACGTCAGTGGA-1-80-0-0,0.03201701151687144,21.297827,gene_signature,1.0,pass
CGAGCCAAGAAACGCC-1-80-0-0,0.05850730396640689,17.94242,gene_signature,1.0,pass
CGAGCCAAGAGATGAG-1-80-0-0,0.0701182469364798,11.076365,gene_signature,1.0,pass
CGATCGGCAGCTCGCA-1-80-0-0,0.12572012239958807,10.882036,gene_signature,1.0,pass
CGATGGCAGGCAGGTT-1-80-0-0,0.018747792463733794,16.607906,gene_signature,1.0,pass
CGATGTACAAGACGTG-1-80-0-0,0.013671282121060373,16.489506,gene_signature,1.0,pass
CGATGTAGTAGGGACT-1-80-0-0,0.30781259981715503,14.179263,gene_signature,1.0,pass
CGATTGAGTACAGCAG-1-80-0-0,0.16130245913624713,13.61434,gene_signature,1.0,pass
CGATTGAGTTCGTCTC-1-80-0-0,0.052739586428408314,17.150526,gene_signature,1.0,pass
CGCCAAGAGTGGAGTC-1-80-0-0,0.041620746537536044,16.572887,gene_signature,1.0,pass
CGCCAAGTCGTCGTTC-1-80-0-0,0.5951048255960917,8.412589,gene_signature,1.0,pass
CGCGTTTAGAGAACAG-1-80-0-0,0.12141640873444388,11.42568,gene_signature,1.0,pass
CGCGTTTAGCCAGTTT-1-80-0-0,0.1589725577204598,11.269679,gene_signature,1.0,pass
CGCTATCCAGCATACT-1-80-0-0,0.035205420771996634,15.619047,gene_signature,1.0,pass
CGCTATCTCTTGGGTA-1-80-0-0,0.011127310617237778,10.695276,gene_signature,1.0,pass
CGCTGGAAGAGCTGCA-1-80-0-0,0.1445111679034922,8.288121,gene_signature,1.0,pass
CGCTGGACATCCAACA-1-80-0-0,0.15811973031771173,14.263435,gene_signature,1.0,pass
CGCTTCAAGAGGACGG-1-80-0-0,0.28955393747170255,14.168663,gene_signature,1.0,pass
CGCTTCAAGCCCAATT-1-80-0-0,0.01691803905767499,14.413859,gene_signature,1.0,pass
CGGACACAGAATGTTG-1-80-0-0,0.02384963477270438,10.900482,gene_signature,1.0,pass
CGGACACCAAGCTGTT-1-80-0-0,0.08347213475890918,9.880979,gene_signature,1.0,pass
CGGACACCAGCTGCAC-1-80-0-0,0.03585980668762342,11.483627,gene_signature,1.0,pass
CGGACGTAGACTCGGA-1-80-0-0,0.04057598492973072,15.858313,gene_signature,1.0,pass
CGGACGTAGGTGTGGT-1-80-0-0,0.01582975814131956,15.8051605,gene_signature,1.0,pass
CGGACGTAGTACGCGA-1-80-0-0,0.07970736231333471,18.982922,gene_signature,1.0,pass
CGGACGTCACGTAAGG-1-80-0-0,0.061304694654131554,14.592519,gene_signature,1.0,pass
CGGACTGAGCCTATGT-1-80-0-0,0.1470764212243185,21.084932,gene_signature,1.0,pass
CGGACTGGTATCTGCA-1-80-0-0,0.06265392812360134,11.715593,gene_signature,1.0,pass
CGGAGCTTCTTATCTG-1-80-0-0,0.06893112924539216,13.853685,gene_signature,1.0,pass
CGGAGTCAGGAATTAC-1-80-0-0,0.12099438573882373,15.711133,gene_signature,1.0,pass
CGGAGTCGTTGAGTTC-1-80-0-0,0.02611787875054139,16.107168,gene_signature,1.0,pass
CGGCTAGAGATACACA-1-80-0-0,0.2707182735806386,18.644838,gene_signature,1.0,pass
CGGGTCAAGAGGTTAT-1-80-0-0,0.17566214145367468,17.609222,gene_signature,1.0,pass
CGGTTAAGTTGACGTT-1-80-0-0,0.09825500682117808,17.916182,gene_signature,1.0,pass
CGTAGCGTCAGCCTAA-1-80-0-0,0.7319341703494453,17.84415,gene_signature,1.0,pass
CGTAGGCCACAGCCCA-1-80-0-0,0.26184584001991407,15.768109,gene_signature,1.0,pass
CGTCACTCATTGGTAC-1-80-0-0,0.015492932127283443,11.755959,gene_signature,1.0,pass
CGTCACTTCGCTTAGA-1-80-0-0,0.015469040260192949,22.033537,gene_signature,1.0,pass
CGTCAGGAGGGAGTAA-1-80-0-0,0.11583671957424957,11.177565,gene_signature,1.0,pass
CGTCAGGAGTCGATAA-1-80-0-0,0.1248648973164194,10.7078705,gene_signature,1.0,pass
CGTCAGGGTAAATACG-1-80-0-0,0.07176237373487616,14.172384,gene_signature,1.0,pass
CGTCAGGTCCGTAGGC-1-80-0-0,0.04612501691397858,8.324741,gene_signature,1.0,pass
CGTCTACCAATGTTGC-1-80-0-0,0.011507169080504488,14.119879,gene_signature,1.0,pass
CGTGTAAAGAAGGACA-1-80-0-0,0.21041455736603396,16.326794,gene_signature,1.0,pass
CGTGTAAGTTCAGACT-1-80-0-0,0.042113544843944105,19.51361,gene_signature,1.0,pass
CGTTAGAAGTGGTAGC-1-80-0-0,0.030852434695363855,16.934153,gene_signature,1.0,pass
CTAACTTCACGGCTAC-1-80-0-0,0.08048146336002868,14.025591,gene_signature,1.0,pass
CTAACTTGTTATCCGA-1-80-0-0,0.061638193255953946,15.507513,gene_signature,1.0,pass
CTAACTTTCATCTGTT-1-80-0-0,0.15676184985326147,12.498062,gene_signature,1.0,pass
CTAAGACAGGCCATAG-1-80-0-0,0.034838935216491104,17.111942,gene_signature,1.0,pass
CTAAGACAGGTGACCA-1-80-0-0,0.04333840770722933,15.393979,gene_signature,1.0,pass
CTAAGACGTCCGCTGA-1-80-0-0,0.05876764595585225,15.091249,gene_signature,1.0,pass
CTAAGACGTCTGCGGT-1-80-0-0,0.019067754637617857,13.445605,gene_signature,1.0,pass
CTAAGACGTGGGTCAA-1-80-0-0,0.031042943886781388,18.015583,gene_signature,1.0,pass
CTAAGACGTTACTGAC-1-80-0-0,0.10144672628603549,14.499891,gene_signature,1.0,pass
CTAAGACTCGAATGGG-1-80-0-0,0.19810831736649906,14.984349,gene_signature,1.0,pass
CTAATGGAGCCGATTT-1-80-0-0,0.047232816411928204,15.886167,gene_signature,1.0,pass
CTAATGGCACACAGAG-1-80-0-0,0.01717994297022147,17.615503,gene_signature,1.0,pass
CTAATGGCAGTGGAGT-1-80-0-0,0.11851607281781784,21.832775,gene_signature,1.0,pass
CTACACCCACTACAGT-1-80-0-0,0.12031005518475024,11.543305,gene_signature,1.0,pass
CTACACCGTGACTCAT-1-80-0-0,0.036770617493201305,16.857046,gene_signature,1.0,pass
CTACACCTCTCAAGTG-1-80-0-0,0.009762845621268364,13.189153,gene_signature,1.0,pass
CTACATTCAGATCTGT-1-80-0-0,0.005406829389888184,11.411917,gene_signature,1.0,pass
CTACATTGTCTCACCT-1-80-0-0,0.06515100517464187,8.582569,gene_signature,1.0,pass
CTACATTTCTGGTTCC-1-80-0-0,0.1151607497613494,13.380026,gene_signature,1.0,pass
CTACCCAAGAAACGCC-1-80-0-0,0.06709350017669644,16.534967,gene_signature,1.0,pass
CTACCCATCACGCATA-1-80-0-0,0.05077504511641144,20.288757,gene_signature,1.0,pass
CTACCCATCTTGAGGT-1-80-0-0,0.005759520330985967,21.542027,gene_signature,1.0,pass
CTACGTCTCTGGTTCC-1-80-0-0,0.20430139808564024,12.568266,gene_signature,1.0,pass
CTAGAGTAGCCCGAAA-1-80-0-0,0.044440360435053276,20.867695,gene_signature,1.0,pass
CTAGCCTCATCGATTG-1-80-0-0,0.04648101523307668,14.9221525,gene_signature,1.0,pass
CTAGCCTTCGCGTAGC-1-80-0-0,0.2004114893693541,14.572639,gene_signature,1.0,pass
CTAGTGACATGGGACA-1-80-0-0,0.21324777446165596,7.273118,gene_signature,1.0,pass
CTAGTGAGTGCTCTTC-1-80-0-0,0.04410349600029637,10.138614,gene_signature,1.0,pass
CTCAGAATCGGTCTAA-1-80-0-0,0.054265592907585605,11.913687,gene_signature,1.0,pass
CTCATTACACCCAGTG-1-80-0-0,0.057323956229377304,17.722258,gene_signature,1.0,pass
CTCATTACAGGATTGG-1-80-0-0,0.4056841248477122,11.263151,gene_signature,1.0,pass
CTCGGAGGTCTCTCGT-1-80-0-0,0.015487805523538711,17.162497,gene_signature,1.0,pass
CTCGGAGGTTTGTTTC-1-80-0-0,0.2648126478112334,10.063554,gene_signature,1.0,pass
CTCGTCAAGAGTTGGC-1-80-0-0,0.29029257920189655,11.39394,gene_signature,1.0,pass
CTCGTCAAGATCCTGT-1-80-0-0,0.02509408373680515,16.513584,gene_signature,1.0,pass
CTCGTCACATGAGCGA-1-80-0-0,0.4654122231342259,12.207149,gene_signature,1.0,pass
CTCGTCATCCAGTAGT-1-80-0-0,0.04636616038257139,16.988907,gene_signature,1.0,pass
CTCTACGAGGCATTGG-1-80-0-0,0.26046941438604293,21.762672,gene_signature,1.0,pass
CTCTACGCACCGATAT-1-80-0-0,0.367141014920327,11.732168,gene_signature,1.0,pass
CTCTACGGTTACTGAC-1-80-0-0,0.006941794745505278,22.121754,gene_signature,1.0,pass
CTCTGGTCAATCTGCA-1-80-0-0,0.010164581021834013,19.815079,gene_signature,1.0,pass
CTGAAACAGCTAGTGG-1-80-0-0,0.5505061137571642,11.8836975,gene_signature,1.0,pass
CTGAAGTAGGGTGTGT-1-80-0-0,0.07359188375009547,13.61481,gene_signature,1.0,pass
CTGAAGTCATGGTCTA-1-80-0-0,0.3071700841875575,17.042038,gene_signature,1.0,pass
CTGAAGTTCTAACGGT-1-80-0-0,0.010493934770716489,22.08427,gene_signature,1.0,pass
CTGATAGAGGCGCTCT-1-80-0-0,0.04429601075002668,15.402188,gene_signature,1.0,pass
CTGATAGGTACATGTC-1-80-0-0,0.04018575191141089,8.864216,gene_signature,1.0,pass
CTGATAGTCCAAAGTC-1-80-0-0,0.2838546893892976,13.090134,gene_signature,1.0,pass
CTGATCCAGTCTCCTC-1-80-0-0,0.0766577876592495,19.278532,gene_signature,1.0,pass
CTGATCCCAAGGTTCT-1-80-0-0,0.3000535120967481,13.382231,gene_signature,1.0,pass
CTGATCCCATCCTTGC-1-80-0-0,0.23148597923815517,12.030116,gene_signature,1.0,pass
CTGATCCGTATGAAAC-1-80-0-0,0.22501646405373674,9.506562,gene_signature,1.0,pass
CTGCGGAGTGTGAATA-1-80-0-0,0.023379002518675997,20.195543,gene_signature,1.0,pass
CTGCGGAGTTTGGGCC-1-80-0-0,0.09181890478875675,13.152655,gene_signature,1.0,pass
CTGCTGTAGAGTGACC-1-80-0-0,0.06808450575903167,10.560624,gene_signature,1.0,pass
CTGCTGTAGTACGTAA-1-80-0-0,0.021899489476255495,12.475898,gene_signature,1.0,pass
CTGCTGTCATACTCTT-1-80-0-0,0.00887023113221182,14.282812,gene_signature,1.0,pass
CTGGTCTGTGAGCGAT-1-80-0-0,0.018464532766280815,12.820821,gene_signature,1.0,pass
CTGGTCTGTGAGTATA-1-80-0-0,0.033844452301399465,14.018898,gene_signature,1.0,pass
CTGGTCTTCCAAACAC-1-80-0-0,0.04655528560535261,13.818624,gene_signature,1.0,pass
CTGTGCTAGTGGTAAT-1-80-0-0,0.03759234372548058,19.635609,gene_signature,1.0,pass
CTGTGCTCAGTACACT-1-80-0-0,0.0782028348205894,15.035858,gene_signature,1.0,pass
CTGTGCTGTCACAAGG-1-80-0-0,0.23383104666586396,15.856813,gene_signature,1.0,pass
CTGTGCTGTTCCACGG-1-80-0-0,0.0469572182976294,12.549949,gene_signature,1.0,pass
CTGTGCTTCCTTCAAT-1-80-0-0,0.01747104038347331,15.495806,gene_signature,1.0,pass
CTGTTTAGTCCAGTAT-1-80-0-0,0.16742182971242162,11.748295,gene_signature,1.0,pass
CTTAACTAGCCACCTG-1-80-0-0,0.07410026669261663,15.835027,gene_signature,1.0,pass
CTTAACTCATCCCACT-1-80-0-0,0.019066449597753332,16.537525,gene_signature,1.0,pass
CTTAACTGTCCTGCTT-1-80-0-0,0.08883858830069155,13.231715,gene_signature,1.0,pass
CTTACCGCACCAGGCT-1-80-0-0,0.1097206832574007,14.711439,gene_signature,1.0,pass
CTTACCGGTATAAACG-1-80-0-0,0.09328189770148324,7.4410486,gene_signature,1.0,pass
CTTACCGGTGTCGCTG-1-80-0-0,0.018213622394849537,20.195944,gene_signature,1.0,pass
CTTACCGTCAGCCTAA-1-80-0-0,0.1258504806190411,12.845012,gene_signature,1.0,pass
CTTAGGACATCACGAT-1-80-0-0,0.009782797713996112,11.983928,gene_signature,1.0,pass
CTTAGGATCGGAGCAA-1-80-0-0,0.01357620797699118,21.42875,gene_signature,1.0,pass
CTTCTCTAGGCATGTG-1-80-0-0,0.036384092883479734,15.407275,gene_signature,1.0,pass
CTTCTCTGTCTAAAGA-1-80-0-0,0.08688349501181045,16.945818,gene_signature,1.0,pass
CTTGGCTCAAATCCGT-1-80-0-0,0.035300719655116185,14.399287,gene_signature,1.0,pass
CTTTGCGTCAGAGCTT-1-80-0-0,0.05864669782794759,17.998251,gene_signature,1.0,pass
GAAACTCCATACAGCT-1-80-0-0,0.04623900909405104,14.124817,gene_signature,1.0,pass
GAAATGAAGGTCGGAT-1-80-0-0,0.3483961479594978,10.356863,gene_signature,1.0,pass
GAAATGACAGCGAACA-1-80-0-0,0.43292631941131604,13.54153,gene_signature,1.0,pass
GAAATGATCATAAAGG-1-80-0-0,0.29357714479940195,16.257963,gene_signature,1.0,pass
GAAATGATCTAGCACA-1-80-0-0,0.12886517639052236,11.770174,gene_signature,1.0,pass
GAAATGATCTTCGAGA-1-80-0-0,0.03221417046061426,20.208578,gene_signature,1.0,pass
GAACATCAGAAACGCC-1-80-0-0,0.2003489057611855,14.967914,gene_signature,1.0,pass
GAACATCCACCAGCAC-1-80-0-0,0.1444170414224301,11.315118,gene_signature,1.0,pass
GAACATCGTCGTCTTC-1-80-0-0,0.09454031065115807,11.425873,gene_signature,1.0,pass
GAACCTAAGATGCCAG-1-80-0-0,0.03242485282738972,18.877327,gene_signature,1.0,pass
GAACGGAAGTGGGTTG-1-80-0-0,0.01082445362436411,21.816307,gene_signature,1.0,pass
GAAGCAGAGACTCGGA-1-80-0-0,0.07170410954956476,15.753049,gene_signature,1.0,pass
GACACGCAGTCTCCTC-1-80-0-0,0.01649084980400533,13.756625,gene_signature,1.0,pass
GACAGAGTCAACACTG-1-80-0-0,0.1519200985263324,16.76289,gene_signature,1.0,pass
GACCTGGGTGGACGAT-1-80-0-0,0.03270891102364648,16.519073,gene_signature,1.0,pass
GACCTGGGTGTGAAAT-1-80-0-0,0.0626287932676858,17.836918,gene_signature,1.0,pass
GACCTGGGTTTGGCGC-1-80-0-0,0.035500891108808184,13.714758,gene_signature,1.0,pass
GACGCGTTCTGTCCGT-1-80-0-0,0.20587407768561547,13.079577,gene_signature,1.0,pass
GACGGCTCAAACCTAC-1-80-0-0,0.07643803417975296,16.362494,gene_signature,1.0,pass
GACGGCTCAACTTGAC-1-80-0-0,0.022235931735392154,13.979454,gene_signature,1.0,pass
GACGGCTCATTGGGCC-1-80-0-0,0.15199494539825695,11.591588,gene_signature,1.0,pass
GACGGCTGTAGGCATG-1-80-0-0,0.0747850430038148,15.548502,gene_signature,1.0,pass
GACGTGCTCTGATACG-1-80-0-0,0.041069341710066876,21.469679,gene_signature,1.0,pass
GACGTTACAGGGTTAG-1-80-0-0,0.15432674019447837,13.960297,gene_signature,1.0,pass
GACGTTATCACCTTAT-1-80-0-0,0.07203171855277299,13.484362,gene_signature,1.0,pass
GACTAACAGGATCGCA-1-80-0-0,0.009413043788189189,13.992662,gene_signature,1.0,pass
GACTAACCACCTTGTC-1-80-0-0,0.03845143266031396,15.163814,gene_signature,1.0,pass
GACTAACCATGTAAGA-1-80-0-0,0.02444068376466104,17.50516,gene_signature,1.0,pass
GACTACAAGGTAGCCA-1-80-0-0,0.056220964396715235,14.752455,gene_signature,1.0,pass
GACTGCGCACAGATTC-1-80-0-0,0.15117542166809522,19.97411,gene_signature,1.0,pass
GACTGCGTCACATAGC-1-80-0-0,0.045601014801795764,13.78183,gene_signature,1.0,pass
GAGCAGAAGGAACTGC-1-80-0-0,0.6154156314470837,11.591064,gene_signature,1.0,pass
GAGCAGAAGTGCCAGA-1-80-0-0,0.7362926103710883,20.100298,gene_signature,1.0,pass
GAGGTGAAGATGCGAC-1-80-0-0,0.06653492293308093,11.844805,gene_signature,1.0,pass
GAGTCCGGTCTTCTCG-1-80-0-0,0.1996115357587805,15.486176,gene_signature,1.0,pass
GAGTCCGGTGGCCCTA-1-80-0-0,0.03778829822679779,14.205731,gene_signature,1.0,pass
GATCAGTAGGCATGGT-1-80-0-0,0.11550288790254801,13.155406,gene_signature,1.0,pass
GATCAGTAGTGAACGC-1-80-0-0,0.18898345996046015,19.001966,gene_signature,1.0,pass
GATCAGTCATGAGCGA-1-80-0-0,0.033903926205238535,19.820045,gene_signature,1.0,pass
GATCAGTGTACATCCA-1-80-0-0,0.04324138918735835,18.362679,gene_signature,1.0,pass
GATCGATGTTTCCACC-1-80-0-0,0.03895861860356179,19.140877,gene_signature,1.0,pass
GATCGATTCCAACCAA-1-80-0-0,0.023396516027037774,16.804111,gene_signature,1.0,pass
GATCGCGAGTATCTCG-1-80-0-0,0.035678241582227814,16.049847,gene_signature,1.0,pass
GATCGCGCAGGGCATA-1-80-0-0,0.2344744299939539,15.34433,gene_signature,1.0,pass
GATCGCGGTCTAGTCA-1-80-0-0,0.01461317026705366,16.672636,gene_signature,1.0,pass
GATCGTAAGCTACCTA-1-80-0-0,0.12493618854181818,10.812044,gene_signature,1.0,pass
GATCGTACAGACGCTC-1-80-0-0,0.5635737846798855,9.146642,gene_signature,1.0,pass
GATCGTATCACAAACC-1-80-0-0,0.051918324404819395,13.504491,gene_signature,1.0,pass
GATCTAGAGAAACCTA-1-80-0-0,0.05192725934454283,16.496292,gene_signature,1.0,pass
GATGAGGCAGCCTTGG-1-80-0-0,0.09480137162840185,16.660892,gene_signature,1.0,pass
GATGAGGGTACGAAAT-1-80-0-0,0.07468608386210863,15.427671,gene_signature,1.0,pass
GATGAGGGTGGTAACG-1-80-0-0,0.06282786938400822,12.966715,gene_signature,1.0,pass
GCAAACTGTACACCGC-1-80-0-0,0.6077057173016427,17.284782,gene_signature,1.0,pass
GCAAACTGTCTGGTCG-1-80-0-0,0.16262500667666938,5.8046513,gene_signature,1.0,pass
GCAAACTGTTCTGTTT-1-80-0-0,0.024796211379835793,15.365366,gene_signature,1.0,pass
GCAATCATCGTCGTTC-1-80-0-0,0.07271972684631774,13.729216,gene_signature,1.0,pass
GCAATCATCTGTCTAT-1-80-0-0,0.015755852567954514,18.895433,gene_signature,1.0,pass
GCACATAGTGTTTGTG-1-80-0-0,0.03938168302141537,16.362654,gene_signature,1.0,pass
GCACATATCAGTCAGT-1-80-0-0,0.061854653247093674,16.612385,gene_signature,1.0,pass
GCACATATCGTTTGCC-1-80-0-0,0.008862743329154533,20.93959,gene_signature,1.0,pass
GCACTCTGTCTAGGTT-1-80-0-0,0.2286644750898196,16.69302,gene_signature,1.0,pass
GCAGCCAAGGGCTTGA-1-80-0-0,0.1702922761664051,14.61146,gene_signature,1.0,pass
GCATACAAGCTGCCCA-1-80-0-0,0.03984420257440931,19.421429,gene_signature,1.0,pass
GCATACACAGATGAGC-1-80-0-0,0.23643935186004517,12.828634,gene_signature,1.0,pass
GCATGATAGCTAAGAT-1-80-0-0,0.04551922742828993,13.163734,gene_signature,1.0,pass
GCATGCGAGATATGGT-1-80-0-0,0.039522300848756506,20.760618,gene_signature,1.0,pass
GCATGTATCAGGTTCA-1-80-0-0,0.09887343627070436,21.456516,gene_signature,1.0,pass
GCCAAATGTCTGATTG-1-80-0-0,0.31817724724075325,15.288658,gene_signature,1.0,pass
GCCAAATTCGGCTACG-1-80-0-0,0.03152385837640468,11.906446,gene_signature,1.0,pass
GCCTCTAAGAGGGCTT-1-80-0-0,0.2208872857011676,13.755636,gene_signature,1.0,pass
GCCTCTATCACAGGCC-1-80-0-0,0.03850319898095297,21.64333,gene_signature,1.0,pass
GCGACCAGTACAGCAG-1-80-0-0,0.07408606017353722,13.83787,gene_signature,1.0,pass
GCGACCAGTCTAGTCA-1-80-0-0,0.017960105199789033,16.22262,gene_signature,1.0,pass
GCGAGAACAAGTAATG-1-80-0-0,0.02057796659860925,15.423258,gene_signature,1.0,pass
GCGCAACAGGAGTACC-1-80-0-0,0.08424088708505298,9.843353,gene_signature,1.0,pass
GCGCAGTAGACAATAC-1-80-0-0,0.256859263404053,14.76489,gene_signature,1.0,pass
GCGCAGTGTGCTGTAT-1-80-0-0,0.06980259992699187,15.164538,gene_signature,1.0,pass
GCGCAGTTCTGTACGA-1-80-0-0,0.028530550484911217,21.076834,gene_signature,1.0,pass
GCGCCAACAGCGTCCA-1-80-0-0,0.32046946341234206,16.394184,gene_signature,1.0,pass
GCGCCAAGTGAGTATA-1-80-0-0,0.018850230845403902,18.056803,gene_signature,1.0,pass
GCGCCAAGTGTAATGA-1-80-0-0,0.31105007699823106,12.143938,gene_signature,1.0,pass
GCGCCAATCCTTGCCA-1-80-0-0,0.03441157922892315,8.876302,gene_signature,1.0,pass
GCGCGATCAAGCCCAC-1-80-0-0,0.03401888880550548,15.16672,gene_signature,1.0,pass
GCGCGATTCGCGTTTC-1-80-0-0,0.007239430139054412,16.640646,gene_signature,1.0,pass
GCGGGTTCAATAGCGG-1-80-0-0,0.04213242748601026,15.620296,gene_signature,1.0,pass
GCGGGTTTCTCCAGGG-1-80-0-0,0.1153416794473032,10.383438,gene_signature,1.0,pass
GCTCCTAAGAATGTGT-1-80-0-0,0.3328993576955833,17.749487,gene_signature,1.0,pass
GCTCCTAAGATAGCAT-1-80-0-0,0.014972416500183725,15.062764,gene_signature,1.0,pass
GCTCCTAAGGAGCGTT-1-80-0-0,0.0899333049411583,15.863231,gene_signature,1.0,pass
GCTCCTACATGTCTCC-1-80-0-0,0.027449556425190723,19.208965,gene_signature,1.0,pass
GCTCCTATCTACCAGA-1-80-0-0,0.14757755566752614,7.9013863,gene_signature,1.0,pass
GCTCCTATCTATCCCG-1-80-0-0,0.5589029736101006,10.286483,gene_signature,1.0,pass
GCTCTGTAGTGTGGCA-1-80-0-0,0.07035361903145147,16.871195,gene_signature,1.0,pass
GCTCTGTGTGTGAAAT-1-80-0-0,0.007974617333037101,10.973843,gene_signature,1.0,pass
GCTGCAGAGAGCTGCA-1-80-0-0,0.18180450536404086,17.506155,gene_signature,1.0,pass
GCTGCAGAGGACACCA-1-80-0-0,0.02069103364376202,20.817152,gene_signature,1.0,pass
GCTGCAGGTAAGGGCT-1-80-0-0,0.6544503548115712,9.967031,gene_signature,1.0,pass
GCTGCGACAGCAGTTT-1-80-0-0,0.06723572432586374,10.608306,gene_signature,1.0,pass
GCTGCGATCCGCGGTA-1-80-0-0,0.0844253314734312,14.867498,gene_signature,1.0,pass
GCTGCTTAGATGTGTA-1-80-0-0,0.015908214970765285,19.453129,gene_signature,1.0,pass
GCTGCTTGTATTCGTG-1-80-0-0,0.01397392936812247,21.220243,gene_signature,1.0,pass
GCTGGGTAGACTAGGC-1-80-0-0,0.08031548132108277,14.457817,gene_signature,1.0,pass
GCTTCCACATCACAAC-1-80-0-0,0.5595314430190967,11.720596,gene_signature,1.0,pass
GCTTCCATCCTCAACC-1-80-0-0,0.04578468802675376,20.439096,gene_signature,1.0,pass
GCTTCCATCGCAAGCC-1-80-0-0,0.6561165463073413,11.536535,gene_signature,1.0,pass
GCTTCCATCTTGTCAT-1-80-0-0,0.26505976287046323,7.397275,gene_signature,1.0,pass
GCTTGAAGTCGGGTCT-1-80-0-0,0.05395493948943793,15.045767,gene_signature,1.0,pass
GGAAAGCGTGGTAACG-1-80-0-0,0.0428460229089139,10.097766,gene_signature,1.0,pass
GGAATAACAGCATACT-1-80-0-0,0.036257546705821306,18.738186,gene_signature,1.0,pass
GGAATAAGTTGGAGGT-1-80-0-0,0.6081567774546688,14.021243,gene_signature,1.0,pass
GGACAAGGTCACACGC-1-80-0-0,0.023447199437672976,15.4504795,gene_signature,1.0,pass
GGACATTAGATAGGAG-1-80-0-0,0.026741009812745985,21.862316,gene_signature,1.0,pass
GGACATTCAGCGTTCG-1-80-0-0,0.08769097852652459,22.04509,gene_signature,1.0,pass
GGACGTCCATAAGACA-1-80-0-0,0.4167125735998554,9.903431,gene_signature,1.0,pass
GGACGTCTCTGCTTGC-1-80-0-0,0.03795044807791171,12.688175,gene_signature,1.0,pass
GGATGTTAGAAACCTA-1-80-0-0,0.041790215382442875,21.756645,gene_signature,1.0,pass
GGATGTTAGGGAGTAA-1-80-0-0,0.035003146044515134,17.678652,gene_signature,1.0,pass
GGATGTTTCCTCATTA-1-80-0-0,0.24841423024004375,18.650547,gene_signature,1.0,pass
GGCCGATTCAACACAC-1-80-0-0,0.03450780470937876,19.412632,gene_signature,1.0,pass
GGCCGATTCGAATCCA-1-80-0-0,0.11284463749477772,11.731729,gene_signature,1.0,pass
GGCGACTAGAGAACAG-1-80-0-0,0.1458773075533768,12.643784,gene_signature,1.0,pass
GGCGACTAGCTAACTC-1-80-0-0,0.017926665770365,15.876249,gene_signature,1.0,pass
GGCGACTGTCTTGCGG-1-80-0-0,0.3831602453881495,21.407337,gene_signature,1.0,pass
GGCGACTTCGGAAATA-1-80-0-0,0.0037129962974010644,20.535297,gene_signature,1.0,pass
GGCGTGTGTAACGCGA-1-80-0-0,0.0446410324947533,9.220795,gene_signature,1.0,pass
GGCGTGTGTTCGAATC-1-80-0-0,0.40896641971825687,15.467306,gene_signature,1.0,pass
GGCTCGAGTTCAGACT-1-80-0-0,0.006149273470206342,21.575686,gene_signature,1.0,pass
GGCTCGAGTTGTGGCC-1-80-0-0,0.2554138430767169,17.4969,gene_signature,1.0,pass
GGCTCGATCATGCAAC-1-80-0-0,0.03156958314185573,21.135853,gene_signature,1.0,pass
GGGAATGCAGTAAGCG-1-80-0-0,0.027491236302949355,19.41426,gene_signature,1.0,pass
GGGAATGTCATAAAGG-1-80-0-0,0.18321743559281742,18.027143,gene_signature,1.0,pass
GGGAATGTCTGGAGCC-1-80-0-0,0.053052613703118555,13.259534,gene_signature,1.0,pass
GGGACCTCACAAGCCC-1-80-0-0,0.033295664923956324,16.035229,gene_signature,1.0,pass
GGGACCTTCTGGCGAC-1-80-0-0,0.02451699279936513,14.067685,gene_signature,1.0,pass
GGGAGATCAATGACCT-1-80-0-0,0.04799971821962129,18.226112,gene_signature,1.0,pass
GGGAGATGTCAACATC-1-80-0-0,0.425877086141819,15.015393,gene_signature,1.0,pass
GGGCACTAGAGGGATA-1-80-0-0,0.16990335167057358,17.356068,gene_signature,1.0,pass
GGGCACTAGATCCCAT-1-80-0-0,0.08839215722499551,16.78146,gene_signature,1.0,pass
GGGTCTGCACCAGCAC-1-80-0-0,0.010364790685505802,13.628027,gene_signature,1.0,pass
GGGTCTGGTATAAACG-1-80-0-0,0.3311053524234871,16.09346,gene_signature,1.0,pass
GGGTCTGGTCAGATAA-1-80-0-0,0.06015042275433326,17.89887,gene_signature,1.0,pass
GGGTCTGGTTTGTGTG-1-80-0-0,0.027729163829501923,15.352606,gene_signature,1.0,pass
GGTATTGAGGGTGTGT-1-80-0-0,0.0673960367344659,17.081774,gene_signature,1.0,pass
GGTATTGCAGCCTTGG-1-80-0-0,0.05840774851868935,14.323077,gene_signature,1.0,pass
GGTATTGCAGTGGAGT-1-80-0-0,0.03771694836025384,16.541586,gene_signature,1.0,pass
GGTATTGGTAATCACC-1-80-0-0,0.15769993846456584,15.025101,gene_signature,1.0,pass
GGTATTGTCGTTTGCC-1-80-0-0,0.43533278571558237,17.711933,gene_signature,1.0,pass
GGTGCGTGTTACGACT-1-80-0-0,0.0900477098912888,17.249363,gene_signature,1.0,pass
GGTGCGTTCGCAAGCC-1-80-0-0,0.3687348160889257,17.39528,gene_signature,1.0,pass
GTAACGTGTGTTGAGG-1-80-0-0,0.04450732725617501,18.918964,gene_signature,1.0,pass
GTAACGTTCTTCATGT-1-80-0-0,0.0336483603107305,15.024412,gene_signature,1.0,pass
GTAACTGCAATCGGTT-1-80-0-0,0.26606453452751727,7.754683,gene_signature,1.0,pass
GTAACTGGTCATCGGC-1-80-0-0,0.08910214720471453,11.940683,gene_signature,1.0,pass
GTACGTACAGACGTAG-1-80-0-0,0.26302834086387694,13.603622,gene_signature,1.0,pass
GTACTCCAGGAGTTGC-1-80-0-0,0.024861344647074516,18.048168,gene_signature,1.0,pass
GTACTCCCAGTGGGAT-1-80-0-0,0.02629227168055966,13.442148,gene_signature,1.0,pass
GTACTCCGTCAACATC-1-80-0-0,0.18622789382842214,11.563332,gene_signature,1.0,pass
GTACTCCGTCATTAGC-1-80-0-0,0.01950735992659606,18.819963,gene_signature,1.0,pass
GTACTCCTCTCTTGAT-1-80-0-0,0.02422204486074396,21.390125,gene_signature,1.0,pass
GTACTTTAGGATGCGT-1-80-0-0,0.014460784381178043,20.800024,gene_signature,1.0,pass
GTACTTTAGGATGGTC-1-80-0-0,0.1220400179459217,16.998873,gene_signature,1.0,pass
GTACTTTCACTTACGA-1-80-0-0,0.005260243607130179,19.45277,gene_signature,1.0,pass
GTAGGCCTCTGTCAAG-1-80-0-0,0.3467435452299991,19.370584,gene_signature,1.0,pass
GTAGTCAAGCTCTCGG-1-80-0-0,0.3385309746737008,19.913363,gene_signature,1.0,pass
GTATCTTGTAGGGACT-1-80-0-0,0.19303734933425679,12.805616,gene_signature,1.0,pass
GTATTCTGTTTGTTTC-1-80-0-0,0.41913487464313304,13.475522,gene_signature,1.0,pass
GTATTCTTCGCGTAGC-1-80-0-0,0.08728030977081647,14.364285,gene_signature,1.0,pass
GTCAAGTAGTGTTAGA-1-80-0-0,0.034027426444148176,17.188099,gene_signature,1.0,pass
GTCAAGTCAAACTGCT-1-80-0-0,0.0760957527123168,14.494891,gene_signature,1.0,pass
GTCAAGTGTGGTAACG-1-80-0-0,0.0646223435668655,14.121637,gene_signature,1.0,pass
GTCAAGTTCCTCTAGC-1-80-0-0,0.012935351675475298,21.500164,gene_signature,1.0,pass
GTCAAGTTCTTGTATC-1-80-0-0,0.008589283281990158,14.043895,gene_signature,1.0,pass
GTCACGGCACCTATCC-1-80-0-0,0.06974274983108829,18.963156,gene_signature,1.0,pass
GTCCTCACATGCGCAC-1-80-0-0,0.1172260456107996,13.286615,gene_signature,1.0,pass
GTCCTCATCTAAGCCA-1-80-0-0,0.026561418072428032,18.954905,gene_signature,1.0,pass
GTCGGGTAGCGATTCT-1-80-0-0,0.030787068736869823,16.283453,gene_signature,1.0,pass
GTCGGGTGTTCCCGAG-1-80-0-0,0.10761671331866732,14.84036,gene_signature,1.0,pass
GTCGTAACACGGCTAC-1-80-0-0,0.07586391706270121,8.405859,gene_signature,1.0,pass
GTCTCGTAGGGCATGT-1-80-0-0,0.19643195242243874,17.524326,gene_signature,1.0,pass
GTCTCGTGTGCACGAA-1-80-0-0,0.3441752892312846,14.940752,gene_signature,1.0,pass
GTCTCGTGTTGTGGAG-1-80-0-0,0.0911053705892413,14.977961,gene_signature,1.0,pass
GTCTTCGCATAACCTG-1-80-0-0,0.2230629739401146,10.402202,gene_signature,1.0,pass
GTCTTCGGTCGAAAGC-1-80-0-0,0.008284233617492729,12.307012,gene_signature,1.0,pass
GTCTTCGGTCTAGTGT-1-80-0-0,0.012826713094925954,17.028706,gene_signature,1.0,pass
GTGAAGGGTTGGAGGT-1-80-0-0,0.3712570035548205,12.384074,gene_signature,1.0,pass
GTGAAGGTCACTATTC-1-80-0-0,0.05856625403406179,14.640753,gene_signature,1.0,pass
GTGAAGGTCTTCATGT-1-80-0-0,0.13179111970911955,14.130808,gene_signature,1.0,pass
GTGCAGCCATGTTGAC-1-80-0-0,0.3356906005266377,13.763359,gene_signature,1.0,pass
GTGCAGCGTAAACCTC-1-80-0-0,0.060595798939264346,19.196018,gene_signature,1.0,pass
GTGCAGCGTTTGACAC-1-80-0-0,0.016176858411853613,17.329098,gene_signature,1.0,pass
GTGCAGCTCAGTTAGC-1-80-0-0,0.04522067109988066,21.46558,gene_signature,1.0,pass
GTGCATAAGCGTAGTG-1-80-0-0,0.10681899551842881,14.268352,gene_signature,1.0,pass
GTGCATAAGGCCCTCA-1-80-0-0,0.3637525081632623,9.203201,gene_signature,1.0,pass
GTGCATACAATAGCAA-1-80-0-0,0.16638676957090995,15.151288,gene_signature,1.0,pass
GTGCATATCACTGGGC-1-80-0-0,0.043684950844752324,13.009845,gene_signature,1.0,pass
GTGCGGTAGCCCAATT-1-80-0-0,0.06859682607658202,17.428646,gene_signature,1.0,pass
GTGCGGTAGCTGCCCA-1-80-0-0,0.04137955889591128,19.675081,gene_signature,1.0,pass
GTGCGGTCACGTCTCT-1-80-0-0,0.49705446995932456,20.501616,gene_signature,1.0,pass
GTGCGGTCAGGAACGT-1-80-0-0,0.17076813973891378,17.860445,gene_signature,1.0,pass
GTGCTTCAGCGCTCCA-1-80-0-0,0.03422167919795993,15.289012,gene_signature,1.0,pass
GTGCTTCAGGCATGTG-1-80-0-0,0.09560432656446029,13.027563,gene_signature,1.0,pass
GTGCTTCAGTAACCCT-1-80-0-0,0.3227041517329091,15.306384,gene_signature,1.0,pass
GTGCTTCGTCCAACTA-1-80-0-0,0.0481493633814611,16.496805,gene_signature,1.0,pass
GTGCTTCGTGTCAATC-1-80-0-0,0.017626786536825364,21.053572,gene_signature,1.0,pass
GTGTGCGCACTCGACG-1-80-0-0,0.054762998349169145,17.703955,gene_signature,1.0,pass
GTGTGCGGTGTTCTTT-1-80-0-0,0.010819547393605031,18.916096,gene_signature,1.0,pass
GTGTGCGTCCCTCTTT-1-80-0-0,0.05724798276542792,15.0893955,gene_signature,1.0,pass
GTGTTAGAGGGTCGAT-1-80-0-0,0.0802735991290932,14.442177,gene_signature,1.0,pass
GTGTTAGGTCGCTTTC-1-80-0-0,0.23878796863052446,13.165625,gene_signature,1.0,pass
GTGTTAGTCGGATGTT-1-80-0-0,0.17309846516657226,15.870031,gene_signature,1.0,pass
GTTAAGCCAAGAGGCT-1-80-0-0,0.016274000580956578,15.6484375,gene_signature,1.0,pass
GTTACAGAGATAGCAT-1-80-0-0,0.16572047421882102,10.829037,gene_signature,1.0,pass
GTTACAGGTCACCTAA-1-80-0-0,0.05016563176535001,13.616336,gene_signature,1.0,pass
GTTCATTAGGTTACCT-1-80-0-0,0.03328546233423562,21.569504,gene_signature,1.0,pass
GTTCATTGTAAGGGCT-1-80-0-0,0.06697245242660885,13.574521,gene_signature,1.0,pass
GTTCATTTCTATCGCC-1-80-0-0,0.036919286659074554,10.350955,gene_signature,1.0,pass
GTTCGGGTCCCATTAT-1-80-0-0,0.06514457955024724,13.247121,gene_signature,1.0,pass
GTTTCTATCTTTACGT-1-80-0-0,0.21393759170903776,14.520373,gene_signature,1.0,pass
TAAACCGGTATGAAAC-1-80-0-0,0.01087848184643244,17.982197,gene_signature,1.0,pass
TAAGAGACATTCCTCG-1-80-0-0,0.5648831248146253,18.43137,gene_signature,1.0,pass
TAAGCGTCATTCACTT-1-80-0-0,0.07381525301692901,17.101673,gene_signature,1.0,pass
TAAGCGTGTCGAACAG-1-80-0-0,0.254334324379463,13.429506,gene_signature,1.0,pass
TAAGTGCAGGGAAACA-1-80-0-0,0.007320481194407891,21.657217,gene_signature,1.0,pass
TAAGTGCCATGGGACA-1-80-0-0,0.04558668503068571,9.698214,gene_signature,1.0,pass
TAAGTGCTCTGATTCT-1-80-0-0,0.022616231444453416,15.559421,gene_signature,1.0,pass
TACACGACACCTGGTG-1-80-0-0,0.0631244519515417,15.427835,gene_signature,1.0,pass
TACACGAGTCGCGAAA-1-80-0-0,0.08586936268428924,14.339676,gene_signature,1.0,pass
TACACGAGTGAGTATA-1-80-0-0,0.06668453689886576,19.313696,gene_signature,1.0,pass
TACACGATCAAACGGG-1-80-0-0,0.03921514991603394,17.556177,gene_signature,1.0,pass
TACAGTGAGCATCATC-1-80-0-0,0.00451313165937978,22.055416,gene_signature,1.0,pass
TACAGTGCAGCGAACA-1-80-0-0,0.07925701100141666,12.526648,gene_signature,1.0,pass
TACAGTGCAGGGTACA-1-80-0-0,0.05669838927199646,10.229827,gene_signature,1.0,pass
TACAGTGGTATCACCA-1-80-0-0,0.12817022050407154,21.008404,gene_signature,1.0,pass
TACAGTGTCATCTGTT-1-80-0-0,0.3142971951279006,17.554499,gene_signature,1.0,pass
TACCTATCACGCTTTC-1-80-0-0,0.08649659392603422,11.81176,gene_signature,1.0,pass
TACCTATCATGAGCGA-1-80-0-0,0.11784335980312459,21.198513,gene_signature,1.0,pass
TACCTATGTAGTACCT-1-80-0-0,0.03627992137377038,13.322203,gene_signature,1.0,pass
TACCTATGTGACAAAT-1-80-0-0,0.11473690052453071,19.753956,gene_signature,1.0,pass
TACCTATGTTTGCATG-1-80-0-0,0.04128257107456829,19.398853,gene_signature,1.0,pass
TACCTATTCGCATGGC-1-80-0-0,0.2583285806920398,17.013191,gene_signature,1.0,pass
TACCTTAAGAGGGCTT-1-80-0-0,0.01629483695723221,16.130325,gene_signature,1.0,pass
TACCTTAGTCCTCTTG-1-80-0-0,0.04406367177807397,18.056814,gene_signature,1.0,pass
TACGGATCACAGAGGT-1-80-0-0,0.2819338816971495,16.795017,gene_signature,1.0,pass
TACGGATCATTCGACA-1-80-0-0,0.051711848966112514,19.942537,gene_signature,1.0,pass
TACGGATGTTCTGTTT-1-80-0-0,0.05324867851288795,19.998722,gene_signature,1.0,pass
TACGGGCGTCAGGACA-1-80-0-0,0.44505695997654177,10.525262,gene_signature,1.0,pass
TACGGGCGTGTATGGG-1-80-0-0,0.04688853304712542,16.289652,gene_signature,1.0,pass
TACGGGCTCGTAGGTT-1-80-0-0,0.02768832022166843,15.525296,gene_signature,1.0,pass
TACGGTACACCAACCG-1-80-0-0,0.09931918083165239,17.971891,gene_signature,1.0,pass
TACTCATTCCGATATG-1-80-0-0,0.012101915965711954,21.643536,gene_signature,1.0,pass
TACTCATTCGGACAAG-1-80-0-0,0.12286964381545033,14.12291,gene_signature,1.0,pass
TACTCGCAGAGGTAGA-1-80-0-0,0.036431094000961416,21.499247,gene_signature,1.0,pass
TACTCGCAGTTGCAGG-1-80-0-0,0.0688284876438839,21.743855,gene_signature,1.0,pass
TACTCGCCACTGTGTA-1-80-0-0,0.009472805108617918,18.555202,gene_signature,1.0,pass
TACTTACGTGCATCTA-1-80-0-0,0.005855461623504802,20.329556,gene_signature,1.0,pass
TACTTACGTTGAACTC-1-80-0-0,0.013493832605729308,13.757462,gene_signature,1.0,pass
TACTTGTAGCGTGTCC-1-80-0-0,0.1787211159244909,12.945806,gene_signature,1.0,pass
TACTTGTCAGTCAGCC-1-80-0-0,0.015373358207692492,19.192057,gene_signature,1.0,pass
TAGACCAAGACCTAGG-1-80-0-0,0.04862998904263428,21.725534,gene_signature,1.0,pass
TAGACCAAGCAGACTG-1-80-0-0,0.5241806407622994,18.679388,gene_signature,1.0,pass
TAGACCAGTCATTAGC-1-80-0-0,0.6457182276217444,15.644699,gene_signature,1.0,pass
TAGACCATCACCCTCA-1-80-0-0,0.018745905747625892,13.983345,gene_signature,1.0,pass
TAGACCATCAGAAATG-1-80-0-0,0.1690622868983676,17.743727,gene_signature,1.0,pass
TAGACCATCATGCATG-1-80-0-0,0.28192512578591955,12.871144,gene_signature,1.0,pass
TAGAGCTAGTCTTGCA-1-80-0-0,0.22144574142651222,16.510233,gene_signature,1.0,pass
TAGAGCTGTTCGTCTC-1-80-0-0,0.08589388252499376,12.069078,gene_signature,1.0,pass
TAGGCATGTTCAACCA-1-80-0-0,0.026517825281754746,16.793701,gene_signature,1.0,pass
TAGTGGTAGTAGGTGC-1-80-0-0,0.027560794033990255,13.362142,gene_signature,1.0,pass
TAGTGGTGTAATCGTC-1-80-0-0,0.10042391289839285,15.305173,gene_signature,1.0,pass
TAGTTGGAGGAACTGC-1-80-0-0,0.019042558584751606,19.741714,gene_signature,1.0,pass
TATCAGGCAAAGTGCG-1-80-0-0,0.04474728640805244,16.98812,gene_signature,1.0,pass
TATCAGGCAAGGGTCA-1-80-0-0,0.02418934447284119,21.04377,gene_signature,1.0,pass
TATCAGGCACGTTGGC-1-80-0-0,0.40284722161903697,12.699198,gene_signature,1.0,pass
TATCAGGGTCGAAAGC-1-80-0-0,0.2361165120996375,15.020224,gene_signature,1.0,pass
TATCTCAAGACCTTTG-1-80-0-0,0.2933529846794898,16.311857,gene_signature,1.0,pass
TATCTCATCAGCTCTC-1-80-0-0,0.317845522588837,11.327337,gene_signature,1.0,pass
TATCTCATCGTTACAG-1-80-0-0,0.005640222394326627,10.023813,gene_signature,1.0,pass
TATGCCCAGGGCTTCC-1-80-0-0,0.1450884846147648,15.535761,gene_signature,1.0,pass
TCAACGACATTTGCTT-1-80-0-0,0.25921085536978583,9.652965,gene_signature,1.0,pass
TCAATCTAGTCGTTTG-1-80-0-0,0.0154099231778192,21.318787,gene_signature,1.0,pass
TCAATCTCATTAGGCT-1-80-0-0,0.03433781404909433,12.835192,gene_signature,1.0,pass
TCAATCTTCCAAAGTC-1-80-0-0,0.10502923036073768,10.671816,gene_signature,1.0,pass
TCACAAGCAGAGTGTG-1-80-0-0,0.05390319060136832,20.551182,gene_signature,1.0,pass
TCACAAGTCTGAGTGT-1-80-0-0,0.34507525293226016,8.049484,gene_signature,1.0,pass
TCACGAACAAGCCGTC-1-80-0-0,0.04394893165023722,16.221453,gene_signature,1.0,pass
TCACGAATCCGTCATC-1-80-0-0,0.006836265995579636,18.913532,gene_signature,1.0,pass
TCACGAATCGGCCGAT-1-80-0-0,0.14413591597368547,17.33027,gene_signature,1.0,pass
TCAGATGGTAACGTTC-1-80-0-0,0.4891727687644292,10.206463,gene_signature,1.0,pass
TCAGCAAAGCCACTAT-1-80-0-0,0.1520639826979593,11.876059,gene_signature,1.0,pass
TCAGCAATCCAAACTG-1-80-0-0,0.13188422878443068,12.279971,gene_signature,1.0,pass
TCAGCTCAGCGAGAAA-1-80-0-0,0.04638081739896845,12.163088,gene_signature,1.0,pass
TCAGGATTCTAACTCT-1-80-0-0,0.33886848362904154,19.128815,gene_signature,1.0,pass
TCAGGTATCATTGCCC-1-80-0-0,0.04453240184868219,15.321487,gene_signature,1.0,pass
TCATTACAGTATCGAA-1-80-0-0,0.11842989573836897,12.271964,gene_signature,1.0,pass
TCATTACTCGGAGGTA-1-80-0-0,0.39618454685855226,14.161863,gene_signature,1.0,pass
TCATTTGAGCCCAATT-1-80-0-0,0.034432945417819605,7.685006,gene_signature,1.0,pass
TCATTTGCATTCTTAC-1-80-0-0,0.08483717129363702,13.091985,gene_signature,1.0,pass
TCCACACCAGTCAGAG-1-80-0-0,0.054229268575511455,18.69587,gene_signature,1.0,pass
TCGAGGCGTCACCTAA-1-80-0-0,0.19598625280015336,10.489879,gene_signature,1.0,pass
TCGCGAGGTACCGTTA-1-80-0-0,0.1771089324888559,11.381956,gene_signature,1.0,pass
TCGCGAGTCTGCGACG-1-80-0-0,0.10628548716866151,18.486164,gene_signature,1.0,pass
TCGCGAGTCTTGAGGT-1-80-0-0,0.07371640383923841,14.605276,gene_signature,1.0,pass
TCGCGTTAGGGTATCG-1-80-0-0,0.05447176798238905,17.485401,gene_signature,1.0,pass
TCGCGTTTCGTGGACC-1-80-0-0,0.4326265598456146,11.341257,gene_signature,1.0,pass
TCGGGACCATGCTGGC-1-80-0-0,0.011047935758773308,21.801355,gene_signature,1.0,pass
TCGGGACGTTTACTCT-1-80-0-0,0.05744236028249937,18.638134,gene_signature,1.0,pass
TCGGTAAAGCCACCTG-1-80-0-0,0.015641372163293605,14.173497,gene_signature,1.0,pass
TCGGTAAAGCTAAGAT-1-80-0-0,0.19833135340129115,17.721184,gene_signature,1.0,pass
TCGGTAAGTACGCTGC-1-80-0-0,0.025730824802438323,11.708211,gene_signature,1.0,pass
TCGGTAAGTTCCAACA-1-80-0-0,0.11654050249081874,10.022794,gene_signature,1.0,pass
TCGTACCGTACCCAAT-1-80-0-0,0.16308317590194,15.739659,gene_signature,1.0,pass
TCGTACCGTCATATGC-1-80-0-0,0.09263762652205701,16.801289,gene_signature,1.0,pass
TCGTAGACACAGGTTT-1-80-0-0,0.02416052503885037,14.204416,gene_signature,1.0,pass
TCTATTGGTCTTGATG-1-80-0-0,0.014841610104697834,15.929932,gene_signature,1.0,pass
TCTATTGGTGCAGTAG-1-80-0-0,0.019389615054451782,17.05928,gene_signature,1.0,pass
TCTATTGTCGTTACGA-1-80-0-0,0.03207625288918577,15.201886,gene_signature,1.0,pass
TCTCATAAGTCTTGCA-1-80-0-0,0.11479956344691342,10.630792,gene_signature,1.0,pass
TCTCTAACACCGATAT-1-80-0-0,0.08517439890970564,19.08972,gene_signature,1.0,pass
TCTGAGAAGTGTTAGA-1-80-0-0,0.024186594572290294,20.515991,gene_signature,1.0,pass
TCTGAGATCTATCCCG-1-80-0-0,0.4322022604213297,14.031176,gene_signature,1.0,pass
TCTGGAACAATCCAAC-1-80-0-0,0.5248136143339159,15.889592,gene_signature,1.0,pass
TCTTCGGAGGCTACGA-1-80-0-0,0.09614136988096116,16.828617,gene_signature,1.0,pass
TCTTCGGCAGCCACCA-1-80-0-0,0.23338248480586055,12.908043,gene_signature,1.0,pass
TCTTTCCAGTTATCGC-1-80-0-0,0.2768782855696884,9.305011,gene_signature,1.0,pass
TGAAAGACAGACTCGC-1-80-0-0,0.0128091816386047,21.71398,gene_signature,1.0,pass
TGACAACAGACACTAA-1-80-0-0,0.12873709404236072,16.708502,gene_signature,1.0,pass
TGACGGCAGCTAACTC-1-80-0-0,0.5039390108530325,6.6858277,gene_signature,1.0,pass
TGACGGCCATAAAGGT-1-80-0-0,0.01802201060879683,16.880573,gene_signature,1.0,pass
TGACGGCTCAACGGCC-1-80-0-0,0.029164557572065673,18.910915,gene_signature,1.0,pass
TGACGGCTCACTGGGC-1-80-0-0,0.0728858108399191,12.838959,gene_signature,1.0,pass
TGACTAGTCACCGTAA-1-80-0-0,0.008864070060154359,13.620834,gene_signature,1.0,pass
TGACTAGTCGGCGCTA-1-80-0-0,0.01922910418538222,21.659914,gene_signature,1.0,pass
TGACTTTAGCCACGCT-1-80-0-0,0.04316954507058098,13.522881,gene_signature,1.0,pass
TGACTTTCACTCGACG-1-80-0-0,0.22586421560151546,19.0845,gene_signature,1.0,pass
TGACTTTTCATCACCC-1-80-0-0,0.29290724785117,11.669785,gene_signature,1.0,pass
TGAGAGGAGGTGTGGT-1-80-0-0,0.19778619750507348,13.572162,gene_signature,1.0,pass
TGAGCCGAGTCGAGTG-1-80-0-0,0.014753211127660346,21.933514,gene_signature,1.0,pass
TGAGGGAAGCGATAGC-1-80-0-0,0.06220261662827804,14.83183,gene_signature,1.0,pass
TGAGGGAGTCTAGCGC-1-80-0-0,0.03346212334849396,11.95887,gene_signature,1.0,pass
TGAGGGAGTTATCACG-1-80-0-0,0.006599144140320703,14.664632,gene_signature,1.0,pass
TGAGGGATCAAACCAC-1-80-0-0,0.01302545357169423,19.48907,gene_signature,1.0,pass
TGAGGGATCAGCCTAA-1-80-0-0,0.10017984489966929,12.941051,gene_signature,1.0,pass
TGATTTCAGATAGTCA-1-80-0-0,0.01767815790278219,19.066195,gene_signature,1.0,pass
TGCACCTAGGGTCTCC-1-80-0-0,0.058734863498933865,15.308324,gene_signature,1.0,pass
TGCACCTCATTATCTC-1-80-0-0,0.06877597184482709,17.969418,gene_signature,1.0,pass
TGCACCTGTCGTTGTA-1-80-0-0,0.021470819776226537,15.548044,gene_signature,1.0,pass
TGCACCTGTCTAAAGA-1-80-0-0,0.05743554167275451,18.838717,gene_signature,1.0,pass
TGCCAAAAGGAATTAC-1-80-0-0,0.07831676793766011,16.527653,gene_signature,1.0,pass
TGCCAAACAGTGGAGT-1-80-0-0,0.05692361292226389,21.640387,gene_signature,1.0,pass
TGCCAAAGTTCCATGA-1-80-0-0,0.26991014454953893,16.612593,gene_signature,1.0,pass
TGCCCATAGACTAGAT-1-80-0-0,0.09623244427184041,7.2467833,gene_signature,1.0,pass
TGCCCATCATTCTCAT-1-80-0-0,0.060060304462770095,12.3650255,gene_signature,1.0,pass
TGCCCTAGTCACTTCC-1-80-0-0,0.06038158420812499,14.132899,gene_signature,1.0,pass
TGCCCTATCTCTGAGA-1-80-0-0,0.026676761339037996,13.206189,gene_signature,1.0,pass
TGCGCAGCAGGGTACA-1-80-0-0,0.05077060740889183,13.694656,gene_signature,1.0,pass
TGCGGGTCAATTCCTT-1-80-0-0,0.01995643084387257,9.928424,gene_signature,1.0,pass
TGCGGGTCAGATGGGT-1-80-0-0,0.111515005877399,15.367719,gene_signature,1.0,pass
TGCGGGTTCCAATGGT-1-80-0-0,0.009666370765568866,9.907472,gene_signature,1.0,pass
TGCGTGGCAACGATCT-1-80-0-0,0.35104192999723816,19.242558,gene_signature,1.0,pass
TGCGTGGCATCTCGCT-1-80-0-0,0.10052771854858271,12.954616,gene_signature,1.0,pass
TGCGTGGTCTGATACG-1-80-0-0,0.11270574154526672,15.124273,gene_signature,1.0,pass
TGCTACCAGGGCATGT-1-80-0-0,0.26735381294859345,13.796155,gene_signature,1.0,pass
TGCTGCTCACATCCGG-1-80-0-0,0.09903559338128906,15.950172,gene_signature,1.0,pass
TGCTGCTGTAGAGGAA-1-80-0-0,0.0766913197553041,19.587606,gene_signature,1.0,pass
TGCTGCTGTGATAAGT-1-80-0-0,0.4215689299015601,15.314944,gene_signature,1.0,pass
TGGACGCCATCGATTG-1-80-0-0,0.5551082950706682,16.405151,gene_signature,1.0,pass
TGGCCAGCACCTTGTC-1-80-0-0,0.09765661593927814,15.522311,gene_signature,1.0,pass
TGGCCAGGTGGGTATG-1-80-0-0,0.3790651304629204,20.208178,gene_signature,1.0,pass
TGGCCAGTCTCCTATA-1-80-0-0,0.4744661654575627,12.879339,gene_signature,1.0,pass
TGGCGCAAGTTGAGTA-1-80-0-0,0.007490352452374878,16.874401,gene_signature,1.0,pass
TGGCGCAGTACCGTTA-1-80-0-0,0.23070702136779367,16.173555,gene_signature,1.0,pass
TGGCGCATCGCCCTTA-1-80-0-0,0.46776423066236533,14.962568,gene_signature,1.0,pass
TGGCTGGCACCTCGGA-1-80-0-0,0.050659026008821884,19.680912,gene_signature,1.0,pass
TGGCTGGCAGGCGATA-1-80-0-0,0.21365246896558351,13.8654175,gene_signature,1.0,pass
TGGCTGGTCTCAAACG-1-80-0-0,0.04997825435346137,16.122725,gene_signature,1.0,pass
TGGGAAGTCTTCATGT-1-80-0-0,0.0027849265927908677,16.019335,gene_signature,1.0,pass
TGGTTAGGTGACTCAT-1-80-0-0,0.06650948885265903,15.981647,gene_signature,1.0,pass
TGGTTAGGTGCCTGTG-1-80-0-0,0.14370110889534007,8.185489,gene_signature,1.0,pass
TGGTTAGTCACAAACC-1-80-0-0,0.05372113282739094,14.371623,gene_signature,1.0,pass
TGTATTCTCCAAGTAC-1-80-0-0,0.03293434621857953,21.90903,gene_signature,1.0,pass
TGTGTTTAGATGCCTT-1-80-0-0,0.11308268165067563,15.554819,gene_signature,1.0,pass
TGTGTTTAGTAGGTGC-1-80-0-0,0.10358838470724492,15.490735,gene_signature,1.0,pass
TGTGTTTAGTTCCACA-1-80-0-0,0.0221300509886096,17.644018,gene_signature,1.0,pass
TGTGTTTCAGTCACTA-1-80-0-0,0.051758181914145884,14.121854,gene_signature,1.0,pass
TGTGTTTTCACCAGGC-1-80-0-0,0.1253847396603987,10.807286,gene_signature,1.0,pass
TGTGTTTTCCTGCCAT-1-80-0-0,0.0982469680967348,7.855157,gene_signature,1.0,pass
TGTGTTTTCGCAAGCC-1-80-0-0,0.5474059152815325,12.691925,gene_signature,1.0,pass
TGTTCCGAGCTACCTA-1-80-0-0,0.44205426492743854,11.921392,gene_signature,1.0,pass
TGTTCCGGTGCACTTA-1-80-0-0,0.06526998499096215,16.894403,gene_signature,1.0,pass
TGTTCCGTCATACGGT-1-80-0-0,0.12923349955266503,16.534292,gene_signature,1.0,pass
TTAACTCCAGGCTCAC-1-80-0-0,0.018745839497338754,18.97298,gene_signature,1.0,pass
TTAACTCTCTTGCCGT-1-80-0-0,0.009090687223134348,16.620726,gene_signature,1.0,pass
TTAGGACCAATACGCT-1-80-0-0,0.017963763405138496,17.565407,gene_signature,1.0,pass
TTAGGCATCTACGAGT-1-80-0-0,0.08246762914129811,12.052254,gene_signature,1.0,pass
TTAGTTCAGAGGTACC-1-80-0-0,0.008473688187756977,19.298094,gene_signature,1.0,pass
TTAGTTCAGCTGATAA-1-80-0-0,0.22037195561000988,11.42454,gene_signature,1.0,pass
TTAGTTCCAAAGCGGT-1-80-0-0,0.1938381371644387,16.035938,gene_signature,1.0,pass
TTATGCTTCCGTAGGC-1-80-0-0,0.0037727760557960885,19.871113,gene_signature,1.0,pass
TTCCCAGAGCTCCCAG-1-80-0-0,0.1672286500090403,17.253374,gene_signature,1.0,pass
TTCCCAGCAACGCACC-1-80-0-0,0.031964993061675426,12.28024,gene_signature,1.0,pass
TTCCCAGCACATCTTT-1-80-0-0,0.076775275859115,9.872208,gene_signature,1.0,pass
TTCCCAGCAGGCAGTA-1-80-0-0,0.16541429738155505,12.829076,gene_signature,1.0,pass
TTCGAAGGTCTAGAGG-1-80-0-0,0.02704267133303473,12.598643,gene_signature,1.0,pass
TTCGGTCCAGGCAGTA-1-80-0-0,0.06516839095650417,12.956838,gene_signature,1.0,pass
TTCGGTCTCCTCCTAG-1-80-0-0,0.07736388696566195,17.13017,gene_signature,1.0,pass
TTCTACACATCCAACA-1-80-0-0,0.08690923880133536,11.332858,gene_signature,1.0,pass
TTCTACAGTTGATTGC-1-80-0-0,0.09146368671909359,15.699722,gene_signature,1.0,pass
TTCTACATCAATCACG-1-80-0-0,0.025964855443658973,12.466298,gene_signature,1.0,pass
TTCTACATCTGCTGTC-1-80-0-0,0.22220452154795742,9.728412,gene_signature,1.0,pass
TTCTCAAAGTACGATA-1-80-0-0,0.282619796318002,18.670881,gene_signature,1.0,pass
TTCTCCTGTCTAGGTT-1-80-0-0,0.07169237589273318,13.211815,gene_signature,1.0,pass
TTCTCCTTCACCATAG-1-80-0-0,0.31395260372852934,18.033672,gene_signature,1.0,pass
TTCTTAGAGAAGCCCA-1-80-0-0,0.1605358099519607,13.1573305,gene_signature,1.0,pass
TTCTTAGAGGATATAC-1-80-0-0,0.1021437988405857,14.291367,gene_signature,1.0,pass
TTCTTAGTCTTAGCCC-1-80-0-0,0.7658513492991113,14.262721,gene_signature,1.0,pass
TTGAACGAGTAGATGT-1-80-0-0,0.13201795658044396,15.998576,gene_signature,1.0,pass
TTGAACGCACACCGCA-1-80-0-0,0.01449250910913239,17.128647,gene_signature,1.0,pass
TTGAACGCACAGCGTC-1-80-0-0,0.06328091934700074,20.452427,gene_signature,1.0,pass
TTGAACGCACTTAAGC-1-80-0-0,0.03125899830267921,12.474762,gene_signature,1.0,pass
TTGAACGCATTAGCCA-1-80-0-0,0.09501309634980329,11.860812,gene_signature,1.0,pass
TTGAACGGTCTGGAGA-1-80-0-0,0.17847452450745266,20.346294,gene_signature,1.0,pass
TTGAACGTCAACGCTA-1-80-0-0,0.09866078483587173,19.121569,gene_signature,1.0,pass
TTGACTTAGCCCAATT-1-80-0-0,0.2082312901304523,8.863049,gene_signature,1.0,pass
TTGACTTAGCTATGCT-1-80-0-0,0.3857719313304704,16.096691,gene_signature,1.0,pass
TTGCCGTAGTAACCCT-1-80-0-0,0.45723450414551586,12.633099,gene_signature,1.0,pass
TTGCCGTCAAAGTGCG-1-80-0-0,0.053071071026203884,11.726984,gene_signature,1.0,pass
TTGCGTCCACCAACCG-1-80-0-0,0.07723842461118588,15.091843,gene_signature,1.0,pass
TTGCGTCCATGTCCTC-1-80-0-0,0.04751314998791131,21.742641,gene_signature,1.0,pass
TTGGAACCACCCATTC-1-80-0-0,0.09138228610364833,16.761093,gene_signature,1.0,pass
TTGGAACGTAGCGTCC-1-80-0-0,0.1023974195862257,10.7699,gene_signature,1.0,pass
TTGGAACGTCTGGTCG-1-80-0-0,0.07425338673551632,16.511053,gene_signature,1.0,pass
TTGGCAACAGCGTTCG-1-80-0-0,0.2692433607856135,19.085318,gene_signature,1.0,pass
TTGGCAAGTACACCGC-1-80-0-0,0.11543273694983498,9.313804,gene_signature,1.0,pass
TTGGCAAGTACCAGTT-1-80-0-0,0.1408469705213628,17.63242,gene_signature,1.0,pass
TTGTAGGGTATATGGA-1-80-0-0,0.10327399070754,16.739925,gene_signature,1.0,pass
TTGTAGGGTCCAGTAT-1-80-0-0,0.060882303759992984,16.329084,gene_signature,1.0,pass
TTGTAGGGTTTCCACC-1-80-0-0,0.08294821514602357,13.619623,gene_signature,1.0,pass
TTTACTGCACCTTGTC-1-80-0-0,0.19821909661956152,17.609818,gene_signature,1.0,pass
TTTACTGGTCGCTTCT-1-80-0-0,0.15315361271764577,13.358813,gene_signature,1.0,pass
TTTATGCCATACAGCT-1-80-0-0,0.01587461366189543,18.820787,gene_signature,1.0,pass
TTTATGCTCAGCTGGC-1-80-0-0,0.09998333236971786,14.531278,gene_signature,1.0,pass
TTTATGCTCAGGATCT-1-80-0-0,0.18532197624513283,15.198466,gene_signature,1.0,pass
TTTCCTCAGACACTAA-1-80-0-0,0.06814305912924976,18.920353,gene_signature,1.0,pass
TTTCCTCAGAGAGCTC-1-80-0-0,0.48972393785126267,11.7029295,gene_signature,1.0,pass
TTTCCTCGTCTCTCGT-1-80-0-0,0.013017653114161285,14.392431,gene_signature,1.0,pass
TTTCCTCTCGCCCTTA-1-80-0-0,0.01787575187720453,17.683245,gene_signature,1.0,pass
TTTGTCACATGGTTGT-1-80-0-0,0.2899346564332252,21.781345,gene_signature,1.0,pass
TTTGTCAGTCCTCTTG-1-80-0-0,0.5056966617653835,20.39311,gene_signature,1.0,pass
AAACGGGCAAGCCTAT-1-81-0-0,0.03588396737861381,13.394419,gene_signature,1.0,pass
AAACGGGTCAGCTCTC-1-81-0-0,0.047289399665180414,11.949762,gene_signature,1.0,pass
AAAGCAAAGACCTTTG-1-81-0-0,0.22315499209576167,15.329721,gene_signature,1.0,pass
AAAGCAATCAAACGGG-1-81-0-0,0.04324632663348151,8.634622,gene_signature,1.0,pass
AAAGTAGAGTTGTCGT-1-81-0-0,0.01184979984957087,21.62093,gene_signature,1.0,pass
AAATGCCAGCAATATG-1-81-0-0,0.05895546755609876,18.897537,gene_signature,1.0,pass
AAATGCCAGCAGACTG-1-81-0-0,0.049882916518986,13.67835,gene_signature,1.0,pass
AAATGCCGTTCAGCGC-1-81-0-0,0.21542808424957854,14.149524,gene_signature,1.0,pass
AACCATGCAAGTCATC-1-81-0-0,0.03534804117077428,12.659561,gene_signature,1.0,pass
AACCATGTCAGTACGT-1-81-0-0,0.04302988747760026,20.038612,gene_signature,1.0,pass
AACCATGTCCTACAGA-1-81-0-0,0.06647433869974813,13.704536,gene_signature,1.0,pass
AACCGCGAGGCTACGA-1-81-0-0,0.02910809305671429,21.195047,gene_signature,1.0,pass
AACCGCGGTCATGCCG-1-81-0-0,0.11156874722399945,17.439857,gene_signature,1.0,pass
AACCGCGGTTCGTCTC-1-81-0-0,0.03436002766263801,14.966513,gene_signature,1.0,pass
AACCGCGTCATCGCTC-1-81-0-0,0.11147880287726168,19.262505,gene_signature,1.0,pass
AACGTTGAGAAGGTTT-1-81-0-0,0.01817701594679415,9.233689,gene_signature,1.0,pass
AACGTTGCAATGGACG-1-81-0-0,0.23877147705065208,8.313337,gene_signature,1.0,pass
AACTCAGAGTGTACCT-1-81-0-0,0.06068796485887147,9.571203,gene_signature,1.0,pass
AACTCAGCAAGGTTTC-1-81-0-0,0.20634510893023297,10.737236,gene_signature,1.0,pass
AACTCAGCAGTTTACG-1-81-0-0,0.11478601773569727,12.982928,gene_signature,1.0,pass
AACTCAGTCCGTAGTA-1-81-0-0,0.026324235639652898,14.004198,gene_signature,1.0,pass
AACTCCCCAAGTACCT-1-81-0-0,0.19397153412545856,11.120737,gene_signature,1.0,pass
AACTCTTGTGCCTGGT-1-81-0-0,0.02430986478038296,18.267498,gene_signature,1.0,pass
AACTGGTCACTATCTT-1-81-0-0,0.07161006703288786,20.379427,gene_signature,1.0,pass
AACTGGTCAGCTGCAC-1-81-0-0,0.05461225833269915,14.425822,gene_signature,1.0,pass
AACTGGTTCATGTCTT-1-81-0-0,0.03020723911333726,18.289639,gene_signature,1.0,pass
AACTTTCGTCGCTTCT-1-81-0-0,0.3694237538805352,18.43742,gene_signature,1.0,pass
AAGCCGCTCATATCGG-1-81-0-0,0.3471229700928695,6.1384344,gene_signature,1.0,pass
AAGGCAGCACATGGGA-1-81-0-0,0.06164166261446247,14.848178,gene_signature,1.0,pass
AAGGCAGCAGTTTACG-1-81-0-0,0.013455506949055104,14.722708,gene_signature,1.0,pass
AAGGCAGGTAAGTAGT-1-81-0-0,0.11709924797721907,10.538227,gene_signature,1.0,pass
AAGGCAGTCTGCGACG-1-81-0-0,0.0475859486442302,16.524778,gene_signature,1.0,pass
AAGTCTGAGTCATCCA-1-81-0-0,0.02270980647949973,13.622235,gene_signature,1.0,pass
AAGTCTGGTCAAACTC-1-81-0-0,0.03456599959381477,11.612556,gene_signature,1.0,pass
AAGTCTGGTGATGTCT-1-81-0-0,0.027811429533606276,16.537342,gene_signature,1.0,pass
AAGTCTGTCGAGAGCA-1-81-0-0,0.06391474570047154,19.53719,gene_signature,1.0,pass
AATCCAGTCATGCATG-1-81-0-0,0.2643624661805643,11.650957,gene_signature,1.0,pass
AATCGGTCAAGACGTG-1-81-0-0,0.04879387138447415,13.243225,gene_signature,1.0,pass
AATCGGTCAAGGCTCC-1-81-0-0,0.16661940479913975,10.321673,gene_signature,1.0,pass
AATCGGTTCCCTCTTT-1-81-0-0,0.020880062393790984,15.557521,gene_signature,1.0,pass
ACACCAACATCCCATC-1-81-0-0,0.483861055016299,15.87781,gene_signature,1.0,pass
ACACCAACATCGGAAG-1-81-0-0,0.02774913558622294,17.288473,gene_signature,1.0,pass
ACACCAAGTAACGACG-1-81-0-0,0.05540581212528621,13.249224,gene_signature,1.0,pass
ACACCCTGTCCAACTA-1-81-0-0,0.2147832301942169,14.429979,gene_signature,1.0,pass
ACACCCTGTCTTCTCG-1-81-0-0,0.2469600725254844,20.223698,gene_signature,1.0,pass
ACACCGGGTATTAGCC-1-81-0-0,0.1970180017736169,21.049786,gene_signature,1.0,pass
ACACTGATCGACAGCC-1-81-0-0,0.05169599391849824,14.8736925,gene_signature,1.0,pass
ACAGCCGCATGACATC-1-81-0-0,0.13241480575148978,10.922552,gene_signature,1.0,pass
ACAGCCGGTCAGCTAT-1-81-0-0,0.35544697596456026,10.003748,gene_signature,1.0,pass
ACAGCCGTCCCTCAGT-1-81-0-0,0.038204699043224696,20.232006,gene_signature,1.0,pass
ACAGCTACACTTCTGC-1-81-0-0,0.06756599880270978,14.85303,gene_signature,1.0,pass
ACAGCTAGTCAACTGT-1-81-0-0,0.04235153245697541,13.273007,gene_signature,1.0,pass
ACAGCTAGTCTGATTG-1-81-0-0,0.00838128280369303,14.218248,gene_signature,1.0,pass
ACAGCTAGTCTTGATG-1-81-0-0,0.04784964482627706,18.368317,gene_signature,1.0,pass
ACATACGGTCGCTTTC-1-81-0-0,0.2844114851519719,18.663816,gene_signature,1.0,pass
ACATACGTCAAACGGG-1-81-0-0,0.0674848435454213,18.03519,gene_signature,1.0,pass
ACATCAGCAGTAGAGC-1-81-0-0,0.08656466319896959,11.221774,gene_signature,1.0,pass
ACATCAGGTAAGGGAA-1-81-0-0,0.20990456175701738,16.854227,gene_signature,1.0,pass
ACATCAGTCAACGGGA-1-81-0-0,0.048045774929005206,15.333142,gene_signature,1.0,pass
ACCTTTATCGATAGAA-1-81-0-0,0.011593102149185,17.715992,gene_signature,1.0,pass
ACCTTTATCGTACCGG-1-81-0-0,0.33705331245870285,15.191032,gene_signature,1.0,pass
ACGAGCCTCATGGTCA-1-81-0-0,0.04666112169254016,11.911055,gene_signature,1.0,pass
ACGAGGAAGGCGATAC-1-81-0-0,0.09255041505704978,17.951796,gene_signature,1.0,pass
ACGATACAGATCCCAT-1-81-0-0,0.09698453199324869,13.279599,gene_signature,1.0,pass
ACGATACGTCCGTGAC-1-81-0-0,0.06399723264776247,14.92927,gene_signature,1.0,pass
ACGATACTCAGTGTTG-1-81-0-0,0.2972462286170867,16.782406,gene_signature,1.0,pass
ACGATACTCATCTGCC-1-81-0-0,0.08306241765376758,14.564715,gene_signature,1.0,pass
ACGATGTAGAACAATC-1-81-0-0,0.027456879742674294,15.266772,gene_signature,1.0,pass
ACGATGTCATCTACGA-1-81-0-0,0.04702007230534148,15.639032,gene_signature,1.0,pass
ACGATGTGTGCAACTT-1-81-0-0,0.014429131984382757,16.133278,gene_signature,1.0,pass
ACGATGTTCAAGGCTT-1-81-0-0,0.022625902366521924,15.574654,gene_signature,1.0,pass
ACGATGTTCCACGTGG-1-81-0-0,0.2036314179975583,12.937813,gene_signature,1.0,pass
ACGCAGCAGCTAGGCA-1-81-0-0,0.06370519966420901,11.178224,gene_signature,1.0,pass
ACGCAGCAGGCATGGT-1-81-0-0,0.11367203799443874,16.05529,gene_signature,1.0,pass
ACGCAGCAGGTGCTAG-1-81-0-0,0.26531381527035497,14.450012,gene_signature,1.0,pass
ACGCAGCCAGCTGTAT-1-81-0-0,0.48455078930331086,11.278668,gene_signature,1.0,pass
ACGCAGCTCTAAGCCA-1-81-0-0,0.10290463758619717,10.354013,gene_signature,1.0,pass
ACGCCAGAGCTACCGC-1-81-0-0,0.07260774978391477,15.623311,gene_signature,1.0,pass
ACGCCAGAGGATCGCA-1-81-0-0,0.11481155970516525,21.595625,gene_signature,1.0,pass
ACGCCAGCAGACAAGC-1-81-0-0,0.07863718488737977,12.126659,gene_signature,1.0,pass
ACGCCAGCATAGTAAG-1-81-0-0,0.12503604836351617,12.07612,gene_signature,1.0,pass
ACGCCGAAGTGAACGC-1-81-0-0,0.06185283268083739,14.253885,gene_signature,1.0,pass
ACGCCGACATTGGGCC-1-81-0-0,0.05494106197723392,13.995242,gene_signature,1.0,pass
ACGCCGAGTCGTTGTA-1-81-0-0,0.3000942989216707,16.164074,gene_signature,1.0,pass
ACGGCCACAGAGTGTG-1-81-0-0,0.06995504618082478,16.087086,gene_signature,1.0,pass
ACGGCCACATATGGTC-1-81-0-0,0.04009135962940018,8.398772,gene_signature,1.0,pass
ACGGCCAGTCGACTGC-1-81-0-0,0.21716720492646427,12.282532,gene_signature,1.0,pass
ACGGGCTGTAAACCTC-1-81-0-0,0.07518462081331168,17.897278,gene_signature,1.0,pass
ACGGGCTTCAAACCAC-1-81-0-0,0.13078838643211804,20.227556,gene_signature,1.0,pass
ACGGGTCTCAGGTTCA-1-81-0-0,0.5212964847638274,8.18131,gene_signature,1.0,pass
ACGTCAAAGCTGGAAC-1-81-0-0,0.12266500069436118,14.403653,gene_signature,1.0,pass
ACGTCAACAGACTCGC-1-81-0-0,0.0963051683774995,13.162862,gene_signature,1.0,pass
ACTATCTAGAGTTGGC-1-81-0-0,0.13806594199509808,11.315144,gene_signature,1.0,pass
ACTATCTTCCTCAATT-1-81-0-0,0.16636338605432133,11.737402,gene_signature,1.0,pass
ACTATCTTCCTTAATC-1-81-0-0,0.1303933644757896,21.469875,gene_signature,1.0,pass
ACTGAACTCGTACGGC-1-81-0-0,0.04338615094325441,15.162831,gene_signature,1.0,pass
ACTGAGTCATACAGCT-1-81-0-0,0.005405367451806962,16.93591,gene_signature,1.0,pass
ACTGAGTGTGGTCCGT-1-81-0-0,0.01296971438208876,16.65311,gene_signature,1.0,pass
ACTGATGCATCCGTGG-1-81-0-0,0.014733735134991186,17.238678,gene_signature,1.0,pass
ACTGCTCAGATGTAAC-1-81-0-0,0.044507145249000624,13.9357195,gene_signature,1.0,pass
ACTGTCCGTACCAGTT-1-81-0-0,0.07083081931581212,17.055027,gene_signature,1.0,pass
ACTTACTGTAAACACA-1-81-0-0,0.028798331028074338,8.405688,gene_signature,1.0,pass
ACTTACTTCCTTGACC-1-81-0-0,0.10796375765869744,16.973896,gene_signature,1.0,pass
ACTTGTTAGTGTTAGA-1-81-0-0,0.035259549435288653,10.32446,gene_signature,1.0,pass
ACTTGTTCAGCCTTGG-1-81-0-0,0.38061179741116413,10.934487,gene_signature,1.0,pass
ACTTTCAGTACGACCC-1-81-0-0,0.044649370371307194,13.90009,gene_signature,1.0,pass
ACTTTCAGTCGAACAG-1-81-0-0,0.42609830406915405,12.5413685,gene_signature,1.0,pass
ACTTTCAGTCTTCAAG-1-81-0-0,0.04924606452020532,13.564641,gene_signature,1.0,pass
AGACGTTAGAAACCTA-1-81-0-0,0.2904446583834124,14.417712,gene_signature,1.0,pass
AGAGCGACATCCTAGA-1-81-0-0,0.030130220405535445,22.002708,gene_signature,1.0,pass
AGAGCGATCGCCATAA-1-81-0-0,0.034629513422584,15.126302,gene_signature,1.0,pass
AGAGCTTAGGTGATAT-1-81-0-0,0.25449819026535503,11.0115,gene_signature,1.0,pass
AGAGCTTAGGTGCAAC-1-81-0-0,0.042938061498552275,15.410536,gene_signature,1.0,pass
AGAGTGGCAATGTAAG-1-81-0-0,0.07478672834129704,13.176419,gene_signature,1.0,pass
AGATCTGAGATAGGAG-1-81-0-0,0.008889620959875553,13.76383,gene_signature,1.0,pass
AGATCTGTCACATGCA-1-81-0-0,0.0028126763468833064,20.308475,gene_signature,1.0,pass
AGATTGCAGTGCCATT-1-81-0-0,0.040085028868427366,19.242786,gene_signature,1.0,pass
AGATTGCTCTGCTTGC-1-81-0-0,0.03942965347512614,12.951796,gene_signature,1.0,pass
AGCAGCCAGGATATAC-1-81-0-0,0.06637429284537956,13.960289,gene_signature,1.0,pass
AGCATACAGGCCCGTT-1-81-0-0,0.037793573842488284,16.745968,gene_signature,1.0,pass
AGCATACGTGGGTCAA-1-81-0-0,0.2939530683921159,13.927521,gene_signature,1.0,pass
AGCATACTCCACTCCA-1-81-0-0,0.15779090849203894,16.825748,gene_signature,1.0,pass
AGCATACTCCAGAGGA-1-81-0-0,0.06464244485100294,15.359489,gene_signature,1.0,pass
AGCATACTCGCCAGCA-1-81-0-0,0.055346711560353624,15.738965,gene_signature,1.0,pass
AGCCTAAAGTTGCAGG-1-81-0-0,0.013512977240244459,15.078868,gene_signature,1.0,pass
AGCCTAATCCTAAGTG-1-81-0-0,0.02146062851953111,15.884544,gene_signature,1.0,pass
AGCGGTCAGCACCGTC-1-81-0-0,0.008711883471368469,17.048021,gene_signature,1.0,pass
AGCGGTCCAGTTAACC-1-81-0-0,0.03580804514465817,13.816406,gene_signature,1.0,pass
AGCGGTCGTTGCGCAC-1-81-0-0,0.020409416505253318,12.054588,gene_signature,1.0,pass
AGCGGTCGTTGGTAAA-1-81-0-0,0.3152881616899548,11.1810665,gene_signature,1.0,pass
AGCGTATTCGCCAGCA-1-81-0-0,0.03280038839964805,17.983639,gene_signature,1.0,pass
AGCGTCGAGCGCCTTG-1-81-0-0,0.08131062303896577,13.558355,gene_signature,1.0,pass
AGCGTCGGTCCATGAT-1-81-0-0,0.04050496095664345,21.90543,gene_signature,1.0,pass
AGCTCCTCACTTCTGC-1-81-0-0,0.23241015697207082,16.591934,gene_signature,1.0,pass
AGCTCCTGTGTTTGGT-1-81-0-0,0.06713962059284163,16.459293,gene_signature,1.0,pass
AGCTCCTTCAGGCAAG-1-81-0-0,0.1773723318783696,17.436983,gene_signature,1.0,pass
AGCTCTCAGGTACTCT-1-81-0-0,0.10028040030619179,19.156723,gene_signature,1.0,pass
AGCTCTCGTCATGCAT-1-81-0-0,0.06451502343560475,21.133915,gene_signature,1.0,pass
AGCTTGACACGGTAAG-1-81-0-0,0.0479007490370136,13.130659,gene_signature,1.0,pass
AGCTTGACAGGGTATG-1-81-0-0,0.04002384536001372,11.588827,gene_signature,1.0,pass
AGGCCACGTCAGAAGC-1-81-0-0,0.10373373507319764,13.078486,gene_signature,1.0,pass
AGGCCACTCTACTCAT-1-81-0-0,0.2307266760945618,15.510675,gene_signature,1.0,pass
AGGCCGTAGACACGAC-1-81-0-0,0.10015499939660095,11.595807,gene_signature,1.0,pass
AGGCCGTGTTCCACAA-1-81-0-0,0.38363315251202,15.929337,gene_signature,1.0,pass
AGGGAGTCATCTATGG-1-81-0-0,0.2350724229781715,11.045661,gene_signature,1.0,pass
AGGGATGAGCTATGCT-1-81-0-0,0.026263649995200478,15.328653,gene_signature,1.0,pass
AGGGATGGTCAAGCGA-1-81-0-0,0.2871740354503588,10.136305,gene_signature,1.0,pass
AGGGATGGTTCCACAA-1-81-0-0,0.08028671221437136,15.986595,gene_signature,1.0,pass
AGGGTGAAGAAGGGTA-1-81-0-0,0.009997664471401291,18.477806,gene_signature,1.0,pass
AGGGTGAAGTCGTACT-1-81-0-0,0.0653995754516052,17.190392,gene_signature,1.0,pass
AGGTCATGTAGCTAAA-1-81-0-0,0.036574868846765723,17.43332,gene_signature,1.0,pass
AGGTCATTCAAACCAC-1-81-0-0,0.021373489494932875,21.785488,gene_signature,1.0,pass
AGGTCATTCCGTCATC-1-81-0-0,0.10503255484153332,10.038038,gene_signature,1.0,pass
AGGTCCGAGGAATCGC-1-81-0-0,0.18173323714084746,14.734891,gene_signature,1.0,pass
AGGTCCGCAAGAAAGG-1-81-0-0,0.16796329362604037,14.2218685,gene_signature,1.0,pass
AGTAGTCAGGATGGAA-1-81-0-0,0.10045190333448173,21.125864,gene_signature,1.0,pass
AGTAGTCTCAGTACGT-1-81-0-0,0.009984020260543099,13.562076,gene_signature,1.0,pass
AGTCTTTCACGCATCG-1-81-0-0,0.31362133593271035,16.608421,gene_signature,1.0,pass
AGTGGGAAGTCCAGGA-1-81-0-0,0.04542302093775906,15.21239,gene_signature,1.0,pass
AGTGGGATCACCAGGC-1-81-0-0,0.01653274145708914,13.604604,gene_signature,1.0,pass
AGTGTCATCATCGATG-1-81-0-0,0.2412968667262699,9.022669,gene_signature,1.0,pass
AGTTGGTAGAGGTACC-1-81-0-0,0.0960626637039674,14.809027,gene_signature,1.0,pass
AGTTGGTCATTATCTC-1-81-0-0,0.1616094521012162,21.2149,gene_signature,1.0,pass
ATAACGCAGTCCGGTC-1-81-0-0,0.017722824640349848,14.765592,gene_signature,1.0,pass
ATAACGCTCGGAGGTA-1-81-0-0,0.08542493293811333,13.695755,gene_signature,1.0,pass
ATAAGAGCACCCATTC-1-81-0-0,0.44632938726236093,11.716396,gene_signature,1.0,pass
ATAAGAGCAGGATTGG-1-81-0-0,0.11796985319991031,12.980211,gene_signature,1.0,pass
ATAAGAGGTTCAGTAC-1-81-0-0,0.2000572660363596,16.23119,gene_signature,1.0,pass
ATAAGAGTCGAGCCCA-1-81-0-0,0.12016079018235212,19.673254,gene_signature,1.0,pass
ATAGACCCAGGGAGAG-1-81-0-0,0.042545698247536394,10.1888075,gene_signature,1.0,pass
ATAGACCCATCAGTAC-1-81-0-0,0.07661244954788995,16.305677,gene_signature,1.0,pass
ATCACGAAGGGTGTTG-1-81-0-0,0.32506612853641453,17.462063,gene_signature,1.0,pass
ATCATGGAGGACAGCT-1-81-0-0,0.11927575654333608,15.328348,gene_signature,1.0,pass
ATCATGGCAATGGTCT-1-81-0-0,0.022336851713321317,11.802211,gene_signature,1.0,pass
ATCATGGTCCAAACTG-1-81-0-0,0.18613603677585794,17.6248,gene_signature,1.0,pass
ATCATGGTCCAGAAGG-1-81-0-0,0.09601575569522507,21.233683,gene_signature,1.0,pass
ATCCACCCATCGATTG-1-81-0-0,0.21075690907040884,12.999681,gene_signature,1.0,pass
ATCCACCGTTGGTGGA-1-81-0-0,0.5603406599657594,9.8612385,gene_signature,1.0,pass
ATCCGAACACTAAGTC-1-81-0-0,0.022881358341263085,17.659237,gene_signature,1.0,pass
ATCCGAAGTCAGTGGA-1-81-0-0,0.01308900264537744,13.840381,gene_signature,1.0,pass
ATCGAGTGTTATTCTC-1-81-0-0,0.04728496785755057,17.654934,gene_signature,1.0,pass
ATCTGCCAGGATGCGT-1-81-0-0,0.09591135314162332,13.254779,gene_signature,1.0,pass
ATCTGCCCAATAGCGG-1-81-0-0,0.29276044158087566,9.442228,gene_signature,1.0,pass
ATCTGCCCAGGTCGTC-1-81-0-0,0.13490386133015958,19.538006,gene_signature,1.0,pass
ATGAGGGAGTTGCAGG-1-81-0-0,0.028490715029555247,19.44098,gene_signature,1.0,pass
ATGCGATAGGTCATCT-1-81-0-0,0.32505925394354696,12.655878,gene_signature,1.0,pass
ATGGGAGCAATCCGAT-1-81-0-0,0.22632526899955224,10.962406,gene_signature,1.0,pass
ATGGGAGTCTCGCTTG-1-81-0-0,0.015241266406049458,12.833542,gene_signature,1.0,pass
ATGTGTGAGTCGTACT-1-81-0-0,0.2719881196677773,16.97793,gene_signature,1.0,pass
ATGTGTGGTAGTAGTA-1-81-0-0,0.05992017223526429,16.228405,gene_signature,1.0,pass
ATTATCCCATCCGGGT-1-81-0-0,0.05828240458015277,9.857156,gene_signature,1.0,pass
ATTCTACAGGTGACCA-1-81-0-0,0.14573893978379365,17.107998,gene_signature,1.0,pass
ATTGGACAGCGATGAC-1-81-0-0,0.15665998252138838,9.856064,gene_signature,1.0,pass
ATTGGACGTGCTGTAT-1-81-0-0,0.33218415267001156,16.54736,gene_signature,1.0,pass
ATTGGTGAGATCCGAG-1-81-0-0,0.015573581081264515,20.424944,gene_signature,1.0,pass
ATTGGTGAGTTAGGTA-1-81-0-0,0.0046043594768414,15.024393,gene_signature,1.0,pass
ATTGGTGGTTCAGACT-1-81-0-0,0.09941649697470772,15.218694,gene_signature,1.0,pass
ATTTCTGAGACAAAGG-1-81-0-0,0.27910771055662226,17.088285,gene_signature,1.0,pass
ATTTCTGAGAGCTATA-1-81-0-0,0.29523256664577674,17.467257,gene_signature,1.0,pass
ATTTCTGCAAACCCAT-1-81-0-0,0.3095341918456308,18.995527,gene_signature,1.0,pass
CAACCAATCCAGAAGG-1-81-0-0,0.11248202501937236,14.568761,gene_signature,1.0,pass
CAACCAATCTCAAGTG-1-81-0-0,0.11678850448226488,18.77197,gene_signature,1.0,pass
CAACCTCCAAGCGTAG-1-81-0-0,0.08957700052428018,15.626394,gene_signature,1.0,pass
CAACCTCGTTCGTTGA-1-81-0-0,0.06515830684535313,20.747051,gene_signature,1.0,pass
CAACCTCTCGGAAACG-1-81-0-0,0.015832316788885577,15.568407,gene_signature,1.0,pass
CAACCTCTCTTTAGTC-1-81-0-0,0.08486051005205289,17.805918,gene_signature,1.0,pass
CAACTAGAGAATGTGT-1-81-0-0,0.23057457873334353,13.083493,gene_signature,1.0,pass
CAACTAGCATGGAATA-1-81-0-0,0.010474483050709594,18.834137,gene_signature,1.0,pass
CAAGAAAAGCCTTGAT-1-81-0-0,0.2797842574813004,19.587196,gene_signature,1.0,pass
CAAGAAAAGGGCACTA-1-81-0-0,0.09752291190315873,11.709974,gene_signature,1.0,pass
CAAGGCCGTCCAAGTT-1-81-0-0,0.29617307030377,10.944722,gene_signature,1.0,pass
CAAGGCCGTGTTCGAT-1-81-0-0,0.140005821659679,13.20149,gene_signature,1.0,pass
CAAGGCCTCAATAAGG-1-81-0-0,0.010457126036483761,12.266134,gene_signature,1.0,pass
CAAGGCCTCTAGAGTC-1-81-0-0,0.09903665254817667,9.201775,gene_signature,1.0,pass
CAAGTTGAGTCCAGGA-1-81-0-0,0.027983080640814905,14.779884,gene_signature,1.0,pass
CAAGTTGGTAGGACAC-1-81-0-0,0.038931885907220014,12.880506,gene_signature,1.0,pass
CAAGTTGGTGCATCTA-1-81-0-0,0.19444233644510053,21.607382,gene_signature,1.0,pass
CACAAACAGAAGGGTA-1-81-0-0,0.05789417717637076,21.971596,gene_signature,1.0,pass
CACAAACAGGAGTACC-1-81-0-0,0.22814040248706782,11.0267315,gene_signature,1.0,pass
CACACCTGTGAGTATA-1-81-0-0,0.21229680944445067,15.346311,gene_signature,1.0,pass
CACACCTGTGCATCTA-1-81-0-0,0.18799119485547156,15.124641,gene_signature,1.0,pass
CACACTCTCAAGGTAA-1-81-0-0,0.031247474314888595,21.864853,gene_signature,1.0,pass
CACACTCTCTCTAAGG-1-81-0-0,0.23200326666628385,12.11106,gene_signature,1.0,pass
CACAGGCAGGTGGGTT-1-81-0-0,0.03396405651794014,14.828082,gene_signature,1.0,pass
CACAGGCGTAGCCTCG-1-81-0-0,0.28374129566163264,8.471392,gene_signature,1.0,pass
CACAGGCTCAGCTCTC-1-81-0-0,0.12864696141496995,14.490384,gene_signature,1.0,pass
CACAGGCTCGTCTGAA-1-81-0-0,0.4719711663890858,11.536649,gene_signature,1.0,pass
CACAGTAAGCTGCGAA-1-81-0-0,0.23853504484264051,15.929822,gene_signature,1.0,pass
CACAGTACAAACAACA-1-81-0-0,0.5228519237952719,9.851624,gene_signature,1.0,pass
CACAGTACACATTTCT-1-81-0-0,0.12615231200114718,11.578333,gene_signature,1.0,pass
CACAGTATCTACCAGA-1-81-0-0,0.04393591477015283,9.038336,gene_signature,1.0,pass
CACATAGTCAACGAAA-1-81-0-0,0.04698889074614426,16.936337,gene_signature,1.0,pass
CACATAGTCTTTCCTC-1-81-0-0,0.37195317333008726,9.479242,gene_signature,1.0,pass
CACCACTTCGACGGAA-1-81-0-0,0.04936974939087488,15.403076,gene_signature,1.0,pass
CACCAGGCAGATGGCA-1-81-0-0,0.1925560945075935,17.032585,gene_signature,1.0,pass
CACCAGGTCTCCCTGA-1-81-0-0,0.6371100566385282,11.838447,gene_signature,1.0,pass
CACCTTGCACGAGGTA-1-81-0-0,0.014290806823850135,11.344238,gene_signature,1.0,pass
CACCTTGCACGCCAGT-1-81-0-0,0.11605501188349228,10.442227,gene_signature,1.0,pass
CACCTTGTCGAATGCT-1-81-0-0,0.051129099684289095,13.432892,gene_signature,1.0,pass
CACTCCAAGACCGGAT-1-81-0-0,0.2264043527596254,14.497648,gene_signature,1.0,pass
CACTCCAGTAAATGAC-1-81-0-0,0.07530861201667936,8.082921,gene_signature,1.0,pass
CACTCCAGTAAATGTG-1-81-0-0,0.48478246473715547,5.4308662,gene_signature,1.0,pass
CACTCCAGTAGCAAAT-1-81-0-0,0.10706111585357594,7.5477753,gene_signature,1.0,pass
CACTCCAGTTATCGGT-1-81-0-0,0.1564045659240676,10.653309,gene_signature,1.0,pass
CACTCCAGTTCAACCA-1-81-0-0,0.044510387145110616,16.959925,gene_signature,1.0,pass
CAGAATCCATCGGACC-1-81-0-0,0.2612953878856573,11.800043,gene_signature,1.0,pass
CAGAATCGTCCTAGCG-1-81-0-0,0.06950054424922883,12.679267,gene_signature,1.0,pass
CAGAATCTCTCTTGAT-1-81-0-0,0.06808109053557927,18.948599,gene_signature,1.0,pass
CAGAGAGCAGCGTCCA-1-81-0-0,0.1508667740497355,14.132164,gene_signature,1.0,pass
CAGATCACAACTTGAC-1-81-0-0,0.06977528202175409,18.205198,gene_signature,1.0,pass
CAGCAGCTCCGTTGTC-1-81-0-0,0.08706593570331812,9.46788,gene_signature,1.0,pass
CAGCATAAGCCACCTG-1-81-0-0,0.4285479146240281,13.579264,gene_signature,1.0,pass
CAGCATAAGCCCAGCT-1-81-0-0,0.24464169610941644,16.764334,gene_signature,1.0,pass
CAGCATAAGCCTTGAT-1-81-0-0,0.03386268162464827,19.210644,gene_signature,1.0,pass
CAGCATATCAGCTCGG-1-81-0-0,0.31461012362103874,10.936706,gene_signature,1.0,pass
CAGCCGAAGAGTAATC-1-81-0-0,0.09735772758239222,15.533052,gene_signature,1.0,pass
CAGCCGACAGATGGCA-1-81-0-0,0.13441122095294727,12.530285,gene_signature,1.0,pass
CAGCCGACATTATCTC-1-81-0-0,0.0113737974701342,11.5913105,gene_signature,1.0,pass
CAGCCGATCTACTTAC-1-81-0-0,0.26414502802808204,17.557934,gene_signature,1.0,pass
CAGCGACAGATAGTCA-1-81-0-0,0.28960008764864065,13.545291,gene_signature,1.0,pass
CAGCGACCACCAGGCT-1-81-0-0,0.019388575705868712,16.034924,gene_signature,1.0,pass
CAGCGACCACCCTATC-1-81-0-0,0.03073305988555879,19.825169,gene_signature,1.0,pass
CAGCGACCAGCCTGTG-1-81-0-0,0.061418000126947994,7.9630423,gene_signature,1.0,pass
CAGCGACCATCTACGA-1-81-0-0,0.17392963799619737,19.378712,gene_signature,1.0,pass
CAGCGACTCCTTTCGG-1-81-0-0,0.07265255331082333,11.924477,gene_signature,1.0,pass
CAGCTAACACTTCGAA-1-81-0-0,0.20852973771218714,12.739756,gene_signature,1.0,pass
CAGCTAAGTCGTGGCT-1-81-0-0,0.013941534053433171,20.131836,gene_signature,1.0,pass
CAGCTAATCTACCTGC-1-81-0-0,0.13942849408010466,11.372798,gene_signature,1.0,pass
CAGCTGGCACGTCTCT-1-81-0-0,0.011975806387555398,19.688858,gene_signature,1.0,pass
CAGCTGGGTGGACGAT-1-81-0-0,0.15938257747880377,10.370476,gene_signature,1.0,pass
CAGGTGCGTTGAGTTC-1-81-0-0,0.07797218460481377,14.875524,gene_signature,1.0,pass
CAGTAACAGCCACGTC-1-81-0-0,0.11100420661202622,19.333096,gene_signature,1.0,pass
CATATGGCATTAGCCA-1-81-0-0,0.39508543293505793,11.6948595,gene_signature,1.0,pass
CATATTCCAAGCGCTC-1-81-0-0,0.17836057899672286,18.06732,gene_signature,1.0,pass
CATCAAGGTCTCCACT-1-81-0-0,0.0941461734457707,15.851746,gene_signature,1.0,pass
CATCAGAAGGCATTGG-1-81-0-0,0.3120531125139682,16.458368,gene_signature,1.0,pass
CATCAGACACCTATCC-1-81-0-0,0.6202419642838288,9.38492,gene_signature,1.0,pass
CATCCACAGACCACGA-1-81-0-0,0.40842031164288234,11.649637,gene_signature,1.0,pass
CATCCACAGGCTCATT-1-81-0-0,0.30650144987135436,17.292837,gene_signature,1.0,pass
CATCGAAAGTCCTCCT-1-81-0-0,0.029874567646313133,11.017427,gene_signature,1.0,pass
CATCGAAAGTGAATTG-1-81-0-0,0.10314995926296718,10.73014,gene_signature,1.0,pass
CATCGAACAGTAACGG-1-81-0-0,0.07655930110604023,13.384806,gene_signature,1.0,pass
CATCGGGGTCATATGC-1-81-0-0,0.21934683700497598,10.826229,gene_signature,1.0,pass
CATCGGGTCCGCGTTT-1-81-0-0,0.2583600001223535,20.796394,gene_signature,1.0,pass
CATGACAGTATAGGGC-1-81-0-0,0.5678278895805169,11.197962,gene_signature,1.0,pass
CATGACAGTGGTCTCG-1-81-0-0,0.2668546245983857,10.779859,gene_signature,1.0,pass
CATGACAGTTGTGGAG-1-81-0-0,0.011645498088325611,16.2599,gene_signature,1.0,pass
CATGCCTGTAAAGGAG-1-81-0-0,0.026102623492115985,18.909512,gene_signature,1.0,pass
CATGGCGAGATGTTAG-1-81-0-0,0.20679084995411298,13.284393,gene_signature,1.0,pass
CATGGCGCACGGATAG-1-81-0-0,0.1061829823043446,15.509358,gene_signature,1.0,pass
CATTCGCCATCGTCGG-1-81-0-0,0.017623511682523973,18.12477,gene_signature,1.0,pass
CATTCGCGTATCGCAT-1-81-0-0,0.34256158119204494,13.8202,gene_signature,1.0,pass
CATTCGCGTTCCACTC-1-81-0-0,0.15737031935841925,16.855011,gene_signature,1.0,pass
CCAATCCAGGTGATTA-1-81-0-0,0.04429662529622159,13.800791,gene_signature,1.0,pass
CCAATCCGTTTGTTGG-1-81-0-0,0.030138197897687558,16.384289,gene_signature,1.0,pass
CCACCTAAGCGTGAGT-1-81-0-0,0.010951784799626987,17.482826,gene_signature,1.0,pass
CCACCTACAGCCTATA-1-81-0-0,0.03123755740604838,19.553858,gene_signature,1.0,pass
CCACCTATCCTGCCAT-1-81-0-0,0.17131379089626697,17.392155,gene_signature,1.0,pass
CCACGGAAGACAATAC-1-81-0-0,0.28679423817714234,17.880413,gene_signature,1.0,pass
CCACGGATCACGATGT-1-81-0-0,0.14152338445406948,6.8851595,gene_signature,1.0,pass
CCACTACAGAGATGAG-1-81-0-0,0.021597573511141607,18.020006,gene_signature,1.0,pass
CCACTACCACAGACAG-1-81-0-0,0.08483538844905661,8.698414,gene_signature,1.0,pass
CCACTACTCCTATTCA-1-81-0-0,0.11452662460859582,14.732401,gene_signature,1.0,pass
CCAGCGAAGACAGGCT-1-81-0-0,0.14502966798660896,19.583513,gene_signature,1.0,pass
CCATGTCGTCGGATCC-1-81-0-0,0.21545045807638616,18.009796,gene_signature,1.0,pass
CCATTCGAGATGCGAC-1-81-0-0,0.1076752632652807,18.12053,gene_signature,1.0,pass
CCATTCGCACAGCGTC-1-81-0-0,0.5231210193869327,7.92378,gene_signature,1.0,pass
CCATTCGCATGACGGA-1-81-0-0,0.0497312010468283,14.769536,gene_signature,1.0,pass
CCATTCGCATGGGAAC-1-81-0-0,0.11124493333232732,15.063166,gene_signature,1.0,pass
CCATTCGCATTTGCTT-1-81-0-0,0.04194479009619874,12.330175,gene_signature,1.0,pass
CCATTCGGTGCGATAG-1-81-0-0,0.04197080739277319,10.641421,gene_signature,1.0,pass
CCATTCGTCGCTAGCG-1-81-0-0,0.07546967733378987,11.171862,gene_signature,1.0,pass
CCCAATCAGTGATCGG-1-81-0-0,0.14922378005817627,13.860346,gene_signature,1.0,pass
CCCAATCAGTGGAGAA-1-81-0-0,0.18624163214436568,11.796437,gene_signature,1.0,pass
CCCAATCTCAGTCCCT-1-81-0-0,0.21519054264318743,10.867983,gene_signature,1.0,pass
CCCAGTTGTTCACCTC-1-81-0-0,0.17208474780993446,13.285606,gene_signature,1.0,pass
CCCAGTTTCTGAGTGT-1-81-0-0,0.052316536280266654,14.339724,gene_signature,1.0,pass
CCCATACAGATATGCA-1-81-0-0,0.07152701531494185,11.612676,gene_signature,1.0,pass
CCCATACCACGAAACG-1-81-0-0,0.49496621481652525,20.911053,gene_signature,1.0,pass
CCCATACCAGGGTACA-1-81-0-0,0.024284466632975187,21.017786,gene_signature,1.0,pass
CCCTCCTCAGCCACCA-1-81-0-0,0.0965498407997887,14.375076,gene_signature,1.0,pass
CCGGGATAGCCATCGC-1-81-0-0,0.0644416294553268,11.456958,gene_signature,1.0,pass
CCGGTAGAGCTGAACG-1-81-0-0,0.27111729915861194,13.501225,gene_signature,1.0,pass
CCGGTAGTCGGAAATA-1-81-0-0,0.13731135132270614,14.286931,gene_signature,1.0,pass
CCGTACTAGTGAACGC-1-81-0-0,0.03910881571112103,16.80741,gene_signature,1.0,pass
CCGTACTTCAGCATGT-1-81-0-0,0.18653175138330752,12.595327,gene_signature,1.0,pass
CCGTGGAGTAGAGGAA-1-81-0-0,0.08415007530673706,14.875453,gene_signature,1.0,pass
CCGTGGAGTAGCACGA-1-81-0-0,0.08754476539467416,14.42247,gene_signature,1.0,pass
CCGTTCAAGCCGTCGT-1-81-0-0,0.013874279405748955,19.510523,gene_signature,1.0,pass
CCTAAAGCATTCCTGC-1-81-0-0,0.06385385696372116,14.075144,gene_signature,1.0,pass
CCTACCAAGACTAGAT-1-81-0-0,0.06565525817580177,17.402567,gene_signature,1.0,pass
CCTACCATCCTTTACA-1-81-0-0,0.1901794993140234,15.651796,gene_signature,1.0,pass
CCTATTAAGAACAACT-1-81-0-0,0.0019165457743310094,14.272978,gene_signature,1.0,pass
CCTATTAAGGGCTCTC-1-81-0-0,0.09768425743235415,16.48437,gene_signature,1.0,pass
CCTATTACACGACTCG-1-81-0-0,0.04220886636551564,19.749073,gene_signature,1.0,pass
CCTATTAGTCAACTGT-1-81-0-0,0.13324865470932565,13.795868,gene_signature,1.0,pass
CCTATTAGTCCCGACA-1-81-0-0,0.1150484695112626,11.158429,gene_signature,1.0,pass
CCTATTATCTACTCAT-1-81-0-0,0.09152587759543702,8.479207,gene_signature,1.0,pass
CCTCAGTAGTGATCGG-1-81-0-0,0.08807973818921434,15.601738,gene_signature,1.0,pass
CCTCAGTTCGGCGCAT-1-81-0-0,0.18507264833734963,13.754637,gene_signature,1.0,pass
CCTCAGTTCGTTGACA-1-81-0-0,0.38715025836099404,10.927353,gene_signature,1.0,pass
CCTCTGATCTCCAACC-1-81-0-0,0.20291511443073534,12.424171,gene_signature,1.0,pass
CCTTACGAGTTACGGG-1-81-0-0,0.264093998080093,9.585328,gene_signature,1.0,pass
CCTTACGGTCTCACCT-1-81-0-0,0.26328592060610656,10.944298,gene_signature,1.0,pass
CCTTCGAGTCAGTGGA-1-81-0-0,0.2517126237043569,14.213008,gene_signature,1.0,pass
CCTTTCTAGCTCCTTC-1-81-0-0,0.3613796109032955,10.349294,gene_signature,1.0,pass
CCTTTCTAGGAATGGA-1-81-0-0,0.043612866112698136,16.67026,gene_signature,1.0,pass
CCTTTCTCAGATGAGC-1-81-0-0,0.02859960668265556,20.879835,gene_signature,1.0,pass
CCTTTCTGTGACGGTA-1-81-0-0,0.0156433738949746,17.11101,gene_signature,1.0,pass
CGAACATCATCCGCGA-1-81-0-0,0.48962706087938246,15.263209,gene_signature,1.0,pass
CGAACATCATTAGCCA-1-81-0-0,0.01963046005726225,16.403616,gene_signature,1.0,pass
CGAACATGTTGCGTTA-1-81-0-0,0.10723312666585583,17.723827,gene_signature,1.0,pass
CGAACATTCCCAAGAT-1-81-0-0,0.08107389843143059,17.634438,gene_signature,1.0,pass
CGAACATTCTGTTGAG-1-81-0-0,0.2643189536630567,16.096851,gene_signature,1.0,pass
CGAATGTGTCTAACGT-1-81-0-0,0.08243644698248336,13.564211,gene_signature,1.0,pass
CGACCTTCAGTATGCT-1-81-0-0,0.17060138920600104,10.727159,gene_signature,1.0,pass
CGACCTTTCGGACAAG-1-81-0-0,0.012286325775564272,16.680056,gene_signature,1.0,pass
CGACTTCAGTTAAGTG-1-81-0-0,0.0996771093805825,20.87318,gene_signature,1.0,pass
CGACTTCCATTGCGGC-1-81-0-0,0.04725634109453193,11.045593,gene_signature,1.0,pass
CGACTTCGTCTTCGTC-1-81-0-0,0.034516496118276244,19.252155,gene_signature,1.0,pass
CGACTTCTCAAACCAC-1-81-0-0,0.3143347304657557,8.134021,gene_signature,1.0,pass
CGAGAAGCAGTCACTA-1-81-0-0,0.08024167139779982,14.580386,gene_signature,1.0,pass
CGAGAAGGTCTCAACA-1-81-0-0,0.053825002532438396,18.23237,gene_signature,1.0,pass
CGAGCACCAAACAACA-1-81-0-0,0.026746870343563635,12.074503,gene_signature,1.0,pass
CGAGCCACACGCCAGT-1-81-0-0,0.736983216496202,8.112001,gene_signature,1.0,pass
CGAGCCACACTCGACG-1-81-0-0,0.010889764729361947,15.003261,gene_signature,1.0,pass
CGATCGGAGAGCTGCA-1-81-0-0,0.018554789266412287,17.384697,gene_signature,1.0,pass
CGATCGGCAACTGCTA-1-81-0-0,0.2770837691668782,13.605545,gene_signature,1.0,pass
CGATGGCAGAGCTTCT-1-81-0-0,0.0708890419520904,15.427472,gene_signature,1.0,pass
CGATGGCAGCGCTTAT-1-81-0-0,0.08803384553474972,15.330736,gene_signature,1.0,pass
CGATGGCAGGGTGTTG-1-81-0-0,0.020096035470950867,21.12719,gene_signature,1.0,pass
CGATGTAAGCAACGGT-1-81-0-0,0.20112771646695843,15.16276,gene_signature,1.0,pass
CGATGTAAGCGTCAAG-1-81-0-0,0.10840675739141663,18.137249,gene_signature,1.0,pass
CGATGTACAGAGTGTG-1-81-0-0,0.12666153847357142,9.71403,gene_signature,1.0,pass
CGATGTAGTTGATTCG-1-81-0-0,0.029919233928192273,14.556692,gene_signature,1.0,pass
CGATTGACAATAGAGT-1-81-0-0,0.1172609674125596,13.252426,gene_signature,1.0,pass
CGATTGAGTAGCTTGT-1-81-0-0,0.5564843867772499,10.746213,gene_signature,1.0,pass
CGCCAAGAGTACACCT-1-81-0-0,0.025427034585515523,20.607891,gene_signature,1.0,pass
CGCGTTTAGCTAGGCA-1-81-0-0,0.30515803833387023,14.780928,gene_signature,1.0,pass
CGCGTTTCAACAACCT-1-81-0-0,0.05012426346196044,16.480114,gene_signature,1.0,pass
CGCGTTTGTTCAGACT-1-81-0-0,0.03597894727143174,18.871723,gene_signature,1.0,pass
CGCGTTTTCATTCACT-1-81-0-0,0.024386372654569888,16.877787,gene_signature,1.0,pass
CGCTATCAGTCCGGTC-1-81-0-0,0.13631939175074023,16.01823,gene_signature,1.0,pass
CGCTATCCAGGCAGTA-1-81-0-0,0.03536145261805817,16.470894,gene_signature,1.0,pass
CGCTGGAGTCTCTCTG-1-81-0-0,0.24468373048279482,14.028862,gene_signature,1.0,pass
CGCTTCAAGCTAGTCT-1-81-0-0,0.07245336741611225,9.2698,gene_signature,1.0,pass
CGCTTCAAGGGTGTGT-1-81-0-0,0.18378155218824313,12.805031,gene_signature,1.0,pass
CGCTTCAAGGTAGCCA-1-81-0-0,0.0457135660920255,16.108635,gene_signature,1.0,pass
CGGACACAGCTAGTTC-1-81-0-0,0.008708046004550099,20.789906,gene_signature,1.0,pass
CGGACACGTCCATCCT-1-81-0-0,0.05672152486580069,19.744394,gene_signature,1.0,pass
CGGACACGTCTTGATG-1-81-0-0,0.02091655192419891,15.36704,gene_signature,1.0,pass
CGGACACGTTACCAGT-1-81-0-0,0.13814660880807514,16.469648,gene_signature,1.0,pass
CGGACACTCACATGCA-1-81-0-0,0.04744237315485756,16.736902,gene_signature,1.0,pass
CGGACGTAGGGCTTGA-1-81-0-0,0.02811821274269983,15.268804,gene_signature,1.0,pass
CGGACTGCATGTTCCC-1-81-0-0,0.02309858471385722,15.643802,gene_signature,1.0,pass
CGGAGCTAGAAACGCC-1-81-0-0,0.04264310599929168,20.3615,gene_signature,1.0,pass
CGGAGCTCATCACGAT-1-81-0-0,0.09835820135453836,16.741642,gene_signature,1.0,pass
CGGAGCTGTCTCTCGT-1-81-0-0,0.2202385979103652,13.3161955,gene_signature,1.0,pass
CGGAGCTTCCCTCTTT-1-81-0-0,0.12003977389755938,12.955005,gene_signature,1.0,pass
CGGAGTCAGTGAATTG-1-81-0-0,0.014776979572501731,14.863721,gene_signature,1.0,pass
CGGAGTCCACTTGGAT-1-81-0-0,0.019621601278645255,20.420357,gene_signature,1.0,pass
CGGCTAGAGACTCGGA-1-81-0-0,0.4762549571835629,10.261119,gene_signature,1.0,pass
CGGCTAGCACTAGTAC-1-81-0-0,0.013621379795634913,15.973909,gene_signature,1.0,pass
CGGGTCAAGTAGGTGC-1-81-0-0,0.0932287500040123,11.499153,gene_signature,1.0,pass
CGGGTCAGTCGGATCC-1-81-0-0,0.1714670571618588,12.282234,gene_signature,1.0,pass
CGGTTAACATGGTTGT-1-81-0-0,0.033087663562562854,16.192913,gene_signature,1.0,pass
CGGTTAATCGCCAGCA-1-81-0-0,0.31144596546979314,7.394722,gene_signature,1.0,pass
CGTAGCGCAACTGCGC-1-81-0-0,0.2223169191385777,10.62768,gene_signature,1.0,pass
CGTAGCGTCATCGATG-1-81-0-0,0.20097807729937395,7.315557,gene_signature,1.0,pass
CGTAGGCGTAAAGTCA-1-81-0-0,0.016899381409875767,14.04922,gene_signature,1.0,pass
CGTAGGCGTAGCTGCC-1-81-0-0,0.040458797168434056,14.948669,gene_signature,1.0,pass
CGTAGGCGTCCTAGCG-1-81-0-0,0.09354351555314486,13.776939,gene_signature,1.0,pass
CGTAGGCTCATTATCC-1-81-0-0,0.1305816855906401,14.55219,gene_signature,1.0,pass
CGTAGGCTCGGTTCGG-1-81-0-0,0.012939423399976172,15.0729885,gene_signature,1.0,pass
CGTCACTCAATGCCAT-1-81-0-0,0.07210331283402649,17.492756,gene_signature,1.0,pass
CGTCAGGAGTAGCCGA-1-81-0-0,0.04742372696566963,9.607336,gene_signature,1.0,pass
CGTCCATAGTGAAGAG-1-81-0-0,0.04638157592028139,8.950879,gene_signature,1.0,pass
CGTCCATCATCCGGGT-1-81-0-0,0.18383953746927756,11.797403,gene_signature,1.0,pass
CGTCCATGTTCCGGCA-1-81-0-0,0.2719522248604242,11.736945,gene_signature,1.0,pass
CGTCTACCACTGAAGG-1-81-0-0,0.0806647636144708,16.736984,gene_signature,1.0,pass
CGTCTACTCTTCCTTC-1-81-0-0,0.03744741391826864,16.704473,gene_signature,1.0,pass
CGTGTAACAATGGTCT-1-81-0-0,0.10110436562849567,20.820095,gene_signature,1.0,pass
CGTGTAACATCCTAGA-1-81-0-0,0.4632239114700081,7.821457,gene_signature,1.0,pass
CGTGTAATCTGTCCGT-1-81-0-0,0.3257351947198062,16.343357,gene_signature,1.0,pass
CGTGTCTAGGCTATCT-1-81-0-0,0.0128668768871588,22.138748,gene_signature,1.0,pass
CGTGTCTAGGGTGTTG-1-81-0-0,0.028318628591510554,12.915131,gene_signature,1.0,pass
CGTTAGACAGGTCGTC-1-81-0-0,0.20837184807589365,11.486038,gene_signature,1.0,pass
CGTTCTGCATTAACCG-1-81-0-0,0.008506575505272874,17.00681,gene_signature,1.0,pass
CGTTCTGGTACTCGCG-1-81-0-0,0.08348176847162178,18.807142,gene_signature,1.0,pass
CGTTCTGGTAGCGCAA-1-81-0-0,0.2935790674498918,14.449539,gene_signature,1.0,pass
CGTTCTGTCCTTTCTC-1-81-0-0,0.08771654827389849,11.784236,gene_signature,1.0,pass
CGTTGGGAGTTACCCA-1-81-0-0,0.49870911775568283,10.607588,gene_signature,1.0,pass
CGTTGGGGTTCACGGC-1-81-0-0,0.1622500588030112,19.097445,gene_signature,1.0,pass
CTAACTTGTGGTTTCA-1-81-0-0,0.06459505208614212,11.56579,gene_signature,1.0,pass
CTAACTTGTGTAACGG-1-81-0-0,0.10687488868374691,12.899254,gene_signature,1.0,pass
CTAACTTGTTAAGACA-1-81-0-0,0.056443839022314715,11.910289,gene_signature,1.0,pass
CTAAGACGTAGGGTAC-1-81-0-0,0.057000856838145916,11.777572,gene_signature,1.0,pass
CTAAGACTCTGTGCAA-1-81-0-0,0.02451441367468712,14.111671,gene_signature,1.0,pass
CTAATGGAGGCCGAAT-1-81-0-0,0.0772501825538249,11.928116,gene_signature,1.0,pass
CTAATGGGTATTAGCC-1-81-0-0,0.18694117178023503,15.152263,gene_signature,1.0,pass
CTAATGGGTTCGGCAC-1-81-0-0,0.4366703564995532,15.46506,gene_signature,1.0,pass
CTAATGGTCAACGCTA-1-81-0-0,0.47544732699508474,10.547638,gene_signature,1.0,pass
CTAATGGTCGCCAGCA-1-81-0-0,0.1603539037970833,11.217588,gene_signature,1.0,pass
CTAATGGTCGTGACAT-1-81-0-0,0.06377039633975011,11.844327,gene_signature,1.0,pass
CTACACCCACGAAGCA-1-81-0-0,0.02387185743374495,11.383001,gene_signature,1.0,pass
CTACATTCACGTCAGC-1-81-0-0,0.1260265864915575,13.095213,gene_signature,1.0,pass
CTACATTTCGTATCAG-1-81-0-0,0.12536992740765568,11.94641,gene_signature,1.0,pass
CTACATTTCTTCATGT-1-81-0-0,0.025009574360697125,13.509642,gene_signature,1.0,pass
CTACCCACACATAACC-1-81-0-0,0.23234294788042784,14.709944,gene_signature,1.0,pass
CTACCCATCTGCGTAA-1-81-0-0,0.05827866289936874,11.660594,gene_signature,1.0,pass
CTAGAGTAGCTCCTCT-1-81-0-0,0.19001140896235297,7.3673563,gene_signature,1.0,pass
CTAGAGTCACAGTCGC-1-81-0-0,0.07864295720384998,16.88915,gene_signature,1.0,pass
CTAGCCTAGCTACCTA-1-81-0-0,0.11030066804407043,12.901007,gene_signature,1.0,pass
CTAGCCTCAGGACGTA-1-81-0-0,0.3007906098494454,15.330173,gene_signature,1.0,pass
CTAGTGAAGGAGCGTT-1-81-0-0,0.014686116550036016,20.481853,gene_signature,1.0,pass
CTAGTGAGTCTCTCTG-1-81-0-0,0.26721365617383797,12.00178,gene_signature,1.0,pass
CTCACACAGCTGCAAG-1-81-0-0,0.056226395804355775,15.424878,gene_signature,1.0,pass
CTCACACCAAGACACG-1-81-0-0,0.0466485229194704,14.032987,gene_signature,1.0,pass
CTCACACCACCTTGTC-1-81-0-0,0.010221024728967992,19.388802,gene_signature,1.0,pass
CTCACACCACTATCTT-1-81-0-0,0.020479528974521218,13.483915,gene_signature,1.0,pass
CTCACACCAGGATTGG-1-81-0-0,0.10679450358463168,14.030365,gene_signature,1.0,pass
CTCACACCAGTCCTTC-1-81-0-0,0.10710562073318064,8.180768,gene_signature,1.0,pass
CTCACACGTTGTACAC-1-81-0-0,0.4218425582832376,18.41978,gene_signature,1.0,pass
CTCAGAAAGGAGTTTA-1-81-0-0,0.3768897801578908,13.180995,gene_signature,1.0,pass
CTCAGAACATGATCCA-1-81-0-0,0.16509189115362016,11.526532,gene_signature,1.0,pass
CTCAGAAGTATTAGCC-1-81-0-0,0.2309933450670339,11.99353,gene_signature,1.0,pass
CTCATTAGTGTGACGA-1-81-0-0,0.22049790086605028,16.018522,gene_signature,1.0,pass
CTCATTAGTTGAGGTG-1-81-0-0,0.12589259300165057,11.6596365,gene_signature,1.0,pass
CTCATTATCGCATGGC-1-81-0-0,0.09931187625273115,14.304903,gene_signature,1.0,pass
CTCCTAGGTTGCCTCT-1-81-0-0,0.10826362857547456,12.286044,gene_signature,1.0,pass
CTCGAAACAGGGCATA-1-81-0-0,0.005937076890820543,16.00088,gene_signature,1.0,pass
CTCGAGGAGACGACGT-1-81-0-0,0.10432245592833889,13.072418,gene_signature,1.0,pass
CTCGAGGAGGCTCTTA-1-81-0-0,0.13661699170945815,14.646517,gene_signature,1.0,pass
CTCGGAGAGGGCACTA-1-81-0-0,0.013947750077125214,13.3124695,gene_signature,1.0,pass
CTCGGAGGTCATTAGC-1-81-0-0,0.11959789987615058,12.458618,gene_signature,1.0,pass
CTCGGGACAGGTCTCG-1-81-0-0,0.29240187726116157,8.569099,gene_signature,1.0,pass
CTCGGGAGTACGCTGC-1-81-0-0,0.0624718261452466,15.780362,gene_signature,1.0,pass
CTCGTACTCACAATGC-1-81-0-0,0.08643760284650905,13.103765,gene_signature,1.0,pass
CTCTAATCATCAGTAC-1-81-0-0,0.0948467766447156,17.180635,gene_signature,1.0,pass
CTCTACGAGTAGATGT-1-81-0-0,0.05705110350674547,8.264481,gene_signature,1.0,pass
CTCTACGTCTTTCCTC-1-81-0-0,0.10721421016453765,13.902115,gene_signature,1.0,pass
CTCTGGTAGGCCCGTT-1-81-0-0,0.14733243662182968,17.730915,gene_signature,1.0,pass
CTCTGGTAGTCAAGCG-1-81-0-0,0.006347665685086974,18.60506,gene_signature,1.0,pass
CTGAAACGTAAGGATT-1-81-0-0,0.42262323026491533,12.658551,gene_signature,1.0,pass
CTGAAACTCTGCGACG-1-81-0-0,0.15119642408649978,10.599234,gene_signature,1.0,pass
CTGAAGTAGTGAACAT-1-81-0-0,0.02149823220244456,16.373812,gene_signature,1.0,pass
CTGAAGTAGTGGGCTA-1-81-0-0,0.054865581430238654,14.051663,gene_signature,1.0,pass
CTGATAGGTTACGGAG-1-81-0-0,0.43764534475741235,9.707216,gene_signature,1.0,pass
CTGATCCAGAGATGAG-1-81-0-0,0.03184160136770531,15.658964,gene_signature,1.0,pass
CTGATCCCAGTCCTTC-1-81-0-0,0.013719408435782069,17.558718,gene_signature,1.0,pass
CTGCCTAAGCGTGAGT-1-81-0-0,0.2969714560010555,14.814955,gene_signature,1.0,pass
CTGCGGACACCGATAT-1-81-0-0,0.44064562641920324,10.9859705,gene_signature,1.0,pass
CTGCGGAGTGCAGACA-1-81-0-0,0.2797652997536257,9.549505,gene_signature,1.0,pass
CTGCGGAGTGCAGTAG-1-81-0-0,0.08866111194243331,16.617908,gene_signature,1.0,pass
CTGCTGTAGACATAAC-1-81-0-0,0.029075697512971545,13.419131,gene_signature,1.0,pass
CTGTTTAAGCAGATCG-1-81-0-0,0.07571265430340068,18.888973,gene_signature,1.0,pass
CTTACCGCATGACATC-1-81-0-0,0.6091370880036271,10.708091,gene_signature,1.0,pass
CTTACCGTCAGAGCTT-1-81-0-0,0.06712505443286773,20.52462,gene_signature,1.0,pass
CTTAGGAGTAGCTGCC-1-81-0-0,0.648235220771061,9.614771,gene_signature,1.0,pass
CTTAGGATCTCTGCTG-1-81-0-0,0.0741954472582276,14.962774,gene_signature,1.0,pass
CTTCTCTAGGCTAGGT-1-81-0-0,0.2725702670241395,14.552928,gene_signature,1.0,pass
CTTCTCTCATCGGGTC-1-81-0-0,0.056944296881106936,14.197838,gene_signature,1.0,pass
CTTCTCTCATTGGGCC-1-81-0-0,0.020492089177768562,16.415565,gene_signature,1.0,pass
CTTCTCTGTAAACCTC-1-81-0-0,0.18914348528306033,9.513642,gene_signature,1.0,pass
CTTCTCTGTTACCAGT-1-81-0-0,0.26733898666676037,14.055591,gene_signature,1.0,pass
CTTGGCTCACCATGTA-1-81-0-0,0.009103839862287726,16.723257,gene_signature,1.0,pass
CTTTGCGCATCCCATC-1-81-0-0,0.26376957107960863,13.525907,gene_signature,1.0,pass
CTTTGCGGTTGGTGGA-1-81-0-0,0.3476442150352502,11.709239,gene_signature,1.0,pass
GAAACTCAGCGCTTAT-1-81-0-0,0.06288345641354394,14.979199,gene_signature,1.0,pass
GAAACTCAGCTAACAA-1-81-0-0,0.22274714376549057,13.608551,gene_signature,1.0,pass
GAAACTCGTAGGGTAC-1-81-0-0,0.20650618365553036,15.816211,gene_signature,1.0,pass
GAAATGAAGATCCCGC-1-81-0-0,0.014464192124606062,15.462227,gene_signature,1.0,pass
GAAATGAAGCCACCTG-1-81-0-0,0.3934200933465039,9.792931,gene_signature,1.0,pass
GAACGGAAGGCGTACA-1-81-0-0,0.13293060659599198,19.148333,gene_signature,1.0,pass
GAACGGACACTGAAGG-1-81-0-0,0.1024863077384713,15.764906,gene_signature,1.0,pass
GAACGGATCATAACCG-1-81-0-0,0.4534309641032313,13.356688,gene_signature,1.0,pass
GAAGCAGCAATTGCTG-1-81-0-0,0.08679875087012708,14.034078,gene_signature,1.0,pass
GAAGCAGCAGCTGCAC-1-81-0-0,0.3876154585396995,6.02224,gene_signature,1.0,pass
GAATGAAAGCTGCAAG-1-81-0-0,0.1665257997578526,9.703714,gene_signature,1.0,pass
GAATGAATCCTAGAAC-1-81-0-0,0.20521524680113273,12.221387,gene_signature,1.0,pass
GACACGCGTAGAGTGC-1-81-0-0,0.053670552752813364,19.460928,gene_signature,1.0,pass
GACACGCTCTGCTGTC-1-81-0-0,0.0035597527569421828,14.463091,gene_signature,1.0,pass
GACAGAGAGAAACCAT-1-81-0-0,0.527309873869408,8.186709,gene_signature,1.0,pass
GACAGAGAGCCAGGAT-1-81-0-0,0.04706485889750792,20.38181,gene_signature,1.0,pass
GACCAATTCTTATCTG-1-81-0-0,0.38278404309633723,12.212072,gene_signature,1.0,pass
GACCTGGAGCGATATA-1-81-0-0,0.01272487531697454,14.526624,gene_signature,1.0,pass
GACCTGGCACGTCAGC-1-81-0-0,0.07379327843385171,21.27976,gene_signature,1.0,pass
GACCTGGCATCACAAC-1-81-0-0,0.35442189383450007,12.967616,gene_signature,1.0,pass
GACCTGGGTGGGTCAA-1-81-0-0,0.030915036185548216,13.116888,gene_signature,1.0,pass
GACGGCTAGACTGTAA-1-81-0-0,0.0848103634841045,12.071422,gene_signature,1.0,pass
GACGGCTCAACTGCTA-1-81-0-0,0.1373113382379028,21.284956,gene_signature,1.0,pass
GACGGCTGTGACGGTA-1-81-0-0,0.26674077540873936,14.001277,gene_signature,1.0,pass
GACGGCTGTTCGGCAC-1-81-0-0,0.06504414955643763,19.454618,gene_signature,1.0,pass
GACGTGCCACGCGAAA-1-81-0-0,0.26105099046315183,10.690661,gene_signature,1.0,pass
GACGTGCTCACATACG-1-81-0-0,0.10402347873250084,11.8979,gene_signature,1.0,pass
GACGTTAAGCTCCTCT-1-81-0-0,0.2375942664361393,9.689926,gene_signature,1.0,pass
GACGTTAGTCTGCAAT-1-81-0-0,0.03257464307536691,11.023557,gene_signature,1.0,pass
GACTACAGTCAAAGAT-1-81-0-0,0.0557436699303663,11.63019,gene_signature,1.0,pass
GACTACAGTTCGCTAA-1-81-0-0,0.05314962062402941,16.41357,gene_signature,1.0,pass
GACTGCGCATAGGATA-1-81-0-0,0.13035866901683146,14.702708,gene_signature,1.0,pass
GACTGCGGTGAGGCTA-1-81-0-0,0.20912917528357972,11.247866,gene_signature,1.0,pass
GAGCAGAAGCGATTCT-1-81-0-0,0.18009829940153996,15.410952,gene_signature,1.0,pass
GAGCAGAAGTCCCACG-1-81-0-0,0.38883442345880115,10.841113,gene_signature,1.0,pass
GAGCAGACAGTGAGTG-1-81-0-0,0.32799092268757785,10.182288,gene_signature,1.0,pass
GAGCAGAGTATTAGCC-1-81-0-0,0.14382415978874413,21.711025,gene_signature,1.0,pass
GAGCAGAGTTAGTGGG-1-81-0-0,0.1263710521848827,14.853261,gene_signature,1.0,pass
GAGGTGAAGCCTATGT-1-81-0-0,0.4237128222538159,21.823254,gene_signature,1.0,pass
GAGGTGATCTTGCAAG-1-81-0-0,0.08256838255752338,11.216197,gene_signature,1.0,pass
GAGTCCGGTCTAGAGG-1-81-0-0,0.03532668899944654,13.106447,gene_signature,1.0,pass
GATCAGTTCAGTACGT-1-81-0-0,0.017012186219579277,14.890757,gene_signature,1.0,pass
GATCGATGTCAGGACA-1-81-0-0,0.042681242348758766,11.997449,gene_signature,1.0,pass
GATCGCGGTGTGTGCC-1-81-0-0,0.4042761537783203,17.409107,gene_signature,1.0,pass
GATCGTACAAACGCGA-1-81-0-0,0.008509923282032528,16.77157,gene_signature,1.0,pass
GATCGTAGTTCCCTTG-1-81-0-0,0.05890123744629132,16.785736,gene_signature,1.0,pass
GATCGTATCCTTTCTC-1-81-0-0,0.17198971617084627,11.832726,gene_signature,1.0,pass
GATCTAGCAGTGAGTG-1-81-0-0,0.12009654717110527,15.879849,gene_signature,1.0,pass
GATGAAACACCGGAAA-1-81-0-0,0.011218211039513471,16.451534,gene_signature,1.0,pass
GATGAAAGTTCACCTC-1-81-0-0,0.010826072056651632,22.090433,gene_signature,1.0,pass
GATGAGGCAAGCCCAC-1-81-0-0,0.575241710629456,12.042249,gene_signature,1.0,pass
GATGAGGCATCGGGTC-1-81-0-0,0.11371063248432052,10.698954,gene_signature,1.0,pass
GATGCTAGTACAGTGG-1-81-0-0,0.0456150783998067,14.042883,gene_signature,1.0,pass
GATGCTAGTGTGCCTG-1-81-0-0,0.03394353292883332,21.593533,gene_signature,1.0,pass
GATTCAGAGACTTTCG-1-81-0-0,0.2473351772514396,11.806562,gene_signature,1.0,pass
GATTCAGCAAGAGTCG-1-81-0-0,0.14456802383467923,16.93798,gene_signature,1.0,pass
GATTCAGGTAGCTGCC-1-81-0-0,0.028385060669987937,10.525675,gene_signature,1.0,pass
GATTCAGGTTCCTCCA-1-81-0-0,0.29727976550075325,16.833633,gene_signature,1.0,pass
GCAAACTTCTGCTTGC-1-81-0-0,0.052395300615215815,12.145174,gene_signature,1.0,pass
GCAATCAAGACAATAC-1-81-0-0,0.0815909592789303,14.930443,gene_signature,1.0,pass
GCAATCAAGTGGAGAA-1-81-0-0,0.025008312209129892,20.514977,gene_signature,1.0,pass
GCACATAGTTTCCACC-1-81-0-0,0.047577717922351596,21.565697,gene_signature,1.0,pass
GCACATATCGTTACAG-1-81-0-0,0.1548792412037363,12.444354,gene_signature,1.0,pass
GCACTCTCAGTTTACG-1-81-0-0,0.00792312100219307,16.851162,gene_signature,1.0,pass
GCACTCTCATACGCCG-1-81-0-0,0.1930267470690435,15.430081,gene_signature,1.0,pass
GCACTCTGTTCCTCCA-1-81-0-0,0.07349704987365038,19.376266,gene_signature,1.0,pass
GCAGCCAGTAGCAAAT-1-81-0-0,0.09313081140066314,7.6819506,gene_signature,1.0,pass
GCAGCCATCAGTACGT-1-81-0-0,0.12808806468230957,13.277611,gene_signature,1.0,pass
GCAGCCATCAGTCCCT-1-81-0-0,0.06428250622139645,13.214193,gene_signature,1.0,pass
GCAGCCATCCCAGGTG-1-81-0-0,0.5884896062139575,11.02056,gene_signature,1.0,pass
GCAGTTAAGTCGAGTG-1-81-0-0,0.298009592000922,10.323263,gene_signature,1.0,pass
GCAGTTACACGTCAGC-1-81-0-0,0.10304090825508024,14.854215,gene_signature,1.0,pass
GCAGTTACATGACGGA-1-81-0-0,0.20980798618410926,17.556744,gene_signature,1.0,pass
GCATACAGTAGCACGA-1-81-0-0,0.05107810227672608,13.4873295,gene_signature,1.0,pass
GCATACATCCTCAACC-1-81-0-0,0.16253261875783048,12.020143,gene_signature,1.0,pass
GCATGATTCCGTCATC-1-81-0-0,0.13860606770707395,15.600574,gene_signature,1.0,pass
GCATGATTCTCAAGTG-1-81-0-0,0.14038130758815154,14.978513,gene_signature,1.0,pass
GCATGCGTCTTGTACT-1-81-0-0,0.12492151024485561,11.104975,gene_signature,1.0,pass
GCATGTAAGGATATAC-1-81-0-0,0.5402527496846359,10.295497,gene_signature,1.0,pass
GCATGTAGTCCCTTGT-1-81-0-0,0.021183957108082716,12.975179,gene_signature,1.0,pass
GCCAAATAGGAATTAC-1-81-0-0,0.2581147455069901,15.927002,gene_signature,1.0,pass
GCCAAATAGTGGAGAA-1-81-0-0,0.05853377922998534,7.648066,gene_signature,1.0,pass
GCCAAATGTAAGTAGT-1-81-0-0,0.024455544641446794,10.719817,gene_signature,1.0,pass
GCCAAATTCCACGCAG-1-81-0-0,0.01276595843645478,12.601504,gene_signature,1.0,pass
GCCTCTAAGGTGCAAC-1-81-0-0,0.07477334402192723,18.073301,gene_signature,1.0,pass
GCCTCTATCAGCGACC-1-81-0-0,0.7841259380629462,11.622763,gene_signature,1.0,pass
GCGAGAACAAGCTGAG-1-81-0-0,0.16242450544995904,10.763364,gene_signature,1.0,pass
GCGAGAACATGCAACT-1-81-0-0,0.3194914729606719,16.24831,gene_signature,1.0,pass
GCGCAACAGGATGTAT-1-81-0-0,0.07611956203111055,13.102402,gene_signature,1.0,pass
GCGCAACCACATGGGA-1-81-0-0,0.0820624210705821,15.550722,gene_signature,1.0,pass
GCGCAACGTCGCATCG-1-81-0-0,0.09981886716856737,15.642838,gene_signature,1.0,pass
GCGCAACGTTAAAGAC-1-81-0-0,0.018683970030170666,17.06018,gene_signature,1.0,pass
GCGCAACGTTCGGCAC-1-81-0-0,0.011447806706247291,15.870491,gene_signature,1.0,pass
GCGCAACTCCCTCTTT-1-81-0-0,0.19285201248520206,8.025451,gene_signature,1.0,pass
GCGCAGTAGAGACGAA-1-81-0-0,0.24851281791033183,21.595316,gene_signature,1.0,pass
GCGCAGTAGTTCGCGC-1-81-0-0,0.054881613589636516,16.01414,gene_signature,1.0,pass
GCGCCAAAGGGTTTCT-1-81-0-0,0.3710668692554448,18.469599,gene_signature,1.0,pass
GCGCCAACAGAGCCAA-1-81-0-0,0.2952616842580669,14.035108,gene_signature,1.0,pass
GCGCCAACAGCCTATA-1-81-0-0,0.07927426880545099,16.705471,gene_signature,1.0,pass
GCGCCAACAGTGGAGT-1-81-0-0,0.19872646829850912,10.009929,gene_signature,1.0,pass
GCGCCAATCCCATTTA-1-81-0-0,0.031746760242043995,16.214851,gene_signature,1.0,pass
GCTCCTAAGCCAGTTT-1-81-0-0,0.5756611488775427,12.557597,gene_signature,1.0,pass
GCTCCTACAGTCCTTC-1-81-0-0,0.03235304036166706,16.683765,gene_signature,1.0,pass
GCTCCTATCCGTAGTA-1-81-0-0,0.08127337449322761,19.0685,gene_signature,1.0,pass
GCTCTGTCAGGTCTCG-1-81-0-0,0.09582887715213331,12.359164,gene_signature,1.0,pass
GCTTCCAAGTAATCCC-1-81-0-0,0.04413811541747807,19.377636,gene_signature,1.0,pass
GCTTGAAGTCTAGCGC-1-81-0-0,0.4726923921431422,11.509566,gene_signature,1.0,pass
GCTTGAATCCAAAGTC-1-81-0-0,0.02978467128942311,13.8046465,gene_signature,1.0,pass
GGAAAGCGTGTGCCTG-1-81-0-0,0.08045381427662038,20.77475,gene_signature,1.0,pass
GGAAAGCTCATTGCGA-1-81-0-0,0.2244705475809608,17.514954,gene_signature,1.0,pass
GGAATAAAGGCCCTTG-1-81-0-0,0.5005335335552592,14.223503,gene_signature,1.0,pass
GGAATAAGTGCGCTTG-1-81-0-0,0.23892260761909645,14.727841,gene_signature,1.0,pass
GGACAAGAGGTGCTAG-1-81-0-0,0.023120255177841463,11.98951,gene_signature,1.0,pass
GGACATTAGCCATCGC-1-81-0-0,0.012360824089874954,21.64973,gene_signature,1.0,pass
GGACATTCACAAGCCC-1-81-0-0,0.14978630432651346,14.798663,gene_signature,1.0,pass
GGACATTTCAACACCA-1-81-0-0,0.17059387152956387,13.992464,gene_signature,1.0,pass
GGACGTCGTGGCTCCA-1-81-0-0,0.03203558582258705,17.536205,gene_signature,1.0,pass
GGAGCAAAGACACTAA-1-81-0-0,0.13942927234811014,14.494548,gene_signature,1.0,pass
GGAGCAAGTGTGCGTC-1-81-0-0,0.028751844519763748,15.69238,gene_signature,1.0,pass
GGAGCAATCGAATGCT-1-81-0-0,0.07914153262850013,5.952072,gene_signature,1.0,pass
GGATGTTTCCGTACAA-1-81-0-0,0.16137787214960814,19.326572,gene_signature,1.0,pass
GGATTACTCCACTGGG-1-81-0-0,0.1725762823559022,10.2414875,gene_signature,1.0,pass
GGATTACTCCGCTGTT-1-81-0-0,0.5645506487945895,16.375952,gene_signature,1.0,pass
GGATTACTCCGGCACA-1-81-0-0,0.4037623370343228,15.214895,gene_signature,1.0,pass
GGCAATTAGGCAAAGA-1-81-0-0,0.025035261443205926,20.93569,gene_signature,1.0,pass
GGCAATTCAAGGGTCA-1-81-0-0,0.11928926611978949,12.451708,gene_signature,1.0,pass
GGCAATTCATGCAATC-1-81-0-0,0.2035226162248987,7.568717,gene_signature,1.0,pass
GGCAATTTCAGCAACT-1-81-0-0,0.3224601731590111,13.566229,gene_signature,1.0,pass
GGCCGATCAAAGGTGC-1-81-0-0,0.25228834105740117,10.053733,gene_signature,1.0,pass
GGCCGATGTTCGCGAC-1-81-0-0,0.025013333353031776,19.916594,gene_signature,1.0,pass
GGCGACTAGTTCGCAT-1-81-0-0,0.08334009336022477,17.769487,gene_signature,1.0,pass
GGCGACTGTGGGTCAA-1-81-0-0,0.09814862659474832,20.320755,gene_signature,1.0,pass
GGCGTGTAGAACTGTA-1-81-0-0,0.11104908884030637,18.678764,gene_signature,1.0,pass
GGCGTGTCACGAAAGC-1-81-0-0,0.06903620026405144,12.5212145,gene_signature,1.0,pass
GGCGTGTCAGCAGTTT-1-81-0-0,0.27307171971458083,11.004929,gene_signature,1.0,pass
GGCGTGTTCAGAAATG-1-81-0-0,0.2118821687257985,18.886568,gene_signature,1.0,pass
GGCGTGTTCCTCCTAG-1-81-0-0,0.03168595150198707,18.615845,gene_signature,1.0,pass
GGCGTGTTCTACTCAT-1-81-0-0,0.06465915095615922,15.842404,gene_signature,1.0,pass
GGCTCGATCTGCGACG-1-81-0-0,0.0367619132577147,12.399182,gene_signature,1.0,pass
GGCTGGTAGAAAGTGG-1-81-0-0,0.04320532019107164,15.350372,gene_signature,1.0,pass
GGCTGGTTCACGATGT-1-81-0-0,0.03406081091511,9.754579,gene_signature,1.0,pass
GGGAATGAGATCGGGT-1-81-0-0,0.03346258218226577,17.121258,gene_signature,1.0,pass
GGGAATGGTATCTGCA-1-81-0-0,0.12653884928321163,10.275524,gene_signature,1.0,pass
GGGACCTAGATCACGG-1-81-0-0,0.338756554351973,18.793596,gene_signature,1.0,pass
GGGACCTGTTTGGGCC-1-81-0-0,0.1779039221048363,17.444933,gene_signature,1.0,pass
GGGAGATAGCGATAGC-1-81-0-0,0.21919111178495818,16.239462,gene_signature,1.0,pass
GGGAGATGTACGCACC-1-81-0-0,0.07699430938734296,20.23846,gene_signature,1.0,pass
GGGAGATGTCGAGATG-1-81-0-0,0.03721214828548151,15.127019,gene_signature,1.0,pass
GGGAGATGTGAGGGTT-1-81-0-0,0.4940464248370639,14.015326,gene_signature,1.0,pass
GGGAGATTCTTGCCGT-1-81-0-0,0.21363596939692853,15.549647,gene_signature,1.0,pass
GGGATGAAGTACTTGC-1-81-0-0,0.13124709449483035,16.878384,gene_signature,1.0,pass
GGGATGATCTCGTATT-1-81-0-0,0.1308288474716936,17.971174,gene_signature,1.0,pass
GGGATGATCTTGAGAC-1-81-0-0,0.07873048935682984,14.164187,gene_signature,1.0,pass
GGGTCTGAGAGCTATA-1-81-0-0,0.30126988403307,12.155598,gene_signature,1.0,pass
GGGTCTGTCTTCGGTC-1-81-0-0,0.4347233897344188,10.344287,gene_signature,1.0,pass
GGTATTGAGCAGACTG-1-81-0-0,0.11674421725936457,14.5101795,gene_signature,1.0,pass
GGTATTGGTAGCTAAA-1-81-0-0,0.09570778700275086,14.336203,gene_signature,1.0,pass
GGTATTGTCGCATGAT-1-81-0-0,0.041401592192116685,14.139746,gene_signature,1.0,pass
GGTGAAGCAATGGAGC-1-81-0-0,0.10146328754009462,19.259228,gene_signature,1.0,pass
GGTGAAGTCACCTCGT-1-81-0-0,0.057105373418798774,11.934889,gene_signature,1.0,pass
GGTGCGTGTCGTGGCT-1-81-0-0,0.031129306159273774,17.861238,gene_signature,1.0,pass
GGTGCGTTCAGTTGAC-1-81-0-0,0.02894254309638731,20.108107,gene_signature,1.0,pass
GGTGTTAGTCGCTTCT-1-81-0-0,0.4470464354433227,16.522055,gene_signature,1.0,pass
GTAACGTCACGACGAA-1-81-0-0,0.0492684403438139,13.848712,gene_signature,1.0,pass
GTAACGTCATCGATGT-1-81-0-0,0.03941081061431875,14.422186,gene_signature,1.0,pass
GTAACGTTCAGGCCCA-1-81-0-0,0.04709958669198648,18.706257,gene_signature,1.0,pass
GTAACTGCACATTCGA-1-81-0-0,0.2106578773843729,18.179264,gene_signature,1.0,pass
GTAACTGTCTTTACAC-1-81-0-0,0.01761276564807729,11.867945,gene_signature,1.0,pass
GTACGTACAGCGTCCA-1-81-0-0,0.032445478531009604,11.090248,gene_signature,1.0,pass
GTACGTATCCTAGGGC-1-81-0-0,0.03484141510279923,17.760563,gene_signature,1.0,pass
GTACGTATCTTGGGTA-1-81-0-0,0.09457313934609499,14.91196,gene_signature,1.0,pass
GTACTCCAGGGCTTCC-1-81-0-0,0.38816006915176027,12.889877,gene_signature,1.0,pass
GTACTTTTCTGATACG-1-81-0-0,0.06224166789016605,17.125088,gene_signature,1.0,pass
GTAGTCATCCCACTTG-1-81-0-0,0.06642437089751774,17.208782,gene_signature,1.0,pass
GTAGTCATCTGACCTC-1-81-0-0,0.05834730341204396,16.119198,gene_signature,1.0,pass
GTAGTCATCTTTACAC-1-81-0-0,0.009592517444591754,15.2907,gene_signature,1.0,pass
GTATCTTAGTTGCAGG-1-81-0-0,0.3064023787106877,9.133374,gene_signature,1.0,pass
GTATCTTTCAACACAC-1-81-0-0,0.019461708078268698,18.939884,gene_signature,1.0,pass
GTCAAGTAGCCAGGAT-1-81-0-0,0.4783911317653784,12.606009,gene_signature,1.0,pass
GTCACAAAGCGTGAAC-1-81-0-0,0.16127925042225472,10.297165,gene_signature,1.0,pass
GTCACAAGTCCGACGT-1-81-0-0,0.03966328096233745,20.905907,gene_signature,1.0,pass
GTCATTTCACGACGAA-1-81-0-0,0.09794638921372922,12.892715,gene_signature,1.0,pass
GTCATTTGTCGACTGC-1-81-0-0,0.018447243078951257,16.53373,gene_signature,1.0,pass
GTCATTTGTGTTAAGA-1-81-0-0,0.012973403479738863,13.882886,gene_signature,1.0,pass
GTCATTTGTTCACGGC-1-81-0-0,0.020091115975396097,19.854399,gene_signature,1.0,pass
GTCATTTGTTCCCGAG-1-81-0-0,0.049431038739213874,21.425167,gene_signature,1.0,pass
GTCCTCACAAATACAG-1-81-0-0,0.07959630719430236,12.388323,gene_signature,1.0,pass
GTCCTCAGTTTAAGCC-1-81-0-0,0.21936813376652173,9.258964,gene_signature,1.0,pass
GTCCTCATCCTCCTAG-1-81-0-0,0.0491530102332783,13.998674,gene_signature,1.0,pass
GTCTCGTAGGCCCTTG-1-81-0-0,0.07224323530476477,13.9177,gene_signature,1.0,pass
GTCTCGTCATGAACCT-1-81-0-0,0.0614892239417131,14.319079,gene_signature,1.0,pass
GTCTCGTTCCGCATAA-1-81-0-0,0.05963932761315323,10.889658,gene_signature,1.0,pass
GTCTCGTTCTAGAGTC-1-81-0-0,0.24262363483526342,15.515312,gene_signature,1.0,pass
GTCTTCGAGGACACCA-1-81-0-0,0.12713801776710437,7.487628,gene_signature,1.0,pass
GTCTTCGCATCCCATC-1-81-0-0,0.2802501462272596,11.233365,gene_signature,1.0,pass
GTGAAGGAGTCCATAC-1-81-0-0,0.008360879412255063,17.544214,gene_signature,1.0,pass
GTGCAGCGTCTTGATG-1-81-0-0,0.09699256391711229,14.35894,gene_signature,1.0,pass
GTGCAGCGTCTTGTCC-1-81-0-0,0.23002332998171776,11.376857,gene_signature,1.0,pass
GTGCAGCTCCTAGGGC-1-81-0-0,0.21323465882210674,9.195578,gene_signature,1.0,pass
GTGCATACATGCCTAA-1-81-0-0,0.8066493391495788,8.888398,gene_signature,1.0,pass
GTGCATAGTAGAAGGA-1-81-0-0,0.015163678836080352,21.97248,gene_signature,1.0,pass
GTGCATAGTGAGTATA-1-81-0-0,0.08018028946829137,12.789557,gene_signature,1.0,pass
GTGCATATCAACACCA-1-81-0-0,0.19126289346030376,13.287186,gene_signature,1.0,pass
GTGCTTCAGACTTTCG-1-81-0-0,0.06971583153546027,17.125462,gene_signature,1.0,pass
GTGCTTCAGTAGGTGC-1-81-0-0,0.4038218517354874,21.21519,gene_signature,1.0,pass
GTGCTTCCAGCTGGCT-1-81-0-0,0.11835650406134435,10.137873,gene_signature,1.0,pass
GTGGGTCCACTGTCGG-1-81-0-0,0.02419508915264301,20.58984,gene_signature,1.0,pass
GTGTGCGAGCGGCTTC-1-81-0-0,0.060323370860833406,15.398081,gene_signature,1.0,pass
GTGTGCGGTAAACACA-1-81-0-0,0.08874773890525531,11.345761,gene_signature,1.0,pass
GTGTGCGTCTGACCTC-1-81-0-0,0.03937024162121494,20.095749,gene_signature,1.0,pass
GTGTTAGTCGCTTAGA-1-81-0-0,0.10944944735275064,12.242276,gene_signature,1.0,pass
GTTACAGCACTTCTGC-1-81-0-0,0.9204091457921845,9.388595,gene_signature,1.0,pass
GTTACAGTCGTCCAGG-1-81-0-0,0.12719202520128017,13.006589,gene_signature,1.0,pass
GTTCATTGTTAAGATG-1-81-0-0,0.271507004432356,13.747388,gene_signature,1.0,pass
GTTCATTGTTACCAGT-1-81-0-0,0.0922650330385172,17.933659,gene_signature,1.0,pass
GTTCGGGCAGGTCGTC-1-81-0-0,0.4649550477175515,13.176659,gene_signature,1.0,pass
GTTCGGGGTCTTGATG-1-81-0-0,0.03865037413804728,16.63861,gene_signature,1.0,pass
GTTCGGGTCACCATAG-1-81-0-0,0.24749428640962892,14.68685,gene_signature,1.0,pass
GTTCTCGAGATCGATA-1-81-0-0,0.17664798205859822,14.410121,gene_signature,1.0,pass
GTTCTCGCATCGGTTA-1-81-0-0,0.02708032164240488,17.572796,gene_signature,1.0,pass
GTTTCTAGTGGGTATG-1-81-0-0,0.1326135916321441,13.620768,gene_signature,1.0,pass
TAAACCGCATCACCCT-1-81-0-0,0.031407384544246034,18.638397,gene_signature,1.0,pass
TAAACCGGTAAGCACG-1-81-0-0,0.05218704277998646,19.374247,gene_signature,1.0,pass
TAAACCGGTTAGTGGG-1-81-0-0,0.06391638201894731,9.025769,gene_signature,1.0,pass
TAAACCGTCGAACTGT-1-81-0-0,0.005875663722848582,17.198763,gene_signature,1.0,pass
TAAGAGAAGACCTTTG-1-81-0-0,0.046304893364953824,14.831319,gene_signature,1.0,pass
TAAGAGAGTGACTCAT-1-81-0-0,0.11262165140870332,13.977277,gene_signature,1.0,pass
TAAGTGCGTCTAACGT-1-81-0-0,0.30077465557026517,9.554841,gene_signature,1.0,pass
TACACGAGTAAGTGTA-1-81-0-0,0.02776072562218585,17.44201,gene_signature,1.0,pass
TACACGAGTCCAGTGC-1-81-0-0,0.11816992215824565,16.917965,gene_signature,1.0,pass
TACACGATCGCTTAGA-1-81-0-0,0.053246982635815863,18.678972,gene_signature,1.0,pass
TACCTATAGCCGATTT-1-81-0-0,0.20011121611059252,13.510805,gene_signature,1.0,pass
TACCTATTCAGCTCTC-1-81-0-0,0.09067063660271486,10.880254,gene_signature,1.0,pass
TACCTATTCAGGATCT-1-81-0-0,0.22102612700249807,13.811636,gene_signature,1.0,pass
TACCTTATCTATCGCC-1-81-0-0,0.12565264237599594,15.6402025,gene_signature,1.0,pass
TACGGATCACCAGGTC-1-81-0-0,0.1202849515236222,17.690617,gene_signature,1.0,pass
TACGGATGTTATCACG-1-81-0-0,0.030604121813776704,11.113399,gene_signature,1.0,pass
TACGGGCTCTTGTCAT-1-81-0-0,0.12972403303222196,15.950849,gene_signature,1.0,pass
TACGGTACAAGTAGTA-1-81-0-0,0.06941706305137263,19.182974,gene_signature,1.0,pass
TACTCATAGGCAGTCA-1-81-0-0,0.020390227951498415,21.20467,gene_signature,1.0,pass
TACTCATTCAGTACGT-1-81-0-0,0.18616609004191126,13.93129,gene_signature,1.0,pass
TACTCGCGTGACTACT-1-81-0-0,0.11676817699418374,16.945871,gene_signature,1.0,pass
TACTTACAGGAGTACC-1-81-0-0,0.008364793523757953,11.2063675,gene_signature,1.0,pass
TACTTACCACAGCGTC-1-81-0-0,0.05236600865345932,17.424343,gene_signature,1.0,pass
TACTTACCAGATGGCA-1-81-0-0,0.03512132099573661,14.697719,gene_signature,1.0,pass
TACTTACGTCTAAAGA-1-81-0-0,0.09299088839311934,10.560708,gene_signature,1.0,pass
TACTTACTCTCCAGGG-1-81-0-0,0.036873972652573625,17.395136,gene_signature,1.0,pass
TACTTGTGTCTGCCAG-1-81-0-0,0.12005121673371213,11.945567,gene_signature,1.0,pass
TAGACCACAATAGCAA-1-81-0-0,0.007902385876881232,21.64009,gene_signature,1.0,pass
TAGACCACATCTGGTA-1-81-0-0,0.17942261243600338,14.3469715,gene_signature,1.0,pass
TAGACCAGTGTGGCTC-1-81-0-0,0.21277490021798573,12.946943,gene_signature,1.0,pass
TAGAGCTAGCTAAACA-1-81-0-0,0.014630815712199579,20.767496,gene_signature,1.0,pass
TAGAGCTCACGTAAGG-1-81-0-0,0.1863814470003936,8.373785,gene_signature,1.0,pass
TAGCCGGAGTTCGCGC-1-81-0-0,0.3457489407150538,7.662482,gene_signature,1.0,pass
TAGCCGGGTACAGCAG-1-81-0-0,0.20679270736323224,16.969427,gene_signature,1.0,pass
TAGCCGGGTCTTTCAT-1-81-0-0,0.2062230347253214,17.082014,gene_signature,1.0,pass
TAGGCATTCACCAGGC-1-81-0-0,0.05539274217083,9.3825865,gene_signature,1.0,pass
TAGTTGGAGGTTACCT-1-81-0-0,0.025275828027042202,21.769016,gene_signature,1.0,pass
TAGTTGGAGTCCTCCT-1-81-0-0,0.0810983732564427,13.850444,gene_signature,1.0,pass
TATCAGGCAATCACAC-1-81-0-0,0.0047706911210408185,16.933758,gene_signature,1.0,pass
TATCTCAGTAATTGGA-1-81-0-0,0.1823211539806055,16.40126,gene_signature,1.0,pass
TATTACCCATTGGTAC-1-81-0-0,0.05213273941660131,21.079737,gene_signature,1.0,pass
TCAACGACAGTCCTTC-1-81-0-0,0.44311774798300574,15.381038,gene_signature,1.0,pass
TCAATCTGTCGAATCT-1-81-0-0,0.07450479957038794,21.336964,gene_signature,1.0,pass
TCAATCTTCGGTCCGA-1-81-0-0,0.0934525377177529,12.325231,gene_signature,1.0,pass
TCACGAACAATCCGAT-1-81-0-0,0.1327878578563045,16.557428,gene_signature,1.0,pass
TCACGAACACGGTTTA-1-81-0-0,0.1314600362467376,13.437782,gene_signature,1.0,pass
TCAGATGAGGGTGTGT-1-81-0-0,0.04838214176407248,19.481613,gene_signature,1.0,pass
TCAGATGTCTAACCGA-1-81-0-0,0.01376444777505761,11.022975,gene_signature,1.0,pass
TCAGCAACAATGGTCT-1-81-0-0,0.034163650944463775,21.681755,gene_signature,1.0,pass
TCAGCTCAGACAAGCC-1-81-0-0,0.024847413284540227,16.123749,gene_signature,1.0,pass
TCAGCTCAGGTCGGAT-1-81-0-0,0.028945168902803374,12.584328,gene_signature,1.0,pass
TCAGGATCAAGGCTCC-1-81-0-0,0.3739807488739102,9.950529,gene_signature,1.0,pass
TCAGGATGTAGTGAAT-1-81-0-0,0.1350353907432435,15.998846,gene_signature,1.0,pass
TCAGGATTCGGTGTCG-1-81-0-0,0.017820899286614303,10.613782,gene_signature,1.0,pass
TCAGGATTCGTCTGCT-1-81-0-0,0.027439401729258506,15.245331,gene_signature,1.0,pass
TCAGGTAAGGGTCTCC-1-81-0-0,0.11648358581313452,18.927717,gene_signature,1.0,pass
TCAGGTACAGATGGGT-1-81-0-0,0.30441152706616453,19.845459,gene_signature,1.0,pass
TCATTACAGCTGATAA-1-81-0-0,0.2775725435559565,11.481737,gene_signature,1.0,pass
TCATTACCAGCTCCGA-1-81-0-0,0.08839943805041087,13.064427,gene_signature,1.0,pass
TCATTACGTTTGTGTG-1-81-0-0,0.5089069241239892,15.004049,gene_signature,1.0,pass
TCATTTGAGCAGACTG-1-81-0-0,0.45988694814078457,14.900179,gene_signature,1.0,pass
TCATTTGAGTCATCCA-1-81-0-0,0.056333059289848275,19.553837,gene_signature,1.0,pass
TCATTTGTCGGTGTCG-1-81-0-0,0.2745343110892269,18.575825,gene_signature,1.0,pass
TCATTTGTCTCGCTTG-1-81-0-0,0.046428694678193015,14.612948,gene_signature,1.0,pass
TCCACACAGAGACGAA-1-81-0-0,0.07303213839152276,16.269642,gene_signature,1.0,pass
TCCACACAGATGCCTT-1-81-0-0,0.02734094194163932,20.017536,gene_signature,1.0,pass
TCCACACAGCTCCCAG-1-81-0-0,0.3579626139747841,11.179668,gene_signature,1.0,pass
TCCACACCATGCTAGT-1-81-0-0,0.03951976284982955,20.461103,gene_signature,1.0,pass
TCCACACCATTTCAGG-1-81-0-0,0.015359858315441875,19.310038,gene_signature,1.0,pass
TCCCGATAGAGGTTAT-1-81-0-0,0.007720235125829233,17.341694,gene_signature,1.0,pass
TCCCGATCATTTGCCC-1-81-0-0,0.013830548173358137,14.922757,gene_signature,1.0,pass
TCGAGGCGTAGCTCCG-1-81-0-0,0.03900056078706789,6.7015457,gene_signature,1.0,pass
TCGCGTTCACCAACCG-1-81-0-0,0.0673264349706422,14.230066,gene_signature,1.0,pass
TCGCGTTCATACTACG-1-81-0-0,0.17929578321202166,11.429136,gene_signature,1.0,pass
TCGCGTTTCCGCAAGC-1-81-0-0,0.21144587347386556,17.327991,gene_signature,1.0,pass
TCGGGACCACTCGACG-1-81-0-0,0.10662676902316322,10.536852,gene_signature,1.0,pass
TCGGGACCAGACTCGC-1-81-0-0,0.007692763532652816,14.698552,gene_signature,1.0,pass
TCGGGACCAGGAATGC-1-81-0-0,0.4161027316101702,7.2317977,gene_signature,1.0,pass
TCGGGACTCCTGCTTG-1-81-0-0,0.10626914690787526,15.820475,gene_signature,1.0,pass
TCGTACCCACATTCGA-1-81-0-0,0.044005619385395954,18.202711,gene_signature,1.0,pass
TCGTACCCAGTCCTTC-1-81-0-0,0.008863131454304306,21.942883,gene_signature,1.0,pass
TCGTACCCATGAACCT-1-81-0-0,0.021898484485691944,12.415812,gene_signature,1.0,pass
TCGTACCTCGGACAAG-1-81-0-0,0.055152279536867944,15.201691,gene_signature,1.0,pass
TCGTAGACACCATCCT-1-81-0-0,0.11331254627610259,10.688194,gene_signature,1.0,pass
TCGTAGACAGATCGGA-1-81-0-0,0.10031436548707702,14.506262,gene_signature,1.0,pass
TCGTAGACATCACGAT-1-81-0-0,0.4501141590974048,10.160879,gene_signature,1.0,pass
TCTATTGGTCAACATC-1-81-0-0,0.03147975639876145,13.72983,gene_signature,1.0,pass
TCTCATAAGTATGACA-1-81-0-0,0.06414415813326846,12.657605,gene_signature,1.0,pass
TCTCTAATCTACTCAT-1-81-0-0,0.5131136129568569,11.037901,gene_signature,1.0,pass
TCTGAGAAGATGAGAG-1-81-0-0,0.02527079802539007,16.723736,gene_signature,1.0,pass
TCTGAGACATCACCCT-1-81-0-0,0.09067369584068909,17.439919,gene_signature,1.0,pass
TCTGAGAGTCCGAAGA-1-81-0-0,0.1662261624121038,11.681505,gene_signature,1.0,pass
TCTGAGATCTATCCCG-1-81-0-0,0.33598051809987617,10.907286,gene_signature,1.0,pass
TCTGGAAGTGCATCTA-1-81-0-0,0.07615731151861811,16.249601,gene_signature,1.0,pass
TCTGGAAGTGGCAAAC-1-81-0-0,0.016067712514472494,18.844917,gene_signature,1.0,pass
TCTGGAATCACCAGGC-1-81-0-0,0.0704976971088633,14.682643,gene_signature,1.0,pass
TCTTCGGAGAGCTATA-1-81-0-0,0.3888546247521435,16.012276,gene_signature,1.0,pass
TCTTCGGAGCGATTCT-1-81-0-0,0.09827956315410204,16.154293,gene_signature,1.0,pass
TCTTCGGAGGGCATGT-1-81-0-0,0.20081353484085535,18.108252,gene_signature,1.0,pass
TCTTCGGCATACGCCG-1-81-0-0,0.1699693866888424,11.951265,gene_signature,1.0,pass
TCTTTCCCACTGTTAG-1-81-0-0,0.03747522849304984,14.386179,gene_signature,1.0,pass
TCTTTCCGTCCCTTGT-1-81-0-0,0.18005885139881778,10.3935995,gene_signature,1.0,pass
TCTTTCCTCAATCACG-1-81-0-0,0.06441036227630516,12.871002,gene_signature,1.0,pass
TCTTTCCTCCTAAGTG-1-81-0-0,0.1524277824722779,11.440018,gene_signature,1.0,pass
TGAAAGAAGTGCGATG-1-81-0-0,0.046785370147754926,18.976429,gene_signature,1.0,pass
TGACGGCCAGACGCTC-1-81-0-0,0.07433448790573612,9.79041,gene_signature,1.0,pass
TGACTAGCAGGAATCG-1-81-0-0,0.12599841479040647,18.441164,gene_signature,1.0,pass
TGACTAGGTATGAATG-1-81-0-0,0.018649572908870225,17.24608,gene_signature,1.0,pass
TGACTAGTCGCGTAGC-1-81-0-0,0.02103285066318668,17.600903,gene_signature,1.0,pass
TGACTTTTCAAGGCTT-1-81-0-0,0.462623049137964,11.922207,gene_signature,1.0,pass
TGAGAGGCATATACGC-1-81-0-0,0.5628784278273917,9.259339,gene_signature,1.0,pass
TGAGCATGTCCATGAT-1-81-0-0,0.039095773209794564,16.938297,gene_signature,1.0,pass
TGAGCATGTTGGAGGT-1-81-0-0,0.009522116005086085,22.367807,gene_signature,1.0,pass
TGAGCATTCCAAACTG-1-81-0-0,0.0020053121328357758,11.169902,gene_signature,1.0,pass
TGAGCCGAGAGACTAT-1-81-0-0,0.15364145855583358,18.288881,gene_signature,1.0,pass
TGAGCCGAGGAGTACC-1-81-0-0,0.11174382752765526,19.694286,gene_signature,1.0,pass
TGAGCCGAGGATTCGG-1-81-0-0,0.22118528122053274,13.848155,gene_signature,1.0,pass
TGAGCCGCAAGAAGAG-1-81-0-0,0.649467679145565,13.122049,gene_signature,1.0,pass
TGAGCCGCAATGGTCT-1-81-0-0,0.03146729409312402,15.037097,gene_signature,1.0,pass
TGAGGGAAGACGCTTT-1-81-0-0,0.21523574398330386,9.334117,gene_signature,1.0,pass
TGAGGGAAGTACGACG-1-81-0-0,0.08780706777961769,12.406103,gene_signature,1.0,pass
TGAGGGAGTCTAGCGC-1-81-0-0,0.11711902663012683,8.453814,gene_signature,1.0,pass
TGATTTCAGACTGTAA-1-81-0-0,0.07023323701888165,14.299283,gene_signature,1.0,pass
TGATTTCCAAGTACCT-1-81-0-0,0.03964890311258242,15.139444,gene_signature,1.0,pass
TGATTTCTCTGATACG-1-81-0-0,0.17182734364370106,14.833827,gene_signature,1.0,pass
TGCACCTAGTGCGATG-1-81-0-0,0.12930238394306334,15.24404,gene_signature,1.0,pass
TGCCAAAGTCCTCTTG-1-81-0-0,0.1221566159348817,9.4494295,gene_signature,1.0,pass
TGCCCATAGAGTGACC-1-81-0-0,0.012063136265293192,18.010748,gene_signature,1.0,pass
TGCCCATAGTCCATAC-1-81-0-0,0.012595020582673616,14.045298,gene_signature,1.0,pass
TGCCCATCACGCATCG-1-81-0-0,0.21824999834534822,12.27356,gene_signature,1.0,pass
TGCCCATGTCAGATAA-1-81-0-0,0.06103907782920522,12.090921,gene_signature,1.0,pass
TGCCCTAAGTGCAAGC-1-81-0-0,0.09375319594902744,11.958244,gene_signature,1.0,pass
TGCCCTATCCGCGCAA-1-81-0-0,0.05064234253844537,13.923731,gene_signature,1.0,pass
TGCGCAGGTGTCCTCT-1-81-0-0,0.352358346867326,13.183271,gene_signature,1.0,pass
TGCGGGTTCCACGACG-1-81-0-0,0.08924272663609355,17.622692,gene_signature,1.0,pass
TGCGTGGGTTCGGCAC-1-81-0-0,0.018252651603280975,10.998494,gene_signature,1.0,pass
TGCGTGGTCTATGTGG-1-81-0-0,0.05621376114741687,16.305054,gene_signature,1.0,pass
TGCTACCAGACAAAGG-1-81-0-0,0.027948342838252437,16.152935,gene_signature,1.0,pass
TGCTACCGTAGAGCTG-1-81-0-0,0.18366621787511805,8.318368,gene_signature,1.0,pass
TGCTGCTGTCGGCATC-1-81-0-0,0.3619036124386582,16.327623,gene_signature,1.0,pass
TGCTGCTGTTCCCTTG-1-81-0-0,0.022305778384437598,16.168552,gene_signature,1.0,pass
TGGACGCCACTAAGTC-1-81-0-0,0.10508892179368508,11.106644,gene_signature,1.0,pass
TGGACGCGTTCCCTTG-1-81-0-0,0.2230525998404526,9.80174,gene_signature,1.0,pass
TGGACGCTCAGGTTCA-1-81-0-0,0.39453727423118884,10.951283,gene_signature,1.0,pass
TGGACGCTCCAGAGGA-1-81-0-0,0.029127165208656946,16.91753,gene_signature,1.0,pass
TGGACGCTCCTTTCGG-1-81-0-0,0.04023835865870253,18.618715,gene_signature,1.0,pass
TGGCCAGTCTGGTGTA-1-81-0-0,0.02527719017931277,13.218664,gene_signature,1.0,pass
TGGCGCAAGTGTCTCA-1-81-0-0,0.5125326345792933,9.898317,gene_signature,1.0,pass
TGGCGCACAATAACGA-1-81-0-0,0.01769590508875251,19.122295,gene_signature,1.0,pass
TGGCGCAGTCGAAAGC-1-81-0-0,0.0610120178147891,19.032282,gene_signature,1.0,pass
TGGCGCAGTCTCATCC-1-81-0-0,0.1735639592367982,12.983484,gene_signature,1.0,pass
TGGCTGGAGGGTTTCT-1-81-0-0,0.027742461155815284,17.578873,gene_signature,1.0,pass
TGGCTGGCAGCTGCTG-1-81-0-0,0.0173510853504896,14.734167,gene_signature,1.0,pass
TGGCTGGGTAGTAGTA-1-81-0-0,0.014841022486676328,16.637608,gene_signature,1.0,pass
TGGGAAGGTCTCTCTG-1-81-0-0,0.02805586359262815,22.099178,gene_signature,1.0,pass
TGGGAAGGTGACAAAT-1-81-0-0,0.23300585015061567,15.82785,gene_signature,1.0,pass
TGGGAAGTCAGAGCTT-1-81-0-0,0.11636728084532111,16.462978,gene_signature,1.0,pass
TGGGCGTCACGCATCG-1-81-0-0,0.13346371923587064,14.170407,gene_signature,1.0,pass
TGGGCGTGTGAACCTT-1-81-0-0,0.2683810889080581,11.071535,gene_signature,1.0,pass
TGGGCGTTCCCAACGG-1-81-0-0,0.022371807624279313,18.846544,gene_signature,1.0,pass
TGGTTAGAGATATGGT-1-81-0-0,0.032325353152329914,16.097021,gene_signature,1.0,pass
TGGTTAGAGGGTCGAT-1-81-0-0,0.11039247431221363,17.773352,gene_signature,1.0,pass
TGGTTAGGTCGAGTTT-1-81-0-0,0.014731378830120448,16.50222,gene_signature,1.0,pass
TGTATTCCAGATCGGA-1-81-0-0,0.01715733165471154,16.70081,gene_signature,1.0,pass
TGTATTCTCCTACAGA-1-81-0-0,0.5146468623834645,15.549542,gene_signature,1.0,pass
TGTCCCAAGGATATAC-1-81-0-0,0.0497313842618257,11.571927,gene_signature,1.0,pass
TGTGGTAGTAGCGTAG-1-81-0-0,0.13514043413101567,20.018755,gene_signature,1.0,pass
TGTGGTATCGTGGACC-1-81-0-0,0.11839265355004316,13.576731,gene_signature,1.0,pass
TGTGTTTGTGGTACAG-1-81-0-0,0.06588810982650779,12.878302,gene_signature,1.0,pass
TGTTCCGAGTACACCT-1-81-0-0,0.056016696899923744,17.541813,gene_signature,1.0,pass
TTAACTCCATGGATGG-1-81-0-0,0.2327962514823061,18.024357,gene_signature,1.0,pass
TTAACTCTCGCGGATC-1-81-0-0,0.17172059833305098,9.428525,gene_signature,1.0,pass
TTAACTCTCTTCATGT-1-81-0-0,0.17643836400863863,10.942724,gene_signature,1.0,pass
TTAGGACAGCTCAACT-1-81-0-0,0.03598792475466957,14.202237,gene_signature,1.0,pass
TTAGGACTCAAAGTAG-1-81-0-0,0.03144228265085338,21.356775,gene_signature,1.0,pass
TTAGTTCAGCGATTCT-1-81-0-0,0.15616285799440557,16.217342,gene_signature,1.0,pass
TTATGCTCACGGTAGA-1-81-0-0,0.06983992736098013,12.151239,gene_signature,1.0,pass
TTATGCTGTATAAACG-1-81-0-0,0.1339974955440451,16.822243,gene_signature,1.0,pass
TTATGCTGTGACGGTA-1-81-0-0,0.25904437784430057,9.782125,gene_signature,1.0,pass
TTATGCTGTGCACTTA-1-81-0-0,0.28238401349964504,7.538778,gene_signature,1.0,pass
TTATGCTTCCACGAAT-1-81-0-0,0.10828155954554389,13.504534,gene_signature,1.0,pass
TTCGAAGAGACGACGT-1-81-0-0,0.0112077730980773,21.04163,gene_signature,1.0,pass
TTCGAAGAGGCTACGA-1-81-0-0,0.007614127857785462,15.638219,gene_signature,1.0,pass
TTCGAAGGTTGGACCC-1-81-0-0,0.36482426075397917,12.199231,gene_signature,1.0,pass
TTCGAAGTCTACTATC-1-81-0-0,0.059108281405796013,11.658736,gene_signature,1.0,pass
TTCGGTCCAGTGACAG-1-81-0-0,0.2748705947612208,15.266156,gene_signature,1.0,pass
TTCTACAAGCGTTCCG-1-81-0-0,0.15628642397010883,13.195544,gene_signature,1.0,pass
TTCTACAAGTTACGGG-1-81-0-0,0.3322040569614467,8.406527,gene_signature,1.0,pass
TTCTACACAATGGAAT-1-81-0-0,0.09710315079402572,11.519598,gene_signature,1.0,pass
TTCTACACAATGGACG-1-81-0-0,0.022056467249793592,10.605035,gene_signature,1.0,pass
TTCTACATCTCACATT-1-81-0-0,0.08912995980479635,13.90112,gene_signature,1.0,pass
TTCTCAAAGAAGGGTA-1-81-0-0,0.05410478422772004,20.796072,gene_signature,1.0,pass
TTCTCAACAAAGCGGT-1-81-0-0,0.007042267417791159,22.076145,gene_signature,1.0,pass
TTCTCCTAGTCAATAG-1-81-0-0,0.04644595751888234,17.344683,gene_signature,1.0,pass
TTCTCCTCAAAGGTGC-1-81-0-0,0.2840994154771492,11.530771,gene_signature,1.0,pass
TTCTCCTCACCCATTC-1-81-0-0,0.16236977401631505,7.6585474,gene_signature,1.0,pass
TTCTTAGGTCGTTGTA-1-81-0-0,0.023615865365785665,17.564362,gene_signature,1.0,pass
TTCTTAGGTTGCGTTA-1-81-0-0,0.2882352625742285,16.878351,gene_signature,1.0,pass
TTCTTAGTCAGAGGTG-1-81-0-0,0.013452712701141406,9.386717,gene_signature,1.0,pass
TTGAACGAGGCGCTCT-1-81-0-0,0.09045497371887924,9.815967,gene_signature,1.0,pass
TTGACTTTCAACCAAC-1-81-0-0,0.07177421292829632,15.82258,gene_signature,1.0,pass
TTGCCGTAGCTGCGAA-1-81-0-0,0.10161280762269642,13.70213,gene_signature,1.0,pass
TTGCCGTTCAGAAATG-1-81-0-0,0.13752669329430967,17.141033,gene_signature,1.0,pass
TTGCGTCTCTACTTAC-1-81-0-0,0.10417713995474762,16.099155,gene_signature,1.0,pass
TTGCGTCTCTCAAACG-1-81-0-0,0.30046761241126313,12.242162,gene_signature,1.0,pass
TTGGCAAAGAAACCTA-1-81-0-0,0.05458205402044437,17.674496,gene_signature,1.0,pass
TTGGCAAAGATAGCAT-1-81-0-0,0.020921326208955354,18.395512,gene_signature,1.0,pass
TTGGCAACACGTTGGC-1-81-0-0,0.14097491706532583,14.939589,gene_signature,1.0,pass
TTGGCAAGTGGTCCGT-1-81-0-0,0.028886639147011096,13.049336,gene_signature,1.0,pass
TTGTAGGCATACAGCT-1-81-0-0,0.08016990516433917,15.676668,gene_signature,1.0,pass
TTGTAGGTCTCCAGGG-1-81-0-0,0.02155228110900799,13.523038,gene_signature,1.0,pass
TTTACTGGTAAGAGAG-1-81-0-0,0.0695535346349535,15.755102,gene_signature,1.0,pass
TTTCCTCCACTCAGGC-1-81-0-0,0.010518945322224934,9.240614,gene_signature,1.0,pass
TTTCCTCCAGCCTTGG-1-81-0-0,0.7120304484898957,10.52055,gene_signature,1.0,pass
TTTCCTCCAGTCTTCC-1-81-0-0,0.18538644230939205,14.106407,gene_signature,1.0,pass
TTTCCTCGTGACAAAT-1-81-0-0,0.18889215247281257,13.107651,gene_signature,1.0,pass
TTTCCTCTCCGTCATC-1-81-0-0,0.16242912469252943,17.854828,gene_signature,1.0,pass
TTTCCTCTCTTTAGGG-1-81-0-0,0.020997428949542225,16.500378,gene_signature,1.0,pass
TTTGCGCTCGCACTCT-1-81-0-0,0.03106584324085438,12.790378,gene_signature,1.0,pass
TTTGGTTAGCTGAACG-1-81-0-0,0.22396539568448373,19.282333,gene_signature,1.0,pass
TTTGGTTCATCCCACT-1-81-0-0,0.07962325011136773,9.924013,gene_signature,1.0,pass
AAACCTGAGTGCGTGA-1-82-0-0,0.011065209092741501,14.263028,gene_signature,1.0,pass
AAACCTGCAAATTGCC-1-82-0-0,0.09628485518298682,11.841676,gene_signature,1.0,pass
AAACCTGCACTGAAGG-1-82-0-0,0.06286919642197168,16.294552,gene_signature,1.0,pass
AAACCTGGTCAAAGAT-1-82-0-0,0.018826451444814297,13.970726,gene_signature,1.0,pass
AAACCTGGTCTAGTCA-1-82-0-0,0.10963400234090703,10.439147,gene_signature,1.0,pass
AAACGGGAGAATTGTG-1-82-0-0,0.02407130363168416,15.284668,gene_signature,1.0,pass
AAATGCCGTCCCTTGT-1-82-0-0,0.020987672541324474,18.75753,gene_signature,1.0,pass
AACACGTCAGCTCGCA-1-82-0-0,0.10300682884189258,17.596632,gene_signature,1.0,pass
AACCATGAGTGGGTTG-1-82-0-0,0.011278219555237404,20.675789,gene_signature,1.0,pass
AACCATGCAGTCGTGC-1-82-0-0,0.007303361661864381,17.336124,gene_signature,1.0,pass
AACCGCGCAGACTCGC-1-82-0-0,0.05097548818482065,14.354486,gene_signature,1.0,pass
AACCGCGCAGCTGTGC-1-82-0-0,0.024738607276324702,16.483952,gene_signature,1.0,pass
AACCGCGGTGCAGGTA-1-82-0-0,0.004983082720569125,19.26139,gene_signature,1.0,pass
AACGTTGCAATCACAC-1-82-0-0,0.059846845555525406,13.784979,gene_signature,1.0,pass
AACGTTGGTCATACTG-1-82-0-0,0.1441932040371888,11.191747,gene_signature,1.0,pass
AACTCAGTCGTAGATC-1-82-0-0,0.06272044887342938,11.311792,gene_signature,1.0,pass
AACTCAGTCTACTTAC-1-82-0-0,0.18074662295070812,12.562953,gene_signature,1.0,pass
AACTCCCCAGCAGTTT-1-82-0-0,0.04757651060127978,15.020426,gene_signature,1.0,pass
AACTCCCTCAGAGCTT-1-82-0-0,0.04926089587592782,16.347015,gene_signature,1.0,pass
AACTCCCTCTATGTGG-1-82-0-0,0.014861970676537353,20.85954,gene_signature,1.0,pass
AACTGGTCAGCTTCGG-1-82-0-0,0.05333684044054242,15.823618,gene_signature,1.0,pass
AACTGGTGTCCTAGCG-1-82-0-0,0.09587071772315668,10.477629,gene_signature,1.0,pass
AACTGGTGTGGAAAGA-1-82-0-0,0.42369051162261673,14.116211,gene_signature,1.0,pass
AACTGGTGTTAAGTAG-1-82-0-0,0.0678951623768844,11.345518,gene_signature,1.0,pass
AACTTTCAGGCAGGTT-1-82-0-0,0.08829740272887103,17.216105,gene_signature,1.0,pass
AACTTTCCAGCTGTAT-1-82-0-0,0.10126793794837285,9.562858,gene_signature,1.0,pass
AAGCCGCCATGTCGAT-1-82-0-0,0.06351315686596931,15.445679,gene_signature,1.0,pass
AAGGTTCAGAGGTTGC-1-82-0-0,0.05373289976180164,9.127641,gene_signature,1.0,pass
AAGGTTCCAATAGCAA-1-82-0-0,0.007245751491458082,18.407589,gene_signature,1.0,pass
AAGGTTCTCTGTTGAG-1-82-0-0,0.026834488574202297,13.259585,gene_signature,1.0,pass
AAGTCTGAGCCCTAAT-1-82-0-0,0.10123553329994925,14.1229725,gene_signature,1.0,pass
AAGTCTGGTCGTCTTC-1-82-0-0,0.022994035899912557,20.18806,gene_signature,1.0,pass
AATCCAGGTTAAAGTG-1-82-0-0,0.10609602310870751,14.502235,gene_signature,1.0,pass
AATCCAGTCCTAGAAC-1-82-0-0,0.09056557832425405,10.009701,gene_signature,1.0,pass
AATCGGTGTCTTCTCG-1-82-0-0,0.1260617557867106,14.467491,gene_signature,1.0,pass
ACACCAAAGAGGTAGA-1-82-0-0,0.02773801887055613,19.455265,gene_signature,1.0,pass
ACACCAAAGCTTATCG-1-82-0-0,0.011152012924881377,14.02706,gene_signature,1.0,pass
ACACCAACAAGGACTG-1-82-0-0,0.11881046815425722,16.226688,gene_signature,1.0,pass
ACACCCTAGTCTCAAC-1-82-0-0,0.22534942360135107,12.216798,gene_signature,1.0,pass
ACACCCTGTCAATGTC-1-82-0-0,0.0529046191316294,15.554578,gene_signature,1.0,pass
ACACCCTGTCGCGAAA-1-82-0-0,0.03487302339382064,18.068466,gene_signature,1.0,pass
ACACCGGGTAGCTTGT-1-82-0-0,0.02185507802604881,16.645538,gene_signature,1.0,pass
ACACCGGTCAATAAGG-1-82-0-0,0.06907180869250076,18.615925,gene_signature,1.0,pass
ACACCGGTCAGTTCGA-1-82-0-0,0.012699747909643932,14.861444,gene_signature,1.0,pass
ACACTGAAGCTTATCG-1-82-0-0,0.00458025674829833,19.506617,gene_signature,1.0,pass
ACACTGACACGTCAGC-1-82-0-0,0.2131083949662634,10.823006,gene_signature,1.0,pass
ACACTGACAGGTCTCG-1-82-0-0,0.02700141641621006,18.070446,gene_signature,1.0,pass
ACACTGACATATGCTG-1-82-0-0,0.032464111650253466,21.89938,gene_signature,1.0,pass
ACAGCCGAGCCATCGC-1-82-0-0,0.02407279636966527,15.246872,gene_signature,1.0,pass
ACAGCTACACACCGAC-1-82-0-0,0.018576746740687926,10.341321,gene_signature,1.0,pass
ACATACGAGTGCCATT-1-82-0-0,0.1298868173337237,14.541867,gene_signature,1.0,pass
ACATACGGTCAAAGAT-1-82-0-0,0.2636319579956913,13.875124,gene_signature,1.0,pass
ACATACGTCGCCAGCA-1-82-0-0,0.15162491550784463,8.538689,gene_signature,1.0,pass
ACATCAGAGTCTCCTC-1-82-0-0,0.006187191949952275,13.894506,gene_signature,1.0,pass
ACATCAGCACAAGACG-1-82-0-0,0.0855685066668632,12.65878,gene_signature,1.0,pass
ACATCAGGTAAACGCG-1-82-0-0,0.10540663319122526,18.729372,gene_signature,1.0,pass
ACATGGTAGATGCGAC-1-82-0-0,0.013119318323175316,20.383753,gene_signature,1.0,pass
ACATGGTCAACCGCCA-1-82-0-0,0.15392603177483555,12.758214,gene_signature,1.0,pass
ACCCACTAGCTCCTTC-1-82-0-0,0.16017831490201637,14.674726,gene_signature,1.0,pass
ACCCACTAGGGCATGT-1-82-0-0,0.0036885961749994075,10.291761,gene_signature,1.0,pass
ACCGTAACATTAGGCT-1-82-0-0,0.05472318638120902,17.950104,gene_signature,1.0,pass
ACCTTTAAGTTACCCA-1-82-0-0,0.02611616406342443,13.809242,gene_signature,1.0,pass
ACCTTTATCAAACGGG-1-82-0-0,0.08829825899241077,11.55974,gene_signature,1.0,pass
ACGAGCCAGATCTGCT-1-82-0-0,0.04051434931612817,17.67873,gene_signature,1.0,pass
ACGAGCCAGGGTGTTG-1-82-0-0,0.015965482774867985,19.529776,gene_signature,1.0,pass
ACGAGCCGTCTCTTAT-1-82-0-0,0.03279388276775647,16.475256,gene_signature,1.0,pass
ACGAGCCGTGCACGAA-1-82-0-0,0.0561560711473143,18.802998,gene_signature,1.0,pass
ACGAGGAGTAAGCACG-1-82-0-0,0.06183896639569375,18.100466,gene_signature,1.0,pass
ACGAGGATCCTACAGA-1-82-0-0,0.032628347057052545,14.34651,gene_signature,1.0,pass
ACGAGGATCGCTAGCG-1-82-0-0,0.017073451896699475,11.12133,gene_signature,1.0,pass
ACGATACAGAAGGTGA-1-82-0-0,0.010732757373385495,11.815343,gene_signature,1.0,pass
ACGATACAGCGCTCCA-1-82-0-0,0.1672436445106909,15.492747,gene_signature,1.0,pass
ACGATACTCGCCAGCA-1-82-0-0,0.13014287127554544,17.195393,gene_signature,1.0,pass
ACGATGTCAGGGATTG-1-82-0-0,0.011502173622904458,15.889542,gene_signature,1.0,pass
ACGATGTGTCTCACCT-1-82-0-0,0.06423773734442748,19.855444,gene_signature,1.0,pass
ACGCAGCGTGCTGTAT-1-82-0-0,0.1553176562453257,12.867876,gene_signature,1.0,pass
ACGCCAGAGAACTGTA-1-82-0-0,0.10231090956401431,18.136929,gene_signature,1.0,pass
ACGCCAGAGGTGATTA-1-82-0-0,0.008514698789136004,14.205406,gene_signature,1.0,pass
ACGCCAGTCCAAAGTC-1-82-0-0,0.02585415770661309,17.147573,gene_signature,1.0,pass
ACGCCGAGTGCCTTGG-1-82-0-0,0.0355896985084874,15.425138,gene_signature,1.0,pass
ACGCCGATCCAAGCCG-1-82-0-0,0.270283199306944,20.128672,gene_signature,1.0,pass
ACGCCGATCGCGTAGC-1-82-0-0,0.2922530075117418,16.432522,gene_signature,1.0,pass
ACGGAGAGTAAATGAC-1-82-0-0,0.005097098648294185,18.196873,gene_signature,1.0,pass
ACGGAGAGTGCTCTTC-1-82-0-0,0.10577871802296819,12.410393,gene_signature,1.0,pass
ACGGCCAAGTTAGCGG-1-82-0-0,0.1337289364680759,20.272459,gene_signature,1.0,pass
ACGGGCTAGAAACGAG-1-82-0-0,0.017928784102817712,15.612482,gene_signature,1.0,pass
ACGGGCTAGCGAGAAA-1-82-0-0,0.07227773773459012,19.729345,gene_signature,1.0,pass
ACGGGCTCATGGGACA-1-82-0-0,0.01607474811217799,12.647183,gene_signature,1.0,pass
ACGGGCTGTCCGAACC-1-82-0-0,0.30377381765864236,11.520809,gene_signature,1.0,pass
ACGGGCTTCTGTTGAG-1-82-0-0,0.03697845384226014,16.24384,gene_signature,1.0,pass
ACTGATGAGGAGTAGA-1-82-0-0,0.14174743705185666,16.511623,gene_signature,1.0,pass
ACTGATGGTCTCAACA-1-82-0-0,0.03556998323592545,15.584963,gene_signature,1.0,pass
ACTGTCCAGTGGTAAT-1-82-0-0,0.134035517103346,13.165936,gene_signature,1.0,pass
ACTGTCCTCGCTGATA-1-82-0-0,0.03416797144209897,19.852789,gene_signature,1.0,pass
ACTTACTAGACAAGCC-1-82-0-0,0.1806354862973141,7.930916,gene_signature,1.0,pass
ACTTACTGTGATGATA-1-82-0-0,0.06350781363171656,13.440687,gene_signature,1.0,pass
ACTTGTTAGGTGATTA-1-82-0-0,0.007219133664185033,13.07283,gene_signature,1.0,pass
ACTTGTTTCGCAAGCC-1-82-0-0,0.022680132517019787,14.751516,gene_signature,1.0,pass
ACTTTCATCTTCATGT-1-82-0-0,0.1995109401487479,13.552629,gene_signature,1.0,pass
AGAATAGAGACTAGAT-1-82-0-0,0.02616067978587483,21.894354,gene_signature,1.0,pass
AGACGTTAGCTACCGC-1-82-0-0,0.0482040751032653,17.985779,gene_signature,1.0,pass
AGACGTTCAGCTTCGG-1-82-0-0,0.0738793792755291,20.000744,gene_signature,1.0,pass
AGACGTTGTCACCCAG-1-82-0-0,0.02731156830026778,17.553427,gene_signature,1.0,pass
AGAGCGACAGTTAACC-1-82-0-0,0.11223932049651705,21.593937,gene_signature,1.0,pass
AGAGCGAGTTCCGTCT-1-82-0-0,0.15254392351507134,17.268703,gene_signature,1.0,pass
AGAGCTTAGAGGTTGC-1-82-0-0,0.003976837078579305,15.205389,gene_signature,1.0,pass
AGATCTGAGACCTTTG-1-82-0-0,0.03226210479741946,16.606749,gene_signature,1.0,pass
AGATCTGGTTCAGACT-1-82-0-0,0.016937714245602573,21.307308,gene_signature,1.0,pass
AGATCTGTCCCATTTA-1-82-0-0,0.06088085742786864,20.175442,gene_signature,1.0,pass
AGCAGCCCAATGAAAC-1-82-0-0,0.0562427721542604,19.145706,gene_signature,1.0,pass
AGCATACAGCCCAACC-1-82-0-0,0.07393826613999355,16.734865,gene_signature,1.0,pass
AGCATACGTTACGACT-1-82-0-0,0.04962424753790734,12.425737,gene_signature,1.0,pass
AGCCTAACATCATCCC-1-82-0-0,0.02014788549330578,13.280474,gene_signature,1.0,pass
AGCCTAATCAAGCCTA-1-82-0-0,0.08078900892129,18.181686,gene_signature,1.0,pass
AGCCTAATCTTCTGGC-1-82-0-0,0.05015125995996187,16.846546,gene_signature,1.0,pass
AGCGGTCAGCTCCCAG-1-82-0-0,0.22712250645520463,10.838514,gene_signature,1.0,pass
AGCGGTCTCCCGACTT-1-82-0-0,0.013755780646335836,16.1966,gene_signature,1.0,pass
AGCGTATAGGTAAACT-1-82-0-0,0.012520368008218319,14.398747,gene_signature,1.0,pass
AGCGTCGAGATCCTGT-1-82-0-0,0.03661372875670346,15.811653,gene_signature,1.0,pass
AGCTCCTCATACGCTA-1-82-0-0,0.032138081924271505,15.123108,gene_signature,1.0,pass
AGCTCCTGTTCTCATT-1-82-0-0,0.08273353171970897,19.247355,gene_signature,1.0,pass
AGCTCCTTCAGGATCT-1-82-0-0,0.08496801087079882,19.1674,gene_signature,1.0,pass
AGCTTGAAGCCGATTT-1-82-0-0,0.019607970662730494,18.35353,gene_signature,1.0,pass
AGGCCGTTCACAACGT-1-82-0-0,0.03431282399773044,9.351376,gene_signature,1.0,pass
AGGGAGTCAGACACTT-1-82-0-0,0.01676002384631275,19.252758,gene_signature,1.0,pass
AGGGAGTTCACTTACT-1-82-0-0,0.004918243289233731,16.223059,gene_signature,1.0,pass
AGGGATGCAAAGTCAA-1-82-0-0,0.005630556448478847,20.106632,gene_signature,1.0,pass
AGGGATGGTATTCTCT-1-82-0-0,0.009004127839200939,19.90508,gene_signature,1.0,pass
AGGGATGTCCAAATGC-1-82-0-0,0.09168086157866726,18.68922,gene_signature,1.0,pass
AGGGATGTCCTGCTTG-1-82-0-0,0.010904073478527001,21.397793,gene_signature,1.0,pass
AGGGTGAGTCCTCTTG-1-82-0-0,0.010587204501268602,17.093166,gene_signature,1.0,pass
AGGTCCGAGATCTGAA-1-82-0-0,0.01793456311714571,18.175531,gene_signature,1.0,pass
AGGTCCGCAGGCTGAA-1-82-0-0,0.013588911505407439,15.695625,gene_signature,1.0,pass
AGGTCCGGTAAGGATT-1-82-0-0,0.12300485170251511,14.001805,gene_signature,1.0,pass
AGGTCCGTCCTTTACA-1-82-0-0,0.3000794032439903,9.373171,gene_signature,1.0,pass
AGTAGTCGTCTAACGT-1-82-0-0,0.01443483231142086,15.81517,gene_signature,1.0,pass
AGTAGTCGTTGGACCC-1-82-0-0,0.004804761688289439,16.184309,gene_signature,1.0,pass
AGTCTTTGTAGAAAGG-1-82-0-0,0.11110896554726568,17.431517,gene_signature,1.0,pass
AGTGTCAAGGCATGTG-1-82-0-0,0.05187056846592055,9.349613,gene_signature,1.0,pass
AGTGTCAAGGCGACAT-1-82-0-0,0.03964737234042137,12.749046,gene_signature,1.0,pass
AGTTGGTAGCGTTTAC-1-82-0-0,0.0062621715606151155,14.856943,gene_signature,1.0,pass
AGTTGGTGTCCCGACA-1-82-0-0,0.03878328623051705,21.307905,gene_signature,1.0,pass
ATAACGCAGCGATCCC-1-82-0-0,0.05149316422562443,15.429186,gene_signature,1.0,pass
ATAACGCTCGGCCGAT-1-82-0-0,0.23723841482622138,13.494235,gene_signature,1.0,pass
ATCACGAGTAAAGTCA-1-82-0-0,0.014015253321530936,15.028391,gene_signature,1.0,pass
ATCACGATCTCGAGTA-1-82-0-0,0.11282943188152164,17.029593,gene_signature,1.0,pass
ATCACGATCTTGCATT-1-82-0-0,0.020238526700473367,16.941547,gene_signature,1.0,pass
ATCATCTAGCGACGTA-1-82-0-0,0.007991592780389186,20.404005,gene_signature,1.0,pass
ATCATCTAGCGTCAAG-1-82-0-0,0.12586431685123314,10.01026,gene_signature,1.0,pass
ATCATCTGTGAAGGCT-1-82-0-0,0.019034812460765306,15.1555605,gene_signature,1.0,pass
ATCATGGGTTCAGTAC-1-82-0-0,0.027965130543907573,17.441914,gene_signature,1.0,pass
ATCCACCCAGCCAGAA-1-82-0-0,0.1375576354848949,14.715439,gene_signature,1.0,pass
ATCCACCTCCCTTGCA-1-82-0-0,0.12496127072018177,14.517496,gene_signature,1.0,pass
ATCCGAAAGGACTGGT-1-82-0-0,0.08376320940198786,14.1026945,gene_signature,1.0,pass
ATCCGAAAGGGTCTCC-1-82-0-0,0.09073284233190985,21.43134,gene_signature,1.0,pass
ATCGAGTGTGTCCTCT-1-82-0-0,0.008521718245708191,17.98424,gene_signature,1.0,pass
ATCTACTAGACAGACC-1-82-0-0,0.1512884012315709,18.990387,gene_signature,1.0,pass
ATCTGCCAGGCTATCT-1-82-0-0,0.02758229121284574,16.636562,gene_signature,1.0,pass
ATGAGGGAGAAGGCCT-1-82-0-0,0.01614218662677195,14.764307,gene_signature,1.0,pass
ATGGGAGCATCCCACT-1-82-0-0,0.0016419500580722307,19.364407,gene_signature,1.0,pass
ATGTGTGAGCGCCTCA-1-82-0-0,0.004583931020222227,21.416378,gene_signature,1.0,pass
ATGTGTGCACTCAGGC-1-82-0-0,0.14561339276591292,12.244223,gene_signature,1.0,pass
ATGTGTGTCTACCAGA-1-82-0-0,0.04801768001049047,13.680101,gene_signature,1.0,pass
ATTACTCTCTGCTGCT-1-82-0-0,0.0876508720742331,14.73248,gene_signature,1.0,pass
ATTATCCAGCGATCCC-1-82-0-0,0.010986930603912667,13.252731,gene_signature,1.0,pass
ATTATCCGTCGACTGC-1-82-0-0,0.028677767922565007,12.427294,gene_signature,1.0,pass
ATTCTACCAGGAATGC-1-82-0-0,0.0036045550525468685,14.7321415,gene_signature,1.0,pass
ATTCTACTCTGCAGTA-1-82-0-0,0.06534384833244444,16.228634,gene_signature,1.0,pass
ATTGGACGTCAGCTAT-1-82-0-0,0.01600482987014156,16.510637,gene_signature,1.0,pass
ATTGGTGGTGCTGTAT-1-82-0-0,0.03478696595479867,12.942963,gene_signature,1.0,pass
ATTTCTGCACAGGCCT-1-82-0-0,0.02235305975958237,17.669827,gene_signature,1.0,pass
ATTTCTGGTAGGAGTC-1-82-0-0,0.12426705757088496,16.648798,gene_signature,1.0,pass
ATTTCTGGTGAAAGAG-1-82-0-0,0.016249832844257385,13.16907,gene_signature,1.0,pass
ATTTCTGTCATTGCCC-1-82-0-0,0.03737987823026327,13.649483,gene_signature,1.0,pass
ATTTCTGTCTGATTCT-1-82-0-0,0.06334791852553101,15.296985,gene_signature,1.0,pass
CAACCAAGTGGCTCCA-1-82-0-0,0.15342347607909942,9.549754,gene_signature,1.0,pass
CAACCTCTCTGTACGA-1-82-0-0,0.007330967781889709,20.128069,gene_signature,1.0,pass
CAAGAAACACTAGTAC-1-82-0-0,0.004811565612902648,14.951772,gene_signature,1.0,pass
CAAGGCCAGAGAACAG-1-82-0-0,0.02164963394336391,20.966518,gene_signature,1.0,pass
CAAGGCCGTCTAGTCA-1-82-0-0,0.061885154914888454,13.100736,gene_signature,1.0,pass
CAAGGCCGTTCCTCCA-1-82-0-0,0.005057642220105898,10.225629,gene_signature,1.0,pass
CAAGTTGGTAGGCATG-1-82-0-0,0.0056792311531236855,19.006357,gene_signature,1.0,pass
CAAGTTGGTCCGAGTC-1-82-0-0,0.09463714933651904,10.816793,gene_signature,1.0,pass
CACACAAAGTGTCTCA-1-82-0-0,0.020682423550381638,15.863905,gene_signature,1.0,pass
CACACAACAAGAAGAG-1-82-0-0,0.0047952254222273,15.601619,gene_signature,1.0,pass
CACACAACAAGTTGTC-1-82-0-0,0.06867057939264014,19.323326,gene_signature,1.0,pass
CACACAACACGAGAGT-1-82-0-0,0.028381722252639102,17.719845,gene_signature,1.0,pass
CACACAACATCGATTG-1-82-0-0,0.020172012894200574,17.116367,gene_signature,1.0,pass
CACACCTCACTGTGTA-1-82-0-0,0.00596158096475365,17.219082,gene_signature,1.0,pass
CACACCTGTCTGGAGA-1-82-0-0,0.00949721616187039,17.74172,gene_signature,1.0,pass
CACAGGCAGAGTGACC-1-82-0-0,0.004096287760361866,21.084919,gene_signature,1.0,pass
CACAGGCGTTGGTAAA-1-82-0-0,0.02571981424312113,17.638569,gene_signature,1.0,pass
CACAGGCTCTCGAGTA-1-82-0-0,0.04948910343316165,17.56229,gene_signature,1.0,pass
CACATAGAGGTACTCT-1-82-0-0,0.006357874429550081,20.384884,gene_signature,1.0,pass
CACATAGGTCCATCCT-1-82-0-0,0.07387332163950938,14.90403,gene_signature,1.0,pass
CACATTTAGCACAGGT-1-82-0-0,0.014491697934998432,14.734453,gene_signature,1.0,pass
CACATTTCAAGTAATG-1-82-0-0,0.0055395069370603525,20.261902,gene_signature,1.0,pass
CACATTTTCGTTTAGG-1-82-0-0,0.013595519413002629,17.987835,gene_signature,1.0,pass
CACCACTAGACTAGAT-1-82-0-0,0.02217943509221867,11.759638,gene_signature,1.0,pass
CACCACTGTCACCTAA-1-82-0-0,0.10384613203646878,16.177,gene_signature,1.0,pass
CACCTTGAGTGTCTCA-1-82-0-0,0.11031371301965787,18.365763,gene_signature,1.0,pass
CACCTTGCACTTAAGC-1-82-0-0,0.006949889055295841,19.914364,gene_signature,1.0,pass
CACCTTGCAGGTTTCA-1-82-0-0,0.0928221097188355,14.302031,gene_signature,1.0,pass
CACCTTGGTGTTAAGA-1-82-0-0,0.009641823539227422,20.885769,gene_signature,1.0,pass
CACTCCACAAGTAATG-1-82-0-0,0.0364582522504274,9.194176,gene_signature,1.0,pass
CAGAATCCACGGACAA-1-82-0-0,0.18315411948752153,14.002832,gene_signature,1.0,pass
CAGAATCCAGTCGATT-1-82-0-0,0.02180522768242525,13.10422,gene_signature,1.0,pass
CAGAATCGTCAATACC-1-82-0-0,0.0955167695891708,15.207582,gene_signature,1.0,pass
CAGAATCGTTAAGTAG-1-82-0-0,0.12244666236783597,11.943094,gene_signature,1.0,pass
CAGAGAGAGACAAAGG-1-82-0-0,0.019720413289656336,14.45783,gene_signature,1.0,pass
CAGAGAGGTGTAATGA-1-82-0-0,0.015110373134713403,15.5692625,gene_signature,1.0,pass
CAGAGAGGTTACAGAA-1-82-0-0,0.009785047328635913,15.61348,gene_signature,1.0,pass
CAGATCAGTAAGTAGT-1-82-0-0,0.12157670940678247,17.610699,gene_signature,1.0,pass
CAGCAGCGTGAAGGCT-1-82-0-0,0.01517449282609098,11.403948,gene_signature,1.0,pass
CAGCATACAGGCTGAA-1-82-0-0,0.01152120118725036,15.4624605,gene_signature,1.0,pass
CAGCGACAGTCTCCTC-1-82-0-0,0.020960301559631245,12.506052,gene_signature,1.0,pass
CAGCGACTCTTGACGA-1-82-0-0,0.14249216334396994,11.67714,gene_signature,1.0,pass
CAGCTAAAGGATGTAT-1-82-0-0,0.011668914942633186,14.387962,gene_signature,1.0,pass
CAGCTAAGTGCTCTTC-1-82-0-0,0.11216196513238941,15.8886595,gene_signature,1.0,pass
CAGCTAATCAGCAACT-1-82-0-0,0.038027639341552386,18.085468,gene_signature,1.0,pass
CAGCTAATCTCTAGGA-1-82-0-0,0.017392814067043703,15.557135,gene_signature,1.0,pass
CAGCTGGAGGACAGAA-1-82-0-0,0.014949833100091675,15.116661,gene_signature,1.0,pass
CAGGTGCCAGCAGTTT-1-82-0-0,0.061161250878002546,11.136678,gene_signature,1.0,pass
CAGGTGCGTCCAAGTT-1-82-0-0,0.1160569144342252,17.39095,gene_signature,1.0,pass
CATATGGCATCAGTAC-1-82-0-0,0.1631288338940537,11.432216,gene_signature,1.0,pass
CATATTCAGACGCAAC-1-82-0-0,0.11817540888609875,8.80546,gene_signature,1.0,pass
CATATTCAGCACACAG-1-82-0-0,0.06542181923102826,12.194061,gene_signature,1.0,pass
CATATTCGTCTTGCGG-1-82-0-0,0.101933052615822,19.394985,gene_signature,1.0,pass
CATCAAGCAGACGCAA-1-82-0-0,0.10282734847802308,15.295935,gene_signature,1.0,pass
CATCAAGTCCTAGTGA-1-82-0-0,0.006435424446270516,12.56264,gene_signature,1.0,pass
CATCAGAAGTTGAGTA-1-82-0-0,0.03141959437651211,16.362576,gene_signature,1.0,pass
CATCCACAGGTGCAAC-1-82-0-0,0.016235647205135723,11.939509,gene_signature,1.0,pass
CATCCACAGTGCGTGA-1-82-0-0,0.07523889182090308,14.124283,gene_signature,1.0,pass
CATCCACCAGACGCCT-1-82-0-0,0.07485658935251857,18.858992,gene_signature,1.0,pass
CATCCACTCGACAGCC-1-82-0-0,0.01790727741585623,21.681107,gene_signature,1.0,pass
CATCGAACAGCTTCGG-1-82-0-0,0.01750090921253651,14.870992,gene_signature,1.0,pass
CATCGAAGTTTGCATG-1-82-0-0,0.01757867598539866,17.196629,gene_signature,1.0,pass
CATCGGGGTACCAGTT-1-82-0-0,0.09062726045920497,14.803633,gene_signature,1.0,pass
CATGACATCGAACGGA-1-82-0-0,0.037734987125604795,17.704884,gene_signature,1.0,pass
CATGCCTAGTACATGA-1-82-0-0,0.006233478785990851,14.640964,gene_signature,1.0,pass
CATGGCGCACGTCTCT-1-82-0-0,0.06006008177018761,18.874609,gene_signature,1.0,pass
CATTCGCCACAACTGT-1-82-0-0,0.07745905814419667,13.827067,gene_signature,1.0,pass
CATTCGCCATGTAGTC-1-82-0-0,0.13799899118904904,16.920395,gene_signature,1.0,pass
CCAATCCCAGTATAAG-1-82-0-0,0.010667031426021588,14.351832,gene_signature,1.0,pass
CCAATCCTCTAACCGA-1-82-0-0,0.053893684645318386,13.533859,gene_signature,1.0,pass
CCACGGAGTACTCAAC-1-82-0-0,0.17914608113581493,14.885943,gene_signature,1.0,pass
CCACTACAGAACTGTA-1-82-0-0,0.035208752196811764,13.058126,gene_signature,1.0,pass
CCACTACCAATAACGA-1-82-0-0,0.24344226073296346,13.940738,gene_signature,1.0,pass
CCACTACGTAGGACAC-1-82-0-0,0.026655598063493092,9.969374,gene_signature,1.0,pass
CCACTACGTTGACGTT-1-82-0-0,0.19351485703208904,10.836004,gene_signature,1.0,pass
CCAGCGAAGCCACGCT-1-82-0-0,0.07346867877050396,12.693304,gene_signature,1.0,pass
CCAGCGAAGTAGCGGT-1-82-0-0,0.010268612455794754,19.495989,gene_signature,1.0,pass
CCAGCGACATTACCTT-1-82-0-0,0.01554498747028738,20.19761,gene_signature,1.0,pass
CCAGCGAGTCGCGTGT-1-82-0-0,0.009230836978511266,15.960614,gene_signature,1.0,pass
CCAGCGATCAGAAATG-1-82-0-0,0.17441878089361565,13.289073,gene_signature,1.0,pass
CCATGTCCAGATCCAT-1-82-0-0,0.20195675176243566,17.268177,gene_signature,1.0,pass
CCATGTCGTCACCCAG-1-82-0-0,0.048980466612281386,10.6150055,gene_signature,1.0,pass
CCATGTCGTGGTAACG-1-82-0-0,0.011130556681269417,11.343547,gene_signature,1.0,pass
CCCATACTCCCATTTA-1-82-0-0,0.02930905932180517,12.013529,gene_signature,1.0,pass
CCCATACTCCGGCACA-1-82-0-0,0.018210789824991355,18.98525,gene_signature,1.0,pass
CCCTCCTAGAAGATTC-1-82-0-0,0.031115654028841155,22.185635,gene_signature,1.0,pass
CCCTCCTAGGTGTTAA-1-82-0-0,0.08363409057760994,13.563667,gene_signature,1.0,pass
CCCTCCTAGTGCTGCC-1-82-0-0,0.07093521122522595,14.097262,gene_signature,1.0,pass
CCGGGATTCTTGACGA-1-82-0-0,0.10645157758178354,8.6607065,gene_signature,1.0,pass
CCGGTAGAGAAGCCCA-1-82-0-0,0.009846284068588835,18.134014,gene_signature,1.0,pass
CCGGTAGAGTGGTAGC-1-82-0-0,0.029118812537916004,12.911116,gene_signature,1.0,pass
CCGGTAGGTCTCTTAT-1-82-0-0,0.1544904418118037,15.546803,gene_signature,1.0,pass
CCGGTAGTCAGCGACC-1-82-0-0,0.011206250304133506,19.618061,gene_signature,1.0,pass
CCGGTAGTCCTAGGGC-1-82-0-0,0.1693398225457269,11.437182,gene_signature,1.0,pass
CCGTACTCAATGTAAG-1-82-0-0,0.06488333418058435,20.43375,gene_signature,1.0,pass
CCGTGGAAGGCAGGTT-1-82-0-0,0.08908072108625038,16.370228,gene_signature,1.0,pass
CCGTTCATCAAGATCC-1-82-0-0,0.04082178465743229,19.373814,gene_signature,1.0,pass
CCTAAAGGTTGTGGCC-1-82-0-0,0.01087664944116882,21.802937,gene_signature,1.0,pass
CCTACACGTAGCGCAA-1-82-0-0,0.3230022125752182,20.545094,gene_signature,1.0,pass
CCTACACGTATCACCA-1-82-0-0,0.008054868021515149,16.548832,gene_signature,1.0,pass
CCTACACTCATCGCTC-1-82-0-0,0.27977397352052513,16.676086,gene_signature,1.0,pass
CCTAGCTAGAATGTTG-1-82-0-0,0.03950215086231079,13.683072,gene_signature,1.0,pass
CCTAGCTTCACAACGT-1-82-0-0,0.28130737071711714,8.850974,gene_signature,1.0,pass
CCTATTAGTCATGCAT-1-82-0-0,0.044513739734629174,19.002022,gene_signature,1.0,pass
CCTCAGTAGAAGAAGC-1-82-0-0,0.01838880576021882,16.948044,gene_signature,1.0,pass
CCTCTGAAGTTGAGTA-1-82-0-0,0.01771006786686027,13.978979,gene_signature,1.0,pass
CCTTACGAGAGCTGCA-1-82-0-0,0.022305754854219213,19.633396,gene_signature,1.0,pass
CCTTACGCAGACAAAT-1-82-0-0,0.02010415797548654,15.613382,gene_signature,1.0,pass
CCTTACGGTTACGGAG-1-82-0-0,0.03613035326793486,13.669159,gene_signature,1.0,pass
CCTTACGTCACCGTAA-1-82-0-0,0.010984694287998916,16.655018,gene_signature,1.0,pass
CCTTCCCTCAACACCA-1-82-0-0,0.01366925532352201,17.380634,gene_signature,1.0,pass
CCTTCCCTCGATGAGG-1-82-0-0,0.030484083125497163,13.660296,gene_signature,1.0,pass
CCTTCGATCAACCATG-1-82-0-0,0.005576943149638734,13.000658,gene_signature,1.0,pass
CCTTTCTAGCGTGTCC-1-82-0-0,0.004578153749222173,15.965137,gene_signature,1.0,pass
CCTTTCTGTAAGGGAA-1-82-0-0,0.01018236084247775,11.369952,gene_signature,1.0,pass
CCTTTCTGTGTTAAGA-1-82-0-0,0.021125785258342793,15.709572,gene_signature,1.0,pass
CGAACATAGGGATCTG-1-82-0-0,0.019890731893797312,15.234233,gene_signature,1.0,pass
CGAACATTCGTTACAG-1-82-0-0,0.07161217832499586,21.717413,gene_signature,1.0,pass
CGAACATTCTGCCCTA-1-82-0-0,0.0071359216647436195,18.66315,gene_signature,1.0,pass
CGACCTTCAAGTTCTG-1-82-0-0,0.021391136901175663,18.488468,gene_signature,1.0,pass
CGACCTTCACTAAGTC-1-82-0-0,0.1290858748139116,13.674952,gene_signature,1.0,pass
CGACTTCAGTTGTAGA-1-82-0-0,0.07104699384650046,21.034676,gene_signature,1.0,pass
CGACTTCGTCTAAACC-1-82-0-0,0.015502611662828148,18.700518,gene_signature,1.0,pass
CGACTTCGTTGAGTTC-1-82-0-0,0.029060991993570574,18.440458,gene_signature,1.0,pass
CGAGAAGCACCTATCC-1-82-0-0,0.051459115111841466,17.380657,gene_signature,1.0,pass
CGATCGGCAGCAGTTT-1-82-0-0,0.03676133940091002,21.875317,gene_signature,1.0,pass
CGATCGGGTCGGATCC-1-82-0-0,0.01212997441236353,17.70861,gene_signature,1.0,pass
CGATCGGGTTACCAGT-1-82-0-0,0.019654190799654525,19.09286,gene_signature,1.0,pass
CGATGTAAGCTCCCAG-1-82-0-0,0.09744646601785564,15.198712,gene_signature,1.0,pass
CGATTGATCTGTTTGT-1-82-0-0,0.042754919043269266,9.182487,gene_signature,1.0,pass
CGCCAAGAGGGTTCCC-1-82-0-0,0.08165104014040624,13.4160185,gene_signature,1.0,pass
CGCCAAGAGTACGATA-1-82-0-0,0.029521910180069222,21.472548,gene_signature,1.0,pass
CGCCAAGCATCCAACA-1-82-0-0,0.1912575834371992,18.603617,gene_signature,1.0,pass
CGCCAAGGTGAGGGAG-1-82-0-0,0.25840387070913456,15.049995,gene_signature,1.0,pass
CGCGGTAGTGATGATA-1-82-0-0,0.012516577198478391,15.433569,gene_signature,1.0,pass
CGCGGTATCCTCCTAG-1-82-0-0,0.04959154086945564,15.529615,gene_signature,1.0,pass
CGCGTTTTCATCACCC-1-82-0-0,0.0046932896054252965,12.66718,gene_signature,1.0,pass
CGCTATCAGATGTCGG-1-82-0-0,0.011379716897973314,15.085424,gene_signature,1.0,pass
CGCTATCCACAACTGT-1-82-0-0,0.038212517107174104,14.126108,gene_signature,1.0,pass
CGCTGGAAGACTGTAA-1-82-0-0,0.059766290107023654,17.024088,gene_signature,1.0,pass
CGCTTCACACGACGAA-1-82-0-0,0.08868418255602674,10.684777,gene_signature,1.0,pass
CGCTTCACATACCATG-1-82-0-0,0.42881739041167455,15.403936,gene_signature,1.0,pass
CGGACGTAGGATGTAT-1-82-0-0,0.12206083993034955,14.6954975,gene_signature,1.0,pass
CGGACGTGTGAAAGAG-1-82-0-0,0.0342974756223592,13.237473,gene_signature,1.0,pass
CGGCTAGAGGTGATAT-1-82-0-0,0.009860908378511992,20.303463,gene_signature,1.0,pass
CGGCTAGCAGTTCATG-1-82-0-0,0.012114995030168784,15.993322,gene_signature,1.0,pass
CGGCTAGCATGATCCA-1-82-0-0,0.006133924345967226,12.777847,gene_signature,1.0,pass
CGGCTAGGTACATCCA-1-82-0-0,0.008958592087777554,13.336197,gene_signature,1.0,pass
CGGGTCATCTGATACG-1-82-0-0,0.13797979820698783,10.470577,gene_signature,1.0,pass
CGGTTAAAGGGAACGG-1-82-0-0,0.12955557126408437,16.781487,gene_signature,1.0,pass
CGGTTAACAAGGTGTG-1-82-0-0,0.2207019213468273,17.883772,gene_signature,1.0,pass
CGGTTAACAGTTCATG-1-82-0-0,0.10271036505444586,20.079197,gene_signature,1.0,pass
CGTAGCGAGCATGGCA-1-82-0-0,0.01964651950236278,15.520215,gene_signature,1.0,pass
CGTAGGCAGATACACA-1-82-0-0,0.07935329437072483,12.482514,gene_signature,1.0,pass
CGTAGGCAGCACACAG-1-82-0-0,0.06436286274910245,15.767906,gene_signature,1.0,pass
CGTAGGCAGTCTCCTC-1-82-0-0,0.032016945027607525,17.668213,gene_signature,1.0,pass
CGTAGGCCACATAACC-1-82-0-0,0.021904292166669295,17.952871,gene_signature,1.0,pass
CGTCACTAGTCGCCGT-1-82-0-0,0.014833202542465517,16.824738,gene_signature,1.0,pass
CGTCACTGTACCGCTG-1-82-0-0,0.007864426819124894,16.887785,gene_signature,1.0,pass
CGTCAGGAGCCAGAAC-1-82-0-0,0.6443368216484607,13.150884,gene_signature,1.0,pass
CGTCCATAGTCTTGCA-1-82-0-0,0.21158487697686645,14.486303,gene_signature,1.0,pass
CGTCTACAGAGACTAT-1-82-0-0,0.013401237887449716,16.904568,gene_signature,1.0,pass
CGTCTACCAGGATTGG-1-82-0-0,0.005935371838038527,13.975929,gene_signature,1.0,pass
CGTGAGCAGGACAGAA-1-82-0-0,0.018323983599678954,16.78177,gene_signature,1.0,pass
CGTGAGCAGTCGAGTG-1-82-0-0,0.14063793986600398,18.562962,gene_signature,1.0,pass
CGTGAGCCACATTTCT-1-82-0-0,0.019165008034658898,11.582178,gene_signature,1.0,pass
CGTGAGCGTTTGGGCC-1-82-0-0,0.42060609588268927,9.974472,gene_signature,1.0,pass
CGTGAGCTCAGCTCGG-1-82-0-0,0.0226229017462423,14.251831,gene_signature,1.0,pass
CGTGTCTCAAGCTGTT-1-82-0-0,0.14890743177858928,10.99235,gene_signature,1.0,pass
CGTGTCTGTTAGGGTG-1-82-0-0,0.007877033098964205,12.674698,gene_signature,1.0,pass
CGTTAGAAGCACCGCT-1-82-0-0,0.026830601023091243,20.922573,gene_signature,1.0,pass
CGTTAGAGTTTGGGCC-1-82-0-0,0.012311703571196174,9.396926,gene_signature,1.0,pass
CGTTAGATCCCTGACT-1-82-0-0,0.010768663847270207,14.751841,gene_signature,1.0,pass
CGTTCTGAGCAATATG-1-82-0-0,0.10803939462779141,12.222463,gene_signature,1.0,pass
CGTTGGGCACCACGTG-1-82-0-0,0.01402874373299626,14.354945,gene_signature,1.0,pass
CGTTGGGCACGCTTTC-1-82-0-0,0.010786395347770006,20.258192,gene_signature,1.0,pass
CGTTGGGGTATAGGTA-1-82-0-0,0.016765391225562757,13.470843,gene_signature,1.0,pass
CGTTGGGGTTCCACTC-1-82-0-0,0.016292990934233524,21.788677,gene_signature,1.0,pass
CTAACTTCACATGACT-1-82-0-0,0.013550190468886333,14.296219,gene_signature,1.0,pass
CTAAGACAGCAGCCTC-1-82-0-0,0.03496281792008825,18.948977,gene_signature,1.0,pass
CTAAGACAGGGAGTAA-1-82-0-0,0.016312443026342556,21.671974,gene_signature,1.0,pass
CTAAGACAGGTTCCTA-1-82-0-0,0.1941200877751793,18.367933,gene_signature,1.0,pass
CTAATGGGTCTTTCAT-1-82-0-0,0.017987519174700366,16.489748,gene_signature,1.0,pass
CTAATGGTCCCATTTA-1-82-0-0,0.09298701793585844,14.206024,gene_signature,1.0,pass
CTACACCCAGCTGTGC-1-82-0-0,0.17339986102178637,9.18613,gene_signature,1.0,pass
CTACACCTCCATTCTA-1-82-0-0,0.04044072160005191,21.90675,gene_signature,1.0,pass
CTACACCTCGTCGTTC-1-82-0-0,0.03859862459044132,12.996147,gene_signature,1.0,pass
CTACATTAGCACGCCT-1-82-0-0,0.08539150692066076,12.65025,gene_signature,1.0,pass
CTACATTCAAGTTCTG-1-82-0-0,0.08257028259128911,14.688283,gene_signature,1.0,pass
CTACATTCACTGTGTA-1-82-0-0,0.006111303095726464,22.037695,gene_signature,1.0,pass
CTACCCAGTACAGTGG-1-82-0-0,0.4204930529539574,17.351484,gene_signature,1.0,pass
CTACGTCAGGCATTGG-1-82-0-0,0.2607362133310798,11.81521,gene_signature,1.0,pass
CTACGTCCAGGACCCT-1-82-0-0,0.08322208045226157,21.657398,gene_signature,1.0,pass
CTACGTCGTGATAAGT-1-82-0-0,0.02683238900309528,15.26559,gene_signature,1.0,pass
CTACGTCTCCCGGATG-1-82-0-0,0.008337758061444378,14.933843,gene_signature,1.0,pass
CTAGAGTCAGCATACT-1-82-0-0,0.049103027976379346,17.224596,gene_signature,1.0,pass
CTAGCCTCATCCGTGG-1-82-0-0,0.016996786076374625,16.43347,gene_signature,1.0,pass
CTAGCCTTCAAAGTAG-1-82-0-0,0.008922572845835548,17.543102,gene_signature,1.0,pass
CTAGCCTTCCCAGGTG-1-82-0-0,0.027471516541836605,11.263212,gene_signature,1.0,pass
CTAGCCTTCTTGTCAT-1-82-0-0,0.016426680309624714,14.339716,gene_signature,1.0,pass
CTCACACAGATTACCC-1-82-0-0,0.005443164278848151,12.9012375,gene_signature,1.0,pass
CTCAGAAGTCTTCAAG-1-82-0-0,0.012202335721357814,12.331824,gene_signature,1.0,pass
CTCAGAATCACATAGC-1-82-0-0,0.02061739301720892,16.019588,gene_signature,1.0,pass
CTCATTAAGCTGCGAA-1-82-0-0,0.0662550944180916,14.817177,gene_signature,1.0,pass
CTCATTATCATGTCCC-1-82-0-0,0.34004095885112273,14.470785,gene_signature,1.0,pass
CTCCTAGCAACACCCG-1-82-0-0,0.009029435802854242,18.353146,gene_signature,1.0,pass
CTCCTAGCAGGTCGTC-1-82-0-0,0.10067538938177437,13.72563,gene_signature,1.0,pass
CTCCTAGGTAGAGGAA-1-82-0-0,0.009307235202763445,17.007542,gene_signature,1.0,pass
CTCCTAGTCTACTCAT-1-82-0-0,0.07516944974889364,7.844204,gene_signature,1.0,pass
CTCCTAGTCTGCTTGC-1-82-0-0,0.03546335088298183,14.680496,gene_signature,1.0,pass
CTCGAAAAGAAACGCC-1-82-0-0,0.07952147751430927,16.502459,gene_signature,1.0,pass
CTCGGAGGTTAAGAAC-1-82-0-0,0.13808035112443137,18.209476,gene_signature,1.0,pass
CTCGGGAAGAGCCCAA-1-82-0-0,0.019727294300130142,21.18095,gene_signature,1.0,pass
CTCGTACCAGACAAGC-1-82-0-0,0.008818314665534515,17.003294,gene_signature,1.0,pass
CTCGTCAAGTGAAGTT-1-82-0-0,0.01741968302221437,18.901207,gene_signature,1.0,pass
CTCGTCACAAACTGTC-1-82-0-0,0.06936607323588725,10.898166,gene_signature,1.0,pass
CTCGTCAGTGAAATCA-1-82-0-0,0.011377707556168104,17.7803,gene_signature,1.0,pass
CTCTAATAGTCACGCC-1-82-0-0,0.02463629926069367,15.709442,gene_signature,1.0,pass
CTCTAATTCTCCGGTT-1-82-0-0,0.14861370566668883,16.453047,gene_signature,1.0,pass
CTGAAGTAGGACCACA-1-82-0-0,0.19810637389939956,15.469518,gene_signature,1.0,pass
CTGATAGTCGTTGCCT-1-82-0-0,0.3127681453306319,17.001902,gene_signature,1.0,pass
CTGCCTAGTCAGATAA-1-82-0-0,0.013850103443117243,16.297848,gene_signature,1.0,pass
CTGCGGACAACACGCC-1-82-0-0,0.0033633742710522836,20.940763,gene_signature,1.0,pass
CTGCGGAGTTGGGACA-1-82-0-0,0.0288372158542347,14.600558,gene_signature,1.0,pass
CTGCTGTCAAGCCGTC-1-82-0-0,0.021160452049587084,14.556422,gene_signature,1.0,pass
CTGCTGTTCAAACCGT-1-82-0-0,0.012337637358299732,20.595623,gene_signature,1.0,pass
CTGCTGTTCTCTGCTG-1-82-0-0,0.033813367930389436,18.1375,gene_signature,1.0,pass
CTGGTCTTCTTTACAC-1-82-0-0,0.01068153302504634,16.363277,gene_signature,1.0,pass
CTTAACTCAGACAAGC-1-82-0-0,0.005752444687460383,16.26688,gene_signature,1.0,pass
CTTAACTCATATGCTG-1-82-0-0,0.037608518655615264,15.442096,gene_signature,1.0,pass
CTTAACTGTAAGTGTA-1-82-0-0,0.008044127588929419,16.369688,gene_signature,1.0,pass
CTTACCGAGTCTCAAC-1-82-0-0,0.05510956582256995,16.240236,gene_signature,1.0,pass
CTTACCGCATGTAAGA-1-82-0-0,0.0019255565425414247,15.047983,gene_signature,1.0,pass
CTTAGGAAGTGTCCAT-1-82-0-0,0.03512376948645943,17.898453,gene_signature,1.0,pass
CTTAGGACATGCCTTC-1-82-0-0,0.03774530410107097,12.223379,gene_signature,1.0,pass
CTTCTCTCAATGAAAC-1-82-0-0,0.027398458146400163,19.5171,gene_signature,1.0,pass
CTTCTCTGTAAAGGAG-1-82-0-0,0.03476719538087683,14.2517395,gene_signature,1.0,pass
CTTGGCTAGGTACTCT-1-82-0-0,0.08209576557290499,13.253958,gene_signature,1.0,pass
CTTTGCGGTCAGAATA-1-82-0-0,0.1402569906763733,19.253254,gene_signature,1.0,pass
GAAACTCAGCCCAGCT-1-82-0-0,0.008177788882051088,20.955738,gene_signature,1.0,pass
GAAACTCTCAATACCG-1-82-0-0,0.021587458217061803,20.467262,gene_signature,1.0,pass
GAAATGAAGAGCCTAG-1-82-0-0,0.01008435060300829,17.16672,gene_signature,1.0,pass
GAAATGACAAGCGTAG-1-82-0-0,0.03490657955746991,19.117004,gene_signature,1.0,pass
GAACATCAGAAGATTC-1-82-0-0,0.19031688179314968,6.946584,gene_signature,1.0,pass
GAACATCGTACTCAAC-1-82-0-0,0.015710191251199428,19.087986,gene_signature,1.0,pass
GAACATCGTCCTCCAT-1-82-0-0,0.03913224057879887,16.557798,gene_signature,1.0,pass
GAACCTATCTAAGCCA-1-82-0-0,0.05911470217266949,11.594731,gene_signature,1.0,pass
GAACGGAAGGTCGGAT-1-82-0-0,0.03703801524663177,13.777678,gene_signature,1.0,pass
GAACGGATCATCATTC-1-82-0-0,0.003229027678141963,18.257008,gene_signature,1.0,pass
GAAGCAGGTTTGTTTC-1-82-0-0,0.018080383978920193,18.787106,gene_signature,1.0,pass
GAATAAGAGTACGCCC-1-82-0-0,0.0248506766891667,16.525236,gene_signature,1.0,pass
GAATAAGGTTACGTCA-1-82-0-0,0.03518963350326061,18.249882,gene_signature,1.0,pass
GACGCGTCAATGAAAC-1-82-0-0,0.013501363681890213,16.120365,gene_signature,1.0,pass
GACGCGTCATGAGCGA-1-82-0-0,0.04849888947400395,12.467648,gene_signature,1.0,pass
GACGCGTTCCTACAGA-1-82-0-0,0.027214075814238847,14.677881,gene_signature,1.0,pass
GACGGCTAGACTCGGA-1-82-0-0,0.027792420155557003,17.599865,gene_signature,1.0,pass
GACGGCTCAGATCTGT-1-82-0-0,0.07366837718898087,10.928789,gene_signature,1.0,pass
GACGGCTCAGGAATCG-1-82-0-0,0.046255796748802175,14.709238,gene_signature,1.0,pass
GACGTTAGTATTCGTG-1-82-0-0,0.023396517597526322,21.780613,gene_signature,1.0,pass
GACGTTAGTCCTGCTT-1-82-0-0,0.011041286475417569,19.807987,gene_signature,1.0,pass
GACGTTATCGTTGCCT-1-82-0-0,0.042881510409832346,17.570246,gene_signature,1.0,pass
GACTAACCATCTGGTA-1-82-0-0,0.04801842732478474,17.115492,gene_signature,1.0,pass
GACTAACGTGTTCGAT-1-82-0-0,0.021150939699103973,20.50092,gene_signature,1.0,pass
GACTAACTCGGTGTCG-1-82-0-0,0.04235664199936543,16.00731,gene_signature,1.0,pass
GACTACAAGCGAGAAA-1-82-0-0,0.01324960278306026,16.535093,gene_signature,1.0,pass
GACTACAAGCTAGTTC-1-82-0-0,0.1586360655463593,14.648628,gene_signature,1.0,pass
GACTACAGTGGTAACG-1-82-0-0,0.23898932890600158,14.867442,gene_signature,1.0,pass
GACTACATCTGCTGTC-1-82-0-0,0.11128377630402922,16.192366,gene_signature,1.0,pass
GACTGCGCAGCGTTCG-1-82-0-0,0.007504857952003731,22.153542,gene_signature,1.0,pass
GAGGTGATCTACTATC-1-82-0-0,0.05190015395555203,16.673721,gene_signature,1.0,pass
GAGTCCGGTTGAGGTG-1-82-0-0,0.009064130811224778,15.18294,gene_signature,1.0,pass
GAGTCCGTCTACGAGT-1-82-0-0,0.09252971778694422,20.345901,gene_signature,1.0,pass
GATCAGTCAAACAACA-1-82-0-0,0.2664675312098739,17.006205,gene_signature,1.0,pass
GATCGATAGATGTAAC-1-82-0-0,0.07560684560232792,16.080801,gene_signature,1.0,pass
GATCGATAGGGATCTG-1-82-0-0,0.012029643334835388,21.647842,gene_signature,1.0,pass
GATCGATCACCAGCAC-1-82-0-0,0.08745206766589404,15.4329815,gene_signature,1.0,pass
GATCGATTCCAAGCCG-1-82-0-0,0.3266644874873673,15.275165,gene_signature,1.0,pass
GATCGCGGTGTCCTCT-1-82-0-0,0.0068147270415468645,16.780643,gene_signature,1.0,pass
GATCGCGTCCTTGACC-1-82-0-0,0.036462658709880774,8.43967,gene_signature,1.0,pass
GATCGTAGTGAACCTT-1-82-0-0,0.01937878788986685,15.400818,gene_signature,1.0,pass
GATGAGGGTTCGCGAC-1-82-0-0,0.03942205662669549,12.386866,gene_signature,1.0,pass
GATGAGGTCTCCGGTT-1-82-0-0,0.013044464148145215,15.667587,gene_signature,1.0,pass
GATGCTAAGGATGGTC-1-82-0-0,0.041112607828383343,11.04586,gene_signature,1.0,pass
GATGCTAAGGCTACGA-1-82-0-0,0.02045732839827251,21.562054,gene_signature,1.0,pass
GATTCAGAGACGACGT-1-82-0-0,0.0385647353530339,16.607903,gene_signature,1.0,pass
GATTCAGGTTGTACAC-1-82-0-0,0.023599006321633677,15.785985,gene_signature,1.0,pass
GCAAACTCAGTCAGAG-1-82-0-0,0.06924551908413604,9.092733,gene_signature,1.0,pass
GCAATCATCGTAGGAG-1-82-0-0,0.20225135109109357,13.914113,gene_signature,1.0,pass
GCACATAAGTCCATAC-1-82-0-0,0.010963022686402448,17.814772,gene_signature,1.0,pass
GCACTCTCATAGAAAC-1-82-0-0,0.0030048962976338594,20.863125,gene_signature,1.0,pass
GCACTCTTCTGCTGTC-1-82-0-0,0.14489560278688213,11.670461,gene_signature,1.0,pass
GCAGCCAAGATGGCGT-1-82-0-0,0.009588453684712794,14.053441,gene_signature,1.0,pass
GCAGCCACAGTACACT-1-82-0-0,0.04435242980170999,9.662256,gene_signature,1.0,pass
GCAGCCAGTCTAAACC-1-82-0-0,0.011961791843862509,15.391647,gene_signature,1.0,pass
GCAGCCATCTACCAGA-1-82-0-0,0.030621214948967627,20.167408,gene_signature,1.0,pass
GCAGCCATCTGAGTGT-1-82-0-0,0.14617123819862654,20.669458,gene_signature,1.0,pass
GCAGTTAGTACAGTTC-1-82-0-0,0.07879614581126859,15.687846,gene_signature,1.0,pass
GCAGTTATCTTCGGTC-1-82-0-0,0.013760288936057134,17.58961,gene_signature,1.0,pass
GCATACACATGTTGAC-1-82-0-0,0.07552924639314414,9.912149,gene_signature,1.0,pass
GCATACAGTCTTCAAG-1-82-0-0,0.011119363309524982,15.446869,gene_signature,1.0,pass
GCATGATAGTCAAGCG-1-82-0-0,0.008132953121834598,20.78104,gene_signature,1.0,pass
GCATGTAAGCCCAATT-1-82-0-0,0.02952974026909632,14.757601,gene_signature,1.0,pass
GCCAAATCACCAGGCT-1-82-0-0,0.21270450862480422,15.334312,gene_signature,1.0,pass
GCCAAATTCGGCATCG-1-82-0-0,0.03522596852701472,10.864599,gene_signature,1.0,pass
GCCTCTAGTCATATCG-1-82-0-0,0.05764845413346581,12.817403,gene_signature,1.0,pass
GCGCAGTGTGTGGTTT-1-82-0-0,0.01808955680103476,14.896596,gene_signature,1.0,pass
GCGCAGTTCCTATGTT-1-82-0-0,0.07778819413505099,13.967334,gene_signature,1.0,pass
GCGCCAAAGGTGACCA-1-82-0-0,0.04876707799545897,17.855778,gene_signature,1.0,pass
GCGCCAACACAGCCCA-1-82-0-0,0.06672585313523637,10.827901,gene_signature,1.0,pass
GCGGGTTAGAACTGTA-1-82-0-0,0.020767658668909034,17.40012,gene_signature,1.0,pass
GCTCCTAGTCGAATCT-1-82-0-0,0.3331019214597399,12.3230715,gene_signature,1.0,pass
GCTCTGTAGACTAGGC-1-82-0-0,0.18123153059558608,14.956419,gene_signature,1.0,pass
GCTCTGTAGTACTTGC-1-82-0-0,0.0524818723115094,14.114664,gene_signature,1.0,pass
GCTCTGTCATAAGACA-1-82-0-0,0.026135859290609527,15.025922,gene_signature,1.0,pass
GCTGCAGTCCACGCAG-1-82-0-0,0.014807326127669282,21.398952,gene_signature,1.0,pass
GCTGCAGTCTAAGCCA-1-82-0-0,0.020465560357906913,17.671658,gene_signature,1.0,pass
GCTGCAGTCTAGAGTC-1-82-0-0,0.28621465385102096,11.752943,gene_signature,1.0,pass
GCTGCTTAGCAAATCA-1-82-0-0,0.025538289615055533,18.462734,gene_signature,1.0,pass
GCTGGGTGTCGTTGTA-1-82-0-0,0.01311010890086341,15.595381,gene_signature,1.0,pass
GCTTCCACACCCAGTG-1-82-0-0,0.021975883218732246,18.903898,gene_signature,1.0,pass
GCTTGAAAGTACGACG-1-82-0-0,0.005127499273609088,16.14035,gene_signature,1.0,pass
GGAAAGCAGCGTTTAC-1-82-0-0,0.016134073941774345,18.557072,gene_signature,1.0,pass
GGAAAGCAGGCGCTCT-1-82-0-0,0.011646372128625581,18.815338,gene_signature,1.0,pass
GGAAAGCTCATCATTC-1-82-0-0,0.04264820787942461,15.351694,gene_signature,1.0,pass
GGAAAGCTCGGCATCG-1-82-0-0,0.009307614065295835,13.809935,gene_signature,1.0,pass
GGAACTTCACGACGAA-1-82-0-0,0.005822219974871552,20.07007,gene_signature,1.0,pass
GGAACTTGTCTAGCCG-1-82-0-0,0.042985515232116724,9.228995,gene_signature,1.0,pass
GGAACTTGTGTGAAAT-1-82-0-0,0.08782503327634443,19.751942,gene_signature,1.0,pass
GGACAGAGTCTTTCAT-1-82-0-0,0.027677455853113576,16.6013,gene_signature,1.0,pass
GGACATTAGGTGCTTT-1-82-0-0,0.07818721189427592,13.026697,gene_signature,1.0,pass
GGACATTCATCCGCGA-1-82-0-0,0.026785117492857856,18.360392,gene_signature,1.0,pass
GGACATTTCGGCTACG-1-82-0-0,0.17236075678612928,10.638647,gene_signature,1.0,pass
GGACGTCAGGATGGAA-1-82-0-0,0.16845216287677464,13.860881,gene_signature,1.0,pass
GGACGTCCAATCTGCA-1-82-0-0,0.005254585254811371,16.0379,gene_signature,1.0,pass
GGAGCAAAGCCATCGC-1-82-0-0,0.004727725521038161,20.085579,gene_signature,1.0,pass
GGATGTTAGCCGATTT-1-82-0-0,0.1273914831985534,14.142576,gene_signature,1.0,pass
GGATGTTAGGCAGTCA-1-82-0-0,0.013127717856580023,14.203527,gene_signature,1.0,pass
GGATGTTAGGTGACCA-1-82-0-0,0.010081583920873763,15.699137,gene_signature,1.0,pass
GGATGTTCAGCTCGAC-1-82-0-0,0.09878705666165713,14.149859,gene_signature,1.0,pass
GGATTACTCGGCGCAT-1-82-0-0,0.003908619890558464,21.448322,gene_signature,1.0,pass
GGCCGATAGTAGCCGA-1-82-0-0,0.004765035577703899,16.366007,gene_signature,1.0,pass
GGCCGATGTGAGGCTA-1-82-0-0,0.017742731170510565,13.362773,gene_signature,1.0,pass
GGCCGATTCCATGCTC-1-82-0-0,0.005521729968214756,20.913658,gene_signature,1.0,pass
GGCGACTAGTCATGCT-1-82-0-0,0.23244516679642194,14.975369,gene_signature,1.0,pass
GGCGACTGTCAGCTAT-1-82-0-0,0.3032706108405546,17.34408,gene_signature,1.0,pass
GGCGTGTAGTGTACTC-1-82-0-0,0.02253003141942293,15.092082,gene_signature,1.0,pass
GGCGTGTCATCCTTGC-1-82-0-0,0.8317573257916349,14.372403,gene_signature,1.0,pass
GGCGTGTGTCGCGAAA-1-82-0-0,0.030596184118134633,13.120158,gene_signature,1.0,pass
GGCGTGTTCGGCGCAT-1-82-0-0,0.20766006501600706,9.409979,gene_signature,1.0,pass
GGCTCGACAAAGTCAA-1-82-0-0,0.29369577182272677,21.446663,gene_signature,1.0,pass
GGCTGGTGTTATCACG-1-82-0-0,0.007719730703235478,15.388962,gene_signature,1.0,pass
GGGAATGCAGCGATCC-1-82-0-0,0.04462670383755129,12.022764,gene_signature,1.0,pass
GGGACCTTCATGTGGT-1-82-0-0,0.025145447448723445,15.917178,gene_signature,1.0,pass
GGGAGATAGATATGGT-1-82-0-0,0.04685353535726912,13.734161,gene_signature,1.0,pass
GGGAGATAGTCCAGGA-1-82-0-0,0.005346602216790188,19.789097,gene_signature,1.0,pass
GGGAGATTCCACGTGG-1-82-0-0,0.03016359950879543,18.524807,gene_signature,1.0,pass
GGGAGATTCGCTTGTC-1-82-0-0,0.042104710766968145,18.16553,gene_signature,1.0,pass
GGGATGAGTCCCTTGT-1-82-0-0,0.10804481724340953,12.814572,gene_signature,1.0,pass
GGGCACTAGTAGTGCG-1-82-0-0,0.03960706961113859,11.945367,gene_signature,1.0,pass
GGGCACTTCGCACTCT-1-82-0-0,0.01639287392217677,20.477663,gene_signature,1.0,pass
GGGCACTTCGCGTAGC-1-82-0-0,0.01068658527021674,15.567386,gene_signature,1.0,pass
GGGCACTTCTTTCCTC-1-82-0-0,0.007791786928341672,20.57728,gene_signature,1.0,pass
GGGCATCCACTTAAGC-1-82-0-0,0.014419330460313556,20.016891,gene_signature,1.0,pass
GGGCATCTCGTCACGG-1-82-0-0,0.1499350242674346,10.917053,gene_signature,1.0,pass
GGGTCTGTCTCCGGTT-1-82-0-0,0.012184241117481207,18.94822,gene_signature,1.0,pass
GGTATTGGTTTACTCT-1-82-0-0,0.016109977393185364,16.072931,gene_signature,1.0,pass
GGTGAAGAGTTCCACA-1-82-0-0,0.025511699329918414,18.275646,gene_signature,1.0,pass
GGTGAAGCAATTGCTG-1-82-0-0,0.17479375562147373,19.642185,gene_signature,1.0,pass
GGTGTTAAGCTAGGCA-1-82-0-0,0.012423435256055214,16.424389,gene_signature,1.0,pass
GGTGTTAGTACAGTGG-1-82-0-0,0.01899954122346447,13.309588,gene_signature,1.0,pass
GTAACGTCAAACCCAT-1-82-0-0,0.02526803469026454,21.11916,gene_signature,1.0,pass
GTAACGTCAAGCCCAC-1-82-0-0,0.41265303009736876,12.47319,gene_signature,1.0,pass
GTAACGTCAATGGAGC-1-82-0-0,0.0234601250871845,15.613851,gene_signature,1.0,pass
GTACGTACACCTCGGA-1-82-0-0,0.022976155152925677,14.427977,gene_signature,1.0,pass
GTACTCCCAGCGATCC-1-82-0-0,0.004400661209642425,11.320064,gene_signature,1.0,pass
GTACTCCCATACGCCG-1-82-0-0,0.007645412147175806,19.942356,gene_signature,1.0,pass
GTACTCCCATCAGTCA-1-82-0-0,0.07549802934789777,15.371475,gene_signature,1.0,pass
GTACTTTCACACAGAG-1-82-0-0,0.050978337902082706,16.548546,gene_signature,1.0,pass
GTAGGCCGTATATGGA-1-82-0-0,0.05765648730362919,17.150097,gene_signature,1.0,pass
GTAGTCACATGACATC-1-82-0-0,0.033156811083766,22.0474,gene_signature,1.0,pass
GTATCTTAGGTACTCT-1-82-0-0,0.027692892405508502,12.596281,gene_signature,1.0,pass
GTCATTTAGTTGTCGT-1-82-0-0,0.2152665833108045,14.815664,gene_signature,1.0,pass
GTCATTTGTGTCGCTG-1-82-0-0,0.02432138152468485,13.294519,gene_signature,1.0,pass
GTCCTCAAGCACGCCT-1-82-0-0,0.035719148248513036,14.055982,gene_signature,1.0,pass
GTCGTAAGTTCCCGAG-1-82-0-0,0.013460889277722182,14.268786,gene_signature,1.0,pass
GTCTTCGTCGGCGCAT-1-82-0-0,0.24472036994767316,12.13772,gene_signature,1.0,pass
GTCTTCGTCTGCAGTA-1-82-0-0,0.045314939341867526,14.216608,gene_signature,1.0,pass
GTGCAGCGTTTCGCTC-1-82-0-0,0.017924110375593265,21.196545,gene_signature,1.0,pass
GTGCATAAGAACAATC-1-82-0-0,0.013816790083139251,10.585726,gene_signature,1.0,pass
GTGCGGTGTTACGACT-1-82-0-0,0.23822641378251513,14.640358,gene_signature,1.0,pass
GTGGGTCCAGATCCAT-1-82-0-0,0.160807542587137,16.896915,gene_signature,1.0,pass
GTGTGCGTCGAGAACG-1-82-0-0,0.03319818909478522,15.079847,gene_signature,1.0,pass
GTGTTAGGTTCCATGA-1-82-0-0,0.006307149495180323,20.644825,gene_signature,1.0,pass
GTTACAGCATCGGGTC-1-82-0-0,0.2207131852675583,14.980176,gene_signature,1.0,pass
GTTCGGGGTTATGCGT-1-82-0-0,0.06252104247357257,21.288479,gene_signature,1.0,pass
GTTCTCGAGCCAGAAC-1-82-0-0,0.03616020080342497,16.263342,gene_signature,1.0,pass
GTTTCTAAGCGACGTA-1-82-0-0,0.15355023606299995,20.208109,gene_signature,1.0,pass
TAAACCGAGCCGCCTA-1-82-0-0,0.25101122445478574,14.225879,gene_signature,1.0,pass
TAAACCGCAGCAGTTT-1-82-0-0,0.043718516302886416,17.921427,gene_signature,1.0,pass
TAAGAGAAGGGTTCCC-1-82-0-0,0.39845692863936544,16.448704,gene_signature,1.0,pass
TAAGCGTGTGTAAGTA-1-82-0-0,0.007001417394869558,15.904445,gene_signature,1.0,pass
TAAGTGCAGGCATGTG-1-82-0-0,0.13800280938045195,14.64552,gene_signature,1.0,pass
TAAGTGCCATCTCGCT-1-82-0-0,0.00485559718656651,13.02283,gene_signature,1.0,pass
TAAGTGCGTATGCTTG-1-82-0-0,0.008155066298733868,14.303845,gene_signature,1.0,pass
TAAGTGCGTCGACTGC-1-82-0-0,0.017288428934905932,13.146296,gene_signature,1.0,pass
TACACGACATGCCACG-1-82-0-0,0.0050559520784522576,19.559452,gene_signature,1.0,pass
TACACGAGTACCATCA-1-82-0-0,0.020713938771316963,15.935023,gene_signature,1.0,pass
TACAGTGAGCTAGCCC-1-82-0-0,0.45646037942521345,9.781258,gene_signature,1.0,pass
TACAGTGGTCAAGCGA-1-82-0-0,0.055415542781749524,16.359774,gene_signature,1.0,pass
TACAGTGTCTCTTGAT-1-82-0-0,0.09921702757324183,15.333636,gene_signature,1.0,pass
TACAGTGTCTTCAACT-1-82-0-0,0.0101808009210089,10.476603,gene_signature,1.0,pass
TACCTATAGACTAGGC-1-82-0-0,0.033856743006122535,9.222634,gene_signature,1.0,pass
TACCTATCAATGGACG-1-82-0-0,0.013420551338054195,20.915342,gene_signature,1.0,pass
TACGGATAGTGGGATC-1-82-0-0,0.039217874997502775,13.77428,gene_signature,1.0,pass
TACGGATGTTGGACCC-1-82-0-0,0.021681194876674238,15.597679,gene_signature,1.0,pass
TACGGGCAGAGCTGGT-1-82-0-0,0.045772563685527956,15.0649395,gene_signature,1.0,pass
TACGGGCTCTGGTTCC-1-82-0-0,0.12753521344954766,6.85037,gene_signature,1.0,pass
TACTCATAGCGTCAAG-1-82-0-0,0.006273559342655305,11.925261,gene_signature,1.0,pass
TACTCATAGCTGAAAT-1-82-0-0,0.05021620807832163,13.890282,gene_signature,1.0,pass
TACTCATCATGAACCT-1-82-0-0,0.02246076162532034,16.098482,gene_signature,1.0,pass
TACTCATGTTGCGCAC-1-82-0-0,0.10300542361269123,10.924675,gene_signature,1.0,pass
TACTCATGTTGCTCCT-1-82-0-0,0.008569932436015936,19.56335,gene_signature,1.0,pass
TACTTACAGAGTTGGC-1-82-0-0,0.011395608881269574,17.881725,gene_signature,1.0,pass
TACTTACTCGATAGAA-1-82-0-0,0.09721087995448552,10.269216,gene_signature,1.0,pass
TACTTGTAGACAAAGG-1-82-0-0,0.019492848210740148,20.714022,gene_signature,1.0,pass
TACTTGTCAGATCGGA-1-82-0-0,0.06776788216976479,9.580014,gene_signature,1.0,pass
TAGACCACATTGGGCC-1-82-0-0,0.02979313143958772,15.9268055,gene_signature,1.0,pass
TAGAGCTGTGATGTGG-1-82-0-0,0.032040335952216156,21.199438,gene_signature,1.0,pass
TAGCCGGAGAGTCGGT-1-82-0-0,0.02901236426974394,18.431963,gene_signature,1.0,pass
TAGCCGGAGTGAACAT-1-82-0-0,0.06470810634176999,18.45988,gene_signature,1.0,pass
TAGCCGGGTGCACCAC-1-82-0-0,0.0646030667359806,15.836021,gene_signature,1.0,pass
TAGCCGGTCTTTCCTC-1-82-0-0,0.1921160887124945,11.768385,gene_signature,1.0,pass
TAGGCATAGTAGATGT-1-82-0-0,0.008713006062991075,14.672275,gene_signature,1.0,pass
TAGGCATGTACCATCA-1-82-0-0,0.025566926615108298,10.695906,gene_signature,1.0,pass
TAGGCATTCACCGGGT-1-82-0-0,0.13961653001455068,12.421919,gene_signature,1.0,pass
TAGGCATTCGCATGGC-1-82-0-0,0.03305266964626031,17.139227,gene_signature,1.0,pass
TAGTGGTGTTGGACCC-1-82-0-0,0.029876293558895067,14.663483,gene_signature,1.0,pass
TAGTTGGGTCTTCGTC-1-82-0-0,0.15223642995408898,19.586262,gene_signature,1.0,pass
TATCAGGAGCGCTTAT-1-82-0-0,0.0174287988387472,10.575518,gene_signature,1.0,pass
TATCAGGGTAGTAGTA-1-82-0-0,0.21933264504923894,13.468023,gene_signature,1.0,pass
TATCTCATCGCCTGTT-1-82-0-0,0.0115425809197473,16.37876,gene_signature,1.0,pass
TATGCCCAGTCATGCT-1-82-0-0,0.08232952631769841,8.775976,gene_signature,1.0,pass
TATTACCAGTTTGCGT-1-82-0-0,0.04858841636764545,17.608393,gene_signature,1.0,pass
TATTACCCATGTCTCC-1-82-0-0,0.03743161229589373,14.58544,gene_signature,1.0,pass
TCAACGAAGTGGTAAT-1-82-0-0,0.0656335167903098,21.003584,gene_signature,1.0,pass
TCAACGACAATAGAGT-1-82-0-0,0.034971663611942,20.508347,gene_signature,1.0,pass
TCAATCTAGAGCCTAG-1-82-0-0,0.14288430847236083,16.544306,gene_signature,1.0,pass
TCAGATGAGGTAAACT-1-82-0-0,0.029140635845415003,15.757563,gene_signature,1.0,pass
TCAGATGTCGGCCGAT-1-82-0-0,0.03688709106534006,15.716733,gene_signature,1.0,pass
TCAGCAATCTTAGCCC-1-82-0-0,0.038674712179002965,15.570699,gene_signature,1.0,pass
TCAGCTCTCACTTACT-1-82-0-0,0.23241911301299045,8.933645,gene_signature,1.0,pass
TCAGGATTCTAGCACA-1-82-0-0,0.34012049845864106,17.703585,gene_signature,1.0,pass
TCAGGTAGTGGTTTCA-1-82-0-0,0.055771522921113384,15.43573,gene_signature,1.0,pass
TCAGGTAGTTCCTCCA-1-82-0-0,0.06925980308563687,13.544388,gene_signature,1.0,pass
TCATTACAGTATCTCG-1-82-0-0,0.0318143847894033,12.301676,gene_signature,1.0,pass
TCATTACAGTTACCCA-1-82-0-0,0.08648920346174153,19.525084,gene_signature,1.0,pass
TCATTACTCAGCTCTC-1-82-0-0,0.03340154040467824,18.855959,gene_signature,1.0,pass
TCCACACTCGTCACGG-1-82-0-0,0.06371627971024729,18.876106,gene_signature,1.0,pass
TCCCGATGTACAAGTA-1-82-0-0,0.02724966309140678,18.522673,gene_signature,1.0,pass
TCCCGATTCGCGGATC-1-82-0-0,0.007836412605249926,9.970936,gene_signature,1.0,pass
TCGAGGCTCATAACCG-1-82-0-0,0.07046583522025998,21.677538,gene_signature,1.0,pass
TCGAGGCTCCAATGGT-1-82-0-0,0.07777355697332401,12.009847,gene_signature,1.0,pass
TCGCGAGCAAGGTTTC-1-82-0-0,0.05273234718648897,12.80784,gene_signature,1.0,pass
TCGCGAGCAGCTATTG-1-82-0-0,0.1588872676451993,17.837292,gene_signature,1.0,pass
TCGCGAGGTCTGGAGA-1-82-0-0,0.019041369465640993,14.756001,gene_signature,1.0,pass
TCGCGAGGTGTGAAAT-1-82-0-0,0.004650916929911053,11.981606,gene_signature,1.0,pass
TCGGGACTCTGCCCTA-1-82-0-0,0.04744368764789894,14.710284,gene_signature,1.0,pass
TCGGTAACAAACAACA-1-82-0-0,0.023369757099087844,20.021904,gene_signature,1.0,pass
TCGTACCCAGTATAAG-1-82-0-0,0.031397153905092415,15.751668,gene_signature,1.0,pass
TCGTACCTCATGCAAC-1-82-0-0,0.004784100297592029,16.319113,gene_signature,1.0,pass
TCGTAGAGTTGGACCC-1-82-0-0,0.02563545512301076,13.757869,gene_signature,1.0,pass
TCTCATAAGACAGACC-1-82-0-0,0.007560370861765975,21.234844,gene_signature,1.0,pass
TCTCATACACTCGACG-1-82-0-0,0.19392328999375583,17.280941,gene_signature,1.0,pass
TCTCATACAGACGCAA-1-82-0-0,0.009023598534155892,17.621288,gene_signature,1.0,pass
TCTCATAGTTGGTTTG-1-82-0-0,0.024967148742139865,15.004364,gene_signature,1.0,pass
TCTCTAACAGAGTGTG-1-82-0-0,0.014417299163184816,16.354534,gene_signature,1.0,pass
TCTCTAAGTCGATTGT-1-82-0-0,0.022296938639044066,13.856855,gene_signature,1.0,pass
TCTGGAAGTTCAGACT-1-82-0-0,0.03193550813432876,15.603731,gene_signature,1.0,pass
TCTGGAATCATAGCAC-1-82-0-0,0.06028806821208945,16.877346,gene_signature,1.0,pass
TCTTCGGGTAGGCTGA-1-82-0-0,0.017609957120441652,15.455177,gene_signature,1.0,pass
TCTTCGGGTTTGTTGG-1-82-0-0,0.013164139801762587,15.848709,gene_signature,1.0,pass
TCTTTCCGTGAGCGAT-1-82-0-0,0.017608310112385832,15.206131,gene_signature,1.0,pass
TGAAAGAAGTTAAGTG-1-82-0-0,0.025764385162974933,13.387273,gene_signature,1.0,pass
TGAAAGACATAAAGGT-1-82-0-0,0.09970845731448377,19.691954,gene_signature,1.0,pass
TGACGGCAGAAAGTGG-1-82-0-0,0.024225479468106027,15.5920105,gene_signature,1.0,pass
TGACGGCTCTGTCAAG-1-82-0-0,0.08974229337141136,12.38184,gene_signature,1.0,pass
TGACTAGAGAAGGTTT-1-82-0-0,0.004187481712264776,15.086492,gene_signature,1.0,pass
TGACTAGGTGATGCCC-1-82-0-0,0.15023217086819204,17.606947,gene_signature,1.0,pass
TGACTTTGTCCGAAGA-1-82-0-0,0.009906893544502688,16.01412,gene_signature,1.0,pass
TGAGAGGGTCACTTCC-1-82-0-0,0.018777406605883576,18.499645,gene_signature,1.0,pass
TGAGCCGTCCGCGCAA-1-82-0-0,0.06494970919032814,11.403784,gene_signature,1.0,pass
TGAGGGATCTCCTATA-1-82-0-0,0.02061632453143743,20.201633,gene_signature,1.0,pass
TGATTTCCACGGATAG-1-82-0-0,0.011753558021000051,11.445241,gene_signature,1.0,pass
TGCACCTTCTCGCTTG-1-82-0-0,0.040306954507801036,21.3394,gene_signature,1.0,pass
TGCCAAATCACTTACT-1-82-0-0,0.0376240224782657,17.184505,gene_signature,1.0,pass
TGCGCAGAGGATTCGG-1-82-0-0,0.01189212303668667,21.284357,gene_signature,1.0,pass
TGCGCAGTCTCTGAGA-1-82-0-0,0.04169066160979152,11.948251,gene_signature,1.0,pass
TGCGTGGAGGGTGTGT-1-82-0-0,0.05647384300380931,16.328976,gene_signature,1.0,pass
TGCGTGGAGGGTTTCT-1-82-0-0,0.07856699204983306,16.77539,gene_signature,1.0,pass
TGCGTGGAGTGCCAGA-1-82-0-0,0.042084803296852435,14.60912,gene_signature,1.0,pass
TGCGTGGCAATTGCTG-1-82-0-0,0.031578207780332865,13.441655,gene_signature,1.0,pass
TGCTACCAGTGGTAAT-1-82-0-0,0.023812755519510904,18.864393,gene_signature,1.0,pass
TGCTACCTCCCTGACT-1-82-0-0,0.02976142675329823,17.495161,gene_signature,1.0,pass
TGCTACCTCGGTTCGG-1-82-0-0,0.06580358222888041,19.857662,gene_signature,1.0,pass
TGCTGCTCACACTGCG-1-82-0-0,0.016430655230025713,11.240602,gene_signature,1.0,pass
TGCTGCTTCCTGTACC-1-82-0-0,0.08613439987668567,17.573112,gene_signature,1.0,pass
TGGACGCAGATGCCAG-1-82-0-0,0.2545115245180808,8.739332,gene_signature,1.0,pass
TGGACGCTCAGCGATT-1-82-0-0,0.0918452662283278,8.123821,gene_signature,1.0,pass
TGGCCAGGTTTACTCT-1-82-0-0,0.6470882870495908,9.143669,gene_signature,1.0,pass
TGGCCAGTCGTTGACA-1-82-0-0,0.053492968049915546,16.527777,gene_signature,1.0,pass
TGGCGCATCGTGACAT-1-82-0-0,0.006159615754461513,15.019465,gene_signature,1.0,pass
TGGCTGGCAGTAACGG-1-82-0-0,0.015178749984560026,19.787342,gene_signature,1.0,pass
TGGCTGGGTAGAAAGG-1-82-0-0,0.01501308639893614,12.520686,gene_signature,1.0,pass
TGGCTGGGTCAAAGAT-1-82-0-0,0.06351799034668347,8.989296,gene_signature,1.0,pass
TGGCTGGGTGCATCTA-1-82-0-0,0.015888764932557576,21.63442,gene_signature,1.0,pass
TGGCTGGTCCTAGTGA-1-82-0-0,0.042729094463714964,18.756266,gene_signature,1.0,pass
TGGCTGGTCTGTCTAT-1-82-0-0,0.023840816372839156,21.620094,gene_signature,1.0,pass
TGGGAAGGTGGCAAAC-1-82-0-0,0.34964266857644355,13.064194,gene_signature,1.0,pass
TGGGCGTAGGGTGTTG-1-82-0-0,0.07302024042984256,13.072952,gene_signature,1.0,pass
TGGGCGTAGTTCCACA-1-82-0-0,0.03811047952841404,12.734804,gene_signature,1.0,pass
TGTATTCGTCTGCAAT-1-82-0-0,0.030112369974055746,15.376402,gene_signature,1.0,pass
TGTATTCGTGCTAGCC-1-82-0-0,0.06272858141546356,13.616676,gene_signature,1.0,pass
TGTATTCTCTCTTGAT-1-82-0-0,0.053467901083292635,14.609476,gene_signature,1.0,pass
TGTCCCACACTTAAGC-1-82-0-0,0.02388304647816918,16.369362,gene_signature,1.0,pass
TGTCCCACATGGATGG-1-82-0-0,0.031723439181927444,13.408052,gene_signature,1.0,pass
TGTGGTAAGACTTGAA-1-82-0-0,0.012048193020418627,12.716074,gene_signature,1.0,pass
TGTGGTAAGCCCAATT-1-82-0-0,0.009010858738346969,14.290143,gene_signature,1.0,pass
TGTGTTTCAATGAAAC-1-82-0-0,0.012524940248210612,19.81884,gene_signature,1.0,pass
TGTGTTTCACGTAAGG-1-82-0-0,0.042019624139230854,16.742516,gene_signature,1.0,pass
TGTGTTTCATAGAAAC-1-82-0-0,0.01807105089200068,18.166012,gene_signature,1.0,pass
TGTGTTTGTTGTGGCC-1-82-0-0,0.0799142398711117,10.831772,gene_signature,1.0,pass
TGTGTTTTCTCCAACC-1-82-0-0,0.0840705468457555,8.592234,gene_signature,1.0,pass
TTAACTCGTATATGGA-1-82-0-0,0.05033624311929443,19.174564,gene_signature,1.0,pass
TTAACTCTCCACTGGG-1-82-0-0,0.00808940905459567,21.3344,gene_signature,1.0,pass
TTAGGACAGGGCATGT-1-82-0-0,0.10019836979569988,10.641047,gene_signature,1.0,pass
TTAGGCACAGCTTCGG-1-82-0-0,0.007723112126080116,18.612768,gene_signature,1.0,pass
TTAGGCAGTCCCGACA-1-82-0-0,0.006560690578938118,17.126347,gene_signature,1.0,pass
TTAGGCAGTTGAACTC-1-82-0-0,0.017496692548740034,16.765284,gene_signature,1.0,pass
TTAGTTCCAAATTGCC-1-82-0-0,0.014831980846193162,17.89115,gene_signature,1.0,pass
TTAGTTCTCCGCATAA-1-82-0-0,0.004163476967974059,21.42615,gene_signature,1.0,pass
TTATGCTAGCTATGCT-1-82-0-0,0.013146180022684334,16.30991,gene_signature,1.0,pass
TTATGCTCACTGTGTA-1-82-0-0,0.005794229574688806,15.368105,gene_signature,1.0,pass
TTATGCTGTCACCCAG-1-82-0-0,0.07213372453354486,19.204987,gene_signature,1.0,pass
TTCCCAGGTTAAGATG-1-82-0-0,0.07145831602233157,17.371113,gene_signature,1.0,pass
TTCGAAGAGTCGATAA-1-82-0-0,0.3054967432201597,14.2552,gene_signature,1.0,pass
TTCGAAGCAATGGATA-1-82-0-0,0.0217537613517916,11.086963,gene_signature,1.0,pass
TTCGAAGCATACTACG-1-82-0-0,0.01157801680344105,19.844097,gene_signature,1.0,pass
TTCGAAGGTTGCGCAC-1-82-0-0,0.13649189221274033,17.123428,gene_signature,1.0,pass
TTCGGTCCAGCAGTTT-1-82-0-0,0.06850827520998289,18.716757,gene_signature,1.0,pass
TTCTCCTGTACTTCTT-1-82-0-0,0.08659727478022292,15.26536,gene_signature,1.0,pass
TTCTCCTTCAGGCCCA-1-82-0-0,0.051361738995756745,18.343313,gene_signature,1.0,pass
TTCTCCTTCCTTGACC-1-82-0-0,0.001917386673064662,20.680605,gene_signature,1.0,pass
TTCTCCTTCGGAGCAA-1-82-0-0,0.5133395301989637,20.107773,gene_signature,1.0,pass
TTCTTAGCAAACCCAT-1-82-0-0,0.027863491766171866,11.482518,gene_signature,1.0,pass
TTCTTAGTCCTCAATT-1-82-0-0,0.016212770063376073,13.963303,gene_signature,1.0,pass
TTGAACGGTGACCAAG-1-82-0-0,0.009796603524165313,10.202706,gene_signature,1.0,pass
TTGAACGTCTCTAAGG-1-82-0-0,0.020082560074687464,12.764241,gene_signature,1.0,pass
TTGACTTGTGAGGGAG-1-82-0-0,0.03151767193260331,17.146599,gene_signature,1.0,pass
TTGACTTTCATTTGGG-1-82-0-0,0.04693311666881373,14.859016,gene_signature,1.0,pass
TTGCCGTCACCTCGTT-1-82-0-0,0.0126632412455148,19.916447,gene_signature,1.0,pass
TTGCGTCCACCCATGG-1-82-0-0,0.05782863549210824,15.557947,gene_signature,1.0,pass
TTGCGTCGTACATCCA-1-82-0-0,0.004692682846587618,19.01801,gene_signature,1.0,pass
TTGGAACAGAGAACAG-1-82-0-0,0.02251139914072512,16.495974,gene_signature,1.0,pass
TTGGAACCAAAGCAAT-1-82-0-0,0.06344786204155604,18.40807,gene_signature,1.0,pass
TTGGAACGTATTCGTG-1-82-0-0,0.009009990847596665,17.6915,gene_signature,1.0,pass
TTGGCAAGTGCAGGTA-1-82-0-0,0.03608910324984351,21.131838,gene_signature,1.0,pass
TTGTAGGGTATATCCG-1-82-0-0,0.01901551491533695,18.946573,gene_signature,1.0,pass
TTTATGCAGCGCCTCA-1-82-0-0,0.5605609685391283,9.821745,gene_signature,1.0,pass
TTTCCTCGTCCGAGTC-1-82-0-0,0.2047051389551501,12.452524,gene_signature,1.0,pass
TTTGGTTAGTTGCAGG-1-82-0-0,0.015824624038044837,20.745228,gene_signature,1.0,pass
TTTGTCAGTCGCGGTT-1-82-0-0,0.06499747815794357,18.451538,gene_signature,1.0,pass
AAACCTGAGCGCTCCA-1-83-0-0,0.01550331482633718,20.16286,gene_signature,1.0,pass
AAACGGGAGGTCATCT-1-83-0-0,0.10362020204065645,12.8845005,gene_signature,1.0,pass
AAACGGGGTAAGGGAA-1-83-0-0,0.03872094687447455,14.764128,gene_signature,1.0,pass
AAACGGGGTCTCACCT-1-83-0-0,0.06344188888463978,15.121252,gene_signature,1.0,pass
AAAGATGGTCCGAAGA-1-83-0-0,0.10833804762770008,13.19359,gene_signature,1.0,pass
AAAGATGTCCTCATTA-1-83-0-0,0.35596106008375517,19.351889,gene_signature,1.0,pass
AAAGCAATCAAACAAG-1-83-0-0,0.037623909752542276,18.140926,gene_signature,1.0,pass
AAAGTAGCACTTCTGC-1-83-0-0,0.026160374373557026,18.882532,gene_signature,1.0,pass
AAATGCCAGCCCGAAA-1-83-0-0,0.015902535079793,18.174633,gene_signature,1.0,pass
AAATGCCAGCTACCTA-1-83-0-0,0.5273258280554276,16.007404,gene_signature,1.0,pass
AACCATGAGCACCGCT-1-83-0-0,0.0910759542073914,21.015478,gene_signature,1.0,pass
AACCATGAGCGGATCA-1-83-0-0,0.09201618056933024,12.147776,gene_signature,1.0,pass
AACCGCGAGGACAGAA-1-83-0-0,0.24176522741783635,14.247492,gene_signature,1.0,pass
AACGTTGGTATATGGA-1-83-0-0,0.0067759844427256145,13.162157,gene_signature,1.0,pass
AACTCAGAGCTGCGAA-1-83-0-0,0.050556443342989935,17.909975,gene_signature,1.0,pass
AACTCCCAGCGCTCCA-1-83-0-0,0.03328226042673421,11.665399,gene_signature,1.0,pass
AACTCCCCAGGCTGAA-1-83-0-0,0.016753495548720087,15.400284,gene_signature,1.0,pass
AACTCCCGTGCAGGTA-1-83-0-0,0.3137941387141824,15.866632,gene_signature,1.0,pass
AACTCCCTCGTTACAG-1-83-0-0,0.028850309011561725,14.84743,gene_signature,1.0,pass
AACTCTTAGAAACCTA-1-83-0-0,0.2983325428210677,15.741476,gene_signature,1.0,pass
AACTCTTGTACGCTGC-1-83-0-0,0.04165726084475267,17.897907,gene_signature,1.0,pass
AACTGGTAGATGCCTT-1-83-0-0,0.032874926448704635,17.170727,gene_signature,1.0,pass
AACTGGTGTGTTGGGA-1-83-0-0,0.020559347738889438,16.937916,gene_signature,1.0,pass
AACTGGTTCTTAGAGC-1-83-0-0,0.021397489273684903,17.840626,gene_signature,1.0,pass
AACTTTCGTAAGCACG-1-83-0-0,0.07869181938279532,20.198711,gene_signature,1.0,pass
AAGGAGCGTTGGAGGT-1-83-0-0,0.07359422292739863,14.190332,gene_signature,1.0,pass
AAGGCAGGTTGGTAAA-1-83-0-0,0.03999121267758578,19.984274,gene_signature,1.0,pass
AAGGTTCTCCCATTTA-1-83-0-0,0.2519213687725746,14.868396,gene_signature,1.0,pass
AAGTCTGGTGACGCCT-1-83-0-0,0.015742516001686892,18.906288,gene_signature,1.0,pass
AAGTCTGTCCAGTAGT-1-83-0-0,0.02843079147331909,17.099003,gene_signature,1.0,pass
AATCCAGAGCTGCGAA-1-83-0-0,0.02871862266096034,18.422878,gene_signature,1.0,pass
AATCCAGCAGCCTTGG-1-83-0-0,0.0480481842416287,13.281662,gene_signature,1.0,pass
AATCGGTTCACTTATC-1-83-0-0,0.0421971824785114,12.69,gene_signature,1.0,pass
AATCGGTTCGAGAGCA-1-83-0-0,0.032644217458583105,10.631119,gene_signature,1.0,pass
ACACCAAAGTGCGATG-1-83-0-0,0.29896288802134957,13.589388,gene_signature,1.0,pass
ACACCAAGTTCCACGG-1-83-0-0,0.032413671964200176,8.824908,gene_signature,1.0,pass
ACACCCTCAGTGAGTG-1-83-0-0,0.043803892187792605,11.851158,gene_signature,1.0,pass
ACACCCTTCCAAGTAC-1-83-0-0,0.12774680182441847,12.01436,gene_signature,1.0,pass
ACACCGGGTAAGGATT-1-83-0-0,0.10155272005708507,21.869116,gene_signature,1.0,pass
ACACCGGGTAGGCTGA-1-83-0-0,0.03426468282116005,17.153381,gene_signature,1.0,pass
ACAGCCGAGGGTTTCT-1-83-0-0,0.03436179178803391,12.737292,gene_signature,1.0,pass
ACAGCCGTCCGCATCT-1-83-0-0,0.08487084426889031,19.89219,gene_signature,1.0,pass
ACAGCTAGTGTGCGTC-1-83-0-0,0.09166529717724345,19.31667,gene_signature,1.0,pass
ACATACGAGATAGTCA-1-83-0-0,0.4651788190038764,8.4465,gene_signature,1.0,pass
ACATCAGGTGTGCGTC-1-83-0-0,0.023253697958788407,18.924402,gene_signature,1.0,pass
ACATGGTAGCCTCGTG-1-83-0-0,0.20982777127888536,11.663393,gene_signature,1.0,pass
ACCCACTAGTGGTAGC-1-83-0-0,0.033605922618134304,13.107988,gene_signature,1.0,pass
ACCGTAAAGTCAATAG-1-83-0-0,0.03164954348545889,20.32346,gene_signature,1.0,pass
ACCGTAATCACTTCAT-1-83-0-0,0.047375075470419484,22.253967,gene_signature,1.0,pass
ACGAGCCTCTCACATT-1-83-0-0,0.022987292224191967,15.933995,gene_signature,1.0,pass
ACGAGGAAGCCCTAAT-1-83-0-0,0.01849912381001973,15.590477,gene_signature,1.0,pass
ACGAGGAGTGTGAAAT-1-83-0-0,0.015018385475153481,18.897923,gene_signature,1.0,pass
ACGAGGAGTTGGAGGT-1-83-0-0,0.11597202935598938,18.333698,gene_signature,1.0,pass
ACGATACTCGCGTTTC-1-83-0-0,0.13160965564521857,15.143262,gene_signature,1.0,pass
ACGATGTCAATCCGAT-1-83-0-0,0.022559937725817443,11.367184,gene_signature,1.0,pass
ACGCCAGAGAGCTTCT-1-83-0-0,0.5296511780569995,7.90746,gene_signature,1.0,pass
ACGCCGAGTGCTCTTC-1-83-0-0,0.01435784859980187,15.2061825,gene_signature,1.0,pass
ACGGAGAGTAGCCTCG-1-83-0-0,0.06472979763801091,13.958395,gene_signature,1.0,pass
ACGGCCACAAGCCGTC-1-83-0-0,0.08974049148155612,18.08513,gene_signature,1.0,pass
ACGGCCAGTAATAGCA-1-83-0-0,0.24997419401891827,14.867012,gene_signature,1.0,pass
ACGGGCTAGCAGATCG-1-83-0-0,0.0780137775286571,11.735369,gene_signature,1.0,pass
ACGGGCTCACTATCTT-1-83-0-0,0.018512549980625567,15.667102,gene_signature,1.0,pass
ACGGGCTGTCACTGGC-1-83-0-0,0.006381600371387339,16.356163,gene_signature,1.0,pass
ACGGGCTGTGACAAAT-1-83-0-0,0.07655427700782003,18.358332,gene_signature,1.0,pass
ACGGGTCAGCGTGAAC-1-83-0-0,0.35008020038063925,8.258341,gene_signature,1.0,pass
ACGGGTCAGGAACTGC-1-83-0-0,0.041337069403463766,16.654303,gene_signature,1.0,pass
ACGGGTCCACAAGACG-1-83-0-0,0.20999838509075705,14.398325,gene_signature,1.0,pass
ACGTCAACACTAAGTC-1-83-0-0,0.033660467941777836,15.232477,gene_signature,1.0,pass
ACTGAACCAACTGGCC-1-83-0-0,0.040371327724807386,14.568187,gene_signature,1.0,pass
ACTGAACGTATCACCA-1-83-0-0,0.17862432711372495,14.284555,gene_signature,1.0,pass
ACTGAACGTCTTGATG-1-83-0-0,0.16593037905771535,11.162825,gene_signature,1.0,pass
ACTGAACTCTCGGACG-1-83-0-0,0.019371941121806496,22.006166,gene_signature,1.0,pass
ACTGATGCAAACGCGA-1-83-0-0,0.13729306480368092,16.517368,gene_signature,1.0,pass
ACTGCTCCAGAGCCAA-1-83-0-0,0.008128196383194536,14.735643,gene_signature,1.0,pass
ACTGTCCCAAGCTGTT-1-83-0-0,0.07367838095152608,13.074862,gene_signature,1.0,pass
ACTGTCCGTAAGAGAG-1-83-0-0,0.023127874928584757,21.689936,gene_signature,1.0,pass
ACTGTCCTCCGTTGTC-1-83-0-0,0.030512285111453347,19.799847,gene_signature,1.0,pass
ACTTTCAAGCGTAATA-1-83-0-0,0.030175514934487273,14.011438,gene_signature,1.0,pass
AGAATAGTCTCACATT-1-83-0-0,0.016316764136972535,21.69068,gene_signature,1.0,pass
AGAGCGAAGCTCCTTC-1-83-0-0,0.018089589015478476,13.333971,gene_signature,1.0,pass
AGAGCGAGTTCTGTTT-1-83-0-0,0.1308108295723541,14.186668,gene_signature,1.0,pass
AGAGCTTAGAATGTTG-1-83-0-0,0.022338318852848586,17.522808,gene_signature,1.0,pass
AGAGCTTAGAGTGAGA-1-83-0-0,0.02337080772988093,19.83575,gene_signature,1.0,pass
AGAGTGGGTCACTTCC-1-83-0-0,0.020771560338351612,12.1238575,gene_signature,1.0,pass
AGATCTGCATCGTCGG-1-83-0-0,0.11277322138104326,16.136784,gene_signature,1.0,pass
AGATCTGGTAGTACCT-1-83-0-0,0.09010043760751937,17.105633,gene_signature,1.0,pass
AGATCTGTCAGCTGGC-1-83-0-0,0.07067325689388543,10.175281,gene_signature,1.0,pass
AGATCTGTCTCTGTCG-1-83-0-0,0.13319011911634404,18.082294,gene_signature,1.0,pass
AGATTGCAGCCACTAT-1-83-0-0,0.6008933422370155,14.699106,gene_signature,1.0,pass
AGATTGCTCCTAGTGA-1-83-0-0,0.01501237310669246,15.803454,gene_signature,1.0,pass
AGCAGCCAGCAAATCA-1-83-0-0,0.3202851804998387,10.036853,gene_signature,1.0,pass
AGCAGCCAGTACGATA-1-83-0-0,0.0733740749272609,22.036636,gene_signature,1.0,pass
AGCAGCCTCCTTGGTC-1-83-0-0,0.024482706939447905,17.281666,gene_signature,1.0,pass
AGCCTAAAGGTCGGAT-1-83-0-0,0.02208991282116051,19.065514,gene_signature,1.0,pass
AGCGGTCTCATTGCGA-1-83-0-0,0.028075755995671893,17.049435,gene_signature,1.0,pass
AGCGTATCAGATTGCT-1-83-0-0,0.013698781568618826,10.74281,gene_signature,1.0,pass
AGCTCCTCACGGCCAT-1-83-0-0,0.03802740847163007,16.372887,gene_signature,1.0,pass
AGCTCTCAGGTGCAAC-1-83-0-0,0.018348934646344968,21.370564,gene_signature,1.0,pass
AGCTTGACAGGCGATA-1-83-0-0,0.01009928287382327,13.135364,gene_signature,1.0,pass
AGGCCACCACACATGT-1-83-0-0,0.3225779183120355,17.85078,gene_signature,1.0,pass
AGGCCGTAGGAGCGAG-1-83-0-0,0.020662132481460073,16.572357,gene_signature,1.0,pass
AGGCCGTGTAGCAAAT-1-83-0-0,0.08268894756229402,8.970085,gene_signature,1.0,pass
AGGGTGAGTCCGTTAA-1-83-0-0,0.010043327049979874,17.524702,gene_signature,1.0,pass
AGGGTGATCTGTCTAT-1-83-0-0,0.07846290643191937,14.22733,gene_signature,1.0,pass
AGGTCATAGTCGTACT-1-83-0-0,0.019792253768472788,14.240313,gene_signature,1.0,pass
AGGTCCGAGTAGCGGT-1-83-0-0,0.04113992661818151,14.367859,gene_signature,1.0,pass
AGGTCCGCACAACGTT-1-83-0-0,0.01846699912940732,19.660233,gene_signature,1.0,pass
AGGTCCGCAGCTGTAT-1-83-0-0,0.01510046462297289,14.768282,gene_signature,1.0,pass
AGTCTTTGTGGCTCCA-1-83-0-0,0.0805376092687606,13.455815,gene_signature,1.0,pass
AGTCTTTTCAAACCGT-1-83-0-0,0.02987258541860589,18.388893,gene_signature,1.0,pass
AGTGTCACAAGGTTCT-1-83-0-0,0.02681361488587315,17.202261,gene_signature,1.0,pass
AGTTGGTTCACGGTTA-1-83-0-0,0.025241359326412582,22.047398,gene_signature,1.0,pass
AGTTGGTTCAGTGTTG-1-83-0-0,0.10956413424023044,14.58061,gene_signature,1.0,pass
ATAAGAGAGTACTTGC-1-83-0-0,0.00515107332551883,17.59117,gene_signature,1.0,pass
ATCACGAAGGTTACCT-1-83-0-0,0.04358416546851902,15.26507,gene_signature,1.0,pass
ATCACGATCTTGACGA-1-83-0-0,0.047439616640094266,18.964445,gene_signature,1.0,pass
ATCATCTGTCGATTGT-1-83-0-0,0.0022141556612867794,20.013401,gene_signature,1.0,pass
ATCATGGAGTTCCACA-1-83-0-0,0.012940520202793949,20.982244,gene_signature,1.0,pass
ATCCACCAGTGTCCCG-1-83-0-0,0.032972077071304805,16.058123,gene_signature,1.0,pass
ATCCGAAAGCCCAATT-1-83-0-0,0.011028781538736276,12.489176,gene_signature,1.0,pass
ATCCGAACATCCTTGC-1-83-0-0,0.055363551720558936,20.811207,gene_signature,1.0,pass
ATCCGAATCAGCTGGC-1-83-0-0,0.014604834058213459,18.553959,gene_signature,1.0,pass
ATCGAGTAGAAGGTGA-1-83-0-0,0.006562916180152968,18.754265,gene_signature,1.0,pass
ATCGAGTGTGTGGCTC-1-83-0-0,0.06641208933196573,17.190973,gene_signature,1.0,pass
ATCTACTAGAGACGAA-1-83-0-0,0.06684686258578303,12.579603,gene_signature,1.0,pass
ATCTGCCAGTCGTACT-1-83-0-0,0.032611196127631935,10.620492,gene_signature,1.0,pass
ATGAGGGTCGTGGTCG-1-83-0-0,0.02630450901985057,16.483133,gene_signature,1.0,pass
ATGCGATGTTGTACAC-1-83-0-0,0.458270480348178,12.724163,gene_signature,1.0,pass
ATGGGAGCAACCGCCA-1-83-0-0,0.11499018322868901,19.264172,gene_signature,1.0,pass
ATGGGAGCAAGGACAC-1-83-0-0,0.09936005899729501,15.773222,gene_signature,1.0,pass
ATGGGAGGTTGTCGCG-1-83-0-0,0.19294496861317556,15.083345,gene_signature,1.0,pass
ATGGGAGTCCCGACTT-1-83-0-0,0.28698157435419425,10.608164,gene_signature,1.0,pass
ATGGGAGTCCGTCATC-1-83-0-0,0.542835804854311,12.738466,gene_signature,1.0,pass
ATGTGTGAGCTAACAA-1-83-0-0,0.03905407019505549,18.219847,gene_signature,1.0,pass
ATGTGTGCATCTCCCA-1-83-0-0,0.28565230207275427,15.405769,gene_signature,1.0,pass
ATGTGTGGTCGAATCT-1-83-0-0,0.016974871027578324,16.507431,gene_signature,1.0,pass
ATGTGTGTCGGTGTCG-1-83-0-0,0.07614373986621162,15.757484,gene_signature,1.0,pass
ATTACTCAGTACTTGC-1-83-0-0,0.008867027497500802,18.011042,gene_signature,1.0,pass
ATTACTCTCCAATGGT-1-83-0-0,0.10396791400857819,15.678785,gene_signature,1.0,pass
ATTCTACCATACTCTT-1-83-0-0,0.002355921575602846,16.677996,gene_signature,1.0,pass
ATTCTACGTCTCACCT-1-83-0-0,0.21004316040327678,12.287607,gene_signature,1.0,pass
ATTCTACTCATCATTC-1-83-0-0,0.02640166762139724,19.101702,gene_signature,1.0,pass
ATTGGACGTGCTTCTC-1-83-0-0,0.07868411391278543,17.344364,gene_signature,1.0,pass
CAACCAAAGAGAACAG-1-83-0-0,0.021312997921101112,21.819874,gene_signature,1.0,pass
CAACCTCAGTACGACG-1-83-0-0,0.07833763363563039,16.30804,gene_signature,1.0,pass
CAACCTCAGTGCGATG-1-83-0-0,0.27135975461871625,8.199018,gene_signature,1.0,pass
CAACCTCGTCAGAGGT-1-83-0-0,0.1996001989388912,8.997232,gene_signature,1.0,pass
CAACCTCTCCATGCTC-1-83-0-0,0.007322250887284341,12.715306,gene_signature,1.0,pass
CAACTAGCATGTAGTC-1-83-0-0,0.0969670097047613,13.8189745,gene_signature,1.0,pass
CAAGAAACAGACGCCT-1-83-0-0,0.016372734288073877,12.54866,gene_signature,1.0,pass
CAAGAAAGTAGAGGAA-1-83-0-0,0.035708694765609963,12.718623,gene_signature,1.0,pass
CAAGATCCATCCGGGT-1-83-0-0,0.04685760039648637,11.267305,gene_signature,1.0,pass
CAAGATCGTATGGTTC-1-83-0-0,0.13407370798253157,12.532204,gene_signature,1.0,pass
CAAGTTGCATTCCTCG-1-83-0-0,0.3836913115139525,10.869777,gene_signature,1.0,pass
CACAAACAGATGGCGT-1-83-0-0,0.018789149220837277,20.885937,gene_signature,1.0,pass
CACACTCTCCACGTTC-1-83-0-0,0.015756249524684712,8.363814,gene_signature,1.0,pass
CACAGTATCCTCATTA-1-83-0-0,0.052014432205113995,14.085002,gene_signature,1.0,pass
CACATAGGTATTCTCT-1-83-0-0,0.02784141445875944,15.977719,gene_signature,1.0,pass
CACATTTAGGATGGTC-1-83-0-0,0.07143028918216501,15.927027,gene_signature,1.0,pass
CACATTTAGGTGCTTT-1-83-0-0,0.023959800609720375,15.150355,gene_signature,1.0,pass
CACCAGGTCCACTGGG-1-83-0-0,0.07114956533395321,20.050951,gene_signature,1.0,pass
CACCTTGAGCTCCTCT-1-83-0-0,0.013594220773030834,12.52231,gene_signature,1.0,pass
CACTCCAGTTTGCATG-1-83-0-0,0.34651883964727287,16.061808,gene_signature,1.0,pass
CAGATCACAGATCTGT-1-83-0-0,0.3385213881038681,12.458445,gene_signature,1.0,pass
CAGATCATCTATCCCG-1-83-0-0,0.03128870946961887,15.334683,gene_signature,1.0,pass
CAGCCGAAGTGTGAAT-1-83-0-0,0.02405913949607767,15.836255,gene_signature,1.0,pass
CAGCGACAGTGGTAAT-1-83-0-0,0.037053350986169756,21.715757,gene_signature,1.0,pass
CAGCGACAGTGTCCCG-1-83-0-0,0.20457567602385862,19.947174,gene_signature,1.0,pass
CAGCTAAAGGCGTACA-1-83-0-0,0.00814940462602853,19.30464,gene_signature,1.0,pass
CAGCTGGAGACTTGAA-1-83-0-0,0.031406734062322236,14.614389,gene_signature,1.0,pass
CAGCTGGGTCGTCTTC-1-83-0-0,0.01752428240580035,15.36996,gene_signature,1.0,pass
CAGGTGCCACTCTGTC-1-83-0-0,0.028590202165934765,15.663188,gene_signature,1.0,pass
CAGGTGCTCGTCTGCT-1-83-0-0,0.23441919112709148,16.587511,gene_signature,1.0,pass
CAGGTGCTCTGAAAGA-1-83-0-0,0.04247943893149771,21.228008,gene_signature,1.0,pass
CAGGTGCTCTTCATGT-1-83-0-0,0.11364051253373735,13.78124,gene_signature,1.0,pass
CAGTAACAGCGTCAAG-1-83-0-0,0.0348291965005785,16.261995,gene_signature,1.0,pass
CAGTCCTTCTACGAGT-1-83-0-0,0.01744651260457471,15.8372555,gene_signature,1.0,pass
CAGTCCTTCTGTCAAG-1-83-0-0,0.008194292904633232,12.193055,gene_signature,1.0,pass
CATATGGCATTCTTAC-1-83-0-0,0.010869059513887672,15.905638,gene_signature,1.0,pass
CATATGGTCGTCCAGG-1-83-0-0,0.006810481496503848,21.634697,gene_signature,1.0,pass
CATATTCAGTCAAGGC-1-83-0-0,0.3385495232703695,11.436756,gene_signature,1.0,pass
CATATTCGTCAGAATA-1-83-0-0,0.12493581810259242,16.451756,gene_signature,1.0,pass
CATCAAGAGGCTCATT-1-83-0-0,0.019297174130926825,15.820108,gene_signature,1.0,pass
CATCAAGCATATGGTC-1-83-0-0,0.0068842381832904835,21.623642,gene_signature,1.0,pass
CATCAAGTCGATAGAA-1-83-0-0,0.03815347246816435,13.952617,gene_signature,1.0,pass
CATCAGAAGATAGGAG-1-83-0-0,0.01940296224003287,12.414862,gene_signature,1.0,pass
CATCAGATCGCCTGTT-1-83-0-0,0.21302198981100337,19.150051,gene_signature,1.0,pass
CATCGGGCAAACCTAC-1-83-0-0,0.2455926145549625,16.422539,gene_signature,1.0,pass
CATCGGGTCCGATATG-1-83-0-0,0.1883419980187871,11.060498,gene_signature,1.0,pass
CATGACAAGTGTACTC-1-83-0-0,0.014111789318847467,10.89311,gene_signature,1.0,pass
CATGACAGTGTTGGGA-1-83-0-0,0.022211377139716357,12.529002,gene_signature,1.0,pass
CATGACATCTGTTGAG-1-83-0-0,0.217576608266201,11.021034,gene_signature,1.0,pass
CATGCCTAGCTAGGCA-1-83-0-0,0.3976170534182499,17.757755,gene_signature,1.0,pass
CATGCCTCATTCACTT-1-83-0-0,0.005415256379748228,19.499203,gene_signature,1.0,pass
CATGGCGCACAAGACG-1-83-0-0,0.11992980985383768,17.312235,gene_signature,1.0,pass
CATGGCGGTGTTCGAT-1-83-0-0,0.06406252162999053,17.603458,gene_signature,1.0,pass
CATTATCAGGGTCGAT-1-83-0-0,0.09691055213449232,9.2663965,gene_signature,1.0,pass
CATTCGCTCTGAGTGT-1-83-0-0,0.22258683482808558,13.946518,gene_signature,1.0,pass
CCAATCCAGCAGACTG-1-83-0-0,0.018492946713960796,19.344822,gene_signature,1.0,pass
CCAATCCGTGGTTTCA-1-83-0-0,0.13910615220030448,19.235443,gene_signature,1.0,pass
CCACCTATCTTGCCGT-1-83-0-0,0.239051463499551,14.312442,gene_signature,1.0,pass
CCACGGAAGATACACA-1-83-0-0,0.1324320417287691,16.689493,gene_signature,1.0,pass
CCACGGAGTACCGTAT-1-83-0-0,0.00912004075927764,17.872234,gene_signature,1.0,pass
CCACTACAGACTGGGT-1-83-0-0,0.010030853770555577,15.752516,gene_signature,1.0,pass
CCACTACGTAGCCTAT-1-83-0-0,0.03403276991375643,10.886832,gene_signature,1.0,pass
CCACTACTCGTACCGG-1-83-0-0,0.023299056070241384,19.500364,gene_signature,1.0,pass
CCATGTCCAGCCAATT-1-83-0-0,0.24473288746128619,15.751465,gene_signature,1.0,pass
CCCAATCCATCGATTG-1-83-0-0,0.03774314182131956,11.730182,gene_signature,1.0,pass
CCCAGTTGTGGCTCCA-1-83-0-0,0.0036443785522205932,20.814165,gene_signature,1.0,pass
CCCATACGTGTCAATC-1-83-0-0,0.07279478149659391,13.511278,gene_signature,1.0,pass
CCCTCCTCAGATCTGT-1-83-0-0,0.28867045740838676,7.3633795,gene_signature,1.0,pass
CCCTCCTCAGGGTACA-1-83-0-0,0.5312634774464745,19.174362,gene_signature,1.0,pass
CCCTCCTGTCGGGTCT-1-83-0-0,0.040351757347437504,9.634074,gene_signature,1.0,pass
CCCTCCTGTCGTCTTC-1-83-0-0,0.028345192448978034,14.888339,gene_signature,1.0,pass
CCCTCCTGTGCGAAAC-1-83-0-0,0.21738271949060012,11.693493,gene_signature,1.0,pass
CCCTCCTGTTCGAATC-1-83-0-0,0.010311026731467544,11.806196,gene_signature,1.0,pass
CCCTCCTTCTCGATGA-1-83-0-0,0.018543236783976562,17.201921,gene_signature,1.0,pass
CCGGGATTCCTTGCCA-1-83-0-0,0.07203354763536393,12.644872,gene_signature,1.0,pass
CCGTGGAAGTTAAGTG-1-83-0-0,0.034641797681149666,19.731392,gene_signature,1.0,pass
CCGTTCAAGTGAAGAG-1-83-0-0,0.011012859121545059,17.053802,gene_signature,1.0,pass
CCTAAAGAGGTCATCT-1-83-0-0,0.509408107428025,13.7142105,gene_signature,1.0,pass
CCTAAAGGTAATTGGA-1-83-0-0,0.5419041194580712,18.541548,gene_signature,1.0,pass
CCTAAAGGTCCGCTGA-1-83-0-0,0.08559376740428382,19.460217,gene_signature,1.0,pass
CCTAAAGTCATGTCCC-1-83-0-0,0.10347469516861248,12.615174,gene_signature,1.0,pass
CCTAGCTCATTGAGCT-1-83-0-0,0.06788073450584585,13.960871,gene_signature,1.0,pass
CCTAGCTGTCTAACGT-1-83-0-0,0.15903644239553696,14.8476515,gene_signature,1.0,pass
CCTATTATCGATCCCT-1-83-0-0,0.04922297477830708,7.879438,gene_signature,1.0,pass
CCTCAGTAGCCACGCT-1-83-0-0,0.03006365258876878,14.348203,gene_signature,1.0,pass
CCTCAGTAGTTAACGA-1-83-0-0,0.3903724044160547,15.369913,gene_signature,1.0,pass
CCTCAGTCATCGGACC-1-83-0-0,0.0424925523571099,13.560921,gene_signature,1.0,pass
CCTCTGACAGCCTTTC-1-83-0-0,0.07323677506199913,20.775372,gene_signature,1.0,pass
CCTCTGAGTGTCGCTG-1-83-0-0,0.032052269401997555,19.804804,gene_signature,1.0,pass
CCTTACGCAACTGCGC-1-83-0-0,0.4306210628931792,14.562413,gene_signature,1.0,pass
CCTTACGGTGGTGTAG-1-83-0-0,0.18917163770880313,12.644754,gene_signature,1.0,pass
CCTTACGTCGGCATCG-1-83-0-0,0.020375311212245513,21.844423,gene_signature,1.0,pass
CCTTCCCGTACGAAAT-1-83-0-0,0.029057363173453744,20.944715,gene_signature,1.0,pass
CCTTCCCGTTCAGACT-1-83-0-0,0.027298618801828163,16.727743,gene_signature,1.0,pass
CCTTCGAAGCCGGTAA-1-83-0-0,0.0024037629524211075,19.602825,gene_signature,1.0,pass
CCTTTCTCACTTCTGC-1-83-0-0,0.03266519076189418,11.091472,gene_signature,1.0,pass
CGAACATAGTGCTGCC-1-83-0-0,0.38567185010732236,11.629023,gene_signature,1.0,pass
CGAACATGTGGGTCAA-1-83-0-0,0.053460479052511625,19.773216,gene_signature,1.0,pass
CGAATGTCAAGTTAAG-1-83-0-0,0.042015822470571784,14.409085,gene_signature,1.0,pass
CGACCTTAGCGTCAAG-1-83-0-0,0.09004805730774071,20.510305,gene_signature,1.0,pass
CGACCTTCATGTTGAC-1-83-0-0,0.10426592980414624,15.48714,gene_signature,1.0,pass
CGACCTTGTAGCCTCG-1-83-0-0,0.07211907705907135,19.940014,gene_signature,1.0,pass
CGACTTCGTAGTGAAT-1-83-0-0,0.006289320537653566,19.509293,gene_signature,1.0,pass
CGACTTCTCTTAACCT-1-83-0-0,0.09230123630912439,13.165916,gene_signature,1.0,pass
CGAGAAGAGAAGGTTT-1-83-0-0,0.23502443663967476,14.013399,gene_signature,1.0,pass
CGAGAAGGTTCGGGCT-1-83-0-0,0.25510335445274246,12.19248,gene_signature,1.0,pass
CGAGCACAGCAGCGTA-1-83-0-0,0.03548058369549382,10.773382,gene_signature,1.0,pass
CGAGCCACAAGGACTG-1-83-0-0,0.06090067358949025,15.9232,gene_signature,1.0,pass
CGATCGGAGAGAGCTC-1-83-0-0,0.032303463024216744,18.554295,gene_signature,1.0,pass
CGATCGGAGCACAGGT-1-83-0-0,0.06422269756267543,10.284703,gene_signature,1.0,pass
CGATGTAGTCCCTACT-1-83-0-0,0.4245556116015893,11.663096,gene_signature,1.0,pass
CGATTGAAGCCACGTC-1-83-0-0,0.13496933972724495,12.958112,gene_signature,1.0,pass
CGATTGATCTGAGGGA-1-83-0-0,0.0937374226535934,21.401775,gene_signature,1.0,pass
CGCCAAGAGACAGAGA-1-83-0-0,0.028546073581967764,13.161878,gene_signature,1.0,pass
CGCGTTTAGCGCCTCA-1-83-0-0,0.0353000101423982,22.012442,gene_signature,1.0,pass
CGCGTTTCATGGTCAT-1-83-0-0,0.024701252875578252,13.740451,gene_signature,1.0,pass
CGCTATCCATCACGAT-1-83-0-0,0.05524928436678811,20.57877,gene_signature,1.0,pass
CGCTATCGTCTCACCT-1-83-0-0,0.017284538519918558,14.173378,gene_signature,1.0,pass
CGCTGGACAGCCTTTC-1-83-0-0,0.2458366785383675,10.617441,gene_signature,1.0,pass
CGCTTCACATGGTCTA-1-83-0-0,0.012212199823024386,13.349108,gene_signature,1.0,pass
CGCTTCATCCGTCATC-1-83-0-0,0.0179756495721452,17.86817,gene_signature,1.0,pass
CGGACACGTAGGCATG-1-83-0-0,0.02861032993502985,16.962757,gene_signature,1.0,pass
CGGACACTCAGCCTAA-1-83-0-0,0.32639625766631664,10.2380295,gene_signature,1.0,pass
CGGACACTCGAATGCT-1-83-0-0,0.09197358481017434,17.151169,gene_signature,1.0,pass
CGGACGTTCAGCGATT-1-83-0-0,0.011042433326942675,8.496491,gene_signature,1.0,pass
CGGACTGGTCTGCAAT-1-83-0-0,0.018298847404206668,21.13689,gene_signature,1.0,pass
CGGAGTCAGTACACCT-1-83-0-0,0.3444763647975459,18.226795,gene_signature,1.0,pass
CGGAGTCGTTATCACG-1-83-0-0,0.29777340948083897,8.54295,gene_signature,1.0,pass
CGGAGTCGTTCACCTC-1-83-0-0,0.08823299233905237,15.158992,gene_signature,1.0,pass
CGGCTAGAGACTTGAA-1-83-0-0,0.12756178783585967,15.803047,gene_signature,1.0,pass
CGGCTAGGTTCGCGAC-1-83-0-0,0.14899312232977774,11.520927,gene_signature,1.0,pass
CGGCTAGTCCCTGACT-1-83-0-0,0.08450345639100701,12.728014,gene_signature,1.0,pass
CGGGTCAAGAAAGTGG-1-83-0-0,0.08703803910487524,7.849683,gene_signature,1.0,pass
CGGGTCATCATTGCCC-1-83-0-0,0.09863840224278522,14.223102,gene_signature,1.0,pass
CGGGTCATCATTTGGG-1-83-0-0,0.06058673284716938,16.152737,gene_signature,1.0,pass
CGGTTAACAACTTGAC-1-83-0-0,0.02105070109763695,13.891879,gene_signature,1.0,pass
CGGTTAAGTTAGATGA-1-83-0-0,0.1281928364425411,9.114187,gene_signature,1.0,pass
CGGTTAATCATCTGTT-1-83-0-0,0.15322692902435203,17.895012,gene_signature,1.0,pass
CGTAGCGCACCATGTA-1-83-0-0,0.03951625447266323,17.48114,gene_signature,1.0,pass
CGTAGGCGTGTTTGGT-1-83-0-0,0.35273758729934424,13.105804,gene_signature,1.0,pass
CGTCACTAGCAGCCTC-1-83-0-0,0.07975396104466,13.572535,gene_signature,1.0,pass
CGTCACTCAACGCACC-1-83-0-0,0.023032325359815847,15.547022,gene_signature,1.0,pass
CGTCCATAGAGACGAA-1-83-0-0,0.0820230542463373,13.551039,gene_signature,1.0,pass
CGTCCATGTTGGGACA-1-83-0-0,0.08819237786420285,15.301767,gene_signature,1.0,pass
CGTCTACAGGCCATAG-1-83-0-0,0.05223089705966588,16.78396,gene_signature,1.0,pass
CGTCTACTCGTCACGG-1-83-0-0,0.14239441293776603,20.583593,gene_signature,1.0,pass
CGTGAGCCACTGTCGG-1-83-0-0,0.03935211221792098,14.491733,gene_signature,1.0,pass
CGTGAGCGTTGTCGCG-1-83-0-0,0.014471429217056287,17.513004,gene_signature,1.0,pass
CGTGTAAAGGATATAC-1-83-0-0,0.03557816711051296,19.720451,gene_signature,1.0,pass
CGTGTCTGTCGGCACT-1-83-0-0,0.19681138932617168,11.284597,gene_signature,1.0,pass
CGTGTCTTCTATGTGG-1-83-0-0,0.13878409744993667,15.700514,gene_signature,1.0,pass
CGTTCTGAGTGGTCCC-1-83-0-0,0.1466551034029305,10.525232,gene_signature,1.0,pass
CGTTCTGCAGTGACAG-1-83-0-0,0.007070297132613798,14.783424,gene_signature,1.0,pass
CGTTGGGAGAGTAATC-1-83-0-0,0.13213895583079144,19.97675,gene_signature,1.0,pass
CTAACTTAGTCTTGCA-1-83-0-0,0.013545724448158908,15.641615,gene_signature,1.0,pass
CTAACTTTCAACGCTA-1-83-0-0,0.02736817010026401,14.505605,gene_signature,1.0,pass
CTAATGGCAGCTTAAC-1-83-0-0,0.04699984983302081,13.79335,gene_signature,1.0,pass
CTAATGGTCTAACTCT-1-83-0-0,0.16930927359957187,17.959284,gene_signature,1.0,pass
CTACACCAGTAACCCT-1-83-0-0,0.010269371365948998,19.57648,gene_signature,1.0,pass
CTACACCTCGTCCAGG-1-83-0-0,0.03190454396797993,17.99847,gene_signature,1.0,pass
CTAGCCTCAAACTGCT-1-83-0-0,0.07260257013289587,17.528324,gene_signature,1.0,pass
CTAGCCTGTTGTCGCG-1-83-0-0,0.1788526616714135,16.354391,gene_signature,1.0,pass
CTAGCCTTCTTTAGTC-1-83-0-0,0.04642747936966786,16.408884,gene_signature,1.0,pass
CTCACACAGGGTGTGT-1-83-0-0,0.014417760532999823,15.506287,gene_signature,1.0,pass
CTCACACTCAACGGCC-1-83-0-0,0.008075087417279098,15.05191,gene_signature,1.0,pass
CTCACACTCTTGGGTA-1-83-0-0,0.45096491579813,14.96464,gene_signature,1.0,pass
CTCGAAATCAACGAAA-1-83-0-0,0.01051097252600055,16.866356,gene_signature,1.0,pass
CTCGTACTCAGCTCGG-1-83-0-0,0.03546651169316099,17.659306,gene_signature,1.0,pass
CTCGTCACAGTGGGAT-1-83-0-0,0.015033868303163497,19.810587,gene_signature,1.0,pass
CTCGTCACATCAGTAC-1-83-0-0,0.09511300011002055,16.309998,gene_signature,1.0,pass
CTCTACGAGCTCAACT-1-83-0-0,0.0381170042174866,17.856802,gene_signature,1.0,pass
CTCTGGTCAAGTAATG-1-83-0-0,0.10712459800811927,13.3822,gene_signature,1.0,pass
CTGAAACCAGTAAGAT-1-83-0-0,0.015502521239424777,16.467997,gene_signature,1.0,pass
CTGAAGTCACGGTAAG-1-83-0-0,0.016212578637940733,21.198437,gene_signature,1.0,pass
CTGAAGTGTCTAAACC-1-83-0-0,0.17355708099152772,18.60231,gene_signature,1.0,pass
CTGATAGAGCTAGTGG-1-83-0-0,0.03576074453154627,12.226166,gene_signature,1.0,pass
CTGATAGGTCGCATAT-1-83-0-0,0.018229914141206956,15.801259,gene_signature,1.0,pass
CTGATAGTCAAAGACA-1-83-0-0,0.005085544926185801,21.606026,gene_signature,1.0,pass
CTGATAGTCTACTATC-1-83-0-0,0.08844420790560528,14.266231,gene_signature,1.0,pass
CTGATCCCAATAACGA-1-83-0-0,0.44838406858382684,13.179617,gene_signature,1.0,pass
CTGCGGAAGCTAAGAT-1-83-0-0,0.05473647744071834,14.134323,gene_signature,1.0,pass
CTGCGGAAGGCCCTTG-1-83-0-0,0.0864491173941743,19.206717,gene_signature,1.0,pass
CTGGTCTAGCTGCCCA-1-83-0-0,0.02938328667521506,19.954187,gene_signature,1.0,pass
CTGGTCTGTTGGTAAA-1-83-0-0,0.010861863945490028,13.754236,gene_signature,1.0,pass
CTTAACTCATAGACTC-1-83-0-0,0.17283726694610269,13.686215,gene_signature,1.0,pass
CTTACCGGTCGTCTTC-1-83-0-0,0.2918507388511079,12.256343,gene_signature,1.0,pass
CTTCTCTCAGGTCCAC-1-83-0-0,0.1250437320977778,16.59613,gene_signature,1.0,pass
CTTTGCGAGAGTAATC-1-83-0-0,0.0177053236938194,11.625097,gene_signature,1.0,pass
CTTTGCGCATGCGCAC-1-83-0-0,0.03848617011851161,17.791689,gene_signature,1.0,pass
CTTTGCGGTACCGCTG-1-83-0-0,0.13463896106931295,10.2854185,gene_signature,1.0,pass
GAAACTCAGCAGCGTA-1-83-0-0,0.21129542565781478,20.208836,gene_signature,1.0,pass
GAAATGAAGTAAGTAC-1-83-0-0,0.04117336758098992,14.894705,gene_signature,1.0,pass
GAAATGAGTACACCGC-1-83-0-0,0.014463171641478303,13.341581,gene_signature,1.0,pass
GAACATCCACAGACTT-1-83-0-0,0.202003166710872,12.294153,gene_signature,1.0,pass
GAACCTAGTCATCCCT-1-83-0-0,0.07562282205911827,14.495935,gene_signature,1.0,pass
GAACGGAGTTCGGCAC-1-83-0-0,0.034070365098296015,9.34749,gene_signature,1.0,pass
GAAGCAGCAGGTCGTC-1-83-0-0,0.0784641553313459,21.638878,gene_signature,1.0,pass
GAATAAGCACGAAACG-1-83-0-0,0.062423262000762446,15.668988,gene_signature,1.0,pass
GAATAAGGTTTGCATG-1-83-0-0,0.26351282988975105,17.348436,gene_signature,1.0,pass
GAATAAGTCCACGCAG-1-83-0-0,0.04350577901174919,21.57409,gene_signature,1.0,pass
GAATGAAGTATCGCAT-1-83-0-0,0.16696652269691756,17.913626,gene_signature,1.0,pass
GACACGCCAAGTAATG-1-83-0-0,0.08399978960109689,13.078816,gene_signature,1.0,pass
GACCAATAGATCCCGC-1-83-0-0,0.4607421034921897,13.914568,gene_signature,1.0,pass
GACCAATCAGGTCCAC-1-83-0-0,0.007454055594682135,19.714268,gene_signature,1.0,pass
GACCAATGTGTCGCTG-1-83-0-0,0.41665545661549797,11.051028,gene_signature,1.0,pass
GACCTGGCAGGGATTG-1-83-0-0,0.2018175416155687,19.726536,gene_signature,1.0,pass
GACGCGTCATACCATG-1-83-0-0,0.05080285391902337,18.528866,gene_signature,1.0,pass
GACGTGCCAAACCTAC-1-83-0-0,0.03978515971413057,17.40176,gene_signature,1.0,pass
GACGTGCCATTACGAC-1-83-0-0,0.11345936587377689,14.674667,gene_signature,1.0,pass
GACGTGCTCTCTGCTG-1-83-0-0,0.06700113315354997,21.615559,gene_signature,1.0,pass
GACGTTAGTTCGTTGA-1-83-0-0,0.31506773306171104,14.828807,gene_signature,1.0,pass
GACTAACGTAAGAGAG-1-83-0-0,0.12067968032077811,11.678583,gene_signature,1.0,pass
GACTGCGGTCAATGTC-1-83-0-0,0.26953210389300625,16.635548,gene_signature,1.0,pass
GAGGTGAAGCTGATAA-1-83-0-0,0.2481441043366329,16.630589,gene_signature,1.0,pass
GAGGTGATCTCTGAGA-1-83-0-0,0.16240920465858522,13.816777,gene_signature,1.0,pass
GAGTCCGCAAAGGTGC-1-83-0-0,0.06743747443237341,13.646045,gene_signature,1.0,pass
GATCAGTAGACTACAA-1-83-0-0,0.13941162195566684,17.576012,gene_signature,1.0,pass
GATCAGTTCAGCTGGC-1-83-0-0,0.19941640143230702,18.420794,gene_signature,1.0,pass
GATCAGTTCTATCCTA-1-83-0-0,0.174833828156184,12.389295,gene_signature,1.0,pass
GATCGCGTCAGTCCCT-1-83-0-0,0.032136417833108846,12.239962,gene_signature,1.0,pass
GATCGCGTCCTTGCCA-1-83-0-0,0.02810604497024439,13.678922,gene_signature,1.0,pass
GATCTAGAGACTGGGT-1-83-0-0,0.26958248279468566,17.629791,gene_signature,1.0,pass
GATGAGGTCTGTTTGT-1-83-0-0,0.18866241190149044,20.214554,gene_signature,1.0,pass
GATGCTAGTAACGACG-1-83-0-0,0.037788326208849955,19.817768,gene_signature,1.0,pass
GATGCTAGTTGGTTTG-1-83-0-0,0.043725661539549196,20.127361,gene_signature,1.0,pass
GATTCAGGTAATCACC-1-83-0-0,0.023519619446364954,13.987417,gene_signature,1.0,pass
GCAAACTTCCAAATGC-1-83-0-0,0.007874475836163328,19.224514,gene_signature,1.0,pass
GCAATCAAGGATCGCA-1-83-0-0,0.014411803576279894,21.545929,gene_signature,1.0,pass
GCACTCTAGTGAAGTT-1-83-0-0,0.3171089803267904,16.488426,gene_signature,1.0,pass
GCAGCCAGTAGGCTGA-1-83-0-0,0.05455635163278823,20.79661,gene_signature,1.0,pass
GCAGCCAGTCTCTTAT-1-83-0-0,0.2736656834376906,21.984747,gene_signature,1.0,pass
GCAGTTAGTCCTAGCG-1-83-0-0,0.05117083825741264,11.176637,gene_signature,1.0,pass
GCATGCGAGACGACGT-1-83-0-0,0.15430711050495324,12.767257,gene_signature,1.0,pass
GCATGCGCAGGGAGAG-1-83-0-0,0.030155192294571365,18.017672,gene_signature,1.0,pass
GCCAAATAGGGTCGAT-1-83-0-0,0.06325542161699779,14.841848,gene_signature,1.0,pass
GCCAAATAGTACGACG-1-83-0-0,0.013734479199799195,15.670668,gene_signature,1.0,pass
GCCAAATAGTGCGATG-1-83-0-0,0.052175232766235834,11.9763775,gene_signature,1.0,pass
GCCTCTAGTAAGCACG-1-83-0-0,0.14486269432921053,10.893677,gene_signature,1.0,pass
GCGACCATCGGTGTTA-1-83-0-0,0.05240739095910707,20.539446,gene_signature,1.0,pass
GCGAGAAAGTCGAGTG-1-83-0-0,0.018264160994788697,17.975788,gene_signature,1.0,pass
GCGCAACCACGACGAA-1-83-0-0,0.10410609111380784,15.549624,gene_signature,1.0,pass
GCGCAACTCGGCGCTA-1-83-0-0,0.12203482858305395,13.9945755,gene_signature,1.0,pass
GCGCAGTAGTGGGATC-1-83-0-0,0.07697459739022829,14.341349,gene_signature,1.0,pass
GCGCAGTCACCAGATT-1-83-0-0,0.0232231259475235,19.788857,gene_signature,1.0,pass
GCGCCAAGTCGACTGC-1-83-0-0,0.025863007485758694,20.458378,gene_signature,1.0,pass
GCGCCAAGTTCACCTC-1-83-0-0,0.23988086324676772,14.774767,gene_signature,1.0,pass
GCGGGTTAGATCACGG-1-83-0-0,0.03709115889684571,18.242142,gene_signature,1.0,pass
GCGGGTTTCAACGGCC-1-83-0-0,0.14967885589613555,9.96703,gene_signature,1.0,pass
GCTCCTACACAAGCCC-1-83-0-0,0.45943169442314397,10.400215,gene_signature,1.0,pass
GCTCCTATCAACGCTA-1-83-0-0,0.13689036471625074,8.535614,gene_signature,1.0,pass
GCTCTGTTCGGCGGTT-1-83-0-0,0.031473928853962815,18.705847,gene_signature,1.0,pass
GCTGCAGCAATGGAAT-1-83-0-0,0.1328988160894759,9.751522,gene_signature,1.0,pass
GCTGCGAGTGGTCCGT-1-83-0-0,0.12425809817676517,16.01311,gene_signature,1.0,pass
GCTGCTTCATGTAGTC-1-83-0-0,0.008643319062983022,17.209919,gene_signature,1.0,pass
GCTGCTTTCCACGAAT-1-83-0-0,0.020918118478452784,21.658972,gene_signature,1.0,pass
GCTGGGTTCTCTAGGA-1-83-0-0,0.023518162232269584,16.50491,gene_signature,1.0,pass
GCTGGGTTCTCTGTCG-1-83-0-0,0.04580629614878288,18.39209,gene_signature,1.0,pass
GCTTCCAAGCCACGTC-1-83-0-0,0.23283739437299694,10.4705715,gene_signature,1.0,pass
GCTTCCATCTAACTGG-1-83-0-0,0.08311331282864087,17.301693,gene_signature,1.0,pass
GGAATAACAGCTGTAT-1-83-0-0,0.2682680137403547,16.54986,gene_signature,1.0,pass
GGAATAATCACTCTTA-1-83-0-0,0.30245948779776766,19.332775,gene_signature,1.0,pass
GGACAAGCACTTCGAA-1-83-0-0,0.14139644090156808,15.140912,gene_signature,1.0,pass
GGACAAGTCCTGCAGG-1-83-0-0,0.2088155208442093,15.174352,gene_signature,1.0,pass
GGACATTAGACCACGA-1-83-0-0,0.15247929791252157,12.072606,gene_signature,1.0,pass
GGACATTAGAGGTTAT-1-83-0-0,0.030506286258773628,14.874387,gene_signature,1.0,pass
GGAGCAAAGATCCTGT-1-83-0-0,0.0793457008625599,10.836663,gene_signature,1.0,pass
GGATTACCAACGATGG-1-83-0-0,0.03073028715527757,15.02565,gene_signature,1.0,pass
GGATTACTCGGGAGTA-1-83-0-0,0.012701142101743395,14.818253,gene_signature,1.0,pass
GGCAATTAGAATTCCC-1-83-0-0,0.035373775615145264,21.252632,gene_signature,1.0,pass
GGCAATTTCTCAACTT-1-83-0-0,0.049261390878428624,7.1337457,gene_signature,1.0,pass
GGCGACTGTACAGTTC-1-83-0-0,0.04418703486004787,14.151724,gene_signature,1.0,pass
GGCGACTGTACCTACA-1-83-0-0,0.007141275044008248,15.938472,gene_signature,1.0,pass
GGCGTGTGTCTGGAGA-1-83-0-0,0.040807496101210615,14.430998,gene_signature,1.0,pass
GGCTGGTGTCTCCCTA-1-83-0-0,0.023256498168898267,15.515791,gene_signature,1.0,pass
GGGAATGAGAGGTAGA-1-83-0-0,0.04265397590783649,17.63585,gene_signature,1.0,pass
GGGACCTAGAGGTACC-1-83-0-0,0.019857719304007475,18.675314,gene_signature,1.0,pass
GGGACCTAGCCGTCGT-1-83-0-0,0.009127409179170728,15.728658,gene_signature,1.0,pass
GGGAGATCAGTTTACG-1-83-0-0,0.05765677056784936,15.138196,gene_signature,1.0,pass
GGGAGATGTAGAGTGC-1-83-0-0,0.14668416621916858,10.187918,gene_signature,1.0,pass
GGGATGAAGCACCGCT-1-83-0-0,0.03555857839256121,15.393463,gene_signature,1.0,pass
GGGCACTTCTGATTCT-1-83-0-0,0.03899080374175694,12.040001,gene_signature,1.0,pass
GGGCATCAGATGGGTC-1-83-0-0,0.038664541176009676,15.4028225,gene_signature,1.0,pass
GGGCATCCATTCTTAC-1-83-0-0,0.07683794442147399,12.095614,gene_signature,1.0,pass
GGGTTGCAGATGGGTC-1-83-0-0,0.03531875951755746,13.514914,gene_signature,1.0,pass
GGTATTGAGCGATAGC-1-83-0-0,0.011882015968282615,21.192204,gene_signature,1.0,pass
GGTATTGGTCTGCGGT-1-83-0-0,0.07121431049216166,17.277948,gene_signature,1.0,pass
GGTATTGGTGGGTATG-1-83-0-0,0.09922635972386094,13.548735,gene_signature,1.0,pass
GGTGCGTCAGCTATTG-1-83-0-0,0.13131455452797064,21.788567,gene_signature,1.0,pass
GGTGTTACACTTAACG-1-83-0-0,0.08394050783776683,17.580128,gene_signature,1.0,pass
GGTGTTACATGCCTAA-1-83-0-0,0.018968939082034796,15.508814,gene_signature,1.0,pass
GGTGTTAGTTAAGATG-1-83-0-0,0.031020344862627468,13.405533,gene_signature,1.0,pass
GTAACGTAGTAGCGGT-1-83-0-0,0.051175703992334634,11.173592,gene_signature,1.0,pass
GTAACTGCAGGTTTCA-1-83-0-0,0.025436830770419895,15.192595,gene_signature,1.0,pass
GTACTTTAGAGTAATC-1-83-0-0,0.03576316498859786,14.746397,gene_signature,1.0,pass
GTACTTTCATTATCTC-1-83-0-0,0.03959501566770306,10.789419,gene_signature,1.0,pass
GTAGGCCCAGTCTTCC-1-83-0-0,0.028287410264678087,14.498416,gene_signature,1.0,pass
GTAGGCCGTGACTACT-1-83-0-0,0.030805144491234716,12.2980175,gene_signature,1.0,pass
GTAGTCAGTGTGAATA-1-83-0-0,0.14350602517351066,11.982065,gene_signature,1.0,pass
GTAGTCAGTTAGGGTG-1-83-0-0,0.01739684376118291,21.704647,gene_signature,1.0,pass
GTATCTTCAGGGTTAG-1-83-0-0,0.0462186895944605,12.89565,gene_signature,1.0,pass
GTCAAGTTCAATCACG-1-83-0-0,0.02433818854016852,19.44006,gene_signature,1.0,pass
GTCACAATCTCGATGA-1-83-0-0,0.01122743770947909,16.145563,gene_signature,1.0,pass
GTCCTCAAGCGTGAGT-1-83-0-0,0.04989186873952347,14.763128,gene_signature,1.0,pass
GTCGTAACACCATCCT-1-83-0-0,0.006592459875428902,20.165907,gene_signature,1.0,pass
GTCTCGTAGTTAGGTA-1-83-0-0,0.059281784869503175,16.123398,gene_signature,1.0,pass
GTCTCGTGTGTAAGTA-1-83-0-0,0.0381894985155473,11.57829,gene_signature,1.0,pass
GTCTCGTGTTCACGGC-1-83-0-0,0.06290324432206623,8.786156,gene_signature,1.0,pass
GTGAAGGGTAACGTTC-1-83-0-0,0.12967810883641356,15.523107,gene_signature,1.0,pass
GTGCATACATACTACG-1-83-0-0,0.06442731603612652,14.98511,gene_signature,1.0,pass
GTGCATAGTGCCTGGT-1-83-0-0,0.04360347894722685,16.78161,gene_signature,1.0,pass
GTGCGGTAGAGACGAA-1-83-0-0,0.03521190561985811,14.102643,gene_signature,1.0,pass
GTGCGGTGTGAGTATA-1-83-0-0,0.1305132781085403,14.858693,gene_signature,1.0,pass
GTGCGGTTCGGTTCGG-1-83-0-0,0.011774253197092396,20.006289,gene_signature,1.0,pass
GTGCTTCAGTAGCGGT-1-83-0-0,0.08547772300428327,15.479507,gene_signature,1.0,pass
GTGGGTCCACATCTTT-1-83-0-0,0.004865901993468762,21.940235,gene_signature,1.0,pass
GTGGGTCGTTAAAGTG-1-83-0-0,0.14568023424238372,9.6841345,gene_signature,1.0,pass
GTGTGCGAGGCCCTCA-1-83-0-0,0.04397667191473186,19.58892,gene_signature,1.0,pass
GTGTTAGGTCCGCTGA-1-83-0-0,0.013350780116413033,19.708315,gene_signature,1.0,pass
GTTAAGCTCGATGAGG-1-83-0-0,0.033420288840997056,20.526117,gene_signature,1.0,pass
GTTACAGTCCATGAAC-1-83-0-0,0.05637328317664301,18.795351,gene_signature,1.0,pass
GTTACAGTCGCAAACT-1-83-0-0,0.029173400886485353,14.480783,gene_signature,1.0,pass
GTTCATTAGTACGCCC-1-83-0-0,0.11891082819037671,12.909174,gene_signature,1.0,pass
GTTCATTAGTCGATAA-1-83-0-0,0.019089676561276914,13.513371,gene_signature,1.0,pass
GTTCTCGCAAGTCATC-1-83-0-0,0.04022096507080595,13.805743,gene_signature,1.0,pass
GTTCTCGCAATAACGA-1-83-0-0,0.6149298243987769,15.716995,gene_signature,1.0,pass
TAAACCGTCATTGCGA-1-83-0-0,0.15294003019545852,18.801853,gene_signature,1.0,pass
TAAGAGAAGGGATCTG-1-83-0-0,0.12431490653981511,20.644835,gene_signature,1.0,pass
TAAGTGCTCTTCATGT-1-83-0-0,0.02419022259123466,17.407118,gene_signature,1.0,pass
TACACGAAGGACTGGT-1-83-0-0,0.03357799571860788,20.535038,gene_signature,1.0,pass
TACACGACATTAACCG-1-83-0-0,0.008720772838121822,14.631186,gene_signature,1.0,pass
TACAGTGAGCCTATGT-1-83-0-0,0.37385280548761096,19.67819,gene_signature,1.0,pass
TACAGTGCAACTGCTA-1-83-0-0,0.2127316345637759,12.259096,gene_signature,1.0,pass
TACAGTGGTAAGTTCC-1-83-0-0,0.015888020111589973,19.805775,gene_signature,1.0,pass
TACCTATGTGCCTGCA-1-83-0-0,0.04433411209992359,21.749788,gene_signature,1.0,pass
TACCTATGTTCATGGT-1-83-0-0,0.5963708677615609,10.7529545,gene_signature,1.0,pass
TACCTTAAGGTGCAAC-1-83-0-0,0.04624584682313525,15.660482,gene_signature,1.0,pass
TACCTTACATGACATC-1-83-0-0,0.09677583734810358,9.011426,gene_signature,1.0,pass
TACGGATTCCATGAAC-1-83-0-0,0.029118703853283374,15.420698,gene_signature,1.0,pass
TACGGGCAGGGAACGG-1-83-0-0,0.030939242625783615,16.261776,gene_signature,1.0,pass
TACGGGCGTCTTGTCC-1-83-0-0,0.01480211680482722,17.576725,gene_signature,1.0,pass
TACGGTACACCATGTA-1-83-0-0,0.0612681075093237,13.075911,gene_signature,1.0,pass
TACTCATCACAGTCGC-1-83-0-0,0.009394177738380227,17.2384,gene_signature,1.0,pass
TACTCGCTCTTACCGC-1-83-0-0,0.07487450879873776,18.811962,gene_signature,1.0,pass
TACTTACTCAAGATCC-1-83-0-0,0.042181209218527936,21.601719,gene_signature,1.0,pass
TAGACCAAGGTTACCT-1-83-0-0,0.027284923991250327,21.017822,gene_signature,1.0,pass
TAGACCATCCACGTTC-1-83-0-0,0.09812501935025661,13.538063,gene_signature,1.0,pass
TAGACCATCGGAAATA-1-83-0-0,0.10549775934856269,21.043217,gene_signature,1.0,pass
TAGAGCTGTCGGATCC-1-83-0-0,0.026286956660880812,14.210147,gene_signature,1.0,pass
TAGAGCTTCTGCTGCT-1-83-0-0,0.033758198822301584,14.648893,gene_signature,1.0,pass
TAGCCGGCAGGTTTCA-1-83-0-0,0.20339997701599408,18.277248,gene_signature,1.0,pass
TAGCCGGTCCACTGGG-1-83-0-0,0.006606919327204046,20.062319,gene_signature,1.0,pass
TAGGCATCAGTATAAG-1-83-0-0,0.02148740598237365,11.464973,gene_signature,1.0,pass
TAGGCATCATATGAGA-1-83-0-0,0.007017851264881453,16.934296,gene_signature,1.0,pass
TAGTTGGAGACTCGGA-1-83-0-0,0.20787004443100637,15.881465,gene_signature,1.0,pass
TAGTTGGGTGAGTATA-1-83-0-0,0.1972881393509561,22.056473,gene_signature,1.0,pass
TATCAGGAGTAGTGCG-1-83-0-0,0.08953984377449856,14.425041,gene_signature,1.0,pass
TATGCCCAGTTGTAGA-1-83-0-0,0.11298950276879938,13.254664,gene_signature,1.0,pass
TATTACCCATCACGAT-1-83-0-0,0.012840955241351357,14.382428,gene_signature,1.0,pass
TATTACCGTAACGACG-1-83-0-0,0.05692928604952938,11.845544,gene_signature,1.0,pass
TATTACCGTCAGAAGC-1-83-0-0,0.0546990717292644,21.186056,gene_signature,1.0,pass
TATTACCTCTTACCGC-1-83-0-0,0.051130856633961566,19.760265,gene_signature,1.0,pass
TCAACGACACCGTTGG-1-83-0-0,0.036048452157112845,15.546778,gene_signature,1.0,pass
TCAACGAGTGTCAATC-1-83-0-0,0.7694832263729652,14.235403,gene_signature,1.0,pass
TCACAAGAGCGATAGC-1-83-0-0,0.2697956977992658,19.261044,gene_signature,1.0,pass
TCACAAGGTAGCTAAA-1-83-0-0,0.027185099244872446,10.738573,gene_signature,1.0,pass
TCACAAGGTTCGGCAC-1-83-0-0,0.053447828956896336,17.828262,gene_signature,1.0,pass
TCAGATGCACCCATTC-1-83-0-0,0.04824379690269707,14.230034,gene_signature,1.0,pass
TCAGATGGTGTGAAAT-1-83-0-0,0.2957183804978173,11.690538,gene_signature,1.0,pass
TCAGCAAAGGAGTTGC-1-83-0-0,0.5116416605470967,13.044321,gene_signature,1.0,pass
TCAGCAACAGGACCCT-1-83-0-0,0.053394781765934395,16.811625,gene_signature,1.0,pass
TCAGCTCAGAGACTTA-1-83-0-0,0.023991275960849125,14.100728,gene_signature,1.0,pass
TCAGCTCCAAGACACG-1-83-0-0,0.10952197495400465,11.168381,gene_signature,1.0,pass
TCAGGATCATCGGTTA-1-83-0-0,0.011369406223679995,19.902424,gene_signature,1.0,pass
TCATTTGTCAAAGTAG-1-83-0-0,0.018056676105383456,21.70562,gene_signature,1.0,pass
TCCCGATAGGCTATCT-1-83-0-0,0.07712786379580822,15.648639,gene_signature,1.0,pass
TCCCGATGTAATTGGA-1-83-0-0,0.021031462926261707,17.474445,gene_signature,1.0,pass
TCGAGGCCAGTCTTCC-1-83-0-0,0.6160946764810065,13.031415,gene_signature,1.0,pass
TCGCGTTAGAACTCGG-1-83-0-0,0.3190274656421158,12.507803,gene_signature,1.0,pass
TCGCGTTAGACCTAGG-1-83-0-0,0.05061052395857848,9.763491,gene_signature,1.0,pass
TCGCGTTGTTCGGGCT-1-83-0-0,0.047377471026428794,13.647731,gene_signature,1.0,pass
TCGGGACCAGCCTTGG-1-83-0-0,0.06923702027555337,14.5845,gene_signature,1.0,pass
TCGGGACGTCCAGTTA-1-83-0-0,0.1421863544872357,17.265318,gene_signature,1.0,pass
TCGGTAATCAGTTCGA-1-83-0-0,0.01270101935915589,16.185223,gene_signature,1.0,pass
TCGTACCAGTGTACGG-1-83-0-0,0.05178774374845104,15.8459835,gene_signature,1.0,pass
TCGTACCCATGCATGT-1-83-0-0,0.08731373436847609,13.383306,gene_signature,1.0,pass
TCTATTGCACGTCTCT-1-83-0-0,0.05147579013485026,13.962568,gene_signature,1.0,pass
TCTATTGCAGCGTAAG-1-83-0-0,0.015667635749426787,19.134487,gene_signature,1.0,pass
TCTATTGGTACCCAAT-1-83-0-0,0.23319681040285417,11.524525,gene_signature,1.0,pass
TCTATTGGTCAGAAGC-1-83-0-0,0.0740090935919506,21.209812,gene_signature,1.0,pass
TCTCATAAGGCAGGTT-1-83-0-0,0.04860326800878413,16.59335,gene_signature,1.0,pass
TCTCTAAGTGAGGGTT-1-83-0-0,0.16549424030086834,9.859943,gene_signature,1.0,pass
TCTCTAATCGGCATCG-1-83-0-0,0.04364992770409075,15.339888,gene_signature,1.0,pass
TCTGAGAAGGATATAC-1-83-0-0,0.43808020157488886,11.937536,gene_signature,1.0,pass
TCTGGAACACAACGTT-1-83-0-0,0.0495825173770428,16.49207,gene_signature,1.0,pass
TCTTTCCAGCTGAAAT-1-83-0-0,0.11879585258230899,14.110739,gene_signature,1.0,pass
TGAAAGAGTAGCTAAA-1-83-0-0,0.14126354977968777,12.161723,gene_signature,1.0,pass
TGAAAGATCCGAAGAG-1-83-0-0,0.11655919754902214,14.786609,gene_signature,1.0,pass
TGACAACCAGACAGGT-1-83-0-0,0.3094673392318445,13.657549,gene_signature,1.0,pass
TGACGGCGTGTGAATA-1-83-0-0,0.024716365493773106,21.926771,gene_signature,1.0,pass
TGACTAGCATATGGTC-1-83-0-0,0.012065023874804088,21.8048,gene_signature,1.0,pass
TGACTTTAGACACTAA-1-83-0-0,0.46573150422848225,12.9128895,gene_signature,1.0,pass
TGACTTTTCAGTCAGT-1-83-0-0,0.06820197147971319,12.340284,gene_signature,1.0,pass
TGAGAGGTCGACGGAA-1-83-0-0,0.004658385531270523,21.430893,gene_signature,1.0,pass
TGAGCATCAGTTCCCT-1-83-0-0,0.07039394715302313,9.910944,gene_signature,1.0,pass
TGAGCATGTATAGGTA-1-83-0-0,0.00880196530184077,21.694284,gene_signature,1.0,pass
TGAGCCGCATACGCTA-1-83-0-0,0.08029354855882291,11.935097,gene_signature,1.0,pass
TGAGGGAAGGACCACA-1-83-0-0,0.010199321641298565,13.49353,gene_signature,1.0,pass
TGAGGGAGTAAATGTG-1-83-0-0,0.04915768995810245,11.277696,gene_signature,1.0,pass
TGAGGGATCCTTGCCA-1-83-0-0,0.1412950346924226,9.71172,gene_signature,1.0,pass
TGCCAAAAGATAGGAG-1-83-0-0,0.08504783976624712,16.184755,gene_signature,1.0,pass
TGCCAAAGTGGGTCAA-1-83-0-0,0.2213764659995241,11.319672,gene_signature,1.0,pass
TGCCAAATCAGCATGT-1-83-0-0,0.19994889556905163,13.04203,gene_signature,1.0,pass
TGCCCTAAGAAGCCCA-1-83-0-0,0.009828362713796116,10.540454,gene_signature,1.0,pass
TGCCCTAAGAGGTACC-1-83-0-0,0.04444491249577143,14.620814,gene_signature,1.0,pass
TGCCCTAGTCGGGTCT-1-83-0-0,0.013431464735393214,16.182028,gene_signature,1.0,pass
TGCGCAGAGTGGCACA-1-83-0-0,0.016595459816056764,16.259022,gene_signature,1.0,pass
TGCGCAGGTATGGTTC-1-83-0-0,0.07667740954025001,12.467938,gene_signature,1.0,pass
TGCGGGTTCCGTAGGC-1-83-0-0,0.09521648055623144,16.940357,gene_signature,1.0,pass
TGCGTGGCAAATTGCC-1-83-0-0,0.02881450421276278,18.256868,gene_signature,1.0,pass
TGCGTGGGTGGTCCGT-1-83-0-0,0.025418177811817665,16.219776,gene_signature,1.0,pass
TGCTGCTAGTTTAGGA-1-83-0-0,0.02061792652729539,15.346515,gene_signature,1.0,pass
TGCTGCTTCAACCAAC-1-83-0-0,0.01839454992694623,13.575595,gene_signature,1.0,pass
TGGACGCAGGTTCCTA-1-83-0-0,0.019105902795005385,17.114338,gene_signature,1.0,pass
TGGCCAGCAAGCTGGA-1-83-0-0,0.12014871579881456,11.287913,gene_signature,1.0,pass
TGGCGCAAGAGTACCG-1-83-0-0,0.029001166630078744,21.750986,gene_signature,1.0,pass
TGGCGCAAGCTGGAAC-1-83-0-0,0.07655343914092076,15.675879,gene_signature,1.0,pass
TGGCGCATCTAGAGTC-1-83-0-0,0.004812935995010722,20.12893,gene_signature,1.0,pass
TGGCTGGGTTGTGGAG-1-83-0-0,0.23876362268259288,15.960976,gene_signature,1.0,pass
TGGGAAGTCTTATCTG-1-83-0-0,0.11492587705010829,12.81251,gene_signature,1.0,pass
TGGTTCCGTCCATGAT-1-83-0-0,0.016593363922840842,14.758693,gene_signature,1.0,pass
TGTGTTTGTCTCATCC-1-83-0-0,0.03688557700930677,12.768339,gene_signature,1.0,pass
TGTGTTTGTGAGCGAT-1-83-0-0,0.05761931691884644,16.716732,gene_signature,1.0,pass
TTAACTCAGGAATTAC-1-83-0-0,0.014835391146658336,21.640207,gene_signature,1.0,pass
TTAACTCCATGACATC-1-83-0-0,0.009734651855432108,13.178103,gene_signature,1.0,pass
TTAGGACTCTGCTGTC-1-83-0-0,0.026875802415137456,14.910092,gene_signature,1.0,pass
TTAGGCATCCTACAGA-1-83-0-0,0.2048672821478686,8.881197,gene_signature,1.0,pass
TTAGGCATCGGCTACG-1-83-0-0,0.5749245070894841,7.0176735,gene_signature,1.0,pass
TTATGCTAGGGAAACA-1-83-0-0,0.08940418966155242,22.157173,gene_signature,1.0,pass
TTATGCTCAGTGGGAT-1-83-0-0,0.043668021385666604,18.955732,gene_signature,1.0,pass
TTCCCAGTCATCGCTC-1-83-0-0,0.03395111796868539,12.361171,gene_signature,1.0,pass
TTCGGTCTCTAACCGA-1-83-0-0,0.10614473457003464,14.71613,gene_signature,1.0,pass
TTCTACAAGCGGATCA-1-83-0-0,0.11595049874825118,10.921642,gene_signature,1.0,pass
TTCTACACATGTAGTC-1-83-0-0,0.27959025022659173,14.918474,gene_signature,1.0,pass
TTCTCAAAGCGATATA-1-83-0-0,0.2620757204722199,8.8793955,gene_signature,1.0,pass
TTCTTAGAGACAGACC-1-83-0-0,0.04525961015512808,22.004293,gene_signature,1.0,pass
TTCTTAGGTAAACCTC-1-83-0-0,0.013002470337577333,18.796375,gene_signature,1.0,pass
TTCTTAGTCAGTTCGA-1-83-0-0,0.03910234149166156,21.71975,gene_signature,1.0,pass
TTGACTTAGTGAAGAG-1-83-0-0,0.036124476172404454,21.264881,gene_signature,1.0,pass
TTGCCGTGTAAATGTG-1-83-0-0,0.5027793775764635,9.177534,gene_signature,1.0,pass
TTGCGTCGTCAGAAGC-1-83-0-0,0.1608484143843904,17.594429,gene_signature,1.0,pass
TTGGAACAGTACGACG-1-83-0-0,0.00599564144152734,13.896663,gene_signature,1.0,pass
TTGGAACTCAGCTCGG-1-83-0-0,0.33585123040924614,18.60513,gene_signature,1.0,pass
TTGTAGGCATGGATGG-1-83-0-0,0.1831259599879726,20.333889,gene_signature,1.0,pass
TTTATGCTCAATCACG-1-83-0-0,0.15099413036274392,9.197126,gene_signature,1.0,pass
TTTATGCTCACATGCA-1-83-0-0,0.05228378625928367,21.948978,gene_signature,1.0,pass
TTTGGTTGTCCCTTGT-1-83-0-0,0.0352782359882605,21.562939,gene_signature,1.0,pass
TTTGTCAAGGCTCAGA-1-83-0-0,0.02596907156833984,13.86082,gene_signature,1.0,pass
10X_P7_14_AAACGGGAGTACGCGA-1,0.12141283371581565,14.657568,gene_signature,1.0,pass
10X_P7_14_AAACGGGCAAGTCTAC-1,0.12466586206313171,10.144562,gene_signature,1.0,pass
10X_P7_14_AAAGATGAGGGCACTA-1,0.16639020958785639,9.654497,gene_signature,1.0,pass
10X_P7_14_AAAGATGCACAACTGT-1,0.23759815443403304,13.861506,gene_signature,1.0,pass
10X_P7_14_AAAGCAACATCCGTGG-1,0.016100725643321857,17.338196,gene_signature,1.0,pass
10X_P7_14_AAAGCAAGTCAACTGT-1,0.1440262783524965,10.87385,gene_signature,1.0,pass
10X_P7_14_AAAGTAGGTGCAACGA-1,0.2293412435015544,16.24607,gene_signature,1.0,pass
10X_P7_14_AAATGCCTCAACGGCC-1,0.5522814778421143,13.073263,gene_signature,1.0,pass
10X_P7_14_AAATGCCTCCCAAGTA-1,0.01393477041130659,20.290333,gene_signature,1.0,pass
10X_P7_14_AACACGTCAGTGGGAT-1,0.050828721279418246,12.54368,gene_signature,1.0,pass
10X_P7_14_AACCATGAGAATGTTG-1,0.10209685702637572,15.261249,gene_signature,1.0,pass
10X_P7_14_AACCATGAGGCCATAG-1,0.15961065980096328,12.590349,gene_signature,1.0,pass
10X_P7_14_AACCATGCACAGGTTT-1,0.1244387665735652,19.451572,gene_signature,1.0,pass
10X_P7_14_AACCATGCATTAACCG-1,0.07110048886057405,15.1807575,gene_signature,1.0,pass
10X_P7_14_AACCATGTCCTGCCAT-1,0.4528212821589361,10.22376,gene_signature,1.0,pass
10X_P7_14_AACGTTGTCATGTCTT-1,0.12902474185371102,8.648614,gene_signature,1.0,pass
10X_P7_14_AACTCCCAGACTACAA-1,0.1834953201687854,8.899577,gene_signature,1.0,pass
10X_P7_14_AACTCCCTCCTGTACC-1,0.08250664740107785,15.532145,gene_signature,1.0,pass
10X_P7_14_AACTCTTGTCTCCATC-1,0.19518184673465827,12.926392,gene_signature,1.0,pass
10X_P7_14_AACTGGTGTAAATACG-1,0.2520140845862474,14.234477,gene_signature,1.0,pass
10X_P7_14_AACTGGTTCGCATGGC-1,0.3401644332900234,16.48071,gene_signature,1.0,pass
10X_P7_14_AACTGGTTCTAACTGG-1,0.07173441678799461,17.158453,gene_signature,1.0,pass
10X_P7_14_AACTTTCCAAGCGCTC-1,0.27039287370518555,9.652095,gene_signature,1.0,pass
10X_P7_14_AACTTTCCAAGGTGTG-1,0.11419717469874349,21.69209,gene_signature,1.0,pass
10X_P7_14_AACTTTCCAATGGAAT-1,0.0678113720790291,12.462013,gene_signature,1.0,pass
10X_P7_14_AACTTTCGTCGCGGTT-1,0.3251677468074442,14.404269,gene_signature,1.0,pass
10X_P7_14_AACTTTCGTTTGTTTC-1,0.47004751099216974,9.517267,gene_signature,1.0,pass
10X_P7_14_AAGACCTAGCCTCGTG-1,0.12838087027239636,11.717676,gene_signature,1.0,pass
10X_P7_14_AAGACCTGTACTTGAC-1,0.3656564165233357,17.377874,gene_signature,1.0,pass
10X_P7_14_AAGACCTTCGTTTATC-1,0.24719888296286427,21.633717,gene_signature,1.0,pass
10X_P7_14_AAGACCTTCTACCAGA-1,0.5702361167957164,9.970671,gene_signature,1.0,pass
10X_P7_14_AAGCCGCAGTGGACGT-1,0.09987754478065444,13.719806,gene_signature,1.0,pass
10X_P7_14_AAGGAGCAGATATACG-1,0.040404123222855595,15.140353,gene_signature,1.0,pass
10X_P7_14_AAGGAGCGTTAAGGGC-1,0.05272521075366989,21.033392,gene_signature,1.0,pass
10X_P7_14_AAGGCAGTCCACTCCA-1,0.4975738082139506,18.26136,gene_signature,1.0,pass
10X_P7_14_AAGGTTCTCTTGAGAC-1,0.19663137713576434,11.703112,gene_signature,1.0,pass
10X_P7_14_AAGTCTGGTAGTGAAT-1,0.3604017680682531,11.989096,gene_signature,1.0,pass
10X_P7_14_AAGTCTGTCATAACCG-1,0.07109837784898135,11.918581,gene_signature,1.0,pass
10X_P7_14_AATCCAGAGTGTACCT-1,0.6055042202071851,13.033862,gene_signature,1.0,pass
10X_P7_14_AATCCAGGTCAGAAGC-1,0.15539685993793667,18.158367,gene_signature,1.0,pass
10X_P7_14_AATCCAGTCACTATTC-1,0.20588429252501683,14.375366,gene_signature,1.0,pass
10X_P7_14_AATCCAGTCCTCATTA-1,0.34502428328583945,12.167712,gene_signature,1.0,pass
10X_P7_14_AATCCAGTCCTTGCCA-1,0.23304748359787458,16.466166,gene_signature,1.0,pass
10X_P7_14_AATCGGTCAAAGCGGT-1,0.04873021587378594,12.949519,gene_signature,1.0,pass
10X_P7_14_AATCGGTGTTCCCGAG-1,0.43041733114462294,12.619577,gene_signature,1.0,pass
10X_P7_14_ACACCCTAGGCAGTCA-1,0.3894425202405161,12.051076,gene_signature,1.0,pass
10X_P7_14_ACACCCTCACTATCTT-1,0.12715082339428202,17.217897,gene_signature,1.0,pass
10X_P7_14_ACACCGGTCTGCTTGC-1,0.12795782005737039,13.92435,gene_signature,1.0,pass
10X_P7_14_ACACTGACACTGCCAG-1,0.11538500323752836,11.371276,gene_signature,1.0,pass
10X_P7_14_ACACTGACAGATCGGA-1,0.26801197186381964,18.875456,gene_signature,1.0,pass
10X_P7_14_ACACTGACATGACGGA-1,0.07093917649120049,15.035288,gene_signature,1.0,pass
10X_P7_14_ACACTGAGTCGTTGTA-1,0.34417232752411847,19.123302,gene_signature,1.0,pass
10X_P7_14_ACATACGAGTGAAGTT-1,0.3042993513068212,8.320877,gene_signature,1.0,pass
10X_P7_14_ACATACGGTATTACCG-1,0.07616858879730737,17.57198,gene_signature,1.0,pass
10X_P7_14_ACATACGGTGATAAAC-1,0.2506952569612081,11.745599,gene_signature,1.0,pass
10X_P7_14_ACATCAGAGCCAGTAG-1,0.1750664085265798,15.625624,gene_signature,1.0,pass
10X_P7_14_ACATGGTCAATGAATG-1,0.5870871200082275,21.508509,gene_signature,1.0,pass
10X_P7_14_ACATGGTTCGACAGCC-1,0.7354246433360616,15.055441,gene_signature,1.0,pass
10X_P7_14_ACCAGTAAGGCTCAGA-1,0.1189268867036315,11.893146,gene_signature,1.0,pass
10X_P7_14_ACCAGTAGTGCTTCTC-1,0.42888608910009046,13.896959,gene_signature,1.0,pass
10X_P7_14_ACCAGTATCCGATATG-1,0.8071921763898946,14.082571,gene_signature,1.0,pass
10X_P7_14_ACCGTAAGTTCCACAA-1,0.18354672297900873,16.876186,gene_signature,1.0,pass
10X_P7_14_ACGAGCCCATGCAACT-1,0.14066292451904,13.174555,gene_signature,1.0,pass
10X_P7_14_ACGATACAGTTAACGA-1,0.17776153849116802,15.129774,gene_signature,1.0,pass
10X_P7_14_ACGATGTTCGGAGGTA-1,0.3809925431734576,15.76492,gene_signature,1.0,pass
10X_P7_14_ACGCAGCAGCGTTCCG-1,0.3877647972654173,13.4422865,gene_signature,1.0,pass
10X_P7_14_ACGCAGCTCAACGGCC-1,0.6414475359726908,10.346173,gene_signature,1.0,pass
10X_P7_14_ACGCCAGTCCGAGCCA-1,0.31839686252999144,11.084987,gene_signature,1.0,pass
10X_P7_14_ACGGAGACACAGATTC-1,0.04580889873050931,17.602571,gene_signature,1.0,pass
10X_P7_14_ACGGAGAGTACCGTAT-1,0.5748541960178613,14.766449,gene_signature,1.0,pass
10X_P7_14_ACGGCCACACCCAGTG-1,0.01727687076168715,19.053373,gene_signature,1.0,pass
10X_P7_14_ACGGGTCCACCGAAAG-1,0.28046834677467086,12.536361,gene_signature,1.0,pass
10X_P7_14_ACGTCAAAGACTTGAA-1,0.18036394952704277,8.735678,gene_signature,1.0,pass
10X_P7_14_ACGTCAACACTTGGAT-1,0.5706816915814971,10.87817,gene_signature,1.0,pass
10X_P7_14_ACTATCTGTCCGTCAG-1,0.1134399471164486,18.379091,gene_signature,1.0,pass
10X_P7_14_ACTATCTTCCCTAATT-1,0.46556222458516283,12.430739,gene_signature,1.0,pass
10X_P7_14_ACTGAACAGATCTGCT-1,0.24809411339838014,12.343567,gene_signature,1.0,pass
10X_P7_14_ACTGAACGTAAATACG-1,0.1471424575100692,7.412587,gene_signature,1.0,pass
10X_P7_14_ACTGAACGTCACTTCC-1,0.17700039546591737,9.907595,gene_signature,1.0,pass
10X_P7_14_ACTGAACGTTGAACTC-1,0.2725622860497793,13.986867,gene_signature,1.0,pass
10X_P7_14_ACTGAGTAGATGTCGG-1,0.06978018917010946,17.406599,gene_signature,1.0,pass
10X_P7_14_ACTGAGTGTGAACCTT-1,0.5131533614938389,12.456991,gene_signature,1.0,pass
10X_P7_14_ACTGATGAGGTACTCT-1,0.347064017485471,11.066694,gene_signature,1.0,pass
10X_P7_14_ACTGTCCCAAACCTAC-1,0.02865697808896369,20.59661,gene_signature,1.0,pass
10X_P7_14_ACTGTCCGTTTCGCTC-1,0.379120215515197,13.403613,gene_signature,1.0,pass
10X_P7_14_ACTTGTTAGAGTAAGG-1,0.2097565925188028,13.314316,gene_signature,1.0,pass
10X_P7_14_ACTTGTTAGCGACGTA-1,0.39481520777344087,12.3999405,gene_signature,1.0,pass
10X_P7_14_AGAATAGCAAAGCAAT-1,0.07092874972233357,14.388405,gene_signature,1.0,pass
10X_P7_14_AGAATAGTCACATGCA-1,0.19918811739165965,13.587858,gene_signature,1.0,pass
10X_P7_14_AGAATAGTCGCGTTTC-1,0.08224537253083708,17.202122,gene_signature,1.0,pass
10X_P7_14_AGACGTTCAACACCTA-1,0.23322796315242603,8.531662,gene_signature,1.0,pass
10X_P7_14_AGACGTTGTAGGGACT-1,0.16022252390161687,18.18181,gene_signature,1.0,pass
10X_P7_14_AGAGCGACAATCCGAT-1,0.2945749803130255,16.501598,gene_signature,1.0,pass
10X_P7_14_AGAGCTTAGGATGGAA-1,0.15608917148532114,13.373815,gene_signature,1.0,pass
10X_P7_14_AGAGCTTGTAAGAGAG-1,0.24551622703522957,13.626656,gene_signature,1.0,pass
10X_P7_14_AGAGTGGCATTACGAC-1,0.12509173826046333,12.735158,gene_signature,1.0,pass
10X_P7_14_AGAGTGGGTGGTCCGT-1,0.35619073871398177,15.115023,gene_signature,1.0,pass
10X_P7_14_AGATCTGCAGCTATTG-1,0.34826752135696326,13.572958,gene_signature,1.0,pass
10X_P7_14_AGATTGCCAAGCGATG-1,0.14899395927839582,16.36176,gene_signature,1.0,pass
10X_P7_14_AGCAGCCCAGAGTGTG-1,0.38725500964984355,12.922226,gene_signature,1.0,pass
10X_P7_14_AGCAGCCTCACATACG-1,0.3062879785169008,15.637863,gene_signature,1.0,pass
10X_P7_14_AGCATACAGTACGCCC-1,0.17152784610485666,12.735936,gene_signature,1.0,pass
10X_P7_14_AGCCTAAAGGAATCGC-1,0.4459819595321042,17.729128,gene_signature,1.0,pass
10X_P7_14_AGCCTAAGTGATGTCT-1,0.35185236964599237,11.516136,gene_signature,1.0,pass
10X_P7_14_AGCGGTCGTCTCCATC-1,0.5191074015150715,17.802801,gene_signature,1.0,pass
10X_P7_14_AGCGGTCTCGTGACAT-1,0.1698598438117951,15.452925,gene_signature,1.0,pass
10X_P7_14_AGCGTATCAAGCTGAG-1,0.08569851806744486,15.378935,gene_signature,1.0,pass
10X_P7_14_AGCGTCGCAATAACGA-1,0.4865503407337105,12.525612,gene_signature,1.0,pass
10X_P7_14_AGCGTCGTCAGTTGAC-1,0.5209081710900019,13.491888,gene_signature,1.0,pass
10X_P7_14_AGCTCTCGTTCCATGA-1,0.12181518982863423,13.558454,gene_signature,1.0,pass
10X_P7_14_AGGCCACGTCAGAAGC-1,0.6586649585904988,8.679451,gene_signature,1.0,pass
10X_P7_14_AGGCCACTCCCTGACT-1,0.14222676339261947,19.300205,gene_signature,1.0,pass
10X_P7_14_AGGCCGTAGCTAGCCC-1,0.055572736313581804,17.480072,gene_signature,1.0,pass
10X_P7_14_AGGCCGTCAATGAAAC-1,0.19502589174756918,10.847918,gene_signature,1.0,pass
10X_P7_14_AGGGAGTGTACAGTGG-1,0.34859556631499095,12.483256,gene_signature,1.0,pass
10X_P7_14_AGGGATGTCATCATTC-1,0.08286428437082691,14.094111,gene_signature,1.0,pass
10X_P7_14_AGGGTGAAGGCTCATT-1,0.547281827483685,15.9117,gene_signature,1.0,pass
10X_P7_14_AGGGTGATCAATCTCT-1,0.21103493595003978,10.448275,gene_signature,1.0,pass
10X_P7_14_AGGGTGATCTCTGTCG-1,0.42773712722068735,11.685196,gene_signature,1.0,pass
10X_P7_14_AGGTCATTCCGTAGGC-1,0.5654935494301822,11.071546,gene_signature,1.0,pass
10X_P7_14_AGGTCCGGTAAACGCG-1,0.2777819315665512,13.542401,gene_signature,1.0,pass
10X_P7_14_AGGTCCGTCAGGATCT-1,0.3957495000956235,12.502523,gene_signature,1.0,pass
10X_P7_14_AGTAGTCAGTGGTAAT-1,0.12149058227578258,13.035387,gene_signature,1.0,pass
10X_P7_14_AGTCTTTAGTGAACAT-1,0.26175003062072283,20.025227,gene_signature,1.0,pass
10X_P7_14_AGTCTTTAGTTAGGTA-1,0.4970400762019239,13.396406,gene_signature,1.0,pass
10X_P7_14_AGTGAGGAGATGCCTT-1,0.41798000150021963,12.870127,gene_signature,1.0,pass
10X_P7_14_AGTGAGGGTCAGAAGC-1,0.1392521208235699,15.538549,gene_signature,1.0,pass
10X_P7_14_AGTGAGGGTCTGGAGA-1,0.13631127958293357,13.316403,gene_signature,1.0,pass
10X_P7_14_AGTTGGTCACCCAGTG-1,0.13943152125170596,17.275229,gene_signature,1.0,pass
10X_P7_14_ATAACGCCAGTGAGTG-1,0.06887775897811395,10.669042,gene_signature,1.0,pass
10X_P7_14_ATCACGAGTTTGTGTG-1,0.16607803714328717,16.141926,gene_signature,1.0,pass
10X_P7_14_ATCACGATCGCATGAT-1,0.01971797395629279,14.83284,gene_signature,1.0,pass
10X_P7_14_ATCATCTAGTGAATTG-1,0.5361314083629487,16.165812,gene_signature,1.0,pass
10X_P7_14_ATCATGGGTACGCACC-1,0.10346456177331598,13.304596,gene_signature,1.0,pass
10X_P7_14_ATCATGGGTATTACCG-1,0.13310831802362205,12.353494,gene_signature,1.0,pass
10X_P7_14_ATCCACCAGTGTCCCG-1,0.33001854787646867,11.871508,gene_signature,1.0,pass
10X_P7_14_ATCCACCGTTATGTGC-1,0.18167940667248977,14.846545,gene_signature,1.0,pass
10X_P7_14_ATCCGAAAGCGTTTAC-1,0.19178247089805328,17.479431,gene_signature,1.0,pass
10X_P7_14_ATCGAGTCAGGAATGC-1,0.14382032412964094,15.683081,gene_signature,1.0,pass
10X_P7_14_ATCGAGTGTGCCTTGG-1,0.28756137114056424,5.32656,gene_signature,1.0,pass
10X_P7_14_ATCTACTGTGAGGGTT-1,0.42915637389135525,8.850671,gene_signature,1.0,pass
10X_P7_14_ATCTGCCAGCGGATCA-1,0.15202726140523928,14.017306,gene_signature,1.0,pass
10X_P7_14_ATCTGCCGTCAGATAA-1,0.285724737781387,7.9803696,gene_signature,1.0,pass
10X_P7_14_ATCTGCCTCACCTTAT-1,0.10789120833581034,12.155497,gene_signature,1.0,pass
10X_P7_14_ATGAGGGAGTACCGGA-1,0.3612958908186927,12.706995,gene_signature,1.0,pass
10X_P7_14_ATGAGGGTCAGCAACT-1,0.5064296131693805,10.888131,gene_signature,1.0,pass
10X_P7_14_ATGCGATTCCACGTGG-1,0.2544071048908388,19.477205,gene_signature,1.0,pass
10X_P7_14_ATGCGATTCCTATTCA-1,0.11345761475999165,20.333078,gene_signature,1.0,pass
10X_P7_14_ATGGGAGAGATGTTAG-1,0.2475464268134396,9.62277,gene_signature,1.0,pass
10X_P7_14_ATGGGAGAGGTGACCA-1,0.05243315484156402,15.901944,gene_signature,1.0,pass
10X_P7_14_ATGGGAGCAAGGTGTG-1,0.027937359900309287,17.963055,gene_signature,1.0,pass
10X_P7_14_ATGGGAGTCTGCAAGT-1,0.11804419272413538,11.413693,gene_signature,1.0,pass
10X_P7_14_ATTACTCCAGACGCTC-1,0.029588542385043753,14.025076,gene_signature,1.0,pass
10X_P7_14_ATTACTCCAGCTCGCA-1,0.056716152331957856,15.017914,gene_signature,1.0,pass
10X_P7_14_ATTATCCAGTCAAGGC-1,0.17886368566980565,7.916198,gene_signature,1.0,pass
10X_P7_14_ATTATCCGTTCGCTAA-1,0.055798433803841384,17.07999,gene_signature,1.0,pass
10X_P7_14_ATTGGACCAAGACACG-1,0.0622970374588437,19.961943,gene_signature,1.0,pass
10X_P7_14_ATTGGTGTCTGGAGCC-1,0.3975125826649806,10.070579,gene_signature,1.0,pass
10X_P7_14_ATTTCTGCAGCTTCGG-1,0.6028890926005283,5.8632174,gene_signature,1.0,pass
10X_P7_14_ATTTCTGGTCGCATAT-1,0.024609936760529704,20.246841,gene_signature,1.0,pass
10X_P7_14_ATTTCTGGTGACCAAG-1,0.05234418939357375,19.963758,gene_signature,1.0,pass
10X_P7_14_CAACCAAGTTAAGAAC-1,0.10380223615710997,8.4423275,gene_signature,1.0,pass
10X_P7_14_CAACCAATCAAACCAC-1,0.24497164890161235,11.999456,gene_signature,1.0,pass
10X_P7_14_CAACCTCCAAGTTGTC-1,0.043297316982475575,18.865658,gene_signature,1.0,pass
10X_P7_14_CAACCTCGTCAAGCGA-1,0.14296674140512128,15.214915,gene_signature,1.0,pass
10X_P7_14_CAACCTCGTGAGCGAT-1,0.24743347479147,14.774249,gene_signature,1.0,pass
10X_P7_14_CAACTAGCACAGGAGT-1,0.22225080941128347,14.721151,gene_signature,1.0,pass
10X_P7_14_CAACTAGGTCACTGGC-1,0.14180069750053534,16.806364,gene_signature,1.0,pass
10X_P7_14_CAAGAAAAGGGTATCG-1,0.39553674333767574,17.646067,gene_signature,1.0,pass
10X_P7_14_CAAGAAATCTGGTGTA-1,0.17837392072505373,16.767431,gene_signature,1.0,pass
10X_P7_14_CAAGATCGTTACAGAA-1,0.12672814870072552,20.715431,gene_signature,1.0,pass
10X_P7_14_CAAGTTGAGAAGGGTA-1,0.32936957136755324,14.041962,gene_signature,1.0,pass
10X_P7_14_CAAGTTGGTAATTGGA-1,0.6024841044460431,11.474952,gene_signature,1.0,pass
10X_P7_14_CAAGTTGGTCGTGGCT-1,0.32077496031242114,14.44455,gene_signature,1.0,pass
10X_P7_14_CAAGTTGTCCGCATCT-1,0.07012631217397979,11.084686,gene_signature,1.0,pass
10X_P7_14_CACAAACTCGGACAAG-1,0.46067366553870104,14.684033,gene_signature,1.0,pass
10X_P7_14_CACACAACAAGCCTAT-1,0.10778553789284884,11.420988,gene_signature,1.0,pass
10X_P7_14_CACACTCGTGGTCTCG-1,0.11130368344875492,16.174469,gene_signature,1.0,pass
10X_P7_14_CACAGGCAGTAGTGCG-1,0.052571508299965965,16.879421,gene_signature,1.0,pass
10X_P7_14_CACAGTAGTAAGGGCT-1,0.15712125983533948,13.35954,gene_signature,1.0,pass
10X_P7_14_CACAGTAGTCTGATCA-1,0.0621973187916887,16.46264,gene_signature,1.0,pass
10X_P7_14_CACATAGAGCTTATCG-1,0.08698347018383915,8.726804,gene_signature,1.0,pass
10X_P7_14_CACATTTCATATGGTC-1,0.3444533576914708,9.230333,gene_signature,1.0,pass
10X_P7_14_CACCACTAGCGTGAAC-1,0.5097900734254665,17.192379,gene_signature,1.0,pass
10X_P7_14_CACCACTAGTCTCGGC-1,0.2344508061153469,12.468363,gene_signature,1.0,pass
10X_P7_14_CACCACTAGTGTACGG-1,0.2791314598146539,12.23169,gene_signature,1.0,pass
10X_P7_14_CACCACTCAGCTCGAC-1,0.3068875694485004,18.200535,gene_signature,1.0,pass
10X_P7_14_CACCTTGAGCGTTTAC-1,0.09614524758300894,14.386505,gene_signature,1.0,pass
10X_P7_14_CACCTTGAGGATCGCA-1,0.5253790205026031,15.635101,gene_signature,1.0,pass
10X_P7_14_CACCTTGAGGGATCTG-1,0.12175722015924662,16.549417,gene_signature,1.0,pass
10X_P7_14_CACCTTGAGGTGCACA-1,0.33047674380488556,13.017079,gene_signature,1.0,pass
10X_P7_14_CACCTTGGTCACTTCC-1,0.19266477896976136,10.443448,gene_signature,1.0,pass
10X_P7_14_CACTCCACAGCTGTGC-1,0.055026815512531115,16.875273,gene_signature,1.0,pass
10X_P7_14_CAGAATCAGAGCTGCA-1,0.3419555436983025,17.425741,gene_signature,1.0,pass
10X_P7_14_CAGAGAGTCGAACGGA-1,0.4701039419716281,15.298164,gene_signature,1.0,pass
10X_P7_14_CAGAGAGTCTGAGTGT-1,0.3824750381225364,10.830907,gene_signature,1.0,pass
10X_P7_14_CAGCAGCAGGATGGTC-1,0.10186899087299735,14.3331585,gene_signature,1.0,pass
10X_P7_14_CAGCAGCGTGTGAATA-1,0.47293419037892087,12.316496,gene_signature,1.0,pass
10X_P7_14_CAGCATAAGGAATCGC-1,0.09017555150718055,14.375521,gene_signature,1.0,pass
10X_P7_14_CAGCATAAGGAGCGAG-1,0.37067808513770395,12.173787,gene_signature,1.0,pass
10X_P7_14_CAGCATAAGGTGCAAC-1,0.5370247847244635,18.89219,gene_signature,1.0,pass
10X_P7_14_CAGCATACAGTTCCCT-1,0.05287630094704441,21.76094,gene_signature,1.0,pass
10X_P7_14_CAGCATATCGCAGGCT-1,0.0720188851612859,16.004738,gene_signature,1.0,pass
10X_P7_14_CAGCCGACAAATACAG-1,0.7573195767268246,15.269087,gene_signature,1.0,pass
10X_P7_14_CAGCCGAGTCTCCATC-1,0.490092096745035,11.903111,gene_signature,1.0,pass
10X_P7_14_CAGCGACAGAGGGCTT-1,0.06799437649645212,21.273424,gene_signature,1.0,pass
10X_P7_14_CAGCGACAGATAGTCA-1,0.028206114859595687,12.637711,gene_signature,1.0,pass
10X_P7_14_CAGCGACAGCGTTTAC-1,0.0990785198110006,13.942854,gene_signature,1.0,pass
10X_P7_14_CAGCGACCAAGCGCTC-1,0.1672664848028447,11.970164,gene_signature,1.0,pass
10X_P7_14_CAGCGACCACTGTCGG-1,0.2550625904797764,14.433523,gene_signature,1.0,pass
10X_P7_14_CAGCGACCAGGGATTG-1,0.2056951862419397,8.001175,gene_signature,1.0,pass
10X_P7_14_CAGCTAAAGAGTAAGG-1,0.26545133219026873,12.652998,gene_signature,1.0,pass
10X_P7_14_CAGCTGGCATGCTGGC-1,0.3980657164203227,8.5706625,gene_signature,1.0,pass
10X_P7_14_CAGCTGGTCAGAGACG-1,0.1022168514140213,10.037474,gene_signature,1.0,pass
10X_P7_14_CAGGTGCGTGATAAAC-1,0.3851944288878005,13.4540205,gene_signature,1.0,pass
10X_P7_14_CAGTAACTCACCGGGT-1,0.12856549407595777,14.962131,gene_signature,1.0,pass
10X_P7_14_CAGTCCTAGAAGGGTA-1,0.854037982357221,12.139719,gene_signature,1.0,pass
10X_P7_14_CAGTCCTTCAGCTCGG-1,0.4293119751845115,9.714388,gene_signature,1.0,pass
10X_P7_14_CAGTCCTTCCTTGGTC-1,0.6778247767858013,15.933484,gene_signature,1.0,pass
10X_P7_14_CATATTCTCGATAGAA-1,0.004848599283637291,17.408113,gene_signature,1.0,pass
10X_P7_14_CATCAAGGTAGGCTGA-1,0.16354238625387035,14.1863575,gene_signature,1.0,pass
10X_P7_14_CATCCACCACATCTTT-1,0.23335233093238164,19.385315,gene_signature,1.0,pass
10X_P7_14_CATCGAAGTTTAGGAA-1,0.3019898384804045,12.932591,gene_signature,1.0,pass
10X_P7_14_CATCGAATCAAGGTAA-1,0.6287698165241002,13.083349,gene_signature,1.0,pass
10X_P7_14_CATCGAATCATCGATG-1,0.08888221036411295,7.8401465,gene_signature,1.0,pass
10X_P7_14_CATGACATCTGAGTGT-1,0.05923946975215547,19.547419,gene_signature,1.0,pass
10X_P7_14_CATGCCTCAACTGCTA-1,0.14108470068502618,12.114766,gene_signature,1.0,pass
10X_P7_14_CATGCCTCATCTCCCA-1,0.48540478436238194,11.410341,gene_signature,1.0,pass
10X_P7_14_CATGCCTGTCCGAATT-1,0.2839299786657159,11.81686,gene_signature,1.0,pass
10X_P7_14_CATGGCGAGACAATAC-1,0.08429791481670483,21.173145,gene_signature,1.0,pass
10X_P7_14_CATGGCGCACAACGTT-1,0.05124181654820833,12.02725,gene_signature,1.0,pass
10X_P7_14_CCACCTAAGATCGATA-1,0.6541860432436638,10.641239,gene_signature,1.0,pass
10X_P7_14_CCACCTAAGTGGACGT-1,0.5081511044340348,8.260723,gene_signature,1.0,pass
10X_P7_14_CCACCTAAGTGTCCCG-1,0.01931788065533119,21.209026,gene_signature,1.0,pass
10X_P7_14_CCACGGAGTACCAGTT-1,0.16064240390286907,16.020603,gene_signature,1.0,pass
10X_P7_14_CCACGGAGTCTCCATC-1,0.06523746415724102,11.896381,gene_signature,1.0,pass
10X_P7_14_CCACGGAGTGGTCTCG-1,0.5309422377372431,8.018568,gene_signature,1.0,pass
10X_P7_14_CCACTACCATTCCTCG-1,0.04291140709625529,19.741117,gene_signature,1.0,pass
10X_P7_14_CCAGCGACAACTGCGC-1,0.16248164030257511,21.012089,gene_signature,1.0,pass
10X_P7_14_CCAGCGACAGGATCGA-1,0.15647645677783106,14.171816,gene_signature,1.0,pass
10X_P7_14_CCAGCGATCAGGTTCA-1,0.4755023875310272,11.222271,gene_signature,1.0,pass
10X_P7_14_CCATGTCAGATGTGTA-1,0.19479669668506946,10.2768755,gene_signature,1.0,pass
10X_P7_14_CCATGTCGTAGCGTCC-1,0.28724318566579055,11.421765,gene_signature,1.0,pass
10X_P7_14_CCATTCGGTCGTCTTC-1,0.34874572380143776,15.953639,gene_signature,1.0,pass
10X_P7_14_CCATTCGTCACGATGT-1,0.27187613985774306,15.59749,gene_signature,1.0,pass
10X_P7_14_CCCAATCAGACTCGGA-1,0.43619423623040793,15.796446,gene_signature,1.0,pass
10X_P7_14_CCCAATCAGTGGACGT-1,0.1487226061288722,12.305661,gene_signature,1.0,pass
10X_P7_14_CCCAGTTCAATGGATA-1,0.6264339292158242,12.253478,gene_signature,1.0,pass
10X_P7_14_CCCAGTTGTGGTCCGT-1,0.32522338303085424,16.182955,gene_signature,1.0,pass
10X_P7_14_CCCAGTTTCAAGAAGT-1,0.15421453316803324,17.477757,gene_signature,1.0,pass
10X_P7_14_CCCATACAGCAGACTG-1,0.095352548815946,17.60365,gene_signature,1.0,pass
10X_P7_14_CCCATACAGGTGGGTT-1,0.22515995793415225,11.49375,gene_signature,1.0,pass
10X_P7_14_CCCATACTCATAGCAC-1,0.3659105527428244,14.640315,gene_signature,1.0,pass
10X_P7_14_CCCTCCTCACCTTGTC-1,0.32587333705838767,11.013033,gene_signature,1.0,pass
10X_P7_14_CCGGTAGCACTGTTAG-1,0.534206289239624,17.51124,gene_signature,1.0,pass
10X_P7_14_CCGTACTCACCACCAG-1,0.4144132746920727,9.736198,gene_signature,1.0,pass
10X_P7_14_CCGTACTGTGTTTGGT-1,0.4988193924067734,8.362822,gene_signature,1.0,pass
10X_P7_14_CCGTGGAAGCTATGCT-1,0.35249649326338595,19.283312,gene_signature,1.0,pass
10X_P7_14_CCGTGGACATTCACTT-1,0.44561415836353957,12.436032,gene_signature,1.0,pass
10X_P7_14_CCGTGGATCGGAGCAA-1,0.26993096838915087,8.295248,gene_signature,1.0,pass
10X_P7_14_CCGTGGATCTCTAGGA-1,0.033013697802877454,15.952542,gene_signature,1.0,pass
10X_P7_14_CCGTTCATCCGATATG-1,0.08970320188037224,12.45975,gene_signature,1.0,pass
10X_P7_14_CCGTTCATCTGGTATG-1,0.17148239906160376,20.07254,gene_signature,1.0,pass
10X_P7_14_CCTAAAGCAATACGCT-1,0.2078228485833304,14.761566,gene_signature,1.0,pass
10X_P7_14_CCTAAAGCACATTTCT-1,0.0956938704784903,13.117856,gene_signature,1.0,pass
10X_P7_14_CCTAAAGTCGGAGGTA-1,0.18205060728048872,11.926412,gene_signature,1.0,pass
10X_P7_14_CCTACACCATATGCTG-1,0.10822781007025342,15.96184,gene_signature,1.0,pass
10X_P7_14_CCTACACGTCTCGTTC-1,0.2983823858262288,16.882025,gene_signature,1.0,pass
10X_P7_14_CCTACCAAGTTACCCA-1,0.36314701594626,14.95721,gene_signature,1.0,pass
10X_P7_14_CCTAGCTAGATGGCGT-1,0.3275559414758042,13.073797,gene_signature,1.0,pass
10X_P7_14_CCTAGCTGTCCTGCTT-1,0.058654662657862566,13.849165,gene_signature,1.0,pass
10X_P7_14_CCTCAGTTCTCGCATC-1,0.3228400990443759,8.214232,gene_signature,1.0,pass
10X_P7_14_CCTCTGATCGGATGTT-1,0.06419382049402479,16.149439,gene_signature,1.0,pass
10X_P7_14_CCTCTGATCTCAAACG-1,0.09816782560337776,13.843532,gene_signature,1.0,pass
10X_P7_14_CCTTACGAGAAGGGTA-1,0.0767491113072389,11.548932,gene_signature,1.0,pass
10X_P7_14_CCTTCCCCAACTTGAC-1,0.01933496782373718,16.78357,gene_signature,1.0,pass
10X_P7_14_CCTTCCCCATTGAGCT-1,0.20460438612130716,17.404915,gene_signature,1.0,pass
10X_P7_14_CCTTCCCGTCATATCG-1,0.35791127737439776,13.608604,gene_signature,1.0,pass
10X_P7_14_CCTTCGAAGATATACG-1,0.14253366300809917,16.410578,gene_signature,1.0,pass
10X_P7_14_CCTTCGACAACGATGG-1,0.06728371956291816,13.549742,gene_signature,1.0,pass
10X_P7_14_CCTTCGATCGCAAACT-1,0.6714909797592059,15.468538,gene_signature,1.0,pass
10X_P7_14_CCTTTCTTCCACGCAG-1,0.6937822383815256,10.261838,gene_signature,1.0,pass
10X_P7_14_CGAACATTCATCGCTC-1,0.5447945201168769,9.779157,gene_signature,1.0,pass
10X_P7_14_CGAACATTCCACGTTC-1,0.1547970530671366,11.482977,gene_signature,1.0,pass
10X_P7_14_CGAATGTAGGCATTGG-1,0.4923081151314655,16.106792,gene_signature,1.0,pass
10X_P7_14_CGACCTTCAATGCCAT-1,0.19197967220456227,18.195194,gene_signature,1.0,pass
10X_P7_14_CGACTTCAGCCGCCTA-1,0.021405842119313342,13.376457,gene_signature,1.0,pass
10X_P7_14_CGAGAAGCACATCTTT-1,0.26999657478042016,18.373108,gene_signature,1.0,pass
10X_P7_14_CGAGCCAGTAATCACC-1,0.3380781285106512,10.567056,gene_signature,1.0,pass
10X_P7_14_CGATCGGCATGCCCGA-1,0.03872950685377508,21.704971,gene_signature,1.0,pass
10X_P7_14_CGATCGGGTGGTCCGT-1,0.12783096841460345,14.356366,gene_signature,1.0,pass
10X_P7_14_CGATGGCCAACGATGG-1,0.12026649180314945,15.725537,gene_signature,1.0,pass
10X_P7_14_CGATGGCCAGTTCCCT-1,0.09390568146923509,19.4985,gene_signature,1.0,pass
10X_P7_14_CGCGGTAAGACTGTAA-1,0.19436186741582567,13.580679,gene_signature,1.0,pass
10X_P7_14_CGCGGTACAAGTACCT-1,0.21658186172413627,14.705432,gene_signature,1.0,pass
10X_P7_14_CGCGGTAGTTGCCTCT-1,0.05382299043995241,15.12594,gene_signature,1.0,pass
10X_P7_14_CGCGTTTGTCAGAATA-1,0.28860371435826104,14.103435,gene_signature,1.0,pass
10X_P7_14_CGCGTTTGTCTCTCGT-1,0.15850670915812068,12.36582,gene_signature,1.0,pass
10X_P7_14_CGCGTTTTCTGCTGTC-1,0.03371855178012352,19.97854,gene_signature,1.0,pass
10X_P7_14_CGCTATCAGACATAAC-1,0.23155447167897564,11.831688,gene_signature,1.0,pass
10X_P7_14_CGCTATCGTACAGTTC-1,0.4076319722220855,12.645195,gene_signature,1.0,pass
10X_P7_14_CGCTGGACAGACGCTC-1,0.037681946009300374,14.660001,gene_signature,1.0,pass
10X_P7_14_CGCTGGAGTATAGTAG-1,0.11673710594722549,10.222211,gene_signature,1.0,pass
10X_P7_14_CGCTTCAAGTACGATA-1,0.39669439167171133,13.674863,gene_signature,1.0,pass
10X_P7_14_CGGACACAGCTCCTCT-1,0.17862395915278984,13.201075,gene_signature,1.0,pass
10X_P7_14_CGGACACGTTCTGTTT-1,0.33832995205058675,8.375794,gene_signature,1.0,pass
10X_P7_14_CGGACGTCATCGATGT-1,0.34624833952630424,12.613251,gene_signature,1.0,pass
10X_P7_14_CGGACTGCAGTAAGAT-1,0.23970733245701278,10.165712,gene_signature,1.0,pass
10X_P7_14_CGGAGTCGTTTAAGCC-1,0.15811463795068326,17.094917,gene_signature,1.0,pass
10X_P7_14_CGGAGTCTCCAAAGTC-1,0.23488518751964987,20.287163,gene_signature,1.0,pass
10X_P7_14_CGGAGTCTCTTAGCCC-1,0.640954599349997,12.536608,gene_signature,1.0,pass
10X_P7_14_CGGGTCACACCAGTTA-1,0.26734693513711555,20.068272,gene_signature,1.0,pass
10X_P7_14_CGGGTCACAGAGCCAA-1,0.6291406881375444,19.731693,gene_signature,1.0,pass
10X_P7_14_CGGGTCATCAGTGCAT-1,0.1615845833172846,11.35132,gene_signature,1.0,pass
10X_P7_14_CGGTTAAAGCTAAGAT-1,0.28065262041183114,15.179533,gene_signature,1.0,pass
10X_P7_14_CGGTTAATCGGATGGA-1,0.3431440819038322,16.044931,gene_signature,1.0,pass
10X_P7_14_CGTAGCGAGCACACAG-1,0.16730963877126115,17.257927,gene_signature,1.0,pass
10X_P7_14_CGTAGCGAGGAATGGA-1,0.25675227958458957,17.654362,gene_signature,1.0,pass
10X_P7_14_CGTAGCGCACAGACTT-1,0.31771542917841433,14.780237,gene_signature,1.0,pass
10X_P7_14_CGTAGGCAGTACGCCC-1,0.47695906775547464,6.950052,gene_signature,1.0,pass
10X_P7_14_CGTCACTTCCTAGAAC-1,0.2834148904466562,7.129136,gene_signature,1.0,pass
10X_P7_14_CGTCCATAGATATGCA-1,0.37524538730044277,11.488252,gene_signature,1.0,pass
10X_P7_14_CGTCCATGTCATCCCT-1,0.4205383223758151,15.297892,gene_signature,1.0,pass
10X_P7_14_CGTCCATTCTTACCTA-1,0.37772140112196434,14.881338,gene_signature,1.0,pass
10X_P7_14_CGTCTACGTGTTAAGA-1,0.26623680203910594,12.808645,gene_signature,1.0,pass
10X_P7_14_CGTCTACTCGTATCAG-1,0.05471392151425199,15.541829,gene_signature,1.0,pass
10X_P7_14_CGTCTACTCGTTTATC-1,0.2679470784078039,12.906837,gene_signature,1.0,pass
10X_P7_14_CGTGAGCTCTGAAAGA-1,0.2757434141688677,15.982622,gene_signature,1.0,pass
10X_P7_14_CGTGTAAAGTTAGCGG-1,0.04778703719154974,20.948692,gene_signature,1.0,pass
10X_P7_14_CGTTAGACAGAGCCAA-1,0.47686825439756325,9.877962,gene_signature,1.0,pass
10X_P7_14_CGTTAGAGTAAACCTC-1,0.296587337370405,11.290105,gene_signature,1.0,pass
10X_P7_14_CGTTAGAGTAATCGTC-1,0.7200939276018861,14.931906,gene_signature,1.0,pass
10X_P7_14_CGTTCTGAGCTAGTGG-1,0.23094731719710837,13.565625,gene_signature,1.0,pass
10X_P7_14_CGTTCTGAGGAGTTGC-1,0.13509836491187752,13.071489,gene_signature,1.0,pass
10X_P7_14_CGTTGGGAGCAAATCA-1,0.07060334931010188,16.272762,gene_signature,1.0,pass
10X_P7_14_CGTTGGGGTGGTGTAG-1,0.06353956457926895,21.14655,gene_signature,1.0,pass
10X_P7_14_CTAACTTTCAGTTGAC-1,0.5120521809556161,10.034712,gene_signature,1.0,pass
10X_P7_14_CTAACTTTCCTTTACA-1,0.034188978817902296,15.007454,gene_signature,1.0,pass
10X_P7_14_CTAAGACCACTCAGGC-1,0.21537380499479747,17.126635,gene_signature,1.0,pass
10X_P7_14_CTAAGACGTCTCCATC-1,0.22613525937376622,12.951381,gene_signature,1.0,pass
10X_P7_14_CTACATTAGACAAGCC-1,0.36276836284494046,16.135204,gene_signature,1.0,pass
10X_P7_14_CTACATTTCCATGAGT-1,0.13602801586158902,8.8672085,gene_signature,1.0,pass
10X_P7_14_CTACCCACACCCAGTG-1,0.6001384229669633,9.463415,gene_signature,1.0,pass
10X_P7_14_CTACGTCAGATGTGGC-1,0.254820143404555,15.847788,gene_signature,1.0,pass
10X_P7_14_CTACGTCGTCTAGAGG-1,0.1504567618328731,14.443738,gene_signature,1.0,pass
10X_P7_14_CTAGAGTGTCAATACC-1,0.3796840929386258,11.816995,gene_signature,1.0,pass
10X_P7_14_CTAGCCTGTTATGTGC-1,0.12289539547077873,16.716396,gene_signature,1.0,pass
10X_P7_14_CTAGTGAGTGCAGGTA-1,0.42241535576339506,20.28002,gene_signature,1.0,pass
10X_P7_14_CTCACACCACCAGGCT-1,0.2340370926669694,13.321322,gene_signature,1.0,pass
10X_P7_14_CTCACACGTAGGCTGA-1,0.3339110257657135,8.087796,gene_signature,1.0,pass
10X_P7_14_CTCACACGTCTCCATC-1,0.29142205552095124,12.394089,gene_signature,1.0,pass
10X_P7_14_CTCAGAAAGCCACTAT-1,0.13795902994188114,15.744888,gene_signature,1.0,pass
10X_P7_14_CTCATTAAGCGCTTAT-1,0.24977894470066314,16.222776,gene_signature,1.0,pass
10X_P7_14_CTCATTAAGTCCAGGA-1,0.24586403685513963,14.534091,gene_signature,1.0,pass
10X_P7_14_CTCCTAGCACAGACTT-1,0.19590789712079584,13.662097,gene_signature,1.0,pass
10X_P7_14_CTCCTAGCACCACCAG-1,0.19740206635878804,18.955812,gene_signature,1.0,pass
10X_P7_14_CTCCTAGTCTTGCAAG-1,0.6998210856896855,10.475012,gene_signature,1.0,pass
10X_P7_14_CTCGAGGAGTTACCCA-1,0.7180884059019907,12.20041,gene_signature,1.0,pass
10X_P7_14_CTCGAGGCAGGGTATG-1,0.309265249436272,19.081614,gene_signature,1.0,pass
10X_P7_14_CTCGAGGGTACGCACC-1,0.24656961104259406,11.912201,gene_signature,1.0,pass
10X_P7_14_CTCGAGGTCTCTGCTG-1,0.07313083790056871,13.355512,gene_signature,1.0,pass
10X_P7_14_CTCGGAGAGTCGTACT-1,0.018200436786637957,16.493793,gene_signature,1.0,pass
10X_P7_14_CTCGGGAAGAGTACCG-1,0.031961231094048234,12.245503,gene_signature,1.0,pass
10X_P7_14_CTCGTACGTTAGAACA-1,0.1388051871011839,15.646439,gene_signature,1.0,pass
10X_P7_14_CTCTAATAGTTAAGTG-1,0.4788990887365857,20.522526,gene_signature,1.0,pass
10X_P7_14_CTCTAATCATGTCTCC-1,0.19583281217985876,12.30326,gene_signature,1.0,pass
10X_P7_14_CTCTAATTCTCAAACG-1,0.42666321682026753,14.422655,gene_signature,1.0,pass
10X_P7_14_CTCTACGAGGCTCATT-1,0.309204676100885,11.837842,gene_signature,1.0,pass
10X_P7_14_CTCTACGAGTCTCCTC-1,0.027622259889705892,18.387465,gene_signature,1.0,pass
10X_P7_14_CTCTACGTCGAATGGG-1,0.6236585050775177,9.042899,gene_signature,1.0,pass
10X_P7_14_CTCTGGTCATGCCCGA-1,0.49020432413267023,10.813401,gene_signature,1.0,pass
10X_P7_14_CTCTGGTTCGGCCGAT-1,0.3608695339019113,16.482424,gene_signature,1.0,pass
10X_P7_14_CTGAAACCAGGGTTAG-1,0.19774779190744277,21.740612,gene_signature,1.0,pass
10X_P7_14_CTGAAACGTCATCCCT-1,0.2564724570255844,12.523973,gene_signature,1.0,pass
10X_P7_14_CTGAAACGTCGCGTGT-1,0.30406542165720424,10.265939,gene_signature,1.0,pass
10X_P7_14_CTGAAACTCCGAAGAG-1,0.16744301292228772,11.058649,gene_signature,1.0,pass
10X_P7_14_CTGAAGTAGTAGCCGA-1,0.16329340512335389,17.869923,gene_signature,1.0,pass
10X_P7_14_CTGATAGCAGAAGCAC-1,0.027572785222497675,17.306803,gene_signature,1.0,pass
10X_P7_14_CTGATAGGTGTGTGCC-1,0.6557459954438267,8.10972,gene_signature,1.0,pass
10X_P7_14_CTGATCCCAATGTTGC-1,0.08220473758810506,18.857246,gene_signature,1.0,pass
10X_P7_14_CTGATCCGTTACGACT-1,0.5143506486909487,15.874927,gene_signature,1.0,pass
10X_P7_14_CTGATCCTCCTTGCCA-1,0.31053267181784094,18.287064,gene_signature,1.0,pass
10X_P7_14_CTGCCTAGTTTGCATG-1,0.2674325779197179,18.541367,gene_signature,1.0,pass
10X_P7_14_CTGCGGAGTATAGTAG-1,0.09373338386398437,17.044374,gene_signature,1.0,pass
10X_P7_14_CTGCGGAGTTTAAGCC-1,0.5725307782644078,10.43905,gene_signature,1.0,pass
10X_P7_14_CTGCTGTAGCCCAATT-1,0.14249451282480657,14.025482,gene_signature,1.0,pass
10X_P7_14_CTGCTGTCATGACATC-1,0.5377409842474475,19.045588,gene_signature,1.0,pass
10X_P7_14_CTGCTGTGTACATCCA-1,0.6441350138239113,10.537631,gene_signature,1.0,pass
10X_P7_14_CTGGTCTAGTACATGA-1,0.5980204120856898,11.922125,gene_signature,1.0,pass
10X_P7_14_CTGGTCTAGTCGCCGT-1,0.2116516611375691,20.653996,gene_signature,1.0,pass
10X_P7_14_CTGGTCTCATTGGTAC-1,0.27386358389733206,13.649927,gene_signature,1.0,pass
10X_P7_14_CTGTGCTTCTGCTGTC-1,0.15880963974358894,11.493571,gene_signature,1.0,pass
10X_P7_14_CTGTTTAAGTTACCCA-1,0.2005324819075854,9.161163,gene_signature,1.0,pass
10X_P7_14_CTTACCGCAAGTACCT-1,0.18984814450590745,14.093079,gene_signature,1.0,pass
10X_P7_14_CTTACCGCACTTACGA-1,0.1784785286081607,20.586214,gene_signature,1.0,pass
10X_P7_14_CTTCTCTAGATGAGAG-1,0.3572086457462582,12.472746,gene_signature,1.0,pass
10X_P7_14_CTTGGCTGTCCGTCAG-1,0.24463855340323168,12.384718,gene_signature,1.0,pass
10X_P7_14_CTTGGCTGTTTCGCTC-1,0.30224828939380627,17.211939,gene_signature,1.0,pass
10X_P7_14_CTTTGCGAGCGCTTAT-1,0.17190643961457652,9.396151,gene_signature,1.0,pass
10X_P7_14_GAACCTAGTAAAGTCA-1,0.30125767260435204,16.351425,gene_signature,1.0,pass
10X_P7_14_GAACGGAAGGTGGGTT-1,0.2297500047229158,18.820484,gene_signature,1.0,pass
10X_P7_14_GAATGAAGTAGGCTGA-1,0.41361949367605993,7.2471595,gene_signature,1.0,pass
10X_P7_14_GAATGAATCAGCTGGC-1,0.051291642241978595,20.261517,gene_signature,1.0,pass
10X_P7_14_GACACGCCATATACCG-1,0.1146394908568535,15.629013,gene_signature,1.0,pass
10X_P7_14_GACACGCGTCAGTGGA-1,0.6992396615963016,12.924921,gene_signature,1.0,pass
10X_P7_14_GACCAATAGAAGGCCT-1,0.5055070259905181,10.862186,gene_signature,1.0,pass
10X_P7_14_GACCAATCACTGTGTA-1,0.08016148950219082,9.918318,gene_signature,1.0,pass
10X_P7_14_GACCTGGCAATACGCT-1,0.2530033710588231,12.411649,gene_signature,1.0,pass
10X_P7_14_GACCTGGTCCCTCAGT-1,0.04858621825572454,14.7420635,gene_signature,1.0,pass
10X_P7_14_GACGGCTTCAACACTG-1,0.36001449762364135,7.45251,gene_signature,1.0,pass
10X_P7_14_GACGGCTTCCAGATCA-1,0.16245377112555576,16.261501,gene_signature,1.0,pass
10X_P7_14_GACGGCTTCGAATGGG-1,0.38573685500525595,10.512372,gene_signature,1.0,pass
10X_P7_14_GACGTGCGTGCGATAG-1,0.18130356798573305,14.726581,gene_signature,1.0,pass
10X_P7_14_GACGTGCTCCGCAGTG-1,0.28237023416779833,10.824252,gene_signature,1.0,pass
10X_P7_14_GACGTTAGTCCTAGCG-1,0.6296428086888577,5.4378705,gene_signature,1.0,pass
10X_P7_14_GACGTTATCGGCCGAT-1,0.31632986487921394,15.234494,gene_signature,1.0,pass
10X_P7_14_GACTACAAGCTGAAAT-1,0.07853140054535304,12.681069,gene_signature,1.0,pass
10X_P7_14_GACTACACATACTACG-1,0.06347375396765143,21.419313,gene_signature,1.0,pass
10X_P7_14_GACTACAGTACCCAAT-1,0.4380926086052142,10.741829,gene_signature,1.0,pass
10X_P7_14_GACTGCGAGAAACCGC-1,0.08493859772801586,14.401446,gene_signature,1.0,pass
10X_P7_14_GACTGCGAGCTGATAA-1,0.18254126164374437,14.331116,gene_signature,1.0,pass
10X_P7_14_GACTGCGCAGCCAGAA-1,0.245636483587705,16.843138,gene_signature,1.0,pass
10X_P7_14_GACTGCGTCTCTGCTG-1,0.36299434842943074,11.136698,gene_signature,1.0,pass
10X_P7_14_GAGGTGAAGTTACCCA-1,0.551760434952918,11.253647,gene_signature,1.0,pass
10X_P7_14_GAGGTGATCTAACTGG-1,0.44669245437608573,15.149127,gene_signature,1.0,pass
10X_P7_14_GAGTCCGAGGGTATCG-1,0.7033855582481985,14.2399845,gene_signature,1.0,pass
10X_P7_14_GAGTCCGAGTGAAGTT-1,0.38953756155018054,11.548682,gene_signature,1.0,pass
10X_P7_14_GAGTCCGCAATGTAAG-1,0.5123340068993605,9.367025,gene_signature,1.0,pass
10X_P7_14_GATCAGTGTTCGCGAC-1,0.027970753861334963,21.81816,gene_signature,1.0,pass
10X_P7_14_GATCGCGTCTTAGCCC-1,0.18883506353919063,11.713414,gene_signature,1.0,pass
10X_P7_14_GATCGTACACTGCCAG-1,0.38699175884747067,11.534181,gene_signature,1.0,pass
10X_P7_14_GATCTAGCAATCACAC-1,0.16798397038967688,11.563176,gene_signature,1.0,pass
10X_P7_14_GATCTAGGTAAGGGCT-1,0.4951188100032833,8.12709,gene_signature,1.0,pass
10X_P7_14_GATGAAATCAAACAAG-1,0.4932564436088266,17.028843,gene_signature,1.0,pass
10X_P7_14_GATGAAATCACAGGCC-1,0.04912373344361019,18.314487,gene_signature,1.0,pass
10X_P7_14_GATGAGGAGTTCGCGC-1,0.08426383407502319,15.853137,gene_signature,1.0,pass
10X_P7_14_GATGAGGCACGAAAGC-1,0.6493050659501141,15.472237,gene_signature,1.0,pass
10X_P7_14_GATGCTAAGAGCTTCT-1,0.5546399872772729,13.460321,gene_signature,1.0,pass
10X_P7_14_GATGCTATCAGTACGT-1,0.05486738508237406,16.607687,gene_signature,1.0,pass
10X_P7_14_GATGCTATCGTAGGTT-1,0.09268874345188374,19.048725,gene_signature,1.0,pass
10X_P7_14_GCAAACTTCAACGCTA-1,0.13516639371799238,20.717556,gene_signature,1.0,pass
10X_P7_14_GCAATCACAAGGCTCC-1,0.3793989376802497,10.232285,gene_signature,1.0,pass
10X_P7_14_GCACATATCCGTAGGC-1,0.2575898317401749,14.176793,gene_signature,1.0,pass
10X_P7_14_GCACTCTTCAACACAC-1,0.7534883085141597,10.5140705,gene_signature,1.0,pass
10X_P7_14_GCAGCCAAGAGTCTGG-1,0.02184685918543392,19.941011,gene_signature,1.0,pass
10X_P7_14_GCAGCCACAGCTCGAC-1,0.019541099497707416,17.740623,gene_signature,1.0,pass
10X_P7_14_GCAGTTAGTTATTCTC-1,0.327444092559236,13.008196,gene_signature,1.0,pass
10X_P7_14_GCATACAGTCATGCCG-1,0.1206411002506513,13.844808,gene_signature,1.0,pass
10X_P7_14_GCATACAGTTACGGAG-1,0.1616532432308984,12.53047,gene_signature,1.0,pass
10X_P7_14_GCATGATTCGAATGCT-1,0.2967275434961304,13.182963,gene_signature,1.0,pass
10X_P7_14_GCATGCGCAATGGATA-1,0.39863216593836964,13.190941,gene_signature,1.0,pass
10X_P7_14_GCCAAATGTGATAAAC-1,0.5212109964424174,8.927553,gene_signature,1.0,pass
10X_P7_14_GCCAAATTCGCGTTTC-1,0.7821661834577085,8.342646,gene_signature,1.0,pass
10X_P7_14_GCCAAATTCTCTGTCG-1,0.14584670310970269,17.717987,gene_signature,1.0,pass
10X_P7_14_GCCTCTAGTACCGTTA-1,0.08209696198768728,13.650111,gene_signature,1.0,pass
10X_P7_14_GCCTCTATCTAACTGG-1,0.8805200586338341,20.69802,gene_signature,1.0,pass
10X_P7_14_GCCTCTATCTCGATGA-1,0.4062927390750489,13.236107,gene_signature,1.0,pass
10X_P7_14_GCGACCAGTGATGTGG-1,0.08648170146195297,18.826826,gene_signature,1.0,pass
10X_P7_14_GCGACCAGTGTATGGG-1,0.2705434630700587,20.510347,gene_signature,1.0,pass
10X_P7_14_GCGCAACCACCAACCG-1,0.052878268761702096,11.661642,gene_signature,1.0,pass
10X_P7_14_GCGCAACGTCCAGTGC-1,0.3308834580883594,14.787561,gene_signature,1.0,pass
10X_P7_14_GCGCAGTAGATACACA-1,0.01661692205196047,15.296849,gene_signature,1.0,pass
10X_P7_14_GCGCCAAAGTAGATGT-1,0.2853908961335619,12.542219,gene_signature,1.0,pass
10X_P7_14_GCGCGATAGTGGCACA-1,0.33884407436758257,18.019117,gene_signature,1.0,pass
10X_P7_14_GCGCGATCATTGAGCT-1,0.5815144107118158,22.246586,gene_signature,1.0,pass
10X_P7_14_GCTCCTACACATTTCT-1,0.015724401900430483,15.360417,gene_signature,1.0,pass
10X_P7_14_GCTCCTATCATCACCC-1,0.21712717006040155,13.037344,gene_signature,1.0,pass
10X_P7_14_GCTCTGTAGTTGTAGA-1,0.30670627596485883,15.523176,gene_signature,1.0,pass
10X_P7_14_GCTCTGTTCGTACCGG-1,0.03830156731549626,15.522505,gene_signature,1.0,pass
10X_P7_14_GCTGCAGGTCTCTTTA-1,0.3838437384448095,10.268413,gene_signature,1.0,pass
10X_P7_14_GCTGCGACAATGGAAT-1,0.22429863598830874,14.59933,gene_signature,1.0,pass
10X_P7_14_GCTGCGACATACGCTA-1,0.0664852889234821,21.752224,gene_signature,1.0,pass
10X_P7_14_GCTGCGATCAGCGACC-1,0.378949635840679,12.991858,gene_signature,1.0,pass
10X_P7_14_GCTGCTTAGACGCTTT-1,0.49612277823487594,14.670469,gene_signature,1.0,pass
10X_P7_14_GCTGCTTGTCGCTTCT-1,0.2573838906177245,16.414318,gene_signature,1.0,pass
10X_P7_14_GCTGGGTCAAGTCTAC-1,0.24911643061574126,17.963345,gene_signature,1.0,pass
10X_P7_14_GCTTCCAGTTCCTCCA-1,0.3085627785175619,8.040213,gene_signature,1.0,pass
10X_P7_14_GGAAAGCAGAGTGAGA-1,0.05301878866937286,14.364805,gene_signature,1.0,pass
10X_P7_14_GGAAAGCCAGCCAATT-1,0.11958548946840837,17.19722,gene_signature,1.0,pass
10X_P7_14_GGAACTTCAGAGTGTG-1,0.5451854375127894,18.401176,gene_signature,1.0,pass
10X_P7_14_GGAATAAGTGCACTTA-1,0.56306275040066,14.100983,gene_signature,1.0,pass
10X_P7_14_GGACAAGGTTGCGCAC-1,0.025956366028412208,14.745501,gene_signature,1.0,pass
10X_P7_14_GGACAGAGTTAAGATG-1,0.323966948382487,10.76701,gene_signature,1.0,pass
10X_P7_14_GGACATTCACTAGTAC-1,0.34669461863468387,11.289687,gene_signature,1.0,pass
10X_P7_14_GGACATTGTTCGTCTC-1,0.06014175569041923,15.1388645,gene_signature,1.0,pass
10X_P7_14_GGAGCAACATTGGGCC-1,0.577312577975597,11.574977,gene_signature,1.0,pass
10X_P7_14_GGAGCAATCGACGGAA-1,0.7937827696663554,12.505344,gene_signature,1.0,pass
10X_P7_14_GGATGTTTCGTGGGAA-1,0.07726751086714473,9.030326,gene_signature,1.0,pass
10X_P7_14_GGATTACGTAGAGCTG-1,0.03633460193515461,15.218374,gene_signature,1.0,pass
10X_P7_14_GGCAATTGTGCAGGTA-1,0.30662586982139955,17.907604,gene_signature,1.0,pass
10X_P7_14_GGCCGATCAATGGACG-1,0.2530890627640436,12.020611,gene_signature,1.0,pass
10X_P7_14_GGCGTGTAGCGTAATA-1,0.236784282398054,17.086975,gene_signature,1.0,pass
10X_P7_14_GGCTCGAAGACAAGCC-1,0.5679479839341347,13.241144,gene_signature,1.0,pass
10X_P7_14_GGCTCGACAGGGATTG-1,0.21764981265369404,13.228213,gene_signature,1.0,pass
10X_P7_14_GGCTCGAGTGGTTTCA-1,0.051768607672826664,8.070058,gene_signature,1.0,pass
10X_P7_14_GGCTGGTGTAGCTGCC-1,0.4834224169897895,8.890348,gene_signature,1.0,pass
10X_P7_14_GGCTGGTTCCTGCCAT-1,0.11278685008930431,22.133087,gene_signature,1.0,pass
10X_P7_14_GGGAATGAGAGGTTAT-1,0.010252807983997367,16.050442,gene_signature,1.0,pass
10X_P7_14_GGGACCTGTTCGTGAT-1,0.22419017658275417,21.878513,gene_signature,1.0,pass
10X_P7_14_GGGAGATAGTGTACGG-1,0.018134284423438684,12.634646,gene_signature,1.0,pass
10X_P7_14_GGGATGAAGGCTAGGT-1,0.009623863302765056,18.192747,gene_signature,1.0,pass
10X_P7_14_GGGATGACACACTGCG-1,0.5483069940725561,10.993066,gene_signature,1.0,pass
10X_P7_14_GGGCACTGTGCCTGTG-1,0.17389198870539344,17.774925,gene_signature,1.0,pass
10X_P7_14_GGGCATCAGAGCTATA-1,0.3841108241906019,12.286267,gene_signature,1.0,pass
10X_P7_14_GGGTCTGTCGAATGCT-1,0.10901708408871447,12.968628,gene_signature,1.0,pass
10X_P7_14_GGGTTGCAGTTCGCAT-1,0.27711980622887006,13.104983,gene_signature,1.0,pass
10X_P7_14_GGGTTGCGTCCCTTGT-1,0.05310480182014867,19.611393,gene_signature,1.0,pass
10X_P7_14_GGGTTGCTCGGATGGA-1,0.3542872366214561,11.578211,gene_signature,1.0,pass
10X_P7_14_GGTGCGTTCGCCCTTA-1,0.029237904330899983,13.395635,gene_signature,1.0,pass
10X_P7_14_GGTGCGTTCTCGTATT-1,0.1788310233048737,17.115475,gene_signature,1.0,pass
10X_P7_14_GGTGTTAAGTCGATAA-1,0.07021567961552552,14.109552,gene_signature,1.0,pass
10X_P7_14_GGTGTTACAGTCAGCC-1,0.2067947550942102,9.552296,gene_signature,1.0,pass
10X_P7_14_GTAACTGAGGCTCATT-1,0.4585045832940917,15.444768,gene_signature,1.0,pass
10X_P7_14_GTAACTGGTCAAAGAT-1,0.40203461773583554,11.895991,gene_signature,1.0,pass
10X_P7_14_GTAACTGTCCAGTATG-1,0.10955489814830902,14.919626,gene_signature,1.0,pass
10X_P7_14_GTACGTACACTTAACG-1,0.07838578449090192,18.226072,gene_signature,1.0,pass
10X_P7_14_GTACTCCAGAACAATC-1,0.7752861504044793,12.004933,gene_signature,1.0,pass
10X_P7_14_GTACTTTCATGGTCAT-1,0.3466767275594361,7.981448,gene_signature,1.0,pass
10X_P7_14_GTACTTTTCGCATGAT-1,0.11042844228414725,17.796154,gene_signature,1.0,pass
10X_P7_14_GTAGGCCTCCCTCTTT-1,0.598919265489123,11.876378,gene_signature,1.0,pass
10X_P7_14_GTATCTTCACACCGCA-1,0.25836602251795104,12.675604,gene_signature,1.0,pass
10X_P7_14_GTATCTTCACCCATGG-1,0.5360302895487301,9.719259,gene_signature,1.0,pass
10X_P7_14_GTATTCTGTAGAAAGG-1,0.17533718915785243,14.19855,gene_signature,1.0,pass
10X_P7_14_GTATTCTTCGTGTAGT-1,0.2660545675597936,17.57475,gene_signature,1.0,pass
10X_P7_14_GTCAAGTCAATGGATA-1,0.18505896077544082,15.937732,gene_signature,1.0,pass
10X_P7_14_GTCAAGTCAGGAATGC-1,0.26438343994115765,17.728243,gene_signature,1.0,pass
10X_P7_14_GTCACAAAGTTATCGC-1,0.839113369139781,8.032864,gene_signature,1.0,pass
10X_P7_14_GTCACGGAGTTGCAGG-1,0.42970011643866907,11.795273,gene_signature,1.0,pass
10X_P7_14_GTCACGGGTGTGGCTC-1,0.28056188324782483,16.529814,gene_signature,1.0,pass
10X_P7_14_GTCATTTGTATTCGTG-1,0.6335751991197112,16.774271,gene_signature,1.0,pass
10X_P7_14_GTCCTCATCACCGTAA-1,0.41951990322044563,13.254641,gene_signature,1.0,pass
10X_P7_14_GTCGGGTAGGAATGGA-1,0.10226881774967675,17.88853,gene_signature,1.0,pass
10X_P7_14_GTCGGGTTCAAACCGT-1,0.25252936109136603,8.061846,gene_signature,1.0,pass
10X_P7_14_GTCGGGTTCATCATTC-1,0.11584829757291729,14.434774,gene_signature,1.0,pass
10X_P7_14_GTCGGGTTCTGTTTGT-1,0.5767765783563024,12.467993,gene_signature,1.0,pass
10X_P7_14_GTCTCGTAGCTTTGGT-1,0.18758078761681535,12.457427,gene_signature,1.0,pass
10X_P7_14_GTCTCGTCAAAGGAAG-1,0.14996851547612539,13.500593,gene_signature,1.0,pass
10X_P7_14_GTGAAGGTCCCTAATT-1,0.635291708076689,10.680939,gene_signature,1.0,pass
10X_P7_14_GTGAAGGTCTTCGGTC-1,0.10500439343180842,17.650036,gene_signature,1.0,pass
10X_P7_14_GTGCAGCAGCCGTCGT-1,0.41491101965473504,16.79482,gene_signature,1.0,pass
10X_P7_14_GTGCAGCAGTATCTCG-1,0.05977208575191745,13.13529,gene_signature,1.0,pass
10X_P7_14_GTGCATAGTAATAGCA-1,0.09763549645559504,16.122381,gene_signature,1.0,pass
10X_P7_14_GTGCATAGTGCCTTGG-1,0.1149811973379213,18.600285,gene_signature,1.0,pass
10X_P7_14_GTGCGGTGTAAGTAGT-1,0.1332488417633778,14.415655,gene_signature,1.0,pass
10X_P7_14_GTGCTTCCAGCGTCCA-1,0.5592402210786311,6.6064315,gene_signature,1.0,pass
10X_P7_14_GTGGGTCAGCCAGGAT-1,0.5504540357500567,9.230012,gene_signature,1.0,pass
10X_P7_14_GTGGGTCCATCCCACT-1,0.3870826255742884,14.928775,gene_signature,1.0,pass
10X_P7_14_GTGTGCGAGTGGGATC-1,0.3131619738901374,14.662631,gene_signature,1.0,pass
10X_P7_14_GTGTGCGGTACTCTCC-1,0.38113279083100854,16.835407,gene_signature,1.0,pass
10X_P7_14_GTGTGCGGTCGGATCC-1,0.45037196540489166,13.143013,gene_signature,1.0,pass
10X_P7_14_GTGTTAGAGAATGTGT-1,0.5701641512504076,13.476992,gene_signature,1.0,pass
10X_P7_14_GTGTTAGAGAGGGATA-1,0.05017128141405536,17.483356,gene_signature,1.0,pass
10X_P7_14_GTGTTAGAGATAGTCA-1,0.45722400273886166,12.488499,gene_signature,1.0,pass
10X_P7_14_GTGTTAGTCGCTTAGA-1,0.40407827866674034,11.472569,gene_signature,1.0,pass
10X_P7_14_GTTAAGCCAAGCGAGT-1,0.6602193066229958,9.531649,gene_signature,1.0,pass
10X_P7_14_GTTCGGGAGTGGGCTA-1,0.3299870424716258,18.470984,gene_signature,1.0,pass
10X_P7_14_GTTCGGGAGTTCGCGC-1,0.3454452153533225,14.872289,gene_signature,1.0,pass
10X_P7_14_GTTCGGGGTCAATGTC-1,0.12471646746948879,15.647232,gene_signature,1.0,pass
10X_P7_14_GTTCTCGAGGTGGGTT-1,0.46521720790356336,8.884677,gene_signature,1.0,pass
10X_P7_14_GTTCTCGGTCATGCCG-1,0.41781475316248196,15.782988,gene_signature,1.0,pass
10X_P7_14_GTTCTCGGTTCGAATC-1,0.3901747069142549,14.33448,gene_signature,1.0,pass
10X_P7_14_GTTCTCGTCACCATAG-1,0.09471338212702263,16.764301,gene_signature,1.0,pass
10X_P7_14_TAAACCGAGTATCGAA-1,0.23837652204762402,15.601954,gene_signature,1.0,pass
10X_P7_14_TAAACCGTCGGAGGTA-1,0.7318168492644694,10.391286,gene_signature,1.0,pass
10X_P7_14_TAAGAGAAGCAGGTCA-1,0.3796520543173865,19.005184,gene_signature,1.0,pass
10X_P7_14_TAAGAGACAATGGATA-1,0.033207237108238266,20.607899,gene_signature,1.0,pass
10X_P7_14_TAAGCGTAGCCTCGTG-1,0.15514570966098035,12.60692,gene_signature,1.0,pass
10X_P7_14_TAAGCGTGTTCGCGAC-1,0.6021029634247748,9.66221,gene_signature,1.0,pass
10X_P7_14_TAAGTGCAGGCGATAC-1,0.19137484989606451,16.301373,gene_signature,1.0,pass
10X_P7_14_TAAGTGCCAAGCGAGT-1,0.08885075754094121,15.844122,gene_signature,1.0,pass
10X_P7_14_TAAGTGCGTCTCACCT-1,0.08688100576939155,7.8469353,gene_signature,1.0,pass
10X_P7_14_TAAGTGCGTGGGTCAA-1,0.3167051089670167,9.64803,gene_signature,1.0,pass
10X_P7_14_TACACGACAACGATCT-1,0.1765753210559087,15.782469,gene_signature,1.0,pass
10X_P7_14_TACCTATGTAAACGCG-1,0.10822828682779875,12.1377325,gene_signature,1.0,pass
10X_P7_14_TACCTTAAGGGTTTCT-1,0.09747487044375724,17.711452,gene_signature,1.0,pass
10X_P7_14_TACGGATCATGGGAAC-1,0.5009843417221751,11.712996,gene_signature,1.0,pass
10X_P7_14_TACGGATGTCCATGAT-1,0.3530231439302738,12.265082,gene_signature,1.0,pass
10X_P7_14_TACGGGCAGTTCCACA-1,0.06924420930885622,12.82724,gene_signature,1.0,pass
10X_P7_14_TACGGGCCATGATCCA-1,0.46451538771671963,15.847896,gene_signature,1.0,pass
10X_P7_14_TACTCATTCAGCTGGC-1,0.2860059340088084,18.874828,gene_signature,1.0,pass
10X_P7_14_TACTCGCAGATATGGT-1,0.6103017150082855,19.57965,gene_signature,1.0,pass
10X_P7_14_TACTCGCCAGTTTACG-1,0.2202343546411604,12.4041815,gene_signature,1.0,pass
10X_P7_14_TACTCGCTCGCAAGCC-1,0.05426515870280768,10.782718,gene_signature,1.0,pass
10X_P7_14_TACTTACAGCTAGGCA-1,0.28467227769545994,16.695946,gene_signature,1.0,pass
10X_P7_14_TACTTACGTCAGAATA-1,0.04634974018803904,17.34864,gene_signature,1.0,pass
10X_P7_14_TAGACCAGTTCGTGAT-1,0.3673838001221064,11.596076,gene_signature,1.0,pass
10X_P7_14_TAGACCATCGTCGTTC-1,0.3706965137140662,12.393152,gene_signature,1.0,pass
10X_P7_14_TAGAGCTTCCAAACAC-1,0.01649980462168945,20.294659,gene_signature,1.0,pass
10X_P7_14_TAGCCGGAGTACGTAA-1,0.014542310050337768,18.625294,gene_signature,1.0,pass
10X_P7_14_TAGCCGGCACCGAATT-1,0.4694440094184708,10.582355,gene_signature,1.0,pass
10X_P7_14_TAGTGGTGTAGGACAC-1,0.43175940082701675,13.056892,gene_signature,1.0,pass
10X_P7_14_TAGTGGTTCTGGCGTG-1,0.11184037831120333,19.530548,gene_signature,1.0,pass
10X_P7_14_TAGTTGGGTAAACCTC-1,0.24342261587875055,17.218899,gene_signature,1.0,pass
10X_P7_14_TAGTTGGGTCTACCTC-1,0.7729233884008625,15.571693,gene_signature,1.0,pass
10X_P7_14_TATGCCCAGATGCGAC-1,0.13267455439328585,18.282549,gene_signature,1.0,pass
10X_P7_14_TATTACCCAATGTTGC-1,0.39634377758734657,13.797632,gene_signature,1.0,pass
10X_P7_14_TATTACCCATCGGTTA-1,0.1820900976506785,17.399414,gene_signature,1.0,pass
10X_P7_14_TCAACGAAGCAATATG-1,0.8215348800539477,11.085346,gene_signature,1.0,pass
10X_P7_14_TCAACGACACTGCCAG-1,0.033558124909850495,15.458613,gene_signature,1.0,pass
10X_P7_14_TCAACGAGTAAGTAGT-1,0.044054833000576735,14.119206,gene_signature,1.0,pass
10X_P7_14_TCAATCTAGTACACCT-1,0.1347527378957664,13.577748,gene_signature,1.0,pass
10X_P7_14_TCACAAGCATGCAACT-1,0.640306043843169,10.961832,gene_signature,1.0,pass
10X_P7_14_TCACAAGTCCGCGGTA-1,0.2631872084305775,12.254221,gene_signature,1.0,pass
10X_P7_14_TCACGAAGTGACTCAT-1,0.2048663853153431,14.2229,gene_signature,1.0,pass
10X_P7_14_TCACGAATCCACGTTC-1,0.07551858945113367,14.52625,gene_signature,1.0,pass
10X_P7_14_TCAGATGGTCACAAGG-1,0.3129110183921854,8.090678,gene_signature,1.0,pass
10X_P7_14_TCAGATGGTGGTTTCA-1,0.2285439454371721,11.460428,gene_signature,1.0,pass
10X_P7_14_TCAGATGTCACCCGAG-1,0.0342086866802532,14.278931,gene_signature,1.0,pass
10X_P7_14_TCAGCAAAGATGGGTC-1,0.37976077280385284,8.827924,gene_signature,1.0,pass
10X_P7_14_TCAGCAACAATTGCTG-1,0.5997958468275465,8.185582,gene_signature,1.0,pass
10X_P7_14_TCAGCAACATCGATGT-1,0.10051242607895627,17.64783,gene_signature,1.0,pass
10X_P7_14_TCAGCAATCACCTCGT-1,0.09475719242578903,14.894099,gene_signature,1.0,pass
10X_P7_14_TCAGCTCCACAGGCCT-1,0.025500463387864002,17.971947,gene_signature,1.0,pass
10X_P7_14_TCAGCTCCAGAGTGTG-1,0.09486559047660326,13.852384,gene_signature,1.0,pass
10X_P7_14_TCAGCTCGTCGTCTTC-1,0.4370842662680463,13.150431,gene_signature,1.0,pass
10X_P7_14_TCAGCTCTCATGTGGT-1,0.3618775488608975,11.28842,gene_signature,1.0,pass
10X_P7_14_TCAGGATGTGTAAGTA-1,0.10861377134193144,14.073767,gene_signature,1.0,pass
10X_P7_14_TCATTTGAGCCACTAT-1,0.05971739524517851,12.130492,gene_signature,1.0,pass
10X_P7_14_TCATTTGCAGTCAGAG-1,0.1285276927498133,9.264538,gene_signature,1.0,pass
10X_P7_14_TCATTTGGTACTCGCG-1,0.6914426588664091,9.730464,gene_signature,1.0,pass
10X_P7_14_TCATTTGGTGTGAAAT-1,0.10213857323154896,16.54835,gene_signature,1.0,pass
10X_P7_14_TCATTTGTCTCTGTCG-1,0.023435403414899903,18.560429,gene_signature,1.0,pass
10X_P7_14_TCCCGATCAAGCGATG-1,0.38673825412863244,11.95108,gene_signature,1.0,pass
10X_P7_14_TCCCGATCATGGTTGT-1,0.34336020719011073,16.019299,gene_signature,1.0,pass
10X_P7_14_TCGAGGCCAATGGTCT-1,0.7628082818028471,8.624755,gene_signature,1.0,pass
10X_P7_14_TCGAGGCGTCTGCGGT-1,0.11742350652911923,19.7019,gene_signature,1.0,pass
10X_P7_14_TCGCGAGCACCAGTTA-1,0.07555272989009049,7.2420187,gene_signature,1.0,pass
10X_P7_14_TCGCGTTCACTTACGA-1,0.1415740409873835,14.722635,gene_signature,1.0,pass
10X_P7_14_TCGCGTTTCCTATGTT-1,0.022863352799876387,16.467093,gene_signature,1.0,pass
10X_P7_14_TCGGGACTCCAGAAGG-1,0.21769652737233466,13.668126,gene_signature,1.0,pass
10X_P7_14_TCGGTAAAGTGGCACA-1,0.43039565214536324,12.303871,gene_signature,1.0,pass
10X_P7_14_TCGGTAATCTTGCATT-1,0.5572537165000669,18.356245,gene_signature,1.0,pass
10X_P7_14_TCGTACCCACCGAATT-1,0.11366386062561584,15.476196,gene_signature,1.0,pass
10X_P7_14_TCGTAGATCCTTGGTC-1,0.05613165726142919,15.451094,gene_signature,1.0,pass
10X_P7_14_TCTATTGCAAGGGTCA-1,0.1006049065603996,13.715426,gene_signature,1.0,pass
10X_P7_14_TCTCATAGTAATCACC-1,0.19151647045565207,8.767905,gene_signature,1.0,pass
10X_P7_14_TCTCATATCAGGTAAA-1,0.1434667047939687,13.046659,gene_signature,1.0,pass
10X_P7_14_TCTCTAAAGCCGATTT-1,0.23103760207217067,9.021299,gene_signature,1.0,pass
10X_P7_14_TCTCTAACAAGTCTAC-1,0.7074521361451234,11.073125,gene_signature,1.0,pass
10X_P7_14_TCTGAGACAAACGTGG-1,0.1823851930558043,16.461863,gene_signature,1.0,pass
10X_P7_14_TCTGAGATCCTCGCAT-1,0.40341144046791494,12.84122,gene_signature,1.0,pass
10X_P7_14_TCTGAGATCTAACTGG-1,0.11184869990647439,16.968111,gene_signature,1.0,pass
10X_P7_14_TCTTTCCCAAACCTAC-1,0.3450911270037125,11.692614,gene_signature,1.0,pass
10X_P7_14_TGAAAGAGTGTCTGAT-1,0.42525247043860304,11.068167,gene_signature,1.0,pass
10X_P7_14_TGAAAGATCAGAGGTG-1,0.14602898106896287,20.527603,gene_signature,1.0,pass
10X_P7_14_TGAAAGATCCAAGTAC-1,0.04112121246663336,18.604107,gene_signature,1.0,pass
10X_P7_14_TGACGGCCAGGAATGC-1,0.12892663146308148,14.392041,gene_signature,1.0,pass
10X_P7_14_TGACTAGCAAACTGTC-1,0.8134180528006351,13.452703,gene_signature,1.0,pass
10X_P7_14_TGACTTTAGGGAAACA-1,0.6250864040041941,9.868582,gene_signature,1.0,pass
10X_P7_14_TGACTTTCACGTCAGC-1,0.2494554593462984,15.01358,gene_signature,1.0,pass
10X_P7_14_TGACTTTTCTTGGGTA-1,0.4216079105967044,17.745264,gene_signature,1.0,pass
10X_P7_14_TGAGCATGTGCCTGCA-1,0.4575846413059894,14.084137,gene_signature,1.0,pass
10X_P7_14_TGAGCCGAGATCCTGT-1,0.20402937105142555,16.48448,gene_signature,1.0,pass
10X_P7_14_TGAGCCGAGATGCCAG-1,0.15413106965159598,13.910146,gene_signature,1.0,pass
10X_P7_14_TGAGCCGCAGATGAGC-1,0.2745702238660831,13.630358,gene_signature,1.0,pass
10X_P7_14_TGAGCCGCATGTCGAT-1,0.09707361234248556,9.078925,gene_signature,1.0,pass
10X_P7_14_TGAGCCGGTGTGGTTT-1,0.28571161947353607,14.774851,gene_signature,1.0,pass
10X_P7_14_TGAGCCGTCCCAAGAT-1,0.2897909165725592,17.774254,gene_signature,1.0,pass
10X_P7_14_TGATTTCAGAGGGCTT-1,0.11987142892340559,15.9516325,gene_signature,1.0,pass
10X_P7_14_TGATTTCGTGCGAAAC-1,0.37761578666697787,11.294774,gene_signature,1.0,pass
10X_P7_14_TGATTTCGTTACAGAA-1,0.6753288094927526,14.7353,gene_signature,1.0,pass
10X_P7_14_TGCCAAACAATCGGTT-1,0.022793871940644493,19.759043,gene_signature,1.0,pass
10X_P7_14_TGCCAAACATGCCTAA-1,0.41973220683550394,12.183248,gene_signature,1.0,pass
10X_P7_14_TGCCCATAGGTGGGTT-1,0.2589208003502618,14.934744,gene_signature,1.0,pass
10X_P7_14_TGCCCTACACAGACAG-1,0.5140358492434383,7.5045915,gene_signature,1.0,pass
10X_P7_14_TGCCCTACACTCGACG-1,0.3224564158418185,11.58988,gene_signature,1.0,pass
10X_P7_14_TGCTACCAGGATCGCA-1,0.20964813824915315,6.657792,gene_signature,1.0,pass
10X_P7_14_TGCTACCGTACAGCAG-1,0.160688459584179,11.834298,gene_signature,1.0,pass
10X_P7_14_TGGCGCAGTACATCCA-1,0.2093726576890985,16.32026,gene_signature,1.0,pass
10X_P7_14_TGGGAAGCAGACGTAG-1,0.47722593707862143,13.65878,gene_signature,1.0,pass
10X_P7_14_TGGGCGTTCCAGGGCT-1,0.5199485290260591,14.259256,gene_signature,1.0,pass
10X_P7_14_TGGTTAGGTCACTGGC-1,0.19829386708047053,15.03301,gene_signature,1.0,pass
10X_P7_14_TGGTTAGGTGCGATAG-1,0.5048882822797077,12.617815,gene_signature,1.0,pass
10X_P7_14_TGGTTCCGTCTGCAAT-1,0.1132170723817068,12.943655,gene_signature,1.0,pass
10X_P7_14_TGTATTCCATGGTTGT-1,0.044394448289276536,21.531769,gene_signature,1.0,pass
10X_P7_14_TGTATTCGTTGGACCC-1,0.23079129018459557,11.954288,gene_signature,1.0,pass
10X_P7_14_TGTGTTTAGCTAGTTC-1,0.01388515564759175,14.966098,gene_signature,1.0,pass
10X_P7_14_TGTGTTTGTGCAACGA-1,0.6396022770517399,10.738915,gene_signature,1.0,pass
10X_P7_14_TGTTCCGAGACTAAGT-1,0.3857236628053914,12.73348,gene_signature,1.0,pass
10X_P7_14_TGTTCCGAGGAGTTGC-1,0.22810503079175012,21.994911,gene_signature,1.0,pass
10X_P7_14_TTAACTCCATGAGCGA-1,0.2931865664087698,10.048368,gene_signature,1.0,pass
10X_P7_14_TTAGGACAGCGATTCT-1,0.14736028429430018,14.737955,gene_signature,1.0,pass
10X_P7_14_TTAGGACCACCGAAAG-1,0.014494492226911418,20.664745,gene_signature,1.0,pass
10X_P7_14_TTAGGACTCAAGGCTT-1,0.2588136267015326,16.669163,gene_signature,1.0,pass
10X_P7_14_TTAGGACTCAGGCGAA-1,0.23492062426556473,12.587566,gene_signature,1.0,pass
10X_P7_14_TTAGGACTCTGGCGTG-1,0.19976476421174702,17.087524,gene_signature,1.0,pass
10X_P7_14_TTAGGCAGTTAAGATG-1,0.7124604998796954,9.29659,gene_signature,1.0,pass
10X_P7_14_TTAGTTCCAGATAATG-1,0.027727678095977853,16.207396,gene_signature,1.0,pass
10X_P7_14_TTAGTTCCAGCTGCAC-1,0.5200145177458292,10.390455,gene_signature,1.0,pass
10X_P7_14_TTCGAAGGTACAGACG-1,0.22409731219995194,16.20512,gene_signature,1.0,pass
10X_P7_14_TTCTACACAGGAATGC-1,0.28243573723162185,18.568586,gene_signature,1.0,pass
10X_P7_14_TTCTCAAAGCATCATC-1,0.08144700389203745,18.867222,gene_signature,1.0,pass
10X_P7_14_TTCTCAACAGTGGAGT-1,0.46303817433823163,15.506653,gene_signature,1.0,pass
10X_P7_14_TTCTCAAGTCTGCGGT-1,0.40902893051118594,11.689649,gene_signature,1.0,pass
10X_P7_14_TTCTCAAGTGTGACCC-1,0.231246947285981,17.8578,gene_signature,1.0,pass
10X_P7_14_TTCTCCTGTAAACGCG-1,0.08555311552618043,11.752111,gene_signature,1.0,pass
10X_P7_14_TTCTCCTGTCCGAAGA-1,0.3805302988559616,8.954274,gene_signature,1.0,pass
10X_P7_14_TTCTTAGAGCTGATAA-1,0.021217803961392105,19.063478,gene_signature,1.0,pass
10X_P7_14_TTCTTAGGTCAGCTAT-1,0.34104305134874924,9.321946,gene_signature,1.0,pass
10X_P7_14_TTGACTTCAGTGACAG-1,0.18736643837038264,12.086214,gene_signature,1.0,pass
10X_P7_14_TTGACTTTCACTTACT-1,0.014832938536441579,16.085629,gene_signature,1.0,pass
10X_P7_14_TTGCCGTAGTACATGA-1,0.27875059833583354,20.0109,gene_signature,1.0,pass
10X_P7_14_TTGCCGTGTTATGTGC-1,0.11363872469841152,13.014865,gene_signature,1.0,pass
10X_P7_14_TTGTAGGAGATGTTAG-1,0.1219314432806892,11.506729,gene_signature,1.0,pass
10X_P7_14_TTGTAGGCACCACCAG-1,0.5073364185279747,14.477031,gene_signature,1.0,pass
10X_P7_14_TTTATGCCAGTAAGCG-1,0.31208237807123246,7.508171,gene_signature,1.0,pass
10X_P7_14_TTTATGCTCTACCTGC-1,0.2208182269926456,15.47211,gene_signature,1.0,pass
10X_P7_14_TTTCCTCGTCCAGTAT-1,0.47369333074269376,9.9415455,gene_signature,1.0,pass
10X_P7_14_TTTGCGCCAATAAGCA-1,0.040728040737836695,19.584255,gene_signature,1.0,pass
10X_P7_14_TTTGGTTAGGCTCATT-1,0.26298207540399987,12.830847,gene_signature,1.0,pass
10X_P7_14_TTTGGTTGTGCAGTAG-1,0.06983070229632675,14.234098,gene_signature,1.0,pass
10X_P7_14_TTTGTCAAGCCCAATT-1,0.2451384361282159,8.404506,gene_signature,1.0,pass
10X_P7_14_TTTGTCAGTAGAGGAA-1,0.14067392882229812,14.061531,gene_signature,1.0,pass
10X_P7_14_TTTGTCATCGGCGGTT-1,0.04462411342777807,7.174614,gene_signature,1.0,pass
10X_P7_14_TTTGTCATCTCGGACG-1,0.07264438628709162,15.437759,gene_signature,1.0,pass
10X_P7_15_AAACCTGGTCTAGTGT-1,0.3878467886062101,14.64031,gene_signature,1.0,pass
10X_P7_15_AAAGATGAGTGATCGG-1,0.2110339384842609,19.103815,gene_signature,1.0,pass
10X_P7_15_AAAGCAATCAGCTCTC-1,0.28723246807439196,13.16318,gene_signature,1.0,pass
10X_P7_15_AAAGCAATCGACCAGC-1,0.7473956030169492,16.581043,gene_signature,1.0,pass
10X_P7_15_AAAGTAGTCGTCCAGG-1,0.14223964326709665,13.733267,gene_signature,1.0,pass
10X_P7_15_AAAGTAGTCTGCGGCA-1,0.34739296605245296,9.273145,gene_signature,1.0,pass
10X_P7_15_AAATGCCAGCCAACAG-1,0.14653171650129326,13.861011,gene_signature,1.0,pass
10X_P7_15_AACACGTCACGGATAG-1,0.1427747810085373,19.31032,gene_signature,1.0,pass
10X_P7_15_AACACGTGTAAGCACG-1,0.21459135061815723,16.736567,gene_signature,1.0,pass
10X_P7_15_AACCATGAGAGATGAG-1,0.3708245943075781,15.845827,gene_signature,1.0,pass
10X_P7_15_AACCATGAGCCGGTAA-1,0.034539871514282346,16.05357,gene_signature,1.0,pass
10X_P7_15_AACCATGCACATAACC-1,0.019293848065015017,17.876163,gene_signature,1.0,pass
10X_P7_15_AACCGCGCATGTCCTC-1,0.2307679342127459,12.744116,gene_signature,1.0,pass
10X_P7_15_AACGTTGAGCACAGGT-1,0.14288913896649774,22.188492,gene_signature,1.0,pass
10X_P7_15_AACTCCCGTATGAAAC-1,0.6249531697566896,20.958403,gene_signature,1.0,pass
10X_P7_15_AACTGGTAGTGAACAT-1,0.5601926730048378,7.4913263,gene_signature,1.0,pass
10X_P7_15_AACTTTCAGTTGTCGT-1,0.18437846992308535,17.620953,gene_signature,1.0,pass
10X_P7_15_AAGACCTCACGGATAG-1,0.40464357501089554,14.5978985,gene_signature,1.0,pass
10X_P7_15_AAGACCTTCATTCACT-1,0.2616436316653579,11.858648,gene_signature,1.0,pass
10X_P7_15_AAGCCGCCAGGGAGAG-1,0.5160952669818352,10.333052,gene_signature,1.0,pass
10X_P7_15_AAGGAGCAGTATTGGA-1,0.2502909825887337,11.145648,gene_signature,1.0,pass
10X_P7_15_AAGGAGCTCCACGCAG-1,0.06737320132096544,13.553436,gene_signature,1.0,pass
10X_P7_15_AAGGAGCTCGCGCCAA-1,0.1491067471149855,19.403856,gene_signature,1.0,pass
10X_P7_15_AAGGCAGAGCTTATCG-1,0.2299991625203361,11.058119,gene_signature,1.0,pass
10X_P7_15_AAGGCAGGTTCGTGAT-1,0.05822368353817364,21.909023,gene_signature,1.0,pass
10X_P7_15_AAGGTTCGTGAGTATA-1,0.012647616656873755,13.174191,gene_signature,1.0,pass
10X_P7_15_AAGTCTGAGATGCGAC-1,0.529717946821739,12.146437,gene_signature,1.0,pass
10X_P7_15_AAGTCTGCACGCTTTC-1,0.1961634876992699,18.162579,gene_signature,1.0,pass
10X_P7_15_AAGTCTGGTAATTGGA-1,0.5664961165269263,16.4842,gene_signature,1.0,pass
10X_P7_15_AAGTCTGGTTTGGGCC-1,0.7227269508261025,11.384102,gene_signature,1.0,pass
10X_P7_15_AATCCAGGTACGCACC-1,0.5068973708369838,15.338458,gene_signature,1.0,pass
10X_P7_15_AATCGGTGTGGTGTAG-1,0.048481709575345776,8.431939,gene_signature,1.0,pass
10X_P7_15_AATCGGTTCAGCATGT-1,0.1037596185082168,17.611393,gene_signature,1.0,pass
10X_P7_15_ACACCAACATCTCGCT-1,0.23948223242072056,12.416292,gene_signature,1.0,pass
10X_P7_15_ACACCCTGTTGCTCCT-1,0.23013202813375644,15.631554,gene_signature,1.0,pass
10X_P7_15_ACACCGGAGAGGTAGA-1,0.053119047177472976,13.406458,gene_signature,1.0,pass
10X_P7_15_ACACTGACACGGTTTA-1,0.7396871749242891,12.574491,gene_signature,1.0,pass
10X_P7_15_ACACTGATCTTTAGGG-1,0.1354513367790949,17.205948,gene_signature,1.0,pass
10X_P7_15_ACAGCCGAGCAGACTG-1,0.1231083222797547,11.219313,gene_signature,1.0,pass
10X_P7_15_ACAGCTACAACTTGAC-1,0.14889385980362857,13.706614,gene_signature,1.0,pass
10X_P7_15_ACAGCTATCCTCCTAG-1,0.5266257761566692,14.73775,gene_signature,1.0,pass
10X_P7_15_ACAGCTATCGGTCCGA-1,0.12952944215463388,12.429178,gene_signature,1.0,pass
10X_P7_15_ACATACGTCCCTTGTG-1,0.3126769717112043,14.18839,gene_signature,1.0,pass
10X_P7_15_ACATGGTAGCACACAG-1,0.051367182993522276,16.57787,gene_signature,1.0,pass
10X_P7_15_ACCAGTACACCCAGTG-1,0.15403928215461873,14.543253,gene_signature,1.0,pass
10X_P7_15_ACCCACTCATCGACGC-1,0.64296612904379,17.697153,gene_signature,1.0,pass
10X_P7_15_ACCGTAAGTAAGAGAG-1,0.5387117705654124,14.697223,gene_signature,1.0,pass
10X_P7_15_ACCGTAAGTAGCACGA-1,0.45409153134752306,12.431181,gene_signature,1.0,pass
10X_P7_15_ACCTTTAAGCTACCGC-1,0.30601680385312524,15.82916,gene_signature,1.0,pass
10X_P7_15_ACCTTTATCCTCAATT-1,0.19963065539318806,10.645773,gene_signature,1.0,pass
10X_P7_15_ACGAGCCAGGCATGGT-1,0.22269071214740882,14.230553,gene_signature,1.0,pass
10X_P7_15_ACGAGCCAGTAGGCCA-1,0.3952868382088058,15.297623,gene_signature,1.0,pass
10X_P7_15_ACGATGTAGCGTGAGT-1,0.2683009062469326,10.257374,gene_signature,1.0,pass
10X_P7_15_ACGATGTCACGGCCAT-1,0.3839427016729781,19.779541,gene_signature,1.0,pass
10X_P7_15_ACGCAGCTCTGGTATG-1,0.4807897769147946,13.418406,gene_signature,1.0,pass
10X_P7_15_ACGCCAGAGGCATTGG-1,0.8008737609068524,15.503476,gene_signature,1.0,pass
10X_P7_15_ACGCCAGGTCAGAATA-1,0.12065278230859071,12.893466,gene_signature,1.0,pass
10X_P7_15_ACGCCAGTCAGGCCCA-1,0.4500810865954613,18.893198,gene_signature,1.0,pass
10X_P7_15_ACGCCAGTCTTTCCTC-1,0.10132803077125445,19.215885,gene_signature,1.0,pass
10X_P7_15_ACGCCGATCACATAGC-1,0.10201910505014038,12.466787,gene_signature,1.0,pass
10X_P7_15_ACGGAGAAGTCACGCC-1,0.037568102179685155,15.237898,gene_signature,1.0,pass
10X_P7_15_ACGGAGACACCGAAAG-1,0.10497819293786692,22.376637,gene_signature,1.0,pass
10X_P7_15_ACGGAGAGTAGCGTAG-1,0.006931403425732542,15.076474,gene_signature,1.0,pass
10X_P7_15_ACGGAGAGTTCGGGCT-1,0.08398625854382018,14.57935,gene_signature,1.0,pass
10X_P7_15_ACGGAGAGTTTGGCGC-1,0.058180116815890096,14.320608,gene_signature,1.0,pass
10X_P7_15_ACGGAGATCGTCTGAA-1,0.03932523907969556,18.339777,gene_signature,1.0,pass
10X_P7_15_ACGGAGATCTCTAAGG-1,0.44061574351596605,13.8439455,gene_signature,1.0,pass
10X_P7_15_ACGGCCAAGATGTCGG-1,0.09604704585502082,20.690308,gene_signature,1.0,pass
10X_P7_15_ACGGCCAAGGGAACGG-1,0.07699198590454696,17.494469,gene_signature,1.0,pass
10X_P7_15_ACGGGCTCACGACTCG-1,0.6376505053880412,15.1999,gene_signature,1.0,pass
10X_P7_15_ACGGGCTGTTGGTTTG-1,0.3833601501175029,14.305699,gene_signature,1.0,pass
10X_P7_15_ACGTCAATCACCCTCA-1,0.18611772506778435,14.208804,gene_signature,1.0,pass
10X_P7_15_ACTATCTTCAATACCG-1,0.695895333627925,10.99703,gene_signature,1.0,pass
10X_P7_15_ACTGAACTCGCACTCT-1,0.078224310497152,13.546682,gene_signature,1.0,pass
10X_P7_15_ACTGAGTCAGGTGGAT-1,0.15562846973204053,11.014151,gene_signature,1.0,pass
10X_P7_15_ACTGAGTGTAAGTGGC-1,0.7001113659841499,14.005964,gene_signature,1.0,pass
10X_P7_15_ACTGAGTGTCCGAGTC-1,0.38384703093108186,12.598025,gene_signature,1.0,pass
10X_P7_15_ACTGATGCAGCTTCGG-1,0.14483904406362041,12.662759,gene_signature,1.0,pass
10X_P7_15_ACTGCTCTCGGCGCAT-1,0.148280890605802,19.656591,gene_signature,1.0,pass
10X_P7_15_ACTGTCCCATGCCCGA-1,0.2054447443865599,16.247158,gene_signature,1.0,pass
10X_P7_15_ACTGTCCTCCATTCTA-1,0.05087864118007098,17.093998,gene_signature,1.0,pass
10X_P7_15_ACTTACTTCTAACGGT-1,0.3826804360991369,18.11947,gene_signature,1.0,pass
10X_P7_15_ACTTGTTAGCGCCTCA-1,0.4012264660441338,16.281958,gene_signature,1.0,pass
10X_P7_15_ACTTGTTGTCAGTGGA-1,0.35297856237029057,15.843283,gene_signature,1.0,pass
10X_P7_15_ACTTTCATCGCTTAGA-1,0.13040397458272088,12.629483,gene_signature,1.0,pass
10X_P7_15_AGACGTTTCGCGATCG-1,0.09640647536793372,13.462033,gene_signature,1.0,pass
10X_P7_15_AGAGCGAAGAGCTATA-1,0.05464915062326905,19.80569,gene_signature,1.0,pass
10X_P7_15_AGAGCGAAGCCATCGC-1,0.17074912981360296,14.272092,gene_signature,1.0,pass
10X_P7_15_AGAGCGATCGAGAGCA-1,0.23697662168333222,13.157628,gene_signature,1.0,pass
10X_P7_15_AGAGCTTGTCTCTCGT-1,0.08430191824108693,14.592522,gene_signature,1.0,pass
10X_P7_15_AGAGCTTTCACTGGGC-1,0.25015085897578704,16.38331,gene_signature,1.0,pass
10X_P7_15_AGAGTGGAGCATCATC-1,0.3860264018407255,17.208286,gene_signature,1.0,pass
10X_P7_15_AGAGTGGGTATATCCG-1,0.5059807424537648,14.433035,gene_signature,1.0,pass
10X_P7_15_AGAGTGGTCATCTGTT-1,0.10038782803123569,18.289013,gene_signature,1.0,pass
10X_P7_15_AGATTGCAGGCCCTTG-1,0.29187721366665376,10.786819,gene_signature,1.0,pass
10X_P7_15_AGATTGCTCCAAACAC-1,0.028078291507954538,16.78769,gene_signature,1.0,pass
10X_P7_15_AGCATACCACCAGGTC-1,0.044424869983452894,17.578135,gene_signature,1.0,pass
10X_P7_15_AGCATACGTACCGTAT-1,0.35396320830021244,15.071238,gene_signature,1.0,pass
10X_P7_15_AGCCTAACAGGTGCCT-1,0.10167803488944153,18.372707,gene_signature,1.0,pass
10X_P7_15_AGCCTAAGTCTTCTCG-1,0.12844875998421476,16.654095,gene_signature,1.0,pass
10X_P7_15_AGCGGTCCAGATCCAT-1,0.5771140461564838,6.973941,gene_signature,1.0,pass
10X_P7_15_AGCGTATCACAGAGGT-1,0.24023420964286704,14.746112,gene_signature,1.0,pass
10X_P7_15_AGCGTCGGTCACTTCC-1,0.5969463374667122,14.238089,gene_signature,1.0,pass
10X_P7_15_AGCGTCGTCCTGCTTG-1,0.20132044296441096,15.185168,gene_signature,1.0,pass
10X_P7_15_AGCTCCTAGTTCGCAT-1,0.21075752149187948,18.908205,gene_signature,1.0,pass
10X_P7_15_AGCTCCTCAACCGCCA-1,0.16183280432948247,19.815542,gene_signature,1.0,pass
10X_P7_15_AGCTCCTCACCACCAG-1,0.7273800039205804,11.61656,gene_signature,1.0,pass
10X_P7_15_AGCTCTCAGCTGCGAA-1,0.6300788008015112,14.696136,gene_signature,1.0,pass
10X_P7_15_AGCTCTCTCACTTCAT-1,0.73123755122335,11.805027,gene_signature,1.0,pass
10X_P7_15_AGCTTGAAGTGTTGAA-1,0.15190295681457464,14.640378,gene_signature,1.0,pass
10X_P7_15_AGGCCACAGGAGTACC-1,0.41267495098586915,9.862753,gene_signature,1.0,pass
10X_P7_15_AGGCCACCATGTAGTC-1,0.6369735428916055,17.508156,gene_signature,1.0,pass
10X_P7_15_AGGCCGTTCGGCTTGG-1,0.43434054829434576,11.837759,gene_signature,1.0,pass
10X_P7_15_AGGGAGTTCGGATGGA-1,0.14514646363394065,11.458864,gene_signature,1.0,pass
10X_P7_15_AGGTCATAGTGTCCAT-1,0.12555273392761207,14.266922,gene_signature,1.0,pass
10X_P7_15_AGTAGTCAGGATTCGG-1,0.18580431466598396,16.099049,gene_signature,1.0,pass
10X_P7_15_AGTAGTCGTCGGATCC-1,0.4913261658131828,17.591267,gene_signature,1.0,pass
10X_P7_15_AGTAGTCTCCAGTATG-1,0.23229226544274298,16.808937,gene_signature,1.0,pass
10X_P7_15_AGTAGTCTCTGGGCCA-1,0.5580618267150372,9.214312,gene_signature,1.0,pass
10X_P7_15_AGTCTTTCACGAAGCA-1,0.6764957931318349,8.293386,gene_signature,1.0,pass
10X_P7_15_AGTCTTTCATTGCGGC-1,0.2485614183231112,8.817897,gene_signature,1.0,pass
10X_P7_15_AGTGAGGCAACGATGG-1,0.20477385838600487,11.25958,gene_signature,1.0,pass
10X_P7_15_ATAACGCAGAGTAATC-1,0.09763532175993603,10.479098,gene_signature,1.0,pass
10X_P7_15_ATAAGAGTCGCATGAT-1,0.4084874427583304,13.488771,gene_signature,1.0,pass
10X_P7_15_ATAGACCTCCGTACAA-1,0.5669227108695509,16.479055,gene_signature,1.0,pass
10X_P7_15_ATCACGAAGCGTTCCG-1,0.32140452852633666,13.033472,gene_signature,1.0,pass
10X_P7_15_ATCACGAAGTACGCCC-1,0.33794714372785817,10.8901825,gene_signature,1.0,pass
10X_P7_15_ATCACGAGTTACGCGC-1,0.10262262844054755,13.293569,gene_signature,1.0,pass
10X_P7_15_ATCACGATCACCTCGT-1,0.7408085370467414,11.159391,gene_signature,1.0,pass
10X_P7_15_ATCATCTGTACCAGTT-1,0.10718168454369419,20.023539,gene_signature,1.0,pass
10X_P7_15_ATCATGGAGAACAATC-1,0.09140592303089382,10.855743,gene_signature,1.0,pass
10X_P7_15_ATCATGGCATGACATC-1,0.6188538096930412,17.294971,gene_signature,1.0,pass
10X_P7_15_ATCCGAAAGGTCGGAT-1,0.07177364880738954,13.355438,gene_signature,1.0,pass
10X_P7_15_ATCCGAACATTCTCAT-1,0.08376172430170911,16.881311,gene_signature,1.0,pass
10X_P7_15_ATCGAGTCATGCCTTC-1,0.39916025390139404,12.001359,gene_signature,1.0,pass
10X_P7_15_ATCTACTGTAAGTTCC-1,0.038674964369163276,19.366415,gene_signature,1.0,pass
10X_P7_15_ATCTGCCAGAGTCGGT-1,0.6677347495759675,8.647521,gene_signature,1.0,pass
10X_P7_15_ATGAGGGTCTTAACCT-1,0.23387309071944226,9.824924,gene_signature,1.0,pass
10X_P7_15_ATGCGATAGGCTAGAC-1,0.2225383049096053,13.07991,gene_signature,1.0,pass
10X_P7_15_ATGCGATCAAGCCATT-1,0.13308350753422687,11.847684,gene_signature,1.0,pass
10X_P7_15_ATGCGATGTCGAACAG-1,0.14075196322907105,17.58959,gene_signature,1.0,pass
10X_P7_15_ATGGGAGCATGAGCGA-1,0.1766378997878671,13.198857,gene_signature,1.0,pass
10X_P7_15_ATGGGAGGTTACGACT-1,0.5003497188909497,13.47271,gene_signature,1.0,pass
10X_P7_15_ATGTGTGAGTACGCCC-1,0.07575830456453593,16.175531,gene_signature,1.0,pass
10X_P7_15_ATGTGTGAGTATCTCG-1,0.45423822848053597,15.326962,gene_signature,1.0,pass
10X_P7_15_ATTATCCCAAACTGCT-1,0.28913667783140024,11.002499,gene_signature,1.0,pass
10X_P7_15_ATTCTACAGCAGGTCA-1,0.3944050960005641,10.232249,gene_signature,1.0,pass
10X_P7_15_ATTCTACAGGGCTTCC-1,0.13629087446973845,7.6984596,gene_signature,1.0,pass
10X_P7_15_ATTCTACGTCCGCTGA-1,0.4307016024711414,10.894211,gene_signature,1.0,pass
10X_P7_15_ATTGGACAGCTCCCAG-1,0.2962565339322438,7.1362596,gene_signature,1.0,pass
10X_P7_15_ATTGGACCAATGTAAG-1,0.2617859773758886,10.439046,gene_signature,1.0,pass
10X_P7_15_ATTGGACTCGTAGATC-1,0.04060547667285756,14.614878,gene_signature,1.0,pass
10X_P7_15_ATTGGTGCACGAAATA-1,0.5616060506525102,13.297697,gene_signature,1.0,pass
10X_P7_15_ATTGGTGTCGGACAAG-1,0.14142349076291724,13.896479,gene_signature,1.0,pass
10X_P7_15_ATTTCTGCAAAGTCAA-1,0.6255981969490875,18.414017,gene_signature,1.0,pass
10X_P7_15_ATTTCTGCAAGCTGAG-1,0.23959285762913388,13.225917,gene_signature,1.0,pass
10X_P7_15_CAACCAACACTCTGTC-1,0.2657322123768966,9.060919,gene_signature,1.0,pass
10X_P7_15_CAACCAAGTTACGACT-1,0.7018548051371084,14.88855,gene_signature,1.0,pass
10X_P7_15_CAACCTCCACGTCAGC-1,0.3909502371083999,11.872002,gene_signature,1.0,pass
10X_P7_15_CAACCTCCAGACAAGC-1,0.0906731152831933,17.312914,gene_signature,1.0,pass
10X_P7_15_CAACTAGCACATTAGC-1,0.6344757398423215,7.1576934,gene_signature,1.0,pass
10X_P7_15_CAACTAGTCCAAAGTC-1,0.14312362384925673,10.886928,gene_signature,1.0,pass
10X_P7_15_CAAGAAACACGAAAGC-1,0.14329734701099378,14.977425,gene_signature,1.0,pass
10X_P7_15_CAAGATCCAATCACAC-1,0.059874078487679214,14.893781,gene_signature,1.0,pass
10X_P7_15_CAAGATCTCCCACTTG-1,0.39680341723208146,8.605881,gene_signature,1.0,pass
10X_P7_15_CAAGGCCCAAAGGCGT-1,0.6783277169379855,9.96604,gene_signature,1.0,pass
10X_P7_15_CAAGGCCGTTAGGGTG-1,0.07413976298076394,16.689034,gene_signature,1.0,pass
10X_P7_15_CAAGGCCTCAAACAAG-1,0.20765287018445183,16.455158,gene_signature,1.0,pass
10X_P7_15_CAAGGCCTCACGCGGT-1,0.2435502272254682,9.847774,gene_signature,1.0,pass
10X_P7_15_CAAGTTGGTGTTTGTG-1,0.6717328436002589,12.960459,gene_signature,1.0,pass
10X_P7_15_CAAGTTGTCCATGAAC-1,0.23130661852222073,16.087515,gene_signature,1.0,pass
10X_P7_15_CACACAAAGTGTCCCG-1,0.224518521391446,20.996761,gene_signature,1.0,pass
10X_P7_15_CACACAAGTGCCTGCA-1,0.0737215218434796,18.68678,gene_signature,1.0,pass
10X_P7_15_CACACAAGTTACCGAT-1,0.1341595159413196,21.215216,gene_signature,1.0,pass
10X_P7_15_CACACCTAGACTTGAA-1,0.3134901386599837,10.833656,gene_signature,1.0,pass
10X_P7_15_CACACCTCAGGCAGTA-1,0.6144093065458587,13.867052,gene_signature,1.0,pass
10X_P7_15_CACACCTGTGAGTATA-1,0.28097726185082533,13.9236555,gene_signature,1.0,pass
10X_P7_15_CACAGGCGTCATATCG-1,0.747703800178237,14.257761,gene_signature,1.0,pass
10X_P7_15_CACAGGCTCATGTCTT-1,0.13098952188085644,15.840611,gene_signature,1.0,pass
10X_P7_15_CACAGTACAAGTCTAC-1,0.06970645135257388,10.667136,gene_signature,1.0,pass
10X_P7_15_CACAGTACACCCATGG-1,0.07193104609858339,20.321054,gene_signature,1.0,pass
10X_P7_15_CACAGTATCAGGTAAA-1,0.47166246938726974,19.867023,gene_signature,1.0,pass
10X_P7_15_CACATTTAGCTCCTCT-1,0.13459832698921972,8.370648,gene_signature,1.0,pass
10X_P7_15_CACATTTCACCCATTC-1,0.13783900317706704,15.870956,gene_signature,1.0,pass
10X_P7_15_CACCACTAGGCTATCT-1,0.48244655464961134,13.407041,gene_signature,1.0,pass
10X_P7_15_CACCACTGTCATACTG-1,0.7110081077258935,13.695096,gene_signature,1.0,pass
10X_P7_15_CACCAGGAGTCATGCT-1,0.6960049940872352,7.968583,gene_signature,1.0,pass
10X_P7_15_CACCAGGCACGTAAGG-1,0.3559734356173822,12.632448,gene_signature,1.0,pass
10X_P7_15_CACCAGGTCTCACATT-1,0.6739647766664514,12.929031,gene_signature,1.0,pass
10X_P7_15_CAGATCAAGATCCTGT-1,0.1583327854807436,14.6831875,gene_signature,1.0,pass
10X_P7_15_CAGATCATCTACTCAT-1,0.29065867274486223,15.832248,gene_signature,1.0,pass
10X_P7_15_CAGCAGCCATCCAACA-1,0.030282637706894044,12.407125,gene_signature,1.0,pass
10X_P7_15_CAGCGACTCAGCTCTC-1,0.20316595139904767,14.033155,gene_signature,1.0,pass
10X_P7_15_CAGCTAATCCAAATGC-1,0.11382868930545278,16.099554,gene_signature,1.0,pass
10X_P7_15_CAGGTGCGTTCATGGT-1,0.07779192086325284,12.593377,gene_signature,1.0,pass
10X_P7_15_CAGGTGCGTTGAGGTG-1,0.4749120499147811,20.125591,gene_signature,1.0,pass
10X_P7_15_CAGTAACGTAATCGTC-1,0.12779032426836157,12.2663,gene_signature,1.0,pass
10X_P7_15_CAGTAACGTTTGGGCC-1,0.35091903389218815,12.751136,gene_signature,1.0,pass
10X_P7_15_CAGTCCTAGATCGGGT-1,0.14558334322541236,21.51752,gene_signature,1.0,pass
10X_P7_15_CAGTCCTGTCGCTTTC-1,0.26738679573959656,15.693196,gene_signature,1.0,pass
10X_P7_15_CATATGGAGGGTGTTG-1,0.21396328728026542,18.917683,gene_signature,1.0,pass
10X_P7_15_CATATGGCAGGGTTAG-1,0.12918573018413188,11.14431,gene_signature,1.0,pass
10X_P7_15_CATATGGTCTGGAGCC-1,0.10435774379110747,15.963489,gene_signature,1.0,pass
10X_P7_15_CATATTCTCTCCCTGA-1,0.28838511118354015,8.573137,gene_signature,1.0,pass
10X_P7_15_CATCAAGAGAGCTGGT-1,0.48270753898475666,17.162771,gene_signature,1.0,pass
10X_P7_15_CATCAAGAGGTTACCT-1,0.048004143359831664,16.538937,gene_signature,1.0,pass
10X_P7_15_CATCAAGAGTGGCACA-1,0.012009161759572515,20.179708,gene_signature,1.0,pass
10X_P7_15_CATCAAGGTTAGAACA-1,0.02996606195032911,13.918268,gene_signature,1.0,pass
10X_P7_15_CATCAGACAACCGCCA-1,0.30678027603991687,12.507597,gene_signature,1.0,pass
10X_P7_15_CATCCACAGCGCCTTG-1,0.11765368646030334,9.940673,gene_signature,1.0,pass
10X_P7_15_CATCCACGTTACGCGC-1,0.5550682637674786,6.754326,gene_signature,1.0,pass
10X_P7_15_CATCGAAAGAATTCCC-1,0.14090997373726477,11.065005,gene_signature,1.0,pass
10X_P7_15_CATCGAAAGCGTAATA-1,0.4693763592365248,11.635103,gene_signature,1.0,pass
10X_P7_15_CATGGCGGTGAGTGAC-1,0.05521266112145751,16.406355,gene_signature,1.0,pass
10X_P7_15_CATTATCAGCGCCTCA-1,0.2281098833578215,9.674421,gene_signature,1.0,pass
10X_P7_15_CATTATCGTCATACTG-1,0.4162612878456022,9.900584,gene_signature,1.0,pass
10X_P7_15_CCAATCCAGCCTATGT-1,0.17100564975436153,11.092437,gene_signature,1.0,pass
10X_P7_15_CCAATCCGTCACTTCC-1,0.1900239011193829,9.4848175,gene_signature,1.0,pass
10X_P7_15_CCAATCCGTTCAACCA-1,0.3448537370289519,12.87855,gene_signature,1.0,pass
10X_P7_15_CCAATCCGTTTAGGAA-1,0.723538261002686,9.897342,gene_signature,1.0,pass
10X_P7_15_CCAATCCGTTTGTTGG-1,0.6603866167512888,13.496388,gene_signature,1.0,pass
10X_P7_15_CCAATCCTCTGTACGA-1,0.10762123811607016,13.909569,gene_signature,1.0,pass
10X_P7_15_CCACCTACAGTACACT-1,0.1377451596891224,16.158009,gene_signature,1.0,pass
10X_P7_15_CCACCTACAGTAGAGC-1,0.3891316481300728,19.28597,gene_signature,1.0,pass
10X_P7_15_CCACCTATCACTCTTA-1,0.707947818907604,15.770416,gene_signature,1.0,pass
10X_P7_15_CCACGGATCGTCGTTC-1,0.10617553566379583,11.006022,gene_signature,1.0,pass
10X_P7_15_CCACTACAGATATGCA-1,0.6136435993481436,16.099762,gene_signature,1.0,pass
10X_P7_15_CCACTACAGGATATAC-1,0.05482511715124463,16.960926,gene_signature,1.0,pass
10X_P7_15_CCACTACGTCTAAAGA-1,0.22920484913925493,14.042804,gene_signature,1.0,pass
10X_P7_15_CCACTACGTGGCGAAT-1,0.26218479184845495,15.347643,gene_signature,1.0,pass
10X_P7_15_CCAGCGACAAGCCGTC-1,0.33676040717815087,12.5247345,gene_signature,1.0,pass
10X_P7_15_CCAGCGAGTCGGCATC-1,0.197635289961791,19.251001,gene_signature,1.0,pass
10X_P7_15_CCAGCGAGTCTGCAAT-1,0.07941141418033157,14.991568,gene_signature,1.0,pass
10X_P7_15_CCATGTCGTGTGACGA-1,0.18375209185851418,10.463482,gene_signature,1.0,pass
10X_P7_15_CCATGTCTCTGGGCCA-1,0.554261586884247,13.784291,gene_signature,1.0,pass
10X_P7_15_CCATGTCTCTTTACAC-1,0.6393698508078037,14.655133,gene_signature,1.0,pass
10X_P7_15_CCATTCGAGAAGGACA-1,0.060488461377806314,20.498909,gene_signature,1.0,pass
10X_P7_15_CCATTCGAGTACGACG-1,0.25792729015200144,15.605304,gene_signature,1.0,pass
10X_P7_15_CCATTCGGTCCTAGCG-1,0.14031912079753506,14.4967575,gene_signature,1.0,pass
10X_P7_15_CCCAATCAGCAGACTG-1,0.4288968440281048,11.300339,gene_signature,1.0,pass
10X_P7_15_CCCAATCCAATGGAAT-1,0.03290105190494219,17.703188,gene_signature,1.0,pass
10X_P7_15_CCCAATCGTCGTTGTA-1,0.4551443638776201,16.126331,gene_signature,1.0,pass
10X_P7_15_CCCATACAGCCGCCTA-1,0.18308379366055122,10.5395,gene_signature,1.0,pass
10X_P7_15_CCCATACCAAGGGTCA-1,0.3756875784910553,13.218031,gene_signature,1.0,pass
10X_P7_15_CCGGGATAGATGTGGC-1,0.13289456500404848,14.439972,gene_signature,1.0,pass
10X_P7_15_CCGTACTGTTTGACAC-1,0.08294268905586431,20.850958,gene_signature,1.0,pass
10X_P7_15_CCGTACTTCCGAATGT-1,0.16172487584116535,19.076435,gene_signature,1.0,pass
10X_P7_15_CCGTGGAGTGCACTTA-1,0.19313956590972364,8.235937,gene_signature,1.0,pass
10X_P7_15_CCGTGGATCCGATATG-1,0.5048694863547558,17.458475,gene_signature,1.0,pass
10X_P7_15_CCGTGGATCCTAGGGC-1,0.25260678369860523,10.957958,gene_signature,1.0,pass
10X_P7_15_CCGTTCAGTAAGAGAG-1,0.38259666749900767,13.817423,gene_signature,1.0,pass
10X_P7_15_CCTAAAGGTGCAACTT-1,0.3832277337047142,8.29321,gene_signature,1.0,pass
10X_P7_15_CCTAAAGGTGTTCTTT-1,0.4635494365707091,7.257463,gene_signature,1.0,pass
10X_P7_15_CCTACACAGAAACGCC-1,0.5646942472219811,16.812412,gene_signature,1.0,pass
10X_P7_15_CCTACACAGATGGCGT-1,0.31986024554646175,18.71239,gene_signature,1.0,pass
10X_P7_15_CCTACACAGCGTAGTG-1,0.06128827385706638,20.114817,gene_signature,1.0,pass
10X_P7_15_CCTACACCAAGCGATG-1,0.21385121213777064,15.779654,gene_signature,1.0,pass
10X_P7_15_CCTACACCATTTGCTT-1,0.3676477869403231,7.8213515,gene_signature,1.0,pass
10X_P7_15_CCTACCACAAACTGCT-1,0.35218627358654575,17.6993,gene_signature,1.0,pass
10X_P7_15_CCTACCAGTCAGTGGA-1,0.48119616383191693,16.23971,gene_signature,1.0,pass
10X_P7_15_CCTACCATCGATGAGG-1,0.3547441430882943,15.239233,gene_signature,1.0,pass
10X_P7_15_CCTACCATCGCACTCT-1,0.02422286359545861,13.092046,gene_signature,1.0,pass
10X_P7_15_CCTAGCTTCGGCGGTT-1,0.5741359920232001,16.245962,gene_signature,1.0,pass
10X_P7_15_CCTATTAAGGCAGTCA-1,0.2942510372993876,13.541605,gene_signature,1.0,pass
10X_P7_15_CCTATTACATCACGAT-1,0.5789338497194367,15.916102,gene_signature,1.0,pass
10X_P7_15_CCTATTAGTAATCACC-1,0.18900872094279872,8.446787,gene_signature,1.0,pass
10X_P7_15_CCTATTATCCTACAGA-1,0.24606300361990718,16.751736,gene_signature,1.0,pass
10X_P7_15_CCTCAGTCACCGTTGG-1,0.13861915689489923,17.7954,gene_signature,1.0,pass
10X_P7_15_CCTCTGAGTCCGAAGA-1,0.16993755637161773,17.745417,gene_signature,1.0,pass
10X_P7_15_CCTCTGAGTGATGCCC-1,0.09640839810598528,19.38438,gene_signature,1.0,pass
10X_P7_15_CCTTACGAGAACTGTA-1,0.09677887902783226,20.82751,gene_signature,1.0,pass
10X_P7_15_CCTTACGCAAGTCATC-1,0.3195794171293492,15.443179,gene_signature,1.0,pass
10X_P7_15_CCTTACGGTCAATACC-1,0.32603186272757345,13.105417,gene_signature,1.0,pass
10X_P7_15_CCTTCCCTCCTTTCTC-1,0.26345441075601234,7.010176,gene_signature,1.0,pass
10X_P7_15_CCTTCGACACGTAAGG-1,0.2066459100700456,14.622983,gene_signature,1.0,pass
10X_P7_15_CCTTCGAGTGTGCCTG-1,0.7465947066475488,13.499684,gene_signature,1.0,pass
10X_P7_15_CCTTCGATCTGCAGTA-1,0.16157667412823676,9.549939,gene_signature,1.0,pass
10X_P7_15_CGAACATCACATTAGC-1,0.5934801654656582,17.908257,gene_signature,1.0,pass
10X_P7_15_CGAACATCATACGCTA-1,0.1487962640236064,15.320918,gene_signature,1.0,pass
10X_P7_15_CGACCTTGTAGGACAC-1,0.1650718744907929,11.142242,gene_signature,1.0,pass
10X_P7_15_CGACTTCAGGGTTCCC-1,0.5924759916776163,7.6856985,gene_signature,1.0,pass
10X_P7_15_CGAGCACTCCAATGGT-1,0.21198754719384155,17.458752,gene_signature,1.0,pass
10X_P7_15_CGAGCCAAGCTCAACT-1,0.812232506333092,9.382445,gene_signature,1.0,pass
10X_P7_15_CGATCGGCATCTCGCT-1,0.26697625054233326,13.008301,gene_signature,1.0,pass
10X_P7_15_CGATGTACAGTAAGAT-1,0.1898869685937779,9.301561,gene_signature,1.0,pass
10X_P7_15_CGATGTATCAACGGGA-1,0.08390066575714064,14.93584,gene_signature,1.0,pass
10X_P7_15_CGATTGACACATCTTT-1,0.10454639204169902,13.366762,gene_signature,1.0,pass
10X_P7_15_CGATTGAGTGTCTGAT-1,0.29363540832939966,9.744093,gene_signature,1.0,pass
10X_P7_15_CGATTGATCTCAACTT-1,0.40996544975898763,18.0299,gene_signature,1.0,pass
10X_P7_15_CGCCAAGAGGCGACAT-1,0.28552362366770995,14.1935,gene_signature,1.0,pass
10X_P7_15_CGCCAAGTCCTAGGGC-1,0.45496844225191185,15.489508,gene_signature,1.0,pass
10X_P7_15_CGCGGTACAAACAACA-1,0.25566331623184685,12.194056,gene_signature,1.0,pass
10X_P7_15_CGCGGTAGTAGAGCTG-1,0.08917048047253259,14.651135,gene_signature,1.0,pass
10X_P7_15_CGCGTTTGTGATGCCC-1,0.5882698986096495,11.2337055,gene_signature,1.0,pass
10X_P7_15_CGCGTTTTCTGCAAGT-1,0.07478847999859914,14.714841,gene_signature,1.0,pass
10X_P7_15_CGCTGGATCTTGCCGT-1,0.4296731491732747,14.149495,gene_signature,1.0,pass
10X_P7_15_CGCTTCAAGACCTAGG-1,0.4127070861477279,9.654966,gene_signature,1.0,pass
10X_P7_15_CGCTTCAAGATAGGAG-1,0.43071053111013463,15.379283,gene_signature,1.0,pass
10X_P7_15_CGCTTCACACGGCTAC-1,0.1310142956000619,9.518674,gene_signature,1.0,pass
10X_P7_15_CGCTTCATCTTCTGGC-1,0.36294312123337086,13.439989,gene_signature,1.0,pass
10X_P7_15_CGGACACAGCCCAACC-1,0.4044415182410085,11.862284,gene_signature,1.0,pass
10X_P7_15_CGGACGTAGAAACCTA-1,0.17180522042110546,13.013059,gene_signature,1.0,pass
10X_P7_15_CGGACGTGTACAGCAG-1,0.6357643743950019,14.536467,gene_signature,1.0,pass
10X_P7_15_CGGACTGCATCGGGTC-1,0.5406746452909451,11.503529,gene_signature,1.0,pass
10X_P7_15_CGGAGCTAGAGTCGGT-1,0.28098066226079793,8.828439,gene_signature,1.0,pass
10X_P7_15_CGGAGTCTCACTTACT-1,0.3057129250965688,14.267908,gene_signature,1.0,pass
10X_P7_15_CGGCTAGAGTGTTAGA-1,0.3318160569571278,11.5095005,gene_signature,1.0,pass
10X_P7_15_CGGCTAGCAAGCGCTC-1,0.1493945231110492,14.515424,gene_signature,1.0,pass
10X_P7_15_CGGCTAGCATCTCCCA-1,0.23814419100783887,17.477001,gene_signature,1.0,pass
10X_P7_15_CGGGTCAGTAGCCTAT-1,0.3032901839313216,13.058879,gene_signature,1.0,pass
10X_P7_15_CGGTTAATCCGTCATC-1,0.08519578574819178,15.65531,gene_signature,1.0,pass
10X_P7_15_CGTAGCGCACAGCGTC-1,0.144775951739119,10.333211,gene_signature,1.0,pass
10X_P7_15_CGTAGGCGTCGGCACT-1,0.6116191684047112,11.916987,gene_signature,1.0,pass
10X_P7_15_CGTAGGCTCAGTTAGC-1,0.7269698852865778,20.875032,gene_signature,1.0,pass
10X_P7_15_CGTCACTCAAGGGTCA-1,0.32292902821558195,16.234509,gene_signature,1.0,pass
10X_P7_15_CGTCAGGCAATCACAC-1,0.6872398565344555,9.76048,gene_signature,1.0,pass
10X_P7_15_CGTCCATAGCTTCGCG-1,0.7737025483712276,9.879749,gene_signature,1.0,pass
10X_P7_15_CGTCCATCAAGTCTAC-1,0.5954998969218255,11.3759775,gene_signature,1.0,pass
10X_P7_15_CGTCCATGTAAATGAC-1,0.08772527453765429,17.49833,gene_signature,1.0,pass
10X_P7_15_CGTCTACTCTGGGCCA-1,0.06212787191282985,22.154224,gene_signature,1.0,pass
10X_P7_15_CGTGAGCAGGATCGCA-1,0.27776233536529354,17.078335,gene_signature,1.0,pass
10X_P7_15_CGTGAGCCAGCTGCTG-1,0.513311831062774,13.54052,gene_signature,1.0,pass
10X_P7_15_CGTGAGCGTGCAGTAG-1,0.17691898179698143,13.350202,gene_signature,1.0,pass
10X_P7_15_CGTGTAAGTCGCTTTC-1,0.07560390756436879,12.148607,gene_signature,1.0,pass
10X_P7_15_CGTGTCTGTGTGAAAT-1,0.12076412014459632,20.431786,gene_signature,1.0,pass
10X_P7_15_CGTTAGAGTCTGCCAG-1,0.04295493575393057,13.785566,gene_signature,1.0,pass
10X_P7_15_CGTTCTGGTACCGTAT-1,0.04121988896516322,18.971836,gene_signature,1.0,pass
10X_P7_15_CGTTCTGTCTGACCTC-1,0.6797838068458917,11.232856,gene_signature,1.0,pass
10X_P7_15_CGTTGGGAGAGGTACC-1,0.08654107679197362,20.545702,gene_signature,1.0,pass
10X_P7_15_CGTTGGGAGCGACGTA-1,0.22246406141673775,15.250191,gene_signature,1.0,pass
10X_P7_15_CTAACTTCAAAGGTGC-1,0.4648044912350387,16.188656,gene_signature,1.0,pass
10X_P7_15_CTAACTTTCAGCTGGC-1,0.1790149562787488,18.223724,gene_signature,1.0,pass
10X_P7_15_CTAAGACGTGCCTGGT-1,0.7346221361713868,18.517574,gene_signature,1.0,pass
10X_P7_15_CTAATGGAGTTGCAGG-1,0.5673604961542044,14.443581,gene_signature,1.0,pass
10X_P7_15_CTACACCCATGTAGTC-1,0.2360638289733546,17.22293,gene_signature,1.0,pass
10X_P7_15_CTACATTGTCACTTCC-1,0.2589745828868272,14.489737,gene_signature,1.0,pass
10X_P7_15_CTACCCAAGAGTTGGC-1,0.811226061450727,10.418425,gene_signature,1.0,pass
10X_P7_15_CTACCCACAATCGAAA-1,0.391626985153933,10.392111,gene_signature,1.0,pass
10X_P7_15_CTACGTCCACGCCAGT-1,0.05653773264689734,11.751658,gene_signature,1.0,pass
10X_P7_15_CTACGTCTCATGTCTT-1,0.15507035641418193,19.469807,gene_signature,1.0,pass
10X_P7_15_CTACGTCTCGAATGCT-1,0.1063124324105379,12.401905,gene_signature,1.0,pass
10X_P7_15_CTAGAGTGTTAAGAAC-1,0.1870528498166225,8.028371,gene_signature,1.0,pass
10X_P7_15_CTAGCCTTCATCACCC-1,0.12182778904182985,19.06953,gene_signature,1.0,pass
10X_P7_15_CTAGTGACAAGTAGTA-1,0.6712224399267154,16.130535,gene_signature,1.0,pass
10X_P7_15_CTAGTGATCGTACGGC-1,0.15992963854733283,11.467249,gene_signature,1.0,pass
10X_P7_15_CTAGTGATCGTAGGTT-1,0.05617765399164162,18.568916,gene_signature,1.0,pass
10X_P7_15_CTCACACCAAAGGTGC-1,0.28440906142419375,9.857127,gene_signature,1.0,pass
10X_P7_15_CTCAGAAAGATCACGG-1,0.148340422456238,12.128126,gene_signature,1.0,pass
10X_P7_15_CTCAGAATCTCCTATA-1,0.9003601175005519,10.897488,gene_signature,1.0,pass
10X_P7_15_CTCATTAAGTGAAGAG-1,0.3904776329845691,17.079197,gene_signature,1.0,pass
10X_P7_15_CTCCTAGCAAATTGCC-1,0.15831215861704145,16.551414,gene_signature,1.0,pass
10X_P7_15_CTCCTAGCACGCTTTC-1,0.3150233111534515,9.805578,gene_signature,1.0,pass
10X_P7_15_CTCGAAATCAAGCCTA-1,0.5497277524421186,13.374092,gene_signature,1.0,pass
10X_P7_15_CTCGAAATCGTACGGC-1,0.10565826503233859,15.792607,gene_signature,1.0,pass
10X_P7_15_CTCGAGGAGTGCTGCC-1,0.5805242928452321,17.760262,gene_signature,1.0,pass
10X_P7_15_CTCGAGGCACGCCAGT-1,0.2740786469868359,12.587338,gene_signature,1.0,pass
10X_P7_15_CTCGAGGCAGCCTGTG-1,0.08174973361696666,19.863123,gene_signature,1.0,pass
10X_P7_15_CTCGAGGGTAGCCTCG-1,0.17610466946021963,8.713297,gene_signature,1.0,pass
10X_P7_15_CTCGAGGTCATCGGAT-1,0.11666015391818958,13.767894,gene_signature,1.0,pass
10X_P7_15_CTCGGAGGTCGCATCG-1,0.012141691976770763,21.555338,gene_signature,1.0,pass
10X_P7_15_CTCGGGAGTATAGGTA-1,0.034422610026418575,12.304317,gene_signature,1.0,pass
10X_P7_15_CTCGTACTCTTGCATT-1,0.056767190671016834,19.37156,gene_signature,1.0,pass
10X_P7_15_CTCGTCATCAGAGGTG-1,0.08365360476021966,14.438744,gene_signature,1.0,pass
10X_P7_15_CTCTAATAGGGCACTA-1,0.15831648940424387,18.144072,gene_signature,1.0,pass
10X_P7_15_CTCTAATTCCTCCTAG-1,0.5420152854471042,6.318352,gene_signature,1.0,pass
10X_P7_15_CTCTACGAGACAGGCT-1,0.05525565114390698,19.034788,gene_signature,1.0,pass
10X_P7_15_CTCTACGAGCGAGAAA-1,0.3473981580537777,17.57117,gene_signature,1.0,pass
10X_P7_15_CTGATAGGTACCTACA-1,0.22517337717556168,21.816551,gene_signature,1.0,pass
10X_P7_15_CTGATAGGTTTGTTTC-1,0.11709245044864107,18.264545,gene_signature,1.0,pass
10X_P7_15_CTGATCCCAAGCGTAG-1,0.2693549547178821,13.021139,gene_signature,1.0,pass
10X_P7_15_CTGCCTAAGATGTAAC-1,0.10785050215886968,19.792011,gene_signature,1.0,pass
10X_P7_15_CTGCGGACAGATGAGC-1,0.16338794302746068,15.777911,gene_signature,1.0,pass
10X_P7_15_CTGCGGAGTCACCCAG-1,0.7981761563276194,9.5518875,gene_signature,1.0,pass
10X_P7_15_CTGCTGTAGCGGCTTC-1,0.7977941963997879,9.800226,gene_signature,1.0,pass
10X_P7_15_CTGCTGTGTTAAGACA-1,0.06985424352620732,15.908468,gene_signature,1.0,pass
10X_P7_15_CTGCTGTTCTATCCCG-1,0.11440783677585353,14.809273,gene_signature,1.0,pass
10X_P7_15_CTGGTCTGTGCCTGTG-1,0.2391933995548249,14.620674,gene_signature,1.0,pass
10X_P7_15_CTGTGCTTCACCACCT-1,0.13004002014685706,13.753685,gene_signature,1.0,pass
10X_P7_15_CTGTGCTTCGCATGAT-1,0.5509727479143847,11.515019,gene_signature,1.0,pass
10X_P7_15_CTGTTTACACTTAAGC-1,0.19841691988066262,19.637842,gene_signature,1.0,pass
10X_P7_15_CTTAACTCAAGTCTGT-1,0.0817215384469789,19.19678,gene_signature,1.0,pass
10X_P7_15_CTTAACTTCCGCGGTA-1,0.06027020100353849,19.679174,gene_signature,1.0,pass
10X_P7_15_CTTAGGAGTAGCTAAA-1,0.17156200043087047,10.988204,gene_signature,1.0,pass
10X_P7_15_CTTGGCTCAATTCCTT-1,0.19508310384033833,13.745468,gene_signature,1.0,pass
10X_P7_15_CTTTGCGAGAATCTCC-1,0.3980651955900739,12.904597,gene_signature,1.0,pass
10X_P7_15_CTTTGCGAGCGTTCCG-1,0.5699459544550135,13.759481,gene_signature,1.0,pass
10X_P7_15_CTTTGCGCATTCGACA-1,0.09180699462548852,15.554606,gene_signature,1.0,pass
10X_P7_15_CTTTGCGGTCTAGTCA-1,0.4867503270044722,7.161424,gene_signature,1.0,pass
10X_P7_15_GAAACTCTCCTCAATT-1,0.8552444396089965,5.2425084,gene_signature,1.0,pass
10X_P7_15_GAACCTAGTCCGCTGA-1,0.16506581899979392,13.070206,gene_signature,1.0,pass
10X_P7_15_GAACCTAGTGTTCGAT-1,0.3640656933498022,14.922015,gene_signature,1.0,pass
10X_P7_15_GAAGCAGGTGTTAAGA-1,0.16449897972863864,13.188711,gene_signature,1.0,pass
10X_P7_15_GAATAAGAGGCTCATT-1,0.26616522772381784,10.52997,gene_signature,1.0,pass
10X_P7_15_GAATAAGGTTGCGCAC-1,0.07876345249188516,14.40863,gene_signature,1.0,pass
10X_P7_15_GAATGAATCACGGTTA-1,0.42987868369475957,14.7023945,gene_signature,1.0,pass
10X_P7_15_GACACGCGTACCGAGA-1,0.541005886727136,16.771086,gene_signature,1.0,pass
10X_P7_15_GACAGAGGTTGATTGC-1,0.032824314369538546,17.961124,gene_signature,1.0,pass
10X_P7_15_GACCAATAGTGAAGAG-1,0.21753183527668565,16.523655,gene_signature,1.0,pass
10X_P7_15_GACCAATTCCTCAACC-1,0.6571394643010826,12.117178,gene_signature,1.0,pass
10X_P7_15_GACCTGGGTCCGTTAA-1,0.26943264512918474,14.927431,gene_signature,1.0,pass
10X_P7_15_GACCTGGGTGAGTATA-1,0.30523010719863275,13.578787,gene_signature,1.0,pass
10X_P7_15_GACGGCTAGGATCGCA-1,0.32422250195349334,7.411927,gene_signature,1.0,pass
10X_P7_15_GACGGCTGTATGAATG-1,0.22128844981178658,12.715483,gene_signature,1.0,pass
10X_P7_15_GACGGCTGTCCGAGTC-1,0.2497070996357258,15.165392,gene_signature,1.0,pass
10X_P7_15_GACGTGCCATATGCTG-1,0.4931120945103514,10.463284,gene_signature,1.0,pass
10X_P7_15_GACGTGCGTAGCCTAT-1,0.12103367147430096,9.947271,gene_signature,1.0,pass
10X_P7_15_GACGTGCTCCAACCAA-1,0.28648930242057224,15.493828,gene_signature,1.0,pass
10X_P7_15_GACGTTAAGCTGCAAG-1,0.32680585171379223,12.816365,gene_signature,1.0,pass
10X_P7_15_GACTAACAGTGGTCCC-1,0.16213721885736418,13.405993,gene_signature,1.0,pass
10X_P7_15_GACTAACGTAGCAAAT-1,0.5137320964659531,9.386859,gene_signature,1.0,pass
10X_P7_15_GACTACAAGCTCCCAG-1,0.2186969187773009,19.49142,gene_signature,1.0,pass
10X_P7_15_GACTGCGAGCCGATTT-1,0.28401508534526904,18.828838,gene_signature,1.0,pass
10X_P7_15_GACTGCGAGTGCCAGA-1,0.2117343443746579,13.42423,gene_signature,1.0,pass
10X_P7_15_GACTGCGGTTCCCGAG-1,0.4341167775082798,12.690468,gene_signature,1.0,pass
10X_P7_15_GAGCAGAAGTCCGGTC-1,0.16458478239651883,12.422808,gene_signature,1.0,pass
10X_P7_15_GAGCAGACATGGAATA-1,0.1533858978197507,10.605747,gene_signature,1.0,pass
10X_P7_15_GAGCAGAGTGCTTCTC-1,0.5198059322701954,11.315872,gene_signature,1.0,pass
10X_P7_15_GAGCAGATCTTGACGA-1,0.059673488161500685,20.574253,gene_signature,1.0,pass
10X_P7_15_GAGGTGAAGAGGTAGA-1,0.680975781300491,9.338817,gene_signature,1.0,pass
10X_P7_15_GAGGTGAAGGGAGTAA-1,0.05215245525313372,14.011988,gene_signature,1.0,pass
10X_P7_15_GAGTCCGAGAGTGACC-1,0.21535145464596078,9.517537,gene_signature,1.0,pass
10X_P7_15_GAGTCCGAGGTGGGTT-1,0.5903784296136709,13.823506,gene_signature,1.0,pass
10X_P7_15_GAGTCCGGTCCTCCAT-1,0.40983206533947236,9.645113,gene_signature,1.0,pass
10X_P7_15_GAGTCCGGTTGGTAAA-1,0.18586285738570513,13.840876,gene_signature,1.0,pass
10X_P7_15_GATCAGTGTCTCAACA-1,0.3924233035444299,15.56353,gene_signature,1.0,pass
10X_P7_15_GATCAGTTCGTCTGAA-1,0.3117865588855864,10.379112,gene_signature,1.0,pass
10X_P7_15_GATCGCGAGCCGATTT-1,0.3925420582203476,12.232172,gene_signature,1.0,pass
10X_P7_15_GATCGCGGTGCCTTGG-1,0.6943760508413355,8.8600445,gene_signature,1.0,pass
10X_P7_15_GATCGTAAGCGCCTCA-1,0.2469252619576489,12.333479,gene_signature,1.0,pass
10X_P7_15_GATCGTACAATGACCT-1,0.3317806863070689,11.185039,gene_signature,1.0,pass
10X_P7_15_GATCTAGGTTCATGGT-1,0.2941162074135061,9.069868,gene_signature,1.0,pass
10X_P7_15_GATGAAAAGTCAAGGC-1,0.05765108094284012,19.980055,gene_signature,1.0,pass
10X_P7_15_GATGAAAGTGGCGAAT-1,0.7418639047840235,7.114005,gene_signature,1.0,pass
10X_P7_15_GATGAGGAGAACAACT-1,0.032959539768518106,21.508747,gene_signature,1.0,pass
10X_P7_15_GATGAGGCAAACAACA-1,0.5959302881224462,14.678095,gene_signature,1.0,pass
10X_P7_15_GATGAGGGTGTGGTTT-1,0.06632668640725123,14.277559,gene_signature,1.0,pass
10X_P7_15_GATGCTAGTTGGAGGT-1,0.14689787405876845,9.176983,gene_signature,1.0,pass
10X_P7_15_GATTCAGCACATTAGC-1,0.5673866979765185,13.195154,gene_signature,1.0,pass
10X_P7_15_GATTCAGGTATATGAG-1,0.15808941692050912,12.119703,gene_signature,1.0,pass
10X_P7_15_GCAAACTAGTTCGCGC-1,0.6066370912621082,11.77152,gene_signature,1.0,pass
10X_P7_15_GCACATAAGAACTCGG-1,0.3106761702321654,12.017379,gene_signature,1.0,pass
10X_P7_15_GCACATATCACGCGGT-1,0.25802070962125745,15.456195,gene_signature,1.0,pass
10X_P7_15_GCACATATCCCTCTTT-1,0.49447804560489345,11.151068,gene_signature,1.0,pass
10X_P7_15_GCACATATCGGCGCAT-1,0.44640376112751,14.533831,gene_signature,1.0,pass
10X_P7_15_GCACATATCGGCGGTT-1,0.17432095541010534,9.835653,gene_signature,1.0,pass
10X_P7_15_GCACATATCGGCTTGG-1,0.23693102653665354,15.183424,gene_signature,1.0,pass
10X_P7_15_GCAGCCAGTGTGTGCC-1,0.5027492909760052,13.218587,gene_signature,1.0,pass
10X_P7_15_GCAGTTAGTCCAACTA-1,0.4800063608595589,12.641767,gene_signature,1.0,pass
10X_P7_15_GCATACAAGTATGACA-1,0.6820193278878389,8.666128,gene_signature,1.0,pass
10X_P7_15_GCATACAGTTCGAATC-1,0.5090668764145455,7.6808066,gene_signature,1.0,pass
10X_P7_15_GCATGATAGACTTGAA-1,0.4921025274480823,15.249616,gene_signature,1.0,pass
10X_P7_15_GCATGATTCGCTAGCG-1,0.2728339124269135,11.726587,gene_signature,1.0,pass
10X_P7_15_GCCAAATAGACCTAGG-1,0.16538182209122249,11.952616,gene_signature,1.0,pass
10X_P7_15_GCCAAATTCACTTACT-1,0.4399342174375788,6.2872953,gene_signature,1.0,pass
10X_P7_15_GCCAAATTCTGCAGTA-1,0.08224690712308194,15.734105,gene_signature,1.0,pass
10X_P7_15_GCGACCACAAGTCTAC-1,0.08566313069811299,13.6114,gene_signature,1.0,pass
10X_P7_15_GCGACCAGTCTTCGTC-1,0.4879637147176165,12.154433,gene_signature,1.0,pass
10X_P7_15_GCGAGAAAGAGCTATA-1,0.03728556277446658,11.411234,gene_signature,1.0,pass
10X_P7_15_GCGCAACGTCCTAGCG-1,0.05168598156606994,17.57069,gene_signature,1.0,pass
10X_P7_15_GCGCAACTCACCAGGC-1,0.26419641332960103,14.169287,gene_signature,1.0,pass
10X_P7_15_GCGCAGTGTTCCACGG-1,0.13163180534753147,19.958656,gene_signature,1.0,pass
10X_P7_15_GCGCCAAGTAACGTTC-1,0.10178557554450784,21.162024,gene_signature,1.0,pass
10X_P7_15_GCGCGATAGATACACA-1,0.17144850100439477,12.494208,gene_signature,1.0,pass
10X_P7_15_GCGCGATCACGTCTCT-1,0.07638169055377117,21.993275,gene_signature,1.0,pass
10X_P7_15_GCGCGATGTTAAAGAC-1,0.29890364049932844,18.70517,gene_signature,1.0,pass
10X_P7_15_GCTCCTATCTCCTATA-1,0.26991959653010617,10.357077,gene_signature,1.0,pass
10X_P7_15_GCTCTGTCACCATGTA-1,0.44551302134575826,10.809263,gene_signature,1.0,pass
10X_P7_15_GCTGCAGCACCTGGTG-1,0.3880123214146373,13.163301,gene_signature,1.0,pass
10X_P7_15_GCTGCGAAGGTGACCA-1,0.6989481615267767,17.486347,gene_signature,1.0,pass
10X_P7_15_GCTGCGATCAGTGTTG-1,0.16706867049928856,14.329287,gene_signature,1.0,pass
10X_P7_15_GCTGCTTCACCCATTC-1,0.4290464317838748,12.024621,gene_signature,1.0,pass
10X_P7_15_GCTGCTTGTCAAAGAT-1,0.454633076729113,13.975149,gene_signature,1.0,pass
10X_P7_15_GCTGGGTCAGGACCCT-1,0.5062079105393862,11.984661,gene_signature,1.0,pass
10X_P7_15_GCTTCCAAGCACAGGT-1,0.23765038794645918,13.989146,gene_signature,1.0,pass
10X_P7_15_GCTTCCACATCACAAC-1,0.18042285192112062,16.163822,gene_signature,1.0,pass
10X_P7_15_GCTTGAAAGAAACGCC-1,0.4865146383649043,11.292204,gene_signature,1.0,pass
10X_P7_15_GCTTGAATCTACGAGT-1,0.35454047690231505,13.253502,gene_signature,1.0,pass
10X_P7_15_GGAAAGCAGTTAGCGG-1,0.19944879453547137,13.426396,gene_signature,1.0,pass
10X_P7_15_GGAAAGCAGTTGAGTA-1,0.022657459352299483,19.793964,gene_signature,1.0,pass
10X_P7_15_GGAAAGCTCTAACTTC-1,0.3081557839396156,15.061644,gene_signature,1.0,pass
10X_P7_15_GGAATAAGTAAATGAC-1,0.30783553359227767,16.265963,gene_signature,1.0,pass
10X_P7_15_GGAATAATCAAGAAGT-1,0.4251272247564569,10.594671,gene_signature,1.0,pass
10X_P7_15_GGAATAATCTGTACGA-1,0.34897564063298214,11.010077,gene_signature,1.0,pass
10X_P7_15_GGAGCAAAGCACAGGT-1,0.1807578666086114,15.789629,gene_signature,1.0,pass
10X_P7_15_GGATGTTTCGCATGGC-1,0.2472019743701131,14.740065,gene_signature,1.0,pass
10X_P7_15_GGATTACGTAGGAGTC-1,0.10560637021159036,16.379965,gene_signature,1.0,pass
10X_P7_15_GGCAATTCATTCTCAT-1,0.27695062850609437,10.0131445,gene_signature,1.0,pass
10X_P7_15_GGCCGATCACGAAGCA-1,0.10355826508233024,18.50998,gene_signature,1.0,pass
10X_P7_15_GGCCGATTCGTCACGG-1,0.42720274499496125,13.383031,gene_signature,1.0,pass
10X_P7_15_GGCGACTAGCTCCCAG-1,0.24537890422475805,10.727928,gene_signature,1.0,pass
10X_P7_15_GGCGTGTGTACTCAAC-1,0.34486511225744626,12.677798,gene_signature,1.0,pass
10X_P7_15_GGCTCGAAGAACAATC-1,0.20446533366620034,12.846888,gene_signature,1.0,pass
10X_P7_15_GGCTCGAAGAGCTGGT-1,0.06780482080911021,15.780139,gene_signature,1.0,pass
10X_P7_15_GGGAATGAGCTAACTC-1,0.1326223903232113,16.34608,gene_signature,1.0,pass
10X_P7_15_GGGAGATCACATCCGG-1,0.11715263812698969,14.272245,gene_signature,1.0,pass
10X_P7_15_GGGAGATGTATAGTAG-1,0.3798484164840207,12.856703,gene_signature,1.0,pass
10X_P7_15_GGGAGATTCACAACGT-1,0.06356489201958096,14.496997,gene_signature,1.0,pass
10X_P7_15_GGGATGACAGCGTAAG-1,0.21972020329788156,9.207719,gene_signature,1.0,pass
10X_P7_15_GGGATGAGTCAGTGGA-1,0.4417094288066111,13.636678,gene_signature,1.0,pass
10X_P7_15_GGGCATCCAGTATGCT-1,0.14975064067198568,14.241312,gene_signature,1.0,pass
10X_P7_15_GGGCATCGTACGACCC-1,0.4239610116502476,15.160489,gene_signature,1.0,pass
10X_P7_15_GGGCATCTCTCTAAGG-1,0.19732666823351944,16.782578,gene_signature,1.0,pass
10X_P7_15_GGGTCTGAGGGCACTA-1,0.27014266840181955,11.405162,gene_signature,1.0,pass
10X_P7_15_GGGTCTGCACGAAAGC-1,0.15342729842005418,10.17439,gene_signature,1.0,pass
10X_P7_15_GGGTTGCAGACAGGCT-1,0.36622234988366287,12.515851,gene_signature,1.0,pass
10X_P7_15_GGGTTGCCATCGGAAG-1,0.013808903934396738,18.685413,gene_signature,1.0,pass
10X_P7_15_GGGTTGCGTGCTCTTC-1,0.7866225565644481,11.66873,gene_signature,1.0,pass
10X_P7_15_GGTATTGTCCTGCCAT-1,0.25046963636698466,17.666481,gene_signature,1.0,pass
10X_P7_15_GGTGCGTAGTACTTGC-1,0.17579478915265162,18.662127,gene_signature,1.0,pass
10X_P7_15_GGTGCGTTCAGTCCCT-1,0.5313718148239238,12.458801,gene_signature,1.0,pass
10X_P7_15_GGTGTTAGTAAGTTCC-1,0.42786468973505054,12.587428,gene_signature,1.0,pass
10X_P7_15_GGTGTTAGTCATACTG-1,0.23641141999340515,18.830494,gene_signature,1.0,pass
10X_P7_15_GTAACGTCACTACAGT-1,0.4032632070597466,8.861002,gene_signature,1.0,pass
10X_P7_15_GTAACGTGTGCAGGTA-1,0.6292553983078977,11.174918,gene_signature,1.0,pass
10X_P7_15_GTAACTGCAACACCCG-1,0.1555172920699804,15.811023,gene_signature,1.0,pass
10X_P7_15_GTAACTGTCTTCAACT-1,0.15285182616432666,18.206005,gene_signature,1.0,pass
10X_P7_15_GTACTCCAGCAGACTG-1,0.24740929506054682,8.807311,gene_signature,1.0,pass
10X_P7_15_GTACTTTAGCGTTGCC-1,0.29605480685208607,10.68874,gene_signature,1.0,pass
10X_P7_15_GTACTTTGTTCCTCCA-1,0.23314188216883291,16.281115,gene_signature,1.0,pass
10X_P7_15_GTAGGCCCATTAGCCA-1,0.06111242520172426,10.35407,gene_signature,1.0,pass
10X_P7_15_GTAGGCCGTAAGGATT-1,0.6280439444679488,7.884761,gene_signature,1.0,pass
10X_P7_15_GTAGTCAGTGAGCGAT-1,0.5072411039327609,21.230408,gene_signature,1.0,pass
10X_P7_15_GTATCTTAGGCTATCT-1,0.1519231155276181,15.971231,gene_signature,1.0,pass
10X_P7_15_GTATCTTAGTCCAGGA-1,0.07015582600757846,9.117264,gene_signature,1.0,pass
10X_P7_15_GTATCTTCATTTCACT-1,0.5704852238084225,8.227912,gene_signature,1.0,pass
10X_P7_15_GTATCTTGTTGCCTCT-1,0.10926208467373735,11.644115,gene_signature,1.0,pass
10X_P7_15_GTATCTTTCTGGCGTG-1,0.545604689463234,12.923538,gene_signature,1.0,pass
10X_P7_15_GTATTCTAGACAATAC-1,0.3060760029282724,11.238169,gene_signature,1.0,pass
10X_P7_15_GTCAAGTAGGCGCTCT-1,0.23450635886582583,10.946104,gene_signature,1.0,pass
10X_P7_15_GTCACAACAAGCCCAC-1,0.30827260726900113,14.079903,gene_signature,1.0,pass
10X_P7_15_GTCACGGAGAAGGCCT-1,0.18182560045528745,13.825356,gene_signature,1.0,pass
10X_P7_15_GTCACGGTCGCATGAT-1,0.2297122102843332,14.205508,gene_signature,1.0,pass
10X_P7_15_GTCATTTAGACTACAA-1,0.22928206520771224,19.030949,gene_signature,1.0,pass
10X_P7_15_GTCGGGTAGCATCATC-1,0.16616484371096957,13.214724,gene_signature,1.0,pass
10X_P7_15_GTCGGGTCACGGATAG-1,0.17362698574019783,12.767749,gene_signature,1.0,pass
10X_P7_15_GTCGTAAAGATGCGAC-1,0.4990263788687841,16.386938,gene_signature,1.0,pass
10X_P7_15_GTCTCGTAGCAATATG-1,0.1829813533567714,8.669401,gene_signature,1.0,pass
10X_P7_15_GTCTCGTAGGTGATTA-1,0.08496556943461145,17.855907,gene_signature,1.0,pass
10X_P7_15_GTCTTCGAGACATAAC-1,0.508301247900878,9.883372,gene_signature,1.0,pass
10X_P7_15_GTCTTCGAGGTGCACA-1,0.4082195353220225,11.583245,gene_signature,1.0,pass
10X_P7_15_GTGAAGGAGCAGCGTA-1,0.09352308430016174,18.031563,gene_signature,1.0,pass
10X_P7_15_GTGCAGCAGAAACGAG-1,0.2112740977860899,18.636333,gene_signature,1.0,pass
10X_P7_15_GTGCAGCTCACATGCA-1,0.607225340678428,14.428128,gene_signature,1.0,pass
10X_P7_15_GTGCATATCTTTCCTC-1,0.8307241897180819,13.14741,gene_signature,1.0,pass
10X_P7_15_GTGCTTCCATTATCTC-1,0.3904580511772203,8.925198,gene_signature,1.0,pass
10X_P7_15_GTGCTTCTCACCACCT-1,0.19136912317805682,10.769162,gene_signature,1.0,pass
10X_P7_15_GTGGGTCAGCGATAGC-1,0.21935256308542242,11.757253,gene_signature,1.0,pass
10X_P7_15_GTGGGTCAGTCCGTAT-1,0.5664052302271453,13.113484,gene_signature,1.0,pass
10X_P7_15_GTGTTAGAGATATGGT-1,0.36488592530306585,17.435751,gene_signature,1.0,pass
10X_P7_15_GTGTTAGTCCCTTGCA-1,0.33557766464350103,11.638215,gene_signature,1.0,pass
10X_P7_15_GTTAAGCAGGCTCAGA-1,0.6242286707883729,10.284709,gene_signature,1.0,pass
10X_P7_15_GTTAAGCAGTGTACGG-1,0.18087052257083164,18.15424,gene_signature,1.0,pass
10X_P7_15_GTTACAGGTGCAGACA-1,0.3428991020468401,13.396812,gene_signature,1.0,pass
10X_P7_15_GTTACAGTCATCTGCC-1,0.8766734657423347,8.746378,gene_signature,1.0,pass
10X_P7_15_GTTACAGTCTGTCAAG-1,0.3380378486283352,14.029884,gene_signature,1.0,pass
10X_P7_15_GTTCGGGGTCGGATCC-1,0.47558931814935723,12.061933,gene_signature,1.0,pass
10X_P7_15_GTTCGGGGTTTGGCGC-1,0.06290647041741641,21.745792,gene_signature,1.0,pass
10X_P7_15_GTTCGGGTCGCCCTTA-1,0.1811200139956783,15.25061,gene_signature,1.0,pass
10X_P7_15_GTTCTCGAGGAGTAGA-1,0.7922488667295642,10.936177,gene_signature,1.0,pass
10X_P7_15_GTTCTCGCACGCTTTC-1,0.1951213406116607,19.838518,gene_signature,1.0,pass
10X_P7_15_GTTCTCGCAGCCAATT-1,0.29015119137284795,13.371147,gene_signature,1.0,pass
10X_P7_15_GTTTCTAAGAGATGAG-1,0.28563543051313206,13.917303,gene_signature,1.0,pass
10X_P7_15_GTTTCTACACCAGATT-1,0.11371476529195657,16.710358,gene_signature,1.0,pass
10X_P7_15_TAAACCGAGTACGTAA-1,0.019851188526669457,18.19308,gene_signature,1.0,pass
10X_P7_15_TAAGAGATCATGTGGT-1,0.06575526765523289,16.082584,gene_signature,1.0,pass
10X_P7_15_TAAGCGTCATAGTAAG-1,0.18210631565609087,12.936407,gene_signature,1.0,pass
10X_P7_15_TAAGTGCAGTACATGA-1,0.08456363733071506,12.144414,gene_signature,1.0,pass
10X_P7_15_TAAGTGCCATAAAGGT-1,0.16178722835261186,16.900904,gene_signature,1.0,pass
10X_P7_15_TAAGTGCTCGAATGGG-1,0.35116650497605273,15.280332,gene_signature,1.0,pass
10X_P7_15_TACAGTGAGCGTAGTG-1,0.6969574867333093,16.046223,gene_signature,1.0,pass
10X_P7_15_TACAGTGGTCAGAGGT-1,0.15687954530176149,12.905324,gene_signature,1.0,pass
10X_P7_15_TACAGTGTCCGAACGC-1,0.403136998240044,9.273409,gene_signature,1.0,pass
10X_P7_15_TACAGTGTCGCCCTTA-1,0.5732095344736601,15.617897,gene_signature,1.0,pass
10X_P7_15_TACCTATAGAGGTTAT-1,0.7136553352826509,10.534733,gene_signature,1.0,pass
10X_P7_15_TACCTATCACATCCGG-1,0.007319638119892195,10.943763,gene_signature,1.0,pass
10X_P7_15_TACCTATGTTATCGGT-1,0.09621094272536207,10.932213,gene_signature,1.0,pass
10X_P7_15_TACGGATAGAGAGCTC-1,0.3187003551435164,15.094233,gene_signature,1.0,pass
10X_P7_15_TACGGATAGGATATAC-1,0.12210534670271625,9.739032,gene_signature,1.0,pass
10X_P7_15_TACGGATGTACGAAAT-1,0.07857200481091561,11.923403,gene_signature,1.0,pass
10X_P7_15_TACGGTAGTAACGACG-1,0.02792192173596486,20.96758,gene_signature,1.0,pass
10X_P7_15_TACGGTATCCGAGCCA-1,0.26129374999374655,8.906629,gene_signature,1.0,pass
10X_P7_15_TACTCATGTCTAAACC-1,0.2995950119882994,13.836786,gene_signature,1.0,pass
10X_P7_15_TACTCATGTGTTCTTT-1,0.3008963494598821,6.163628,gene_signature,1.0,pass
10X_P7_15_TACTCATGTTACCAGT-1,0.12805744474610123,11.987395,gene_signature,1.0,pass
10X_P7_15_TACTCGCTCTTGTACT-1,0.06920143773458244,13.448044,gene_signature,1.0,pass
10X_P7_15_TACTTACAGTGTTGAA-1,0.20808845524286385,18.90269,gene_signature,1.0,pass
10X_P7_15_TACTTACTCACTTCAT-1,0.06912144230798314,14.701723,gene_signature,1.0,pass
10X_P7_15_TACTTGTAGTCATGCT-1,0.5504106496753327,10.8365555,gene_signature,1.0,pass
10X_P7_15_TACTTGTGTACAGTGG-1,0.04182331484597705,14.522697,gene_signature,1.0,pass
10X_P7_15_TACTTGTTCCAAGCCG-1,0.7767909745194285,9.993714,gene_signature,1.0,pass
10X_P7_15_TAGACCAAGGTGTTAA-1,0.05037293169892493,20.41341,gene_signature,1.0,pass
10X_P7_15_TAGACCACATATGGTC-1,0.33641019387064125,13.301989,gene_signature,1.0,pass
10X_P7_15_TAGAGCTGTTCACGGC-1,0.6352745721512544,13.797289,gene_signature,1.0,pass
10X_P7_15_TAGAGCTGTTCCACTC-1,0.02371306419966817,10.396047,gene_signature,1.0,pass
10X_P7_15_TAGAGCTTCTGGTGTA-1,0.2684615496908159,13.250534,gene_signature,1.0,pass
10X_P7_15_TAGCCGGCATCCAACA-1,0.23412479617838255,12.643144,gene_signature,1.0,pass
10X_P7_15_TAGGCATGTTCCACAA-1,0.0736331698711696,12.300688,gene_signature,1.0,pass
10X_P7_15_TAGTGGTCATACCATG-1,0.6679257587692369,13.512583,gene_signature,1.0,pass
10X_P7_15_TAGTGGTGTGGCAAAC-1,0.49664211279491993,10.916182,gene_signature,1.0,pass
10X_P7_15_TAGTTGGTCTGGCGAC-1,0.20135729388222265,11.465269,gene_signature,1.0,pass
10X_P7_15_TATCAGGCACCAGCAC-1,0.22407262065701508,19.019133,gene_signature,1.0,pass
10X_P7_15_TATCAGGCATGTCCTC-1,0.5640217420080409,5.8125653,gene_signature,1.0,pass
10X_P7_15_TATCAGGTCAATACCG-1,0.01646700664429544,17.342045,gene_signature,1.0,pass
10X_P7_15_TATCAGGTCGGTTCGG-1,0.1826370977271894,15.114952,gene_signature,1.0,pass
10X_P7_15_TATCAGGTCGTAGGTT-1,0.28688605580183263,15.493808,gene_signature,1.0,pass
10X_P7_15_TATCTCAGTTACAGAA-1,0.200595673277095,17.97028,gene_signature,1.0,pass
10X_P7_15_TATCTCAGTTCGGCAC-1,0.2970311063118675,15.478754,gene_signature,1.0,pass
10X_P7_15_TATGCCCGTCTAGAGG-1,0.1315313824568935,12.211545,gene_signature,1.0,pass
10X_P7_15_TATGCCCTCTTCGGTC-1,0.894939461641673,12.194837,gene_signature,1.0,pass
10X_P7_15_TATTACCAGGGTGTTG-1,0.34484796018575065,13.462372,gene_signature,1.0,pass
10X_P7_15_TCAACGAAGAGTACCG-1,0.03788889695710261,13.416507,gene_signature,1.0,pass
10X_P7_15_TCAACGACAAACAACA-1,0.2990060501082152,10.5542965,gene_signature,1.0,pass
10X_P7_15_TCAACGAGTATCACCA-1,0.10018359206995982,13.794413,gene_signature,1.0,pass
10X_P7_15_TCAATCTTCCGTCAAA-1,0.1799580879843694,13.429042,gene_signature,1.0,pass
10X_P7_15_TCACAAGTCTGTTTGT-1,0.4871568100961266,14.184198,gene_signature,1.0,pass
10X_P7_15_TCACGAAAGGGTTTCT-1,0.3817887100297981,15.794147,gene_signature,1.0,pass
10X_P7_15_TCACGAAGTCGATTGT-1,0.23084770113337322,11.529526,gene_signature,1.0,pass
10X_P7_15_TCACGAAGTTTGTTTC-1,0.2890065227560649,16.690985,gene_signature,1.0,pass
10X_P7_15_TCAGATGAGTACATGA-1,0.22688311302741893,19.195278,gene_signature,1.0,pass
10X_P7_15_TCAGATGCAAGGACAC-1,0.1292061321857189,9.794189,gene_signature,1.0,pass
10X_P7_15_TCAGATGTCCATGAGT-1,0.450345636170513,13.906561,gene_signature,1.0,pass
10X_P7_15_TCAGATGTCCCTCTTT-1,0.6513446807080074,17.551517,gene_signature,1.0,pass
10X_P7_15_TCAGCTCTCCCATTAT-1,0.47851088441803896,11.664703,gene_signature,1.0,pass
10X_P7_15_TCAGCTCTCCTCCTAG-1,0.08435714199623819,17.332895,gene_signature,1.0,pass
10X_P7_15_TCAGGATAGAGTGACC-1,0.20534256350150176,8.831767,gene_signature,1.0,pass
10X_P7_15_TCAGGATCACGCATCG-1,0.12661986516418183,15.149843,gene_signature,1.0,pass
10X_P7_15_TCAGGATTCTTGCATT-1,0.3466175808467199,14.861603,gene_signature,1.0,pass
10X_P7_15_TCAGGTAGTGATGCCC-1,0.5613963498533169,12.791124,gene_signature,1.0,pass
10X_P7_15_TCATTACAGTACCGGA-1,0.2668804914233848,20.553038,gene_signature,1.0,pass
10X_P7_15_TCCACACGTACTCTCC-1,0.14053613745401267,15.909427,gene_signature,1.0,pass
10X_P7_15_TCCACACGTCCAGTTA-1,0.040129997262450076,15.440313,gene_signature,1.0,pass
10X_P7_15_TCCCGATCATCGACGC-1,0.4929267724730092,8.712984,gene_signature,1.0,pass
10X_P7_15_TCCCGATTCTGGTGTA-1,0.6137550040933325,10.520138,gene_signature,1.0,pass
10X_P7_15_TCGAGGCCAGCTGGCT-1,0.7907336618969655,13.8565645,gene_signature,1.0,pass
10X_P7_15_TCGAGGCGTTATTCTC-1,0.5646847195152233,10.811371,gene_signature,1.0,pass
10X_P7_15_TCGCGAGGTTGATTCG-1,0.09484135824574642,15.060229,gene_signature,1.0,pass
10X_P7_15_TCGCGAGTCGTCCGTT-1,0.1418578684522614,10.201627,gene_signature,1.0,pass
10X_P7_15_TCGCGTTAGTAGATGT-1,0.051923133171234995,15.142614,gene_signature,1.0,pass
10X_P7_15_TCGCGTTAGTATGACA-1,0.18715310457399975,9.895838,gene_signature,1.0,pass
10X_P7_15_TCGCGTTGTAACGCGA-1,0.27918871182913324,15.240545,gene_signature,1.0,pass
10X_P7_15_TCGGGACAGCGATTCT-1,0.23922923644207666,14.720289,gene_signature,1.0,pass
10X_P7_15_TCGTACCCAACAACCT-1,0.15059962208353722,14.414825,gene_signature,1.0,pass
10X_P7_15_TCGTACCCATCGTCGG-1,0.2445721717678524,16.022038,gene_signature,1.0,pass
10X_P7_15_TCGTAGAGTTGAGGTG-1,0.42596416934504955,15.76029,gene_signature,1.0,pass
10X_P7_15_TCTCATAAGCTTTGGT-1,0.2296595531876453,14.289824,gene_signature,1.0,pass
10X_P7_15_TCTCATAAGTCCAGGA-1,0.09075709266062792,16.15045,gene_signature,1.0,pass
10X_P7_15_TCTCATACAAGACGTG-1,0.2945020790007562,12.151688,gene_signature,1.0,pass
10X_P7_15_TCTCATACATCACGTA-1,0.058703229170302615,15.691892,gene_signature,1.0,pass
10X_P7_15_TCTCATATCTAGAGTC-1,0.407673763007101,15.637614,gene_signature,1.0,pass
10X_P7_15_TCTCTAACACAACGTT-1,0.1455758564205866,8.693776,gene_signature,1.0,pass
10X_P7_15_TCTGAGACACCTCGTT-1,0.29581145665268305,10.460341,gene_signature,1.0,pass
10X_P7_15_TCTGAGATCGACGGAA-1,0.134691448508599,13.238324,gene_signature,1.0,pass
10X_P7_15_TCTGGAAAGCTCTCGG-1,0.21147205793491297,16.111162,gene_signature,1.0,pass
10X_P7_15_TCTTTCCGTGTTAAGA-1,0.7099449995691356,10.965281,gene_signature,1.0,pass
10X_P7_15_TCTTTCCTCGGCGGTT-1,0.14790224402990276,13.421453,gene_signature,1.0,pass
10X_P7_15_TGAAAGACAGCTGCAC-1,0.7117466107787889,10.26879,gene_signature,1.0,pass
10X_P7_15_TGACAACCAGCTTCGG-1,0.03247746138475945,10.438569,gene_signature,1.0,pass
10X_P7_15_TGACAACTCCGTTGTC-1,0.2061895389468293,13.802968,gene_signature,1.0,pass
10X_P7_15_TGACTTTCAGCCTATA-1,0.2145438371503062,20.18037,gene_signature,1.0,pass
10X_P7_15_TGAGAGGTCACCCTCA-1,0.24515060385566279,10.265711,gene_signature,1.0,pass
10X_P7_15_TGAGAGGTCTCATTCA-1,0.12187712695866262,17.810211,gene_signature,1.0,pass
10X_P7_15_TGAGCATTCTTAACCT-1,0.7271468963269212,12.448333,gene_signature,1.0,pass
10X_P7_15_TGAGCCGTCCTGCAGG-1,0.19236626376638333,14.646342,gene_signature,1.0,pass
10X_P7_15_TGAGGGAAGACAAGCC-1,0.4051647531895915,15.203346,gene_signature,1.0,pass
10X_P7_15_TGAGGGACATTTGCCC-1,0.25105378308493853,9.440018,gene_signature,1.0,pass
10X_P7_15_TGAGGGAGTTAAGTAG-1,0.1481501722294399,17.589901,gene_signature,1.0,pass
10X_P7_15_TGATTTCCATACTACG-1,0.1491530951231979,18.855244,gene_signature,1.0,pass
10X_P7_15_TGATTTCGTAGCGTCC-1,0.5586412019774242,17.297844,gene_signature,1.0,pass
10X_P7_15_TGATTTCGTTACTGAC-1,0.3402611697871011,13.696999,gene_signature,1.0,pass
10X_P7_15_TGCACCTAGACTAAGT-1,0.607932024289712,10.895323,gene_signature,1.0,pass
10X_P7_15_TGCACCTCATTGGTAC-1,0.3111676524200186,12.091412,gene_signature,1.0,pass
10X_P7_15_TGCACCTGTGCAGGTA-1,0.9217797857426179,10.898911,gene_signature,1.0,pass
10X_P7_15_TGCACCTGTTCCAACA-1,0.3341557043864146,15.131941,gene_signature,1.0,pass
10X_P7_15_TGCCAAAAGAGTGACC-1,0.0094815405101629,14.460215,gene_signature,1.0,pass
10X_P7_15_TGCCCATGTTATCACG-1,0.05863088092667233,17.408207,gene_signature,1.0,pass
10X_P7_15_TGCCCTACAAGAGTCG-1,0.2817883149584554,14.532529,gene_signature,1.0,pass
10X_P7_15_TGCCCTACACATCCGG-1,0.19579712969904467,13.180036,gene_signature,1.0,pass
10X_P7_15_TGCCCTATCGTGGTCG-1,0.15459340356074938,15.995758,gene_signature,1.0,pass
10X_P7_15_TGCGCAGAGCGTGAAC-1,0.08715487243307349,20.457912,gene_signature,1.0,pass
10X_P7_15_TGCGCAGGTTAGATGA-1,0.08936096022901689,14.224063,gene_signature,1.0,pass
10X_P7_15_TGCGGGTTCAGATAAG-1,0.6371384569372612,11.101055,gene_signature,1.0,pass
10X_P7_15_TGCTGCTAGCAGCGTA-1,0.5208000740179424,11.159028,gene_signature,1.0,pass
10X_P7_15_TGCTGCTAGGGCATGT-1,0.19012194742513439,16.474834,gene_signature,1.0,pass
10X_P7_15_TGGCCAGTCGCACTCT-1,0.12696355623644112,13.5184765,gene_signature,1.0,pass
10X_P7_15_TGGCCAGTCTGCCAGG-1,0.5948893614685903,13.114878,gene_signature,1.0,pass
10X_P7_15_TGGCTGGCAGGACCCT-1,0.6493737448370565,13.481466,gene_signature,1.0,pass
10X_P7_15_TGGCTGGTCCAAACTG-1,0.22841782039441175,11.670805,gene_signature,1.0,pass
10X_P7_15_TGGGAAGAGTGCCAGA-1,0.29096532154555643,12.707483,gene_signature,1.0,pass
10X_P7_15_TGGGCGTAGCCGTCGT-1,0.17222418089632133,18.076654,gene_signature,1.0,pass
10X_P7_15_TGGTTAGCATGAACCT-1,0.28969972668154276,16.87824,gene_signature,1.0,pass
10X_P7_15_TGGTTAGGTTGTCGCG-1,0.4499681278457328,11.384036,gene_signature,1.0,pass
10X_P7_15_TGGTTCCAGGCCCGTT-1,0.03079689443358726,14.948024,gene_signature,1.0,pass
10X_P7_15_TGGTTCCTCCGCGGTA-1,0.4188864592115135,10.948003,gene_signature,1.0,pass
10X_P7_15_TGGTTCCTCCTTAATC-1,0.1568445013309211,17.660088,gene_signature,1.0,pass
10X_P7_15_TGGTTCCTCGTCGTTC-1,0.6393621931748943,14.593892,gene_signature,1.0,pass
10X_P7_15_TGTATTCAGCCCTAAT-1,0.2919734613432245,12.313503,gene_signature,1.0,pass
10X_P7_15_TGTATTCAGGCTACGA-1,0.1649205645206323,18.602892,gene_signature,1.0,pass
10X_P7_15_TGTATTCCAAAGCGGT-1,0.0548604196173069,14.475882,gene_signature,1.0,pass
10X_P7_15_TGTATTCCAAGCCGTC-1,0.5705033726993132,14.969317,gene_signature,1.0,pass
10X_P7_15_TGTATTCTCGCCTGTT-1,0.2527261772434994,14.456787,gene_signature,1.0,pass
10X_P7_15_TGTGGTAGTTACCGAT-1,0.3878779268951774,11.714012,gene_signature,1.0,pass
10X_P7_15_TGTGGTATCGTCCGTT-1,0.1882708344386551,9.724674,gene_signature,1.0,pass
10X_P7_15_TGTGTTTGTCAGAATA-1,0.5556254907289462,13.123621,gene_signature,1.0,pass
10X_P7_15_TGTGTTTTCGCAAACT-1,0.8433994445932413,7.337823,gene_signature,1.0,pass
10X_P7_15_TGTTCCGAGATGCCTT-1,0.1399925136348099,20.5127,gene_signature,1.0,pass
10X_P7_15_TGTTCCGGTCTAGCGC-1,0.13811982683979482,9.024359,gene_signature,1.0,pass
10X_P7_15_TGTTCCGTCACGATGT-1,0.1384087579374317,13.228496,gene_signature,1.0,pass
10X_P7_15_TTAGTTCAGGGTTCCC-1,0.05749296865789966,19.764439,gene_signature,1.0,pass
10X_P7_15_TTATGCTAGTCAAGGC-1,0.10455507698242336,11.368902,gene_signature,1.0,pass
10X_P7_15_TTATGCTGTACCAGTT-1,0.4614721097448385,15.834949,gene_signature,1.0,pass
10X_P7_15_TTATGCTGTCACCCAG-1,0.5767425601899797,12.510984,gene_signature,1.0,pass
10X_P7_15_TTCCCAGAGTGGGTTG-1,0.11949817731091232,13.2321825,gene_signature,1.0,pass
10X_P7_15_TTCCCAGTCAAAGTAG-1,0.5025811537212613,11.17799,gene_signature,1.0,pass
10X_P7_15_TTCCCAGTCTCTGAGA-1,0.2851350142831602,10.99883,gene_signature,1.0,pass
10X_P7_15_TTCGAAGAGGGCTCTC-1,0.20888923172847948,12.998991,gene_signature,1.0,pass
10X_P7_15_TTCGAAGCAAACGCGA-1,0.4438436186255076,15.879164,gene_signature,1.0,pass
10X_P7_15_TTCGAAGCAATTGCTG-1,0.589881532425025,9.568072,gene_signature,1.0,pass
10X_P7_15_TTCGAAGGTACGCACC-1,0.13144234294776902,10.500891,gene_signature,1.0,pass
10X_P7_15_TTCGAAGTCAACACAC-1,0.0950535775019907,17.675632,gene_signature,1.0,pass
10X_P7_15_TTCGGTCAGAATGTTG-1,0.4831572916241925,15.774096,gene_signature,1.0,pass
10X_P7_15_TTCTACACAGCTGCTG-1,0.2922499955039247,9.747275,gene_signature,1.0,pass
10X_P7_15_TTCTACACAGGGATTG-1,0.3883227783761898,16.884327,gene_signature,1.0,pass
10X_P7_15_TTCTACAGTTCACGGC-1,0.5012014484356155,13.431215,gene_signature,1.0,pass
10X_P7_15_TTCTCAACAGACGCAA-1,0.2555919112894202,16.403933,gene_signature,1.0,pass
10X_P7_15_TTCTCAAGTAGCACGA-1,0.1990230311188303,11.828367,gene_signature,1.0,pass
10X_P7_15_TTCTCCTCAGTAAGCG-1,0.0523103171573847,16.586147,gene_signature,1.0,pass
10X_P7_15_TTCTCCTGTGCCTTGG-1,0.03489977813521108,20.49575,gene_signature,1.0,pass
10X_P7_15_TTCTTAGCAATACGCT-1,0.08365489511442158,18.150162,gene_signature,1.0,pass
10X_P7_15_TTGACTTGTCCGAACC-1,0.1283085875981866,12.4986515,gene_signature,1.0,pass
10X_P7_15_TTGACTTGTTCGTGAT-1,0.6620188433028517,14.140627,gene_signature,1.0,pass
10X_P7_15_TTGACTTTCGGCCGAT-1,0.4417353067469841,8.637106,gene_signature,1.0,pass
10X_P7_15_TTGCCGTAGCTGATAA-1,0.49132314198392607,11.193523,gene_signature,1.0,pass
10X_P7_15_TTGCCGTCAACTGCTA-1,0.632440119406153,11.41276,gene_signature,1.0,pass
10X_P7_15_TTGCGTCAGGGTCGAT-1,0.3220667268087108,9.839756,gene_signature,1.0,pass
10X_P7_15_TTGCGTCCAAGCGATG-1,0.36339968876057477,8.312845,gene_signature,1.0,pass
10X_P7_15_TTGCGTCCACGACTCG-1,0.4857006685655906,12.607915,gene_signature,1.0,pass
10X_P7_15_TTGCGTCGTCCGAGTC-1,0.277317223783791,16.425598,gene_signature,1.0,pass
10X_P7_15_TTGGCAAGTCTGATCA-1,0.032234747556988366,17.78381,gene_signature,1.0,pass
10X_P7_15_TTGGCAAGTGTGGCTC-1,0.039130855802810706,19.699078,gene_signature,1.0,pass
10X_P7_15_TTGTAGGCAATGGACG-1,0.39174767816910194,13.875778,gene_signature,1.0,pass
10X_P7_15_TTGTAGGTCCTGTACC-1,0.3492074491776808,15.985608,gene_signature,1.0,pass
10X_P7_15_TTTACTGCATAACCTG-1,0.35162205088949744,7.566587,gene_signature,1.0,pass
10X_P7_15_TTTACTGGTGGCTCCA-1,0.14705072864441315,12.469891,gene_signature,1.0,pass
10X_P7_15_TTTACTGTCAAGGCTT-1,0.1256705629024985,12.771463,gene_signature,1.0,pass
10X_P7_15_TTTATGCAGGTAGCCA-1,0.07887880847591391,12.8743105,gene_signature,1.0,pass
10X_P7_15_TTTATGCCACACGCTG-1,0.14752242613677252,18.264906,gene_signature,1.0,pass
10X_P7_15_TTTATGCGTGGCCCTA-1,0.205009963894204,19.487728,gene_signature,1.0,pass
10X_P7_15_TTTCCTCTCAGAGACG-1,0.09938881263278,17.49175,gene_signature,1.0,pass
10X_P7_15_TTTGCGCAGTCGCCGT-1,0.22135167383617943,13.033223,gene_signature,1.0,pass
10X_P7_15_TTTGGTTAGATGTGGC-1,0.506003515586608,11.113021,gene_signature,1.0,pass
10X_P7_15_TTTGTCAAGAAGGTTT-1,0.17588158193230513,11.703666,gene_signature,1.0,pass
10X_P7_15_TTTGTCAGTAAGGGCT-1,0.6479670075899463,18.667473,gene_signature,1.0,pass
10X_P7_15_TTTGTCAGTCTCCACT-1,0.39301013029875814,10.032756,gene_signature,1.0,pass
