"gene","18-F-50","18-F-51","18-M-52","18-M-53","21-F-54","21-F-55","24-M-58","24-M-59","24-M-60","24-M-61","3-F-56","3-F-57"
"Sox17",29,7,78,69,74,90,57,54,36,67,34,63
"Mrpl15",28,28,280,208,124,158,141,170,103,82,119,126
"Lypla1",58,50,196,208,160,185,159,184,105,97,169,165
"Tcea1",126,77,498,416,525,566,488,506,307,250,397,443
"Rgs20",3,3,16,16,2,12,8,5,6,4,6,10
"Atp6v1h",52,38,224,152,185,217,186,211,89,83,113,135
"Rb1cc1",58,50,163,104,220,214,163,249,124,137,171,198
"Pcmtd1",65,49,159,173,258,289,255,288,161,156,259,224
"Rrs1",146,121,721,307,462,585,435,445,294,214,330,284
"Adhfe1",3,2,7,8,8,22,22,21,20,10,12,14
"2610203C22Rik",1,0,3,12,8,6,14,3,8,7,8,4
"Mybl1",2,0,2,2,3,6,3,4,2,5,2,0
"Vcpip1",19,12,50,37,55,66,53,61,35,24,41,35
"Sgk3",6,4,25,26,31,34,27,35,19,15,22,23
"Snhg6",109,63,847,555,440,484,338,452,239,211,356,381
"Cops5",46,33,304,232,203,248,202,206,102,101,190,216
"Cspp1",15,7,22,21,49,65,39,58,29,22,42,35
"Arfgef1",43,29,125,103,108,129,116,121,65,62,84,105
"Prex2",20,14,104,55,89,120,86,87,70,41,72,94
"Sulf1",113,109,460,388,400,379,289,375,185,185,423,394
"Ncoa2",22,12,52,64,63,63,58,73,58,43,52,76
"Tram1",287,232,1262,1178,901,956,863,891,453,406,883,800
"Lactb2",5,3,31,36,28,49,33,44,25,14,28,19
"Gm5523",1,1,6,1,9,13,7,11,3,2,14,8
"Eya1",1,1,4,4,2,2,2,2,9,4,7,9
"Msc",8,5,81,143,31,26,57,41,30,20,25,28
"Terf1",20,13,67,65,61,102,90,89,43,48,57,46
"Gm106",16,16,35,42,55,34,37,50,18,31,49,31
"Rpl7",2006,1567,21019,16768,12932,14319,9723,12230,7753,6652,9704,9747
"Rdh10",57,36,658,298,326,349,230,251,163,157,118,129
"Stau2",6,13,15,15,30,23,21,28,14,19,19,26
"Ube2w",101,66,298,263,230,271,251,315,148,146,243,236
"Tceb1",323,210,1463,1096,1358,1664,1259,1362,871,643,1073,1006
"Tmem70",47,34,163,155,148,179,164,201,103,90,133,144
"Ly96",30,25,139,118,104,119,109,103,52,49,89,76
"Jph1",2,5,10,4,8,10,19,16,7,6,10,9
"Pi15",39,24,51,46,87,83,67,62,27,29,68,75
"Crispld1",64,74,155,146,218,182,150,173,74,109,259,291
"Mcm3",6,5,32,33,22,18,22,24,16,9,7,18
"Paqr8",3,5,13,14,10,11,13,18,16,4,12,10
"Efhc1",1,1,18,24,21,25,20,22,6,5,18,20
"Tram2",2,0,14,9,2,6,4,7,5,3,9,8
"Tmem14a",29,27,93,76,91,89,71,64,55,30,89,82
"Gsta3",6,2,112,58,16,32,110,66,55,30,11,14
"Kcnq5",0,2,1,1,7,6,1,3,0,0,3,2
"Ogfrl1",45,21,239,188,94,134,160,164,97,83,82,113
"Smap1",118,74,430,343,411,409,345,428,176,180,389,421
"1110058L19Rik",33,16,137,155,111,129,119,129,62,45,110,122
"Fam135a",11,12,49,44,42,30,41,45,25,29,25,31
"Lmbrd1",107,75,398,335,385,452,431,508,214,221,322,282
"Phf3",33,26,94,101,156,182,136,146,76,68,116,120
"Ptp4a1",162,136,634,385,435,507,394,464,261,259,423,292
"Prim2",10,6,34,40,26,37,28,33,16,15,23,26
"Rab23",37,33,146,164,165,163,158,185,102,83,131,124
"Bag2",8,11,52,52,45,60,57,58,30,31,31,41
"Zfp451",14,7,41,32,44,44,38,44,27,22,43,44
"Bend6",7,9,29,20,22,30,23,33,16,12,18,18
"Dst",170,89,452,364,457,457,299,410,237,233,359,353
"Ccdc115",32,11,139,109,102,121,62,83,53,46,67,93
"Imp4",27,22,194,117,114,95,95,118,66,58,71,73
"Ptpn18",1,1,18,20,14,14,9,18,20,14,10,14
"Arhgef4",0,3,7,0,0,2,1,2,4,1,2,5
"Fam168b",55,61,299,255,209,216,139,199,121,121,162,161
"Plekhb2",22,19,47,55,83,83,61,96,57,40,52,44
"Hs6st1",13,17,101,71,67,82,41,74,21,42,43,65
"Uggt1",34,17,205,169,105,114,68,126,67,37,101,107
"Neurl3",3,8,8,6,29,40,17,28,17,19,27,13
"Arid5a",287,184,925,664,674,1012,866,1041,580,521,736,651
"4632411B12Rik",27,25,131,101,108,129,79,93,73,71,101,73
"Lman2l",15,15,60,51,33,30,28,51,23,21,36,37
"Cnnm4",45,20,79,57,105,127,111,97,88,66,76,86
"Cnnm3",9,10,37,50,20,34,26,33,26,19,28,20
"Ankrd23",3,2,0,0,5,8,2,2,3,4,4,2
"Ankrd39",14,9,55,50,47,36,44,43,34,24,33,35
"Sema4c",73,46,202,167,258,294,384,426,234,230,180,212
"Fam178b",9,5,11,13,16,16,14,15,4,7,9,12
"Cox5b",486,304,2554,2050,1795,1970,1575,1810,1065,857,1344,1429
"Actr1b",43,26,242,206,150,166,125,135,94,97,131,163
"Tmem131",32,24,143,127,145,116,85,122,73,48,101,112
"Inpp4a",29,39,80,60,74,103,55,76,44,50,89,65
"6330578E17Rik",27,21,153,125,89,114,58,97,39,49,83,106
"Unc50",71,43,347,297,197,236,235,223,128,112,195,226
"Mgat4a",8,5,35,29,27,32,15,26,22,14,17,27
"Tsga10",3,1,2,3,17,11,9,14,10,5,9,9
"Mitd1",41,29,145,102,135,168,150,165,93,73,124,92
"Mrpl30",206,130,1101,930,680,732,596,707,412,355,598,588
"Txndc9",80,53,316,313,316,370,344,348,180,157,285,257
"Eif5b",153,108,448,358,636,780,584,648,400,309,466,547
"Rev1",25,18,65,47,82,78,77,98,45,53,65,73
"Aff3",81,55,81,109,228,195,83,124,54,53,169,150
"Chst10",5,2,8,13,7,12,11,14,14,11,12,19
"Pdcl3",90,91,346,342,427,480,430,475,214,217,313,341
"Npas2",37,23,117,99,98,79,52,78,39,41,91,89
"Rpl31",1937,1491,24534,19396,12841,13790,8657,10732,7629,6577,9933,9887
"Tbc1d8",6,5,20,29,18,32,26,19,14,13,23,16
"D1Bwg0212e",10,10,83,67,59,61,49,68,29,31,49,46
"Rnf149",61,36,406,225,147,179,145,224,93,108,156,180
"Creg2",2,0,5,6,9,7,4,4,1,9,8,10
"Map4k4",122,72,485,306,361,388,312,401,260,186,309,282
"Il1r2",18,21,251,123,42,78,158,353,87,51,80,74
"Il1r1",112,73,807,374,315,426,495,578,373,340,309,270
"Il1rl2",3,1,5,3,2,1,7,4,1,0,2,3
"Il1rl1",5,7,270,32,17,17,9,7,0,6,10,1
"Mfsd9",2,0,1,8,5,2,2,5,0,1,2,4
"Mrps9",32,24,121,123,115,137,120,122,72,58,90,99
"Tgfbrap1",9,8,49,47,28,37,18,23,12,15,34,35
"AI597479",5,5,20,14,15,19,14,21,6,10,12,18
"Fhl2",26,16,127,144,87,80,95,134,55,52,56,67
"Nck2",4,4,21,14,12,20,14,11,7,9,12,9
"1500015O10Rik",828,500,621,1073,1328,1002,451,745,216,400,1808,2021
"Uxs1",2,2,6,7,7,6,4,11,7,11,12,9
"Tpp2",30,23,148,75,119,120,110,122,68,46,105,110
"1700029F09Rik",57,34,162,127,132,178,170,184,85,69,86,121
"Kdelc1",27,21,84,73,68,69,58,66,37,32,85,72
"Bivm",5,3,7,23,16,20,5,14,8,5,9,11
"Ercc5",12,16,48,58,62,79,73,98,40,26,49,51
"Gulp1",65,48,220,159,248,251,221,255,178,131,222,187
"Col3a1",3775,2672,17367,28087,7744,6262,6161,7402,1856,3294,18124,17868
"Col5a2",537,382,2771,3006,1449,1192,998,1222,498,590,2286,1982
"Wdr75",14,14,106,66,77,97,64,105,53,38,55,51
"Slc40a1",4,6,22,15,17,21,12,13,13,5,15,15
"Dnahc7b",5,0,5,5,3,7,8,7,1,3,7,8
"Slc39a10",19,12,106,74,57,56,68,48,29,28,56,61
"Tmeff2",150,112,343,347,458,530,360,521,279,257,420,404
"Sdpr",81,53,82,119,145,186,222,249,134,126,90,138
"Obfc2a",15,13,93,58,82,124,96,91,88,62,58,42
"Myo1b",11,9,51,45,49,29,41,47,35,28,32,48
"Stat1",24,12,67,60,66,54,66,67,33,59,68,54
"Gls",192,148,742,578,617,732,437,552,341,320,447,436
"Nab1",107,71,260,196,249,272,221,254,163,143,199,230
"Tmem194b",2,3,7,9,5,7,8,2,2,1,2,1
"Mfsd6",13,4,30,24,39,48,31,38,38,12,46,34
"Inpp1",9,4,38,46,38,48,29,48,28,24,49,34
"Hibch",16,9,65,53,65,62,40,53,25,24,50,52
"1700019D03Rik",30,22,51,39,122,126,100,141,53,81,89,94
"Mstn",3,1,83,76,9,21,6,24,16,5,11,8
"Pms1",2,4,7,8,6,6,3,4,6,6,6,5
"Ormdl1",14,9,31,36,34,57,32,42,13,15,21,29
"Osgepl1",8,8,38,28,36,44,41,43,16,17,18,23
"Asnsd1",32,18,176,134,108,115,105,109,62,65,64,85
"Stk17b",21,16,92,104,88,94,86,96,72,46,73,67
"Hecw2",10,8,41,37,63,55,42,53,36,27,37,38
"Gtf3c3",2,2,13,13,14,11,12,12,4,4,11,11
"Pgap1",4,5,21,14,12,11,5,10,9,7,11,21
"Ankrd44",11,11,51,34,31,43,38,48,24,20,37,28
"Sf3b1",361,236,839,692,1545,1867,2118,2190,1017,911,1029,1139
"Coq10b",358,216,1267,1004,1295,1678,1506,1553,1006,857,1095,1092
"Hspd1",361,324,1531,1305,1125,1862,1701,2198,801,638,884,957
"Hspe1",872,684,5778,4566,2589,3431,3134,4180,1972,1648,2343,2475
"Mob4",99,64,369,289,337,419,336,401,230,199,226,298
"Rftn2",36,24,108,123,114,105,110,107,61,48,106,111
"Mars2",4,5,39,11,14,31,23,32,13,15,20,15
"Plcl1",9,8,43,29,28,24,32,31,18,17,36,27
"Satb2",1,1,5,1,8,7,5,4,4,1,3,3
"1700066M21Rik",2,3,14,12,3,8,8,8,3,3,7,9
"1110034B05Rik",20,8,41,61,34,42,41,49,25,26,32,29
"9430016H08Rik",13,19,98,71,69,69,72,61,33,25,56,56
"Spats2l",56,34,63,112,149,173,119,132,52,70,175,192
"Kctd18",7,10,50,28,23,42,38,24,17,13,36,30
"Aox1",5,6,57,58,54,50,41,52,28,31,44,36
"Aox3",2,1,38,15,34,34,50,55,41,20,8,8
"Bzw1",221,148,766,557,865,1105,847,967,454,409,659,708
"Clk1",194,133,624,554,699,849,820,769,446,392,652,584
"Ppil3",35,19,127,130,95,85,80,108,54,55,83,80
"Nif3l1",8,6,33,38,28,35,23,36,5,19,21,33
"Orc2",12,13,73,62,61,68,55,51,43,18,41,55
"Fam126b",8,7,17,21,38,36,23,50,22,24,21,23
"Ndufb3",121,109,725,673,497,627,478,588,315,263,426,493
"Gm20257",9,4,29,30,25,22,21,16,14,10,18,15
"Cflar",87,80,303,241,314,333,259,319,179,187,279,244
"Casp8",28,24,129,101,99,86,80,112,62,47,75,83
"Trak2",38,36,188,135,135,135,90,114,68,67,125,103
"Stradb",4,1,10,23,12,17,9,15,7,8,7,6
"Als2cr4",64,41,160,159,151,203,167,193,84,89,137,135
"Als2",8,3,13,11,11,16,17,13,8,12,11,6
"Fzd7",26,21,77,62,57,64,53,70,71,55,62,58
"Sumo1",377,318,1520,1222,1267,1578,1280,1436,729,691,1129,1147
"Nop58",552,328,1332,825,2416,3278,2752,2463,1440,1091,1470,1396
"Bmpr2",16,13,37,24,48,58,55,56,30,27,43,43
"Fam117b",5,6,76,51,38,44,37,54,33,20,31,35
"Wdr12",20,9,97,57,69,57,56,56,34,37,38,59
"Carf",2,0,1,7,0,2,2,1,1,1,0,1
"Nbeal1",46,47,102,71,245,230,217,251,168,123,184,187
"Cyp20a1",1,3,1,2,7,12,13,13,10,10,9,11
"Abi2",24,16,67,62,78,109,71,115,63,47,77,89
"Raph1",72,59,224,158,301,355,215,242,159,135,275,224
"Icos",0,1,1,0,2,2,7,12,11,2,3,2
"Pard3b",56,50,99,79,175,193,182,240,104,125,130,121
"Nrp2",35,28,171,108,113,131,88,140,93,86,94,85
"4930487H11Rik",2,1,9,12,11,11,7,14,13,11,5,11
"Ino80d",45,44,137,141,228,211,118,164,87,91,138,136
"Gm11602",2,0,1,1,5,6,3,4,4,1,2,1
"Ndufs1",24,30,138,111,142,183,154,199,65,82,108,100
"Eef1b2",593,400,6625,5366,3418,3876,2391,3206,1999,1728,2711,2659
"Gpr1",8,4,45,39,29,86,55,84,44,45,18,11
"Zdbf2",1,3,7,4,17,17,14,13,6,5,7,7
"Adam23",27,15,229,166,78,78,83,94,43,55,75,93
"Fastkd2",10,5,30,38,18,35,33,23,16,12,18,13
"Klf7",81,55,195,156,222,298,302,333,215,172,193,212
"Creb1",56,41,203,145,195,207,169,171,123,102,158,151
"Mettl21a",13,7,48,64,40,57,43,55,25,26,49,47
"Ccnyl1",20,21,115,63,59,107,49,75,40,35,59,63
"Fzd5",16,13,88,47,43,59,57,43,26,39,35,51
"Plekhm3",14,1,66,53,27,44,45,37,24,31,35,39
"Idh1",57,51,319,351,250,273,241,277,113,113,238,220
"Pikfyve",19,10,76,43,48,62,37,45,22,27,52,41
"Mtap2",13,5,40,24,31,33,9,19,13,19,29,29
"Rpe",24,18,96,111,70,76,53,82,43,44,88,82
"1110028C15Rik",23,17,48,35,96,118,80,83,57,57,76,84
"Acadl",68,61,307,251,274,328,296,305,152,128,266,207
"Myl1",25,32,17,54,56,97,70,56,24,23,31,28
"Lancl1",28,22,153,141,134,129,122,124,69,67,106,76
"Ikzf2",4,2,14,9,14,18,12,16,14,7,17,16
"Atic",34,25,179,182,142,152,119,132,77,53,111,89
"Fn1",1339,1120,7105,6754,5361,4572,3454,4842,1691,1786,4994,4973
"Mreg",0,2,5,2,6,3,7,4,3,3,2,1
"Pecr",10,4,88,61,43,68,70,73,37,22,37,35
"Tmem169",1,2,1,5,1,3,3,0,1,1,3,9
"Xrcc5",15,11,52,43,47,85,67,63,38,25,49,43
"Smarcal1",11,7,25,26,23,29,19,25,15,13,25,22
"Rpl37a",5454,3857,36806,28622,24383,26854,18147,21614,14310,12026,18821,18471
"Igfbp2",8,3,8,4,4,11,6,1,4,5,27,8
"Igfbp5",1632,1391,2417,3716,4946,5826,3573,4888,1774,2513,3337,4431
"Tns1",142,112,439,427,458,478,316,453,262,231,365,418
"Arpc2",601,451,2516,2022,2016,2119,1598,1973,999,945,1461,1572
"Aamp",190,137,683,618,585,727,582,729,326,344,530,547
"Pnkd",120,78,394,375,265,352,236,289,162,137,297,324
"Tmbim1",183,146,871,639,594,717,478,504,377,316,518,499
"Slc11a1",3,0,13,6,4,8,7,9,4,2,10,6
"Ctdsp1",131,111,564,475,366,403,282,373,271,224,344,419
"Usp37",54,20,162,109,146,190,218,190,143,112,107,119
"Rqcd1",17,4,58,58,34,41,33,34,21,24,25,34
"Zfp142",7,12,38,31,26,30,17,24,11,17,21,18
"Bcs1l",7,5,30,35,23,33,35,26,12,11,26,29
"Rnf25",14,13,65,55,52,48,42,55,27,30,39,46
"Ttll4",1,1,14,12,12,3,3,6,4,2,7,7
"Cyp27a1",48,27,175,165,156,214,261,275,163,101,121,127
"Wnt6",34,11,34,38,28,42,22,34,11,24,29,42
"Wnt10a",9,4,8,14,15,10,9,4,7,2,4,6
"Nhej1",7,4,20,24,11,19,16,20,12,10,15,14
"Slc23a3",2,1,3,4,0,1,2,0,4,1,6,2
"1810031K17Rik",39,21,156,174,122,142,71,121,96,84,106,85
"Fam134a",70,49,371,329,192,257,157,207,131,113,187,217
"Zfand2b",28,22,100,125,105,116,127,104,77,68,96,95
"Abcb6",7,7,43,50,28,33,21,35,18,21,21,22
"Atg9a",22,18,100,88,65,72,48,68,53,36,70,65
"Ankzf1",6,3,22,21,9,14,12,19,5,9,14,11
"Glb1l",13,4,43,34,26,31,39,28,17,11,24,24
"Stk16",66,38,322,264,210,182,143,176,113,104,177,230
"Tuba4a",87,54,435,244,395,685,740,683,473,317,138,116
"Dnajb2",63,35,236,223,223,328,187,228,174,150,204,187
"Dnpep",80,60,295,333,287,405,322,386,195,148,263,266
"Des",42,25,238,180,164,152,297,374,229,197,98,78
"Speg",2,2,9,12,7,8,10,11,6,5,9,8
"Gmppa",57,37,242,272,167,196,158,206,102,78,176,197
"Chpf",129,105,392,454,363,373,249,321,158,185,429,461
"Tmem198",1,5,19,6,8,15,5,13,9,8,9,9
"Obsl1",9,4,27,21,18,26,10,20,10,8,27,27
"Inha",0,3,10,5,4,3,8,6,1,1,3,3
"Stk11ip",4,2,23,17,21,11,9,11,9,9,13,21
"Slc4a3",16,11,47,71,49,59,52,77,36,27,59,44
"Epha4",20,11,40,29,44,56,49,90,32,53,76,86
"Farsb",40,30,168,148,121,149,126,129,81,72,99,104
"Acsl3",38,29,170,107,122,149,174,165,93,89,100,105
"Utp14b",3,5,17,15,32,43,38,29,21,28,27,27
"Kcne4",36,28,158,90,100,137,212,211,135,83,49,70
"Wdfy1",28,18,127,77,83,83,87,127,53,50,73,71
"Mrpl44",7,3,24,35,24,21,16,17,11,8,18,22
"Serpine2",403,218,4854,3444,1608,1993,4199,4826,2220,1602,866,896
"Cul3",58,51,274,170,187,201,181,185,106,86,164,151
"Dock10",7,12,69,45,41,32,28,30,30,17,39,30
"Irs1",13,10,64,70,45,63,44,57,36,28,60,46
"Rhbdd1",13,11,44,44,34,39,27,45,35,12,45,25
"Col4a4",7,5,44,22,21,21,60,53,33,21,30,27
"Col4a3",11,4,34,39,21,21,64,44,18,32,32,27
"Mff",102,69,526,482,377,441,330,390,228,217,384,343
"Agfg1",67,48,233,147,225,232,150,215,109,109,151,166
"Pid1",69,62,215,180,200,220,205,241,128,110,202,195
"Trip12",71,48,269,215,258,241,189,237,101,129,187,163
"Fbxo36",8,6,48,42,34,33,39,37,15,7,17,39
"A530032D15Rik",3,0,5,5,13,19,7,5,5,7,6,8
"Gm7609",5,2,1,4,6,9,2,9,1,3,4,2
"C130026I21Rik",4,6,2,2,15,42,10,10,3,4,2,0
"Sp110",30,18,88,54,134,161,126,152,59,57,99,87
"Sp140",24,13,91,74,77,136,94,144,68,60,79,64
"Sp100",28,15,49,36,61,106,58,91,43,38,56,47
"Cab39",58,50,277,217,238,197,203,263,137,126,167,199
"Itm2c",436,304,2233,2168,1429,1507,1552,1845,811,761,1509,1622
"Psmd1",77,66,414,357,402,449,372,408,213,185,285,326
"Htr2b",5,0,3,0,0,1,6,1,1,2,11,3
"Armc9",6,4,16,12,17,14,5,12,5,6,16,20
"Ncl",463,371,1851,1086,2023,2427,2156,2123,1063,929,1327,1267
"C130036L24Rik",2,0,14,16,10,4,5,7,5,4,6,6
"Ptma",3381,2393,14571,11391,12122,14451,10070,11704,8021,7070,10007,9936
"Pde6d",76,47,279,301,238,226,180,266,128,145,218,232
"Cops7b",8,3,25,25,16,16,8,15,11,8,18,8
"Nppc",46,90,69,37,54,224,165,222,81,111,226,167
"Dis3l2",8,3,25,22,22,22,30,21,12,10,12,14
"Eif4e2",111,85,632,489,393,375,324,402,189,195,423,345
"Efhd1",170,151,336,524,788,917,854,1181,321,353,501,548
"Gigyf2",10,13,54,45,56,52,50,55,29,30,51,44
"Kcnj13",8,3,6,6,6,7,2,6,1,1,5,8
"Ngef",4,5,38,45,32,26,9,19,7,8,20,21
"Neu2",0,0,1,0,2,2,1,10,4,0,4,4
"Inpp5d",1,2,5,1,2,4,6,4,6,6,4,0
"Atg16l1",10,7,63,38,32,28,36,46,31,23,32,37
"Dgkd",16,9,69,56,46,42,31,51,24,39,48,21
"Usp40",8,8,9,23,33,28,29,35,13,10,30,25
"Dnajb3",2,0,11,8,2,3,8,4,3,3,4,3
"Hjurp",7,12,36,29,40,36,22,34,28,28,26,34
"Arl4c",7,7,14,22,33,24,19,17,8,16,23,25
"Sh3bp4",21,10,47,39,80,77,43,58,37,34,53,61
"Agap1",102,54,356,360,277,294,230,319,158,137,285,239
"Cxcr7",779,437,2464,2559,3102,3017,3394,3911,1646,1389,1961,1990
"Cops8",120,75,600,445,377,546,390,415,288,227,346,374
"Col6a3",526,364,4720,4874,1910,1630,1093,1561,651,776,2379,2406
"Lrrfip1",55,31,144,153,194,200,120,164,79,82,167,189
"Ramp1",87,54,672,684,216,409,630,657,445,298,201,161
"Ube2f",147,96,637,383,401,444,334,422,233,225,349,328
"Scly",13,13,81,52,40,43,41,60,34,31,36,47
"Fam132b",4,1,32,24,21,20,20,28,19,7,25,11
"Ilkap",99,65,464,394,312,375,271,343,205,159,275,241
"Hes6",14,11,40,64,39,44,32,39,20,15,31,31
"Per2",10,9,26,18,25,28,22,28,24,10,15,22
"Traf3ip1",6,5,15,17,11,16,12,15,10,12,11,18
"Asb1",8,5,24,39,35,23,20,28,16,10,17,28
"Twist2",50,37,260,239,190,197,183,172,103,71,127,150
"Hdac4",28,17,78,69,91,85,79,110,59,54,63,91
"Ndufa10",99,64,237,241,328,341,258,340,192,149,272,298
"Myeov2",298,208,1517,1433,997,1130,771,942,531,490,1014,1013
"Gpc1",40,17,132,164,67,58,58,75,37,46,77,87
"Dusp28",11,2,36,49,29,34,28,37,25,22,37,38
"Rnpepl1",31,23,137,153,104,111,63,112,56,63,100,118
"9430060I03Rik",2,0,5,2,5,3,3,5,3,4,2,1
"Capn10",1,3,11,17,11,9,14,14,10,12,17,17
"Kif1a",3,3,4,3,11,5,2,8,5,4,10,12
"Sned1",1,1,7,4,7,14,3,9,2,2,6,7
"Mterfd2",8,4,28,23,22,22,21,36,7,10,22,25
"Ppp1r7",13,13,102,94,90,94,78,94,53,43,71,76
"Hdlbp",243,170,1218,990,828,932,660,815,430,408,809,768
"Sept2",297,253,994,976,815,866,675,725,396,400,820,799
"Farp2",6,3,19,19,15,15,9,21,19,13,14,13
"Stk25",103,63,470,406,301,326,284,299,201,160,271,302
"Bok",39,22,95,116,104,93,75,88,50,46,66,59
"Thap4",16,17,74,76,69,79,71,93,56,39,61,66
"Atg4b",34,29,121,99,91,109,97,110,65,66,92,85
"Dtymk",57,25,337,294,232,291,189,244,107,105,202,231
"Ing5",19,25,73,53,84,96,94,103,59,51,70,62
"D2hgdh",11,4,13,19,12,17,11,17,12,5,17,19
"Fam174a",103,60,375,346,281,305,253,308,154,158,235,287
"St8sia4",0,0,3,3,5,2,6,3,4,2,8,5
"D1Ertd622e",18,13,77,69,64,77,64,94,41,37,49,57
"Ppip5k2",7,4,17,15,16,12,18,16,6,5,19,21
"Gin1",6,2,13,9,14,20,21,18,9,10,11,11
"Pam",904,602,1286,1123,1588,1552,975,1161,522,483,1221,1234
"B230216N24Rik",9,7,6,12,21,17,19,21,19,12,17,6
"Rnf152",2,1,2,4,7,5,3,7,1,1,6,7
"Pign",12,8,65,42,42,37,26,46,20,23,40,25
"2310035C23Rik",13,6,52,36,55,32,35,41,27,17,38,34
"Zcchc2",6,7,47,31,33,36,16,19,16,13,21,23
"Phlpp1",12,15,58,52,53,70,45,60,30,33,33,56
"Bcl2",34,35,231,113,102,128,103,175,99,93,94,90
"Kdsr",45,36,262,200,175,165,155,164,116,93,116,117
"Vps4b",64,38,224,175,166,192,163,159,109,77,162,144
"Serpinb5",9,5,1,0,0,0,2,0,0,0,13,0
"Serpinb2",0,3,29,1,24,2,0,0,3,0,0,13
"Serpinb8",2,1,10,10,11,21,8,7,5,2,14,4
"Dsel",40,19,135,123,126,112,99,107,57,67,123,111
"Tsn",115,66,460,377,416,528,466,539,267,220,378,378
"Mki67ip",77,54,359,189,221,242,171,172,118,90,121,123
"Clasp1",31,27,61,65,70,85,69,69,39,43,68,70
"2900060B14Rik",8,9,39,47,40,47,42,41,44,35,29,34
"Gli2",11,9,44,54,41,54,24,36,25,14,56,53
"Inhbb",21,11,118,101,63,85,48,49,71,32,52,47
"Ralb",71,49,231,239,193,223,210,277,150,161,201,167
"Tmem185b",24,24,141,85,83,83,85,103,63,62,77,61
"Epb4.1l5",6,5,2,4,10,27,23,21,11,9,4,12
"Ptpn4",1,0,7,11,1,7,5,9,1,1,1,4
"Tmem177",1,1,9,12,5,7,7,9,4,2,7,4
"Tmem37",2,2,17,16,3,7,5,19,3,4,8,6
"Dbi",521,355,2770,2125,1972,2438,2098,2357,1191,940,1315,1487
"3110009E18Rik",11,10,51,48,43,42,35,38,34,28,32,39
"Steap3",170,105,634,516,493,581,429,654,278,321,483,538
"En1",38,36,126,75,114,112,72,97,47,36,76,84
"Insig2",94,63,337,342,339,376,306,351,189,177,333,310
"Ccdc93",7,9,33,21,29,40,29,27,18,16,33,29
"Ddx18",58,42,205,139,234,231,215,229,130,110,149,162
"Actr3",293,187,1173,915,1003,1147,874,1056,583,532,842,879
"Slc35f5",124,89,410,347,352,433,343,384,279,220,344,329
"Lypd1",0,2,5,2,9,7,2,0,1,0,8,10
"Nckap5",13,4,30,20,21,22,32,27,17,14,26,23
"Mgat5",2,3,2,3,6,3,4,4,4,0,2,1
"2900009J06Rik",3,0,15,7,8,9,7,6,3,0,7,10
"Ccnt2",7,10,36,28,21,24,30,18,15,15,27,23
"Rab3gap1",32,19,79,60,75,91,76,73,50,47,69,53
"R3hdm1",22,28,102,63,96,105,78,87,67,58,65,93
"Ubxn4",217,137,622,441,871,1042,834,973,627,550,713,753
"Mcm6",21,21,87,69,75,86,63,71,29,28,53,42
"Dars",49,34,260,208,205,213,164,227,121,88,162,156
"Cxcr4",0,3,12,14,1,3,5,8,3,2,5,5
"Cd55",198,170,462,454,974,1066,828,943,287,406,511,547
"Pfkfb2",5,5,33,31,24,33,20,26,15,19,23,31
"Yod1",23,7,36,21,50,73,59,65,53,45,57,29
"AA986860",2,2,4,3,3,3,5,5,3,3,1,2
"Faim3",0,0,1,0,2,2,1,6,9,9,9,4
"Mapkapk2",105,89,708,397,337,329,269,331,208,212,225,264
"Eif2d",43,20,104,78,74,68,67,83,40,44,76,67
"Rassf5",32,20,211,170,91,101,112,185,95,85,91,98
"Ikbke",5,7,38,38,20,19,36,27,14,18,21,27
"Srgap2",24,33,72,64,88,93,63,102,65,53,71,70
"Fam72a",4,1,24,24,13,13,12,17,10,9,16,9
"5430435G22Rik",56,43,207,216,164,218,181,236,113,109,162,175
"Slc41a1",131,92,561,369,466,538,356,409,255,248,401,337
"Rab7l1",9,9,54,36,32,26,31,31,7,14,35,26
"Nucks1",125,77,481,366,514,509,408,524,247,233,339,443
"Slc45a3",0,3,4,3,4,6,2,2,4,3,1,6
"Elk4",4,6,12,9,17,20,15,18,12,9,10,14
"Mfsd4",8,7,61,38,43,41,31,45,32,31,31,32
"Klhdc8a",6,4,5,11,10,12,11,4,7,5,12,15
"Nuak2",32,18,116,74,95,102,115,139,68,77,94,91
"Tmcc2",17,9,37,46,44,38,41,44,23,13,36,45
"Dstyk",21,10,76,61,59,64,57,62,26,36,57,41
"Rbbp5",5,6,36,45,11,29,12,17,10,16,11,21
"Nfasc",5,4,10,6,8,8,4,9,1,4,3,2
"Lrrn2",6,3,59,65,38,24,29,25,9,19,50,60
"Mdm4",6,7,25,21,26,46,35,43,22,23,32,20
"Pik3c2b",4,3,4,10,12,15,8,11,1,10,15,16
"Ppp1r15b",74,72,369,247,291,344,217,290,182,159,220,229
"Plekha6",30,24,84,76,117,115,58,70,58,49,99,96
"Etnk2",9,3,5,8,14,17,8,15,4,7,7,4
"Sox13",14,15,53,60,53,53,40,79,30,22,35,43
"Snrpe",168,105,1195,954,738,840,690,767,460,378,653,696
"Zc3h11a",165,145,635,524,719,834,576,744,393,402,620,590
"Zbed6",32,29,28,25,110,153,132,148,75,80,111,119
"Lax1",7,1,11,9,10,14,11,10,3,6,7,6
"Atp2b4",61,39,195,184,232,190,212,255,132,135,157,172
"Optc",4,4,5,11,13,9,12,13,6,5,9,7
"Prelp",1682,1081,5603,5897,4761,5106,3116,4083,2232,2298,5566,4576
"Fmod",8687,5408,24352,26190,18623,17958,11420,13963,7903,10134,21294,24778
"Btg2",1225,878,4073,3984,4182,5896,6012,6337,4360,3996,4776,4480
"Chi3l1",33,39,99,40,57,114,27,10,2,25,101,30
"Mybph",16,0,10,8,11,7,1,0,4,1,7,17
"Adora1",2,3,0,0,4,1,0,2,2,4,2,5
"Ppfia4",0,2,10,7,9,4,1,4,4,4,3,6
"Tmem183a",64,42,241,170,177,222,163,180,154,130,166,166
"Cyb5r1",15,27,125,95,84,102,51,66,42,47,60,87
"Adipor1",176,138,578,543,480,586,400,529,305,304,449,481
"Klhl12",9,13,52,31,29,44,36,48,27,23,26,33
"Rabif",25,16,75,67,67,78,68,62,42,36,39,65
"Kdm5b",19,20,59,52,83,118,76,75,38,40,93,96
"Ppp1r12b",6,2,10,4,18,16,27,30,14,9,23,11
"Arl8a",98,73,422,325,282,317,241,319,147,189,209,250
"Rnpep",19,24,125,156,94,117,113,137,65,43,87,93
"Timm17a",95,64,484,350,330,386,343,365,209,182,292,305
"Lmod1",2,3,1,1,1,3,2,1,2,1,1,0
"Shisa4",20,11,19,34,13,22,18,16,9,15,28,27
"Ipo9",31,21,111,115,68,74,75,82,36,36,68,61
"Nav1",143,107,672,543,585,639,573,692,401,394,506,516
"Csrp1",202,162,563,773,447,572,384,510,351,289,572,451
"Phlda3",130,80,283,457,297,405,186,265,158,154,350,346
"Tmem9",62,61,199,208,186,245,180,259,113,110,189,215
"Kif21b",1,3,4,4,4,9,7,8,6,6,6,2
"Camsap2",32,27,145,102,83,114,81,95,50,57,74,90
"Ddx59",5,2,16,16,15,10,11,10,18,8,8,15
"Zfp281",79,69,227,174,220,237,252,261,176,138,192,201
"Gm19705",9,5,21,15,14,25,18,23,10,8,30,23
"Ptprc",1,2,6,8,3,12,2,16,11,4,8,7
"Nek7",39,35,116,100,171,190,163,188,104,78,149,134
"2310009B15Rik",58,42,406,297,210,207,207,227,145,103,183,184
"Dennd1b",17,7,71,48,40,34,46,35,38,26,34,30
"Zbtb41",13,9,61,63,46,49,44,37,32,33,46,55
"Cfh",233,209,1934,1523,1055,973,1301,1164,765,575,644,408
"Kcnt2",1,3,16,21,17,21,21,17,17,10,12,9
"Cdc73",11,16,66,52,50,45,54,43,38,28,50,42
"Glrx2",46,36,292,234,180,216,155,200,98,101,179,173
"Trove2",38,28,89,100,136,144,112,116,75,58,95,84
"Uchl5",28,24,113,102,96,106,107,103,61,43,74,76
"Rgs2",54,38,471,204,156,266,280,307,244,129,274,201
"Rgs1",3,0,8,8,3,6,12,28,12,4,14,7
"Pla2g4a",25,26,150,155,146,167,178,186,75,65,101,114
"7530420F21Rik",4,4,15,8,23,23,27,37,13,25,28,10
"Ptgs2",292,187,1453,978,1625,1675,2387,2542,1443,1608,838,657
"BC003331",45,35,139,119,162,188,203,245,89,105,163,163
"Tpr",85,65,235,174,404,480,425,560,284,220,333,419
"Prg4",1079,795,7049,4655,3800,3775,3213,3487,2233,1650,3799,3656
"Hmcn1",14,21,47,43,73,54,53,62,27,22,65,61
"Ivns1abp",137,110,581,346,382,440,312,355,211,201,352,328
"1200016B10Rik",42,40,102,74,127,244,168,206,86,89,120,113
"1190005F20Rik",14,12,41,57,43,41,35,41,20,24,26,35
"Rnf2",74,51,236,203,226,275,284,307,164,140,192,210
"Fam129a",49,23,86,90,183,154,214,203,103,78,139,148
"Edem3",19,18,65,78,57,71,54,55,34,27,54,48
"1700025G04Rik",64,55,180,170,255,250,175,243,80,107,249,309
"Tsen15",28,21,181,158,115,193,109,131,95,65,101,101
"Glt25d2",18,21,62,105,96,107,80,79,41,49,135,103
"Rgl1",76,69,321,256,227,267,223,281,144,147,272,223
"Arpc5",286,218,1189,1017,874,1006,827,979,541,504,787,807
"Ncf2",3,1,10,4,0,10,6,4,5,3,5,2
"Smg7",28,31,168,110,81,110,77,97,55,66,81,94
"Nmnat2",4,5,15,12,5,11,4,3,6,3,4,2
"Lamc2",49,33,169,148,125,148,105,126,77,75,172,151
"Lamc1",320,227,2396,1936,1186,1140,1022,1159,674,543,1303,1216
"Dhx9",49,34,151,117,129,143,98,116,75,58,104,98
"Npl",0,2,8,0,6,4,6,5,1,3,4,4
"Rgs16",94,61,201,135,142,346,155,136,194,223,217,320
"Rnasel",10,2,23,20,20,14,23,28,18,19,23,9
"Glul",1443,985,6155,3343,5014,6476,5441,7515,3598,3414,3554,3714
"Ier5",1319,1086,6731,4819,5390,7463,6383,6444,4492,3959,4713,3887
"Mr1",7,9,35,34,32,38,36,43,20,19,23,25
"Stx6",58,37,225,158,144,161,107,142,91,81,107,115
"Xpr1",24,15,100,75,64,73,60,59,47,31,66,63
"Acbd6",64,43,529,370,293,347,245,284,167,166,235,218
"Qsox1",72,53,295,271,194,253,156,222,100,123,192,229
"Cep350",9,8,28,28,48,55,41,53,26,24,38,36
"Tor1aip1",207,141,623,441,591,815,646,738,446,424,584,574
"Tor1aip2",98,79,403,326,331,361,288,377,196,193,323,308
"Soat1",17,23,115,116,89,70,75,96,41,42,50,60
"Abl2",81,59,260,202,236,282,149,177,100,86,213,209
"Tor3a",39,49,249,194,136,189,135,178,84,96,147,130
"Fam20b",24,14,87,69,71,87,49,69,36,31,73,85
"Ralgps2",16,3,15,15,25,21,25,25,5,18,14,18
"Angptl1",311,244,724,1197,1450,1658,1375,1347,552,486,1446,1846
"Rasal2",7,12,45,31,42,43,28,40,25,14,30,32
"2810025M15Rik",40,22,174,162,120,164,111,123,85,76,122,100
"BC026585",1,3,4,4,2,12,4,3,4,5,9,6
"Sec16b",12,5,96,81,34,37,41,39,21,14,37,34
"Pappa2",12,4,58,38,29,54,25,48,22,41,29,39
"Rfwd2",59,52,269,205,119,125,96,173,51,65,107,215
"4930523C07Rik",158,118,457,355,618,721,752,848,326,369,467,458
"Mrps14",123,99,752,644,532,520,478,513,286,224,402,492
"Cacybp",113,96,404,423,435,530,416,461,207,217,312,327
"Rabgap1l",45,37,116,125,181,191,156,153,99,71,145,169
"Rc3h1",51,58,200,152,185,216,137,141,111,99,164,154
"Zbtb37",1,0,8,1,2,4,6,9,3,5,3,1
"Gas5",1063,791,4180,3204,3646,4341,2791,3586,2023,1847,2934,2843
"Dars2",2,3,21,15,13,15,7,22,3,8,14,12
"Cenpl",9,10,54,57,46,61,43,56,17,24,33,41
"Klhl20",7,7,40,38,21,29,28,25,16,11,20,20
"Prdx6",276,168,1651,1131,941,1240,1181,1434,719,621,796,856
"AI848100",64,40,146,91,143,190,136,168,90,96,118,98
"Pigc",18,14,65,76,35,48,39,58,21,22,48,45
"Dnm3",20,11,47,34,50,68,39,67,36,25,59,60
"2810442N19Rik",0,1,5,5,2,3,2,5,3,4,6,6
"Dnm3os",31,33,93,88,110,142,102,140,69,74,121,113
"Mettl13",6,3,33,22,15,18,13,14,6,6,15,9
"Vamp4",15,17,48,37,45,54,45,57,43,33,56,51
"Myoc",2967,1791,8002,9736,12741,13878,11595,12789,4319,4657,6003,7065
"Prrc2c",135,117,322,214,642,638,525,718,372,323,468,442
"Fmo1",62,65,280,261,165,251,254,284,134,139,194,219
"Fmo2",19,1,28,18,57,104,73,82,56,47,36,58
"Prrx1",179,126,573,500,696,812,598,707,355,349,622,543
"Gorab",7,8,30,33,27,31,32,36,22,26,21,31
"Kifap3",43,31,131,132,159,213,168,215,100,91,152,153
"Scyl3",5,8,38,42,18,24,25,27,20,16,22,28
"2810422O20Rik",1,0,9,8,3,10,4,9,2,3,4,7
"Sele",3,1,3,0,3,11,4,3,1,6,15,3
"Sell",0,0,4,0,1,2,1,4,5,1,9,2
"Selp",45,27,75,23,99,113,35,45,47,46,116,17
"Slc19a2",7,4,46,22,37,38,24,20,10,17,13,37
"4930455F23Rik",5,2,14,10,18,18,12,17,10,7,21,11
"Blzf1",18,12,73,60,49,52,48,53,29,27,41,44
"Nme7",9,6,35,39,33,37,40,43,26,16,28,33
"Atp1b1",11,9,14,17,54,61,19,29,8,11,47,45
"Dpt",1537,1271,5806,4996,6953,7126,4231,5760,1867,2114,5422,5443
"LOC433374",1,0,1,1,5,8,2,4,3,1,6,2
"Sft2d2",21,28,70,72,98,70,44,50,34,38,52,74
"Tiprl",88,58,298,283,308,388,331,405,194,171,264,247
"Dcaf6",29,20,76,72,75,95,89,85,58,46,69,74
"Brp44",214,163,1200,1021,863,944,681,828,456,406,742,775
"Mpzl1",47,47,228,224,147,191,160,165,104,79,217,210
"Rcsd1",6,0,23,22,11,16,28,24,11,7,21,12
"Creg1",130,83,566,456,483,545,548,547,324,250,393,407
"Cd247",2,1,0,5,1,1,8,3,4,2,11,3
"Pou2f1",23,19,81,55,59,76,73,69,46,41,76,59
"Ildr2",43,35,105,98,128,136,113,178,60,67,51,70
"Tada1",32,19,105,88,75,75,81,87,52,46,71,75
"Pogk",42,25,91,61,80,94,64,100,55,59,77,77
"Fam78b",6,5,50,33,18,18,15,19,5,7,17,12
"Uck2",23,15,103,53,60,41,39,54,36,18,68,44
"Tmco1",163,116,734,655,607,716,513,588,329,315,561,565
"Aldh9a1",38,23,83,81,89,94,137,156,90,55,75,76
"Mgst3",85,57,164,201,251,272,214,197,89,84,216,235
"Rxrg",2,1,5,8,8,6,13,12,6,7,7,17
"Lmx1a",11,9,35,26,49,57,30,40,23,22,41,33
"Pbx1",111,79,240,192,309,337,288,284,163,170,242,215
"Rgs5",16,8,16,7,10,22,19,21,30,15,13,17
"Rgs4",18,20,20,8,20,20,40,24,74,21,7,6
"Hsd17b7",20,25,59,45,103,107,72,105,53,35,49,53
"3110045C21Rik",0,2,12,8,3,6,10,11,3,7,7,3
"Ddr2",290,215,1170,878,1049,1162,770,1131,485,551,769,792
"Uap1",1573,1057,7867,4842,8418,10435,11066,12060,4989,3819,4981,4108
"Uhmk1",2,2,7,6,2,1,4,5,1,3,3,1
"Gm7694",2,2,6,4,5,9,3,5,8,1,3,7
"Nos1ap",2,3,14,8,11,16,16,20,16,10,10,7
"Olfml2b",133,132,447,668,588,592,584,757,252,258,574,738
"Atf6",36,41,145,130,129,153,109,128,63,59,104,100
"Dusp12",13,7,110,93,67,60,32,76,32,23,33,66
"Fcrla",0,1,0,0,1,1,1,4,6,2,6,1
"Fcgr2b",2,2,9,10,7,7,3,7,2,6,10,1
"Fcgr3",2,4,17,15,14,6,12,18,5,4,11,8
"1700009P17Rik",2,1,4,5,8,2,2,2,2,3,3,3
"Sdhc",79,61,449,403,317,346,291,324,188,162,253,266
"Mpz",43,49,6,6,2,9,30,3,4,1,1,5
"Pcp4l1",21,15,11,15,26,66,18,25,14,32,26,16
"Tomm40l",24,22,141,120,75,75,68,86,39,45,78,72
"Apoa2",6,4,2,1,3,10,5,2,2,0,13,7
"Fcer1g",9,10,124,128,51,64,78,112,31,42,53,31
"Ndufs2",152,104,649,588,474,579,575,588,304,266,389,410
"Adamts4",90,64,412,263,264,377,398,371,361,210,243,200
"B4galt3",17,15,62,74,68,84,61,78,57,54,48,52
"Ppox",34,15,84,70,64,85,74,106,51,54,59,75
"Usp21",35,20,163,130,131,65,62,68,79,76,105,108
"Ufc1",125,87,740,737,516,528,448,533,259,257,545,530
"Dedd",16,24,103,92,48,79,51,84,41,49,56,59
"Nit1",12,10,67,64,39,56,27,35,13,23,45,45
"Pfdn2",209,158,1080,709,751,923,837,845,485,436,642,588
"Klhdc9",2,4,6,6,7,8,7,7,8,1,5,7
"Usf1",7,10,43,44,48,46,29,47,31,22,44,42
"F11r",49,22,34,27,42,72,38,47,30,32,38,50
"Alyref2",18,11,30,34,35,47,47,46,37,22,34,40
"Cd48",0,0,0,3,1,1,2,8,3,5,4,4
"Vangl2",5,3,12,17,18,24,13,13,11,3,8,19
"Ncstn",71,49,352,301,232,234,214,249,132,116,197,225
"Copa",128,114,680,636,540,543,454,559,280,211,455,441
"Pex19",61,46,245,202,150,217,210,218,125,116,177,185
"Dcaf8",70,38,246,201,174,228,183,218,123,112,186,190
"Pea15a",259,195,890,851,675,843,524,682,427,440,663,753
"Casq1",3,5,0,1,2,2,4,3,0,2,3,2
"Atp1a2",136,101,130,145,216,277,241,269,130,163,226,234
"Igsf8",135,106,908,692,443,499,496,639,349,239,346,339
"Pigm",5,7,46,35,24,30,26,24,20,11,19,30
"Tagln2",862,587,4654,4302,3889,4323,2807,3385,2007,1803,2993,2967
"Ccdc19",7,3,26,10,13,15,8,9,5,6,5,4
"Slamf8",3,3,13,4,6,12,0,9,3,4,5,6
"Dusp23",18,15,78,93,62,47,33,60,18,26,53,60
"Darc",91,91,499,302,344,361,199,310,144,167,195,240
"Cadm3",238,189,994,698,705,856,569,798,390,417,430,496
"Pydc3",2,5,15,0,4,7,5,9,6,2,11,5
"AI607873",372,272,1515,938,2003,2414,1922,2124,1198,940,1478,1387
"Ifi204",330,268,1730,1155,1591,2442,2397,2588,1339,966,1257,1055
"Mndal",165,132,683,440,848,1079,863,1129,549,583,645,653
"Mnda",624,494,1330,889,2705,3941,3264,3286,1827,1162,1790,1399
"Ifi203",442,325,1491,890,2024,3032,2356,3098,1722,1634,1335,1478
"Ifi202b",0,3,0,0,0,8,2,0,1,0,6,8
"Ifi205",1882,1470,5068,2959,8412,9912,9089,10273,4300,3099,5047,4125
"Spna1",2,0,10,6,11,6,2,1,0,2,4,4
"Fmn2",5,4,8,2,11,4,12,8,4,5,5,5
"Grem2",56,33,68,48,140,122,53,64,39,33,75,80
"Rgs7",5,4,8,3,25,27,6,9,1,2,12,11
"Fh1",39,29,241,249,199,221,205,254,84,101,175,148
"Opn3",19,3,26,20,26,29,30,31,13,13,24,28
"Chml",5,4,17,10,25,16,15,16,6,10,12,16
"Pld5",2,0,2,3,1,3,2,15,2,4,4,2
"Cep170",48,35,135,145,165,166,150,180,96,77,123,119
"Sdccag8",15,14,48,50,60,65,75,53,35,32,63,50
"Hmga2-ps1",1,1,14,18,7,15,12,12,8,5,14,4
"Akt3",23,15,110,74,68,79,62,71,59,46,56,55
"Zfp238",5,5,13,12,13,10,8,5,4,6,12,8
"Adss",85,77,364,274,271,277,240,308,159,128,246,268
"Pppde1",52,60,229,198,236,295,242,281,131,112,210,205
"Fam36a",144,91,492,447,473,569,454,555,302,284,424,479
"Hnrnpu",316,246,1243,858,1274,1453,1273,1309,736,635,827,840
"Efcab2",3,2,17,12,13,10,10,10,7,7,9,10
"Smyd3",9,10,50,56,52,59,62,62,30,32,37,26
"Tfb2m",22,8,85,50,70,79,47,51,36,34,49,50
"Cnst",10,11,22,21,19,33,21,29,21,11,23,25
"Sccpdh",28,14,75,88,79,72,69,95,44,38,68,93
"Ahctf1",51,59,214,103,166,123,130,136,81,69,117,126
"Cdc42bpa",48,32,149,135,128,138,108,118,49,74,138,134
"Adck3",11,1,35,25,15,16,13,20,8,8,26,13
"Psen2",25,21,70,97,101,107,69,126,44,47,78,87
"Gm5069",14,12,20,35,42,40,19,40,23,22,42,28
"Itpkb",3,6,6,5,14,15,9,16,8,3,7,6
"Parp1",3,12,42,37,44,51,22,41,21,22,29,26
"Lin9",2,3,16,9,10,10,14,16,9,14,11,8
"Acbd3",62,55,236,169,212,218,198,242,115,117,175,195
"H3f3a",1009,684,7545,6176,4861,5541,4074,4635,2828,2661,4291,4177
"BC031781",191,112,526,369,695,887,813,789,431,422,522,470
"Pycr2",22,18,169,153,115,108,110,119,63,48,79,88
"Lefty1",14,15,86,107,60,80,55,92,40,35,62,77
"Tmem63a",72,41,154,201,187,256,190,214,117,107,182,192
"Ephx1",87,69,288,305,330,378,302,340,184,138,267,248
"Nvl",8,8,25,28,43,39,27,62,23,8,35,31
"Cnih4",99,59,525,425,349,393,321,373,206,183,265,289
"Wdr26",92,68,314,236,281,292,233,327,142,167,271,301
"Lbr",43,25,156,99,140,186,159,205,108,96,109,127
"Enah",4,4,16,11,19,21,18,38,17,8,32,36
"Srp9",230,186,1574,1215,963,1084,751,896,536,488,815,847
"Degs1",265,191,1045,844,937,1089,900,984,475,491,694,679
"1700047M11Rik",0,2,0,5,2,4,4,9,2,0,0,2
"Fbxo28",27,13,118,105,86,94,90,120,53,50,88,87
"Trp53bp2",31,33,175,107,135,160,118,139,71,79,111,105
"Capn2",221,152,945,878,739,802,592,756,409,357,608,649
"Disp1",18,12,49,49,61,69,55,63,39,28,40,45
"Brox",35,20,146,110,123,174,98,146,86,62,86,120
"Aida",123,82,489,474,434,446,300,408,193,204,340,359
"Mia3",101,76,463,381,352,369,327,382,203,189,272,316
"Taf1a",5,8,22,25,11,28,23,35,14,6,15,9
"1700056E22Rik",3,1,7,8,1,5,3,3,2,3,1,5
"Dusp10",54,37,259,174,139,228,195,227,107,133,133,142
"Hlx",41,12,114,71,63,71,107,117,50,45,59,75
"Mosc2",137,85,708,570,553,644,588,697,375,304,414,439
"C130074G19Rik",15,10,8,11,7,12,12,10,6,8,6,4
"Mark1",4,6,19,12,15,4,8,5,8,4,11,9
"Rab3gap2",17,16,80,79,57,70,54,56,33,39,47,60
"Iars2",17,14,76,72,60,85,85,90,38,33,68,61
"Bpnt1",18,11,107,93,84,100,122,100,60,50,66,84
"Eprs",93,90,374,299,444,409,527,622,257,254,383,408
"Lyplal1",10,6,39,34,26,33,18,18,12,12,21,20
"Tgfb2",130,83,292,211,486,504,573,573,304,204,387,341
"Rrp15",54,31,408,200,184,194,160,161,104,113,109,117
"Gpatch2",3,4,23,20,18,19,18,21,19,13,21,18
"Kctd3",15,17,69,62,55,59,46,54,29,42,62,45
"Kcnk2",41,23,98,108,127,157,144,138,102,62,98,136
"Cenpf",8,4,1,12,3,1,0,3,2,4,0,0
"Ptpn14",20,9,35,37,44,40,23,25,19,25,41,33
"Smyd2",55,35,281,191,149,179,150,171,90,99,122,167
"Rps6kc1",8,5,57,55,34,48,40,40,20,21,28,40
"Angel2",34,23,128,98,119,138,95,129,69,54,96,117
"Vash2",4,2,13,15,10,14,12,7,6,8,9,10
"Mfsd7b",38,24,132,71,93,121,83,89,72,55,80,59
"Tatdn3",7,12,32,32,34,23,28,32,19,14,23,26
"Batf3",1,1,23,5,6,15,11,8,10,7,7,13
"Fam71a",2,3,1,2,8,7,10,14,9,12,6,13
"Atf3",1489,1085,3937,4479,5525,7166,6241,6306,4468,3835,5340,5214
"Nenf",710,591,3809,3453,2805,3062,2187,2551,1415,1305,2347,2518
"Tmem206",6,5,19,23,13,24,8,25,7,12,16,20
"Ppp2r5a",95,55,300,284,212,218,182,220,127,121,151,212
"Ints7",1,3,9,7,9,8,9,7,5,8,9,8
"Lpgat1",70,67,312,201,262,280,207,277,152,152,163,180
"Slc30a1",7,6,31,32,25,25,14,33,15,12,17,26
"Rcor3",11,8,17,16,37,32,36,54,32,25,25,22
"Gm10516",4,2,6,8,5,6,4,6,4,4,6,5
"Hhat",5,5,29,32,16,10,12,17,7,5,12,14
"Sertad4",22,12,30,60,65,69,42,74,30,28,69,57
"Diexf",5,3,37,21,26,22,24,29,15,7,28,12
"Irf6",4,4,3,1,0,0,0,0,0,0,0,0
"A130010J15Rik",1,2,16,15,6,7,4,9,9,8,6,7
"Hsd11b1",157,110,2218,1746,902,1050,2303,2105,1140,858,616,666
"G0s2",113,35,225,414,231,248,431,390,274,211,210,507
"Lamb3",8,4,1,1,15,6,2,8,2,4,9,2
"Plxna2",24,8,21,27,72,74,38,52,32,42,53,49
"Cd34",1187,985,3748,4400,4769,5331,4198,5103,2132,2092,4234,3989
"Cr1l",96,67,461,388,455,499,517,552,242,201,340,286
"Ppp1r14c",0,2,3,8,4,9,3,3,1,4,4,3
"Plekhg1",12,8,17,26,30,43,20,24,20,16,21,19
"Mthfd1l",2,4,22,7,11,6,15,6,11,3,4,8
"Akap12",156,126,285,301,559,643,624,622,280,335,404,405
"Zbtb2",50,42,100,81,122,157,113,135,68,67,102,117
"Gm5512",2,2,2,0,1,6,0,4,2,1,6,3
"1700052N19Rik",2,4,27,24,23,22,16,21,12,9,17,13
"Gm221",1,0,7,5,2,7,6,9,1,3,6,2
"Esr1",7,6,14,11,9,11,16,14,5,11,18,20
"Syne1",46,35,157,107,185,199,122,131,94,109,137,131
"Myct1",5,2,17,14,13,32,14,18,9,20,11,21
"Fbxo5",2,0,5,6,2,6,7,8,7,7,4,5
"Mtrf1l",6,6,25,30,33,32,45,23,21,13,28,23
"Rgs17",3,3,32,19,30,31,31,18,18,5,29,27
"Cnksr3",16,14,82,50,48,64,52,44,46,40,44,62
"Lrp11",1,4,10,10,10,14,3,5,2,3,7,5
"Pcmt1",75,76,366,323,311,366,254,341,208,176,315,315
"A630066F11Rik",1,3,12,10,3,2,7,4,5,1,2,8
"Nup43",5,4,22,21,16,15,14,16,17,11,10,15
"BC020402",1,2,3,3,8,6,3,3,3,2,3,4
"Lats1",44,38,200,147,151,140,101,131,91,75,106,143
"Katna1",62,62,286,202,307,471,324,326,194,177,246,207
"BC013529",227,156,708,710,752,910,792,862,475,460,659,636
"Ppil4",32,13,97,72,141,129,136,148,70,75,90,90
"Tab2",55,45,200,177,202,233,136,196,117,84,175,149
"Ust",51,26,282,180,119,137,138,134,92,89,131,107
"Sash1",222,180,686,605,941,899,863,1014,561,498,865,737
"Stxbp5",20,17,102,72,83,73,69,78,42,49,66,52
"Rab32",28,31,124,98,81,75,56,102,32,38,54,45
"Shprh",2,1,17,14,16,16,12,11,10,6,12,15
"Fbxo30",133,96,390,293,325,485,353,408,214,236,304,276
"Utrn",104,72,271,215,317,324,258,324,147,188,272,226
"B230208H11Rik",3,2,13,13,23,23,16,10,11,10,11,20
"Stx11",210,171,772,508,669,828,536,720,400,392,559,518
"Sf3b5",112,81,779,700,405,434,341,414,271,170,411,453
"Plagl1",56,39,183,118,187,253,132,138,93,73,150,168
"Ltv1",25,31,196,143,151,187,114,139,90,50,97,117
"Phactr2",116,98,254,244,327,380,300,326,207,156,300,269
"Fuca2",14,10,70,57,40,47,57,67,22,32,47,50
"Pex3",24,14,101,97,112,119,105,111,44,54,86,86
"Adat2",3,4,12,18,10,10,10,11,5,4,13,10
"Aig1",24,21,52,38,77,94,66,82,66,35,73,86
"Hivep2",98,108,284,221,319,340,208,249,147,177,214,224
"Gpr126",4,3,5,2,3,4,2,8,2,5,4,6
"Vta1",38,31,165,148,130,140,140,158,79,77,87,113
"Cited2",93,89,321,268,356,381,334,434,205,169,242,223
"Heca",11,14,49,33,33,44,14,29,13,14,23,20
"3110003A17Rik",64,45,719,532,356,300,316,386,195,173,297,289
"Reps1",22,16,111,53,43,67,55,46,28,25,40,48
"Ccdc28a",6,5,23,24,14,22,14,21,8,4,11,9
"Nhsl1",16,16,84,98,116,111,76,108,68,60,70,67
"Hebp2",32,21,79,112,96,97,56,76,30,29,107,133
"D10Bwg1379e",3,2,2,1,4,0,1,3,3,1,2,5
"Perp",34,18,21,20,33,37,34,24,20,14,47,18
"Tnfaip3",185,126,634,400,675,687,725,917,500,431,553,496
"Ifngr1",363,241,2923,2189,1187,1277,1320,1625,778,600,1141,1151
"Il22ra2",0,3,75,26,9,11,2,5,7,2,20,3
"Pex7",26,17,107,98,103,122,116,108,58,50,93,78
"Map3k5",16,19,101,68,74,115,56,67,35,37,58,53
"Mtap7",16,14,20,14,27,39,37,38,29,16,40,19
"Gm6251",62,45,114,89,144,184,92,114,80,57,235,155
"Bclaf1",123,80,313,222,415,494,521,544,321,282,396,396
"Fam54a",3,0,4,1,11,13,6,6,5,6,3,2
"Pde7b",1,5,6,6,12,14,10,16,5,7,18,13
"Ahi1",13,21,103,70,113,112,94,105,81,54,84,87
"Hbs1l",54,24,195,152,157,188,151,175,87,92,149,144
"Sgk1",492,332,2999,1798,1225,1681,1707,1467,960,640,1057,1313
"E030030I06Rik",0,1,13,6,6,1,4,6,7,4,3,3
"Slc2a12",2,2,6,7,8,9,8,11,2,6,6,9
"Tbpl1",68,50,274,166,192,240,201,202,136,100,169,178
"Tcf21",0,0,6,1,52,3,2,4,0,5,17,0
"Eya4",2,3,9,6,11,20,13,21,4,3,11,16
"Rps12",1932,1375,41262,31190,15979,15857,9076,11893,9262,8122,11504,11270
"Snora33",2,1,43,28,18,13,13,20,14,6,20,15
"1110021L09Rik",11,13,49,48,34,52,32,33,15,13,28,27
"Vnn1",4,0,2,7,16,30,10,12,8,8,16,11
"Stx7",106,66,308,342,303,371,278,352,209,187,276,285
"Moxd1",28,12,16,14,50,24,23,18,9,28,18,13
"Ctgf",564,375,2056,1170,1444,907,855,1100,584,698,1389,1052
"Enpp1",23,19,114,109,88,86,59,51,32,45,90,67
"Enpp3",6,4,18,25,39,57,40,47,19,14,42,45
"Med23",3,7,17,28,23,18,10,20,13,6,21,23
"Akap7",18,17,49,53,55,38,66,62,25,27,51,47
"Epb4.1l2",194,133,693,619,689,756,478,663,321,347,557,560
"Tmem200a",4,7,6,3,9,11,9,6,3,5,17,13
"L3mbtl3",2,2,4,6,10,14,11,11,7,9,7,9
"Arhgap18",25,16,64,72,98,91,74,118,41,62,75,76
"Lama2",190,126,1295,1072,746,826,743,890,463,385,793,728
"Ptprk",21,25,59,42,54,52,32,54,31,36,42,48
"9330159F19Rik",2,3,50,45,7,6,35,42,22,15,5,11
"Echdc1",11,10,46,50,40,27,35,51,29,16,31,50
"Rnf146",51,52,204,144,195,222,176,192,115,134,152,164
"Rspo3",6,3,22,26,42,25,28,43,30,17,34,44
"Cenpw",6,2,33,29,18,23,11,21,13,12,18,20
"Trmt11",8,10,34,42,33,35,40,45,21,19,21,39
"Gm20300",3,3,26,16,12,11,13,12,9,2,25,26
"Hint3",9,4,64,72,47,52,46,37,27,18,44,45
"Ncoa7",43,38,153,149,162,185,165,202,106,108,169,168
"Hddc2",15,8,140,112,52,70,120,134,81,51,52,55
"Tpd52l1",0,2,28,41,0,4,29,28,13,16,12,8
"Gm3258",4,3,10,5,13,18,9,10,12,3,18,23
"Rnf217",15,6,72,34,37,27,39,35,24,23,23,30
"Clvs2",3,0,0,0,13,5,0,0,0,0,1,1
"Zufsp",12,4,20,23,31,38,41,40,24,19,43,24
"A830082N09Rik",2,1,1,0,3,5,1,7,2,1,2,3
"Rwdd1",124,114,850,691,629,578,439,544,303,265,526,555
"Fam26e",23,27,125,109,99,105,72,98,69,57,114,82
"Fam26f",14,5,35,20,29,40,39,35,22,21,26,16
"Dse",119,88,475,359,316,359,297,350,239,206,327,338
"Tspyl1",49,36,240,230,167,200,189,225,134,115,171,187
"Tspyl4",7,6,17,23,32,15,24,33,20,23,29,18
"Nt5dc1",8,11,50,51,45,41,46,54,34,26,38,40
"Frk",15,9,22,30,35,29,30,40,14,23,33,40
"Hdac2",98,64,364,290,337,363,269,308,207,166,281,312
"Marcks",775,673,2064,2227,2369,2465,2234,3046,1027,1292,2189,2564
"Lama4",154,110,618,584,452,551,445,553,266,256,438,438
"1700025K23Rik",9,7,38,36,27,37,25,23,22,17,29,34
"Fyn",145,134,468,479,609,619,419,650,317,267,441,391
"Traf3ip2",25,22,125,86,68,108,70,98,60,42,74,51
"E130307A14Rik",8,10,30,30,20,24,36,37,25,18,36,36
"Rev3l",24,10,60,44,57,87,53,73,39,55,71,44
"Slc16a10",11,5,57,45,38,55,39,47,37,27,26,25
"Rpf2",19,8,108,80,77,103,64,96,35,39,54,61
"Gtf3c6",23,15,115,122,96,99,80,99,50,39,95,101
"Amd1",6,11,8,8,22,30,18,21,17,11,9,18
"Cdk19",29,13,97,67,76,91,55,70,56,43,44,55
"9030224M15Rik",20,18,53,44,64,77,41,42,13,25,69,53
"Cdc40",14,12,55,45,61,87,67,82,40,20,54,49
"Wasf1",14,7,42,42,41,35,21,19,14,21,36,27
"Fig4",9,10,60,61,58,59,53,68,23,25,43,51
"Zbtb24",16,15,38,24,27,31,51,54,17,23,28,29
"Mical1",22,18,101,114,98,118,99,98,60,50,72,90
"Smpd2",24,16,96,133,79,109,98,100,56,46,53,75
"Ppil6",3,1,3,15,14,17,21,14,10,9,15,19
"Cd164",257,198,1304,994,814,923,619,731,378,376,582,707
"Cep57l1",8,5,21,16,15,27,8,11,5,8,16,15
"Sesn1",18,15,95,68,52,55,33,60,42,22,63,53
"Foxo3",9,9,15,17,16,21,12,21,7,9,27,28
"Lace1",10,0,11,24,22,20,11,18,9,9,13,19
"Snx3",381,307,1754,1499,1243,1452,1063,1279,758,735,1131,1109
"Ostm1",24,18,100,86,79,80,66,83,37,40,61,64
"Sec63",85,78,387,313,314,318,276,312,163,153,240,247
"Scml4",2,2,17,38,4,15,14,10,4,4,18,21
"Sobp",56,57,169,162,247,238,198,253,144,162,214,226
"9030612E09Rik",5,4,8,6,6,14,10,8,7,9,11,12
"Pdss2",5,3,6,3,15,13,12,7,7,8,9,10
"Bend3",6,6,29,12,27,16,9,9,15,9,16,12
"1700021F05Rik",34,17,162,114,117,122,101,130,72,61,98,78
"Cd24a",33,28,41,32,73,96,84,106,26,48,111,68
"Qrsl1",4,2,25,20,16,18,12,22,8,15,12,15
"Rtn4ip1",2,1,17,11,4,6,3,4,2,1,5,9
"Aim1",2,1,4,4,4,4,3,9,4,3,3,6
"Atg5",36,30,144,122,143,157,96,147,87,73,106,98
"Prep",12,7,75,74,54,52,36,44,19,22,46,39
"Hace1",18,12,42,44,41,47,40,53,30,31,43,42
"D030045P18Rik",1,2,4,2,9,7,3,2,3,1,1,3
"Ascc3",23,17,83,60,95,132,102,101,64,67,93,104
"Gp49a",3,0,8,13,8,10,4,12,2,4,7,1
"Lilrb4",1,4,24,26,11,19,13,16,6,6,4,4
"Dcbld1",4,4,9,5,2,8,8,2,0,2,7,16
"Gopc",16,21,93,76,72,84,65,84,46,39,79,70
"Nus1",70,40,245,162,165,175,118,187,96,99,130,150
"Gm9766",5,6,11,6,27,42,41,51,24,25,20,27
"Mcm9",1,0,5,4,4,5,3,8,5,7,2,2
"Asf1a",28,22,107,108,85,128,95,114,75,67,99,88
"Fam184a",4,0,5,6,15,18,7,16,8,7,16,7
"Man1a",98,84,476,305,480,582,520,505,277,234,349,320
"D630037F22Rik",8,3,10,9,20,21,12,20,11,5,12,22
"Msl3l2",15,8,74,62,31,39,50,57,32,28,32,24
"Gja1",1169,792,3874,2499,3909,4370,4013,4289,2911,2272,2918,2028
"Hsf2",37,26,82,52,83,90,65,67,43,25,51,54
"Serinc1",252,184,1113,956,938,1020,889,1024,530,451,765,726
"Pkib",0,0,1,3,4,0,1,5,4,1,6,1
"Smpdl3a",164,106,768,642,717,883,800,1000,409,345,474,469
"Gcc2",20,13,37,30,75,82,69,64,48,24,49,64
"Lims1",111,92,283,246,465,459,432,441,253,259,360,350
"Ranbp2",26,19,76,56,88,86,83,73,53,52,71,79
"Ccdc138",5,0,4,4,6,13,3,8,3,7,4,13
"Sh3rf3",2,1,21,15,11,6,7,17,8,7,8,12
"Sept10",28,20,75,71,86,104,80,79,49,42,66,59
"Sowahc",36,31,272,149,161,145,125,189,106,101,143,138
"P4ha1",240,184,996,843,702,845,587,706,381,340,795,847
"Pla2g12b",7,2,15,6,13,16,7,6,2,5,12,16
"Oit3",4,2,4,7,10,3,5,2,1,1,9,4
"Ccdc109a",44,45,124,129,143,148,126,129,77,71,161,147
"Micu1",70,41,260,266,253,250,221,277,111,112,186,199
"Dnajb12",6,9,20,14,29,42,17,19,12,15,26,19
"Ddit4",102,49,219,252,154,190,172,274,138,105,108,247
"Anapc16",60,42,357,324,190,261,180,196,183,135,223,183
"Ascc1",16,8,91,89,84,92,69,102,49,41,76,86
"Spock2",21,8,41,25,33,39,43,28,18,31,43,35
"Psap",1589,1116,7118,6078,5113,5817,5550,6581,3371,2836,4343,4296
"4632428N05Rik",31,17,160,180,120,163,118,135,95,71,109,115
"Gm17455",16,10,42,51,25,21,14,19,6,9,51,30
"Slc29a3",14,14,50,51,40,41,44,36,23,26,36,34
"Unc5b",10,6,27,20,45,39,27,30,22,16,36,50
"Pcbd1",2,1,23,21,12,14,12,20,8,4,7,11
"Sgpl1",63,49,205,186,183,232,172,196,130,114,136,185
"Tbata",1,1,6,5,4,5,8,4,4,7,3,5
"Adamts14",6,1,15,23,22,15,8,17,4,5,12,19
"X99384",11,16,35,44,33,42,23,36,28,30,31,25
"Eif4ebp2",9,7,17,6,41,42,42,42,19,18,40,37
"Lrrc20",2,3,2,3,9,5,9,10,2,1,6,7
"Ppa1",106,94,805,492,604,791,523,504,284,236,407,378
"Sar1a",427,315,2266,1767,1487,1770,1490,1619,1024,841,1330,1341
"Tysnd1",20,14,80,84,50,67,50,63,29,26,42,49
"Aifm2",19,16,63,56,61,72,51,73,29,39,44,49
"H2afy2",37,22,152,128,142,140,102,112,72,84,141,133
"Col13a1",12,12,59,78,43,65,47,49,23,37,72,110
"2010107G23Rik",4,3,8,11,8,11,8,12,11,5,16,16
"Tspan15",9,5,17,21,11,35,20,11,11,10,14,13
"Hk1",53,45,124,115,137,146,123,155,86,62,132,112
"Supv3l1",6,3,28,15,24,22,21,21,8,6,13,20
"Vps26a",44,49,213,175,201,223,225,239,139,101,131,161
"Srgn",68,24,235,161,218,267,198,247,176,151,168,147
"2510003E04Rik",28,22,110,118,120,117,152,162,89,70,101,126
"Ddx21",184,143,649,338,685,775,492,563,403,306,411,420
"Ddx50",110,66,394,330,342,398,305,360,212,204,286,345
"Ccar1",79,47,179,156,215,267,228,292,126,111,174,201
"Tet1",5,5,5,9,15,18,7,12,4,6,19,17
"Slc25a16",11,4,41,19,36,14,21,39,17,14,25,29
"Rufy2",5,9,15,16,39,26,32,45,22,20,28,35
"Hnrnph3",85,79,306,262,337,421,379,423,232,203,276,272
"Pbld1",2,2,0,1,0,6,6,3,2,1,2,3
"Herc4",25,12,54,44,64,70,51,53,41,39,51,77
"Sirt1",42,23,138,92,104,140,102,110,57,46,87,85
"Dnajc12",8,6,21,16,21,41,25,34,12,9,18,9
"Lrrtm3",6,8,90,59,29,18,89,71,52,32,25,11
"Reep3",159,137,750,555,650,636,469,594,298,301,513,508
"Jmjd1c",179,136,604,469,583,646,599,590,361,307,549,492
"Nrbf2",40,25,171,140,114,124,103,118,91,77,131,138
"Egr2",108,108,410,352,206,259,341,421,262,188,321,353
"Ado",38,27,113,112,96,119,113,113,82,52,103,93
"Zfp365",1,1,8,10,9,7,7,7,3,2,6,12
"Arid5b",176,126,334,243,699,846,572,728,367,367,684,603
"Tmem26",4,4,55,52,9,7,20,27,30,12,11,13
"Rhobtb1",1,4,12,9,11,8,13,18,10,9,9,19
"Cdk1",5,0,8,6,0,1,0,2,0,8,0,1
"Ank3",10,7,18,11,10,7,13,24,20,12,10,11
"Ccdc6",82,59,194,155,176,177,131,166,90,73,177,140
"2310015B20Rik",4,3,8,9,22,31,18,32,15,10,33,21
"Slc16a9",18,5,22,42,46,29,49,74,26,21,29,30
"Fam13c",16,10,74,61,60,76,57,70,38,43,56,63
"Phyhipl",3,1,3,5,7,9,10,6,0,4,5,4
"Bicc1",112,85,538,351,353,404,355,494,296,251,311,312
"Tfam",19,21,91,104,65,86,79,76,64,55,62,65
"Ube2d1",29,35,149,123,86,105,74,112,50,54,89,105
"Cisd1",52,43,355,271,155,206,154,202,83,84,158,192
"Ipmk",23,21,96,53,76,109,93,110,54,47,66,71
"Zwint",19,24,103,53,96,92,86,97,66,45,75,61
"Gnaz",8,8,12,21,12,30,15,22,7,12,16,24
"Rab36",2,2,5,5,7,13,12,8,6,4,6,11
"Bcr",42,26,113,86,109,100,43,78,52,59,70,92
"Specc1l",35,27,98,106,97,110,76,89,60,49,67,86
"Adora2a",3,0,5,8,12,12,14,11,10,7,4,4
"1110038D17Rik",10,3,28,40,18,24,29,29,15,15,19,23
"Snrpd3",116,87,706,481,488,552,362,513,287,242,321,385
"Ggt5",49,41,305,235,180,289,259,288,164,147,247,197
"Susd2",18,18,84,69,73,79,88,119,52,48,59,63
"Cabin1",31,19,129,137,97,110,74,109,57,42,74,99
"Ddt",79,46,405,391,261,289,247,310,197,139,206,256
"Gstt3",25,24,79,127,93,112,132,124,67,67,103,112
"Gstt1",179,103,506,573,656,871,925,992,465,402,615,601
"Gstt2",22,15,81,111,93,114,132,126,73,53,85,80
"Mif",205,173,1739,1038,829,1028,749,824,547,411,648,575
"Smarcb1",85,51,408,379,311,321,282,341,154,128,205,248
"Mmp11",26,17,138,101,84,122,94,111,87,63,65,55
"Chchd10",52,62,142,101,83,99,97,44,100,41,40,57
"Zfp280b",7,3,21,11,6,13,3,8,7,4,12,7
"Prmt2",27,31,56,75,99,104,74,103,35,54,81,84
"S100b",23,20,23,61,55,64,28,40,21,18,55,47
"Dip2a",19,14,42,47,50,63,34,36,34,23,44,33
"Pcnt",13,12,39,33,79,69,60,63,44,33,45,52
"Ybey",3,3,28,15,23,17,13,12,8,7,12,12
"Mcm3ap",3,3,32,30,29,25,23,21,15,11,26,18
"Lss",1,0,6,6,5,10,6,14,7,4,7,3
"Col6a2",883,720,5204,6111,3183,2818,2020,2749,934,1175,3664,3939
"Col6a1",1256,945,6109,6745,4295,3881,3434,4246,1400,1617,5121,5585
"Pcbp3",9,6,70,48,56,59,30,48,22,18,36,37
"Slc19a1",10,8,101,36,34,34,25,30,20,8,44,33
"Col18a1",79,65,562,507,184,176,134,225,96,111,321,311
"Gm10941",4,2,7,4,7,5,2,8,3,0,12,11
"Pofut2",178,150,956,903,647,604,515,663,345,336,623,693
"Adarb1",23,33,193,184,101,78,122,150,82,91,79,62
"1810008A18Rik",23,22,128,98,87,68,78,76,54,45,63,87
"Itgb2",1,1,11,7,6,7,3,11,8,5,6,5
"Pttg1ip",318,244,1998,1395,1021,1244,1033,1294,676,616,968,904
"Sumo3",178,119,614,609,486,567,551,598,353,310,410,395
"Ube2g2",147,102,636,551,393,425,349,474,278,227,353,427
"1810043G02Rik",23,9,103,114,78,71,53,78,52,35,69,68
"Pfkl",11,13,58,37,41,50,28,40,30,28,36,27
"Dnmt3l",3,5,74,30,27,22,10,15,10,8,15,18
"Icosl",12,11,85,53,54,56,23,67,33,34,51,42
"D10Jhu81e",44,21,162,179,141,169,49,134,103,75,134,148
"Pwp2",7,8,69,24,23,23,18,26,15,18,15,12
"Trappc10",13,13,65,44,60,54,43,67,44,30,37,39
"Agpat3",48,37,371,287,151,149,104,146,89,74,162,150
"Rrp1",101,82,605,478,465,527,474,548,301,236,339,298
"Cstb",873,722,5154,3934,3472,4357,3483,4041,2347,2164,2491,2274
"Pdxk",21,33,140,114,120,118,104,119,67,66,105,86
"Ilvbl",25,19,68,82,126,114,89,113,53,43,68,64
"Syde1",28,35,127,111,70,104,60,104,62,71,69,62
"Slc1a6",1,1,6,4,9,3,4,4,6,3,6,2
"2610008E11Rik",5,6,16,17,20,22,20,18,13,11,20,24
"Ppap2c",9,4,47,33,30,30,14,22,17,15,17,14
"Mier2",8,4,40,49,31,29,22,38,27,15,15,24
"Shc2",21,15,126,85,84,91,76,82,62,44,72,63
"Gm16517",53,38,208,203,139,132,143,145,78,74,169,158
"Cdc34",45,32,253,125,112,127,68,73,48,48,73,97
"Gzmm",9,4,13,10,17,13,9,23,14,13,16,11
"Bsg",953,698,4614,3752,2983,3560,2805,3484,1736,1530,2918,2724
"Polrmt",5,4,21,21,22,13,17,26,10,8,11,14
"Rnf126",42,41,271,220,127,117,85,128,70,60,107,109
"Fstl3",24,23,72,68,60,78,44,61,44,29,65,64
"Prss57",2,2,6,5,7,12,9,14,11,7,4,6
"Palm",101,86,231,299,318,394,290,402,192,184,369,394
"E130317F20Rik",2,2,9,4,8,12,10,11,2,3,3,6
"Ptbp1",208,158,1031,689,670,753,578,677,460,427,420,518
"BC005764",10,5,18,11,10,16,15,11,16,9,7,8
"Prtn3",8,2,19,15,21,14,20,20,15,15,4,10
"Elane",1,2,0,0,2,0,8,0,13,0,0,0
"Med16",25,26,96,74,80,72,81,89,42,39,68,62
"C030046I01Rik",160,114,702,692,498,516,388,535,292,255,468,446
"Kiss1r",2,0,8,5,4,6,3,4,3,4,5,4
"Arid3a",2,2,8,7,14,10,14,11,6,7,7,11
"Wdr18",23,22,173,109,91,107,77,106,53,48,62,78
"ORF61",50,38,318,287,118,133,83,126,63,65,99,132
"Cnn2",79,58,232,247,228,189,197,254,107,131,173,216
"Abca7",9,6,22,23,28,21,14,33,15,7,22,20
"Hmha1",1,2,2,4,3,2,3,14,9,6,20,13
"Polr2e",80,65,494,413,303,367,250,292,173,144,272,236
"Gpx4",1000,745,4737,3868,3275,3953,3174,3760,2133,1846,2693,2555
"Sbno2",265,203,1265,755,856,1180,647,838,723,532,739,603
"Stk11",64,73,322,200,194,262,183,232,139,159,214,225
"Dos",10,10,30,22,22,33,20,30,20,21,18,21
"Atp5d",389,286,2583,2229,1606,1880,1426,1661,944,871,1466,1312
"Midn",311,210,826,662,804,1115,890,1048,622,606,585,685
"Cirbp",149,94,404,299,331,338,638,523,320,273,195,236
"1600002K03Rik",13,9,171,120,86,104,50,52,39,27,75,67
"Efna2",13,3,16,32,24,40,20,31,13,15,32,39
"Mum1",27,19,96,117,73,102,83,113,69,52,80,76
"Ndufs7",208,131,924,804,700,774,663,789,438,373,604,583
"Gamt",41,24,124,162,144,165,128,151,67,73,114,118
"Dazap1",178,109,569,478,485,518,497,600,334,291,417,402
"Rps15",2859,1992,32541,24816,16348,18119,11477,14125,10068,8752,12512,12751
"2310011J03Rik",44,47,173,191,120,130,108,114,83,63,117,106
"Pcsk4",1,0,6,2,2,2,6,1,4,1,7,0
"Adamtsl5",45,40,160,172,159,182,97,150,69,72,107,127
"Mex3d",11,11,36,33,55,37,40,40,21,26,31,34
"Mbd3",162,107,740,669,410,437,307,390,175,200,314,351
"Uqcr11",325,261,1571,1417,1116,1204,858,949,532,482,979,942
"Tcf3",73,45,211,199,165,182,149,203,91,113,140,159
"Rexo1",24,19,63,63,77,99,86,104,58,54,71,81
"Klf16",55,30,156,136,138,221,154,191,109,118,111,132
"Fam108a",69,43,307,301,167,179,147,176,68,81,134,222
"Adat3",0,0,14,7,10,8,5,5,5,4,6,7
"Scamp4",49,48,307,281,169,164,140,161,81,82,171,181
"Csnk1g2",62,48,339,360,193,188,153,216,100,93,183,181
"Btbd2",33,28,126,123,106,128,109,116,58,56,102,130
"Mknk2",125,81,423,326,338,427,327,435,245,200,325,325
"Mob3a",27,26,81,76,68,89,57,69,51,49,61,64
"Izumo4",20,18,86,69,43,67,47,58,53,36,52,54
"Ap3d1",26,26,103,95,99,119,80,120,64,56,83,89
"Dot1l",52,32,132,96,216,246,226,269,182,148,152,155
"Plekhj1",78,60,519,434,310,310,233,309,233,178,266,240
"Sf3a2",65,44,221,156,155,188,125,186,111,98,111,122
"Jsrp1",1,2,6,16,4,6,1,6,3,1,1,7
"Oaz1",1047,922,2690,2314,2873,3734,2237,3148,1458,1289,2165,2040
"Lsm7",92,97,582,443,357,387,311,334,199,184,308,342
"3110056O03Rik",12,14,81,81,35,49,34,52,33,23,57,62
"Timm13",175,119,1251,964,594,618,489,527,334,281,529,554
"Lmnb2",7,8,64,32,19,36,25,29,17,19,28,27
"Gadd45b",862,597,4573,4139,3625,4326,4040,4760,2558,2532,2873,2949
"Gng7",5,9,17,19,25,29,20,30,10,7,14,20
"Slc39a3",12,19,111,101,51,73,61,63,47,41,76,79
"Sgta",100,86,427,393,293,305,271,315,192,199,282,253
"Thop1",10,5,111,81,60,73,44,65,37,27,60,41
"Map2k2",170,111,732,670,545,634,481,550,311,294,472,504
"Zbtb7a",112,81,212,199,355,398,316,403,210,193,314,331
"Pias4",7,8,10,20,20,29,31,32,24,19,16,15
"Eef2",1951,1375,7827,6772,7013,8143,6160,7751,4336,3850,6499,6310
"Dapk3",35,37,179,174,137,136,120,163,94,75,143,136
"2310050B05Rik",6,2,0,0,4,3,3,5,0,1,1,3
"Zfr2",10,2,9,10,16,16,20,19,20,11,31,24
"Mrpl54",120,88,722,547,406,419,321,352,179,196,367,401
"Apba3",34,25,158,115,79,113,60,99,64,41,104,109
"Pip5k1c",22,25,112,98,71,84,37,56,42,39,65,66
"2510012J08Rik",16,26,84,74,59,69,49,81,47,48,56,83
"Tbxa2r",2,3,2,3,3,8,3,0,4,0,7,2
"Hmg20b",68,67,356,326,277,236,233,239,136,138,237,270
"4930404N11Rik",3,0,8,2,8,5,4,3,2,3,3,5
"Fzr1",27,22,94,88,67,82,68,74,53,46,57,70
"Dohh",79,35,354,237,194,216,176,211,112,100,173,163
"2210404O07Rik",3,0,1,5,4,7,2,2,2,4,7,6
"Nfic",172,134,388,470,611,721,487,652,349,340,581,711
"Celf5",2,3,6,3,7,7,1,4,4,5,6,5
"Ncln",33,37,313,257,172,191,156,182,103,75,125,142
"S1pr4",0,0,4,7,1,3,3,5,5,1,9,2
"Gna11",91,60,496,466,365,442,330,373,190,198,323,375
"Aes",533,388,2256,2124,1464,1491,1111,1430,651,739,1202,1301
"Tle2",15,18,40,48,49,73,47,60,32,35,39,56
"Tle6",10,13,41,41,47,52,51,61,39,16,33,42
"Sirt6",2,3,18,25,17,20,10,20,9,10,18,25
"Ankrd24",4,2,33,20,10,15,9,16,7,8,9,11
"Gm10778",10,6,9,4,12,11,7,12,7,5,9,10
"Zfp433",5,2,10,13,20,20,11,23,9,6,11,5
"Zfp781",10,3,13,15,13,16,16,12,11,7,9,11
"AU041133",0,0,2,3,10,5,4,6,1,4,2,4
"Zfp938",10,11,49,54,55,53,32,40,27,22,29,24
"1190007I07Rik",13,12,80,62,43,45,37,45,26,25,32,34
"Tdg",2,1,4,6,3,7,8,9,0,3,10,12
"Glt8d2",31,22,132,125,159,162,153,178,73,85,157,179
"Hcfc2",11,11,21,23,22,34,29,26,21,10,23,35
"Nfyb",55,47,243,171,225,275,259,256,158,125,176,145
"Txnrd1",420,296,1850,998,1653,2181,1585,1683,1256,1024,1207,906
"Eid3",10,6,29,10,37,59,34,50,30,15,29,22
"Chst11",15,6,54,37,51,37,24,18,18,14,19,37
"Slc41a2",14,10,47,31,43,41,24,33,20,22,42,16
"D10Wsu102e",14,11,93,50,57,90,55,82,35,32,48,54
"Aldh1l2",3,1,8,11,5,3,6,6,2,3,7,11
"A230046K03Rik",25,23,84,61,102,104,92,101,50,59,85,96
"Appl2",45,37,132,112,149,209,136,193,105,91,153,157
"1500009L16Rik",26,25,266,216,138,121,125,189,126,106,65,102
"Nuak1",7,6,12,23,15,24,16,16,15,12,21,27
"Ckap4",352,238,865,869,1057,975,923,1053,599,558,824,909
"Tcp11l2",119,71,567,394,361,484,514,507,207,202,354,325
"Polr3b",7,2,28,21,16,23,10,15,12,10,12,24
"Ric8b",16,13,60,57,60,42,63,58,31,37,40,48
"AI597468",74,85,248,290,257,221,249,264,141,133,220,291
"Mterfd3",1,3,5,4,2,7,7,8,5,4,8,5
"Cry1",42,37,140,103,136,187,150,184,123,107,158,148
"Btbd11",6,6,37,24,17,23,20,26,14,10,15,20
"Pwp1",15,14,109,75,72,83,75,80,47,38,52,62
"Prdm4",18,16,83,58,70,90,79,69,49,36,53,56
"D10Wsu52e",90,71,397,338,354,477,332,340,206,174,298,316
"Fbxo7",16,16,90,80,61,71,58,81,37,43,67,66
"Timp3",813,633,2647,1916,2921,3245,2336,2796,1620,1352,2290,2201
"1810014B01Rik",4,8,27,37,17,34,26,16,10,19,21,5
"Hsp90b1",757,649,3066,2815,3255,3045,2467,3155,1259,1130,2555,2325
"Nt5dc3",27,19,149,76,93,118,81,87,69,57,61,64
"Igf1",503,446,2170,1718,1760,1723,1149,1519,914,620,1434,1994
"Nup37",13,6,50,40,34,58,36,46,19,9,28,31
"Ccdc53",81,44,330,274,243,312,218,281,127,117,217,200
"Dram1",68,50,479,271,268,289,242,280,151,172,176,176
"Gnptab",6,8,60,44,29,31,22,17,17,11,22,31
"Chpt1",82,55,221,230,221,242,210,212,125,138,171,214
"Arl1",20,11,93,96,79,102,59,70,41,34,60,66
"Utp20",10,12,65,49,40,39,21,30,21,12,22,30
"Gas2l3",11,5,9,10,5,12,10,7,3,8,15,7
"Nr1h4",4,1,16,13,10,10,31,30,12,14,4,8
"Slc17a8",0,2,4,7,4,1,12,5,9,8,5,5
"Scyl2",3,1,19,9,11,20,23,10,16,11,8,9
"Actr6",6,5,25,20,22,29,18,42,17,13,17,13
"Uhrf1bp1l",23,16,129,100,101,109,83,105,54,42,79,86
"Apaf1",27,23,165,138,135,112,104,114,80,80,105,94
"Ikbip",84,49,439,449,379,411,345,392,213,203,328,364
"Slc25a3",463,307,2840,2380,2106,2458,2133,2315,1280,1093,1536,1561
"Tmpo",63,47,219,238,212,278,199,259,174,167,173,169
"Nedd1",8,7,30,28,29,28,19,39,19,15,25,15
"Cdk17",19,16,62,58,43,55,45,43,30,17,34,38
"Mir1931",23,16,32,21,48,46,50,63,34,34,42,53
"Elk3",38,31,109,109,126,103,63,102,58,56,93,101
"Lta4h",52,38,157,189,148,196,137,181,125,88,139,162
"Snrpf",314,231,2474,1597,1353,1527,1113,1337,865,646,935,1035
"Ntn4",13,5,34,30,34,28,35,50,17,18,14,17
"Gm8580",0,3,7,6,7,8,4,5,4,2,8,2
"Gm15915",0,1,8,7,2,2,2,4,1,4,0,2
"Metap2",177,121,775,556,663,688,570,628,347,289,452,523
"Vezt",7,5,34,34,18,39,26,36,15,16,37,25
"Fgd6",2,1,4,7,4,6,4,2,0,2,2,1
"Nr2c1",13,10,42,37,28,34,31,32,24,19,30,23
"Ndufa12",165,114,906,723,582,625,538,603,356,271,456,462
"Tmcc3",51,34,92,74,141,189,137,178,102,84,108,117
"4932415G12Rik",1,0,11,7,7,9,7,7,6,7,8,1
"Ccdc41",33,28,110,89,104,116,93,109,62,59,101,92
"Plxnc1",7,3,3,9,12,12,14,5,3,5,10,15
"Cradd",25,9,107,92,58,82,75,77,33,42,48,58
"Socs2",185,170,1312,903,532,615,701,984,466,466,710,894
"5730420D15Rik",1,1,2,0,2,4,3,14,3,4,6,7
"Mrpl42",110,82,612,529,373,470,350,435,218,184,359,407
"Ube2n",280,187,921,774,1041,1011,868,1034,557,538,748,792
"Nudt4",186,159,798,638,580,632,451,477,392,281,549,478
"Eea1",68,58,206,135,331,373,284,333,181,153,236,260
"Btg1",1321,1029,4739,3399,3948,4721,4119,4948,2885,2680,3882,3768
"Dcn",29558,19237,137960,120900,120195,140743,163419,164556,81322,72771,91744,92352
"Lum",1789,1466,8797,9809,6765,8964,8671,8408,3268,3057,4830,6677
"Kera",470,289,1212,1742,879,668,496,654,276,434,1978,2346
"Epyc",4,3,4,6,9,14,4,13,6,0,7,0
"Atp2b1",138,128,345,322,542,632,535,643,345,306,476,435
"Poc1b",14,17,56,45,50,62,43,61,36,32,69,34
"Galnt4",5,5,65,29,42,30,25,26,16,11,24,30
"Dusp6",45,36,161,149,141,230,160,213,95,88,173,221
"Kitl",56,61,215,122,222,241,122,124,73,102,130,122
"Tmtc3",15,8,81,56,46,55,50,56,33,30,53,49
"Cep290",5,8,14,13,40,44,44,41,21,20,32,33
"4930430F08Rik",10,6,28,23,30,40,33,30,13,17,20,23
"Nts",12,12,50,20,117,45,29,15,27,11,54,6
"Rassf9",3,2,6,4,7,16,4,7,6,4,6,8
"Slc6a15",4,3,15,6,8,18,5,5,5,4,7,2
"Tmtc2",36,35,44,38,99,113,76,55,92,62,52,37
"Gm15663",3,4,13,3,14,21,21,10,5,6,14,5
"BC067068",5,3,17,20,10,9,10,16,9,5,18,9
"Ccdc59",68,54,270,228,249,329,293,345,216,179,249,240
"Acss3",2,1,10,7,7,4,8,13,7,6,3,2
"Lin7a",10,5,41,31,35,37,30,39,26,21,40,17
"Myf5",3,2,2,3,2,4,0,7,1,0,0,3
"Ppp1r12a",80,64,134,106,273,334,304,366,206,148,255,299
"Pawr",2,3,3,1,1,3,4,1,2,8,9,6
"Nav3",4,3,17,7,13,21,18,18,14,16,21,17
"E2f7",3,2,2,4,5,5,7,5,4,10,1,4
"Csrp2",235,153,630,657,1086,1424,587,735,392,356,995,909
"Zdhhc17",19,22,50,41,52,48,36,42,31,24,43,31
"Osbpl8",26,21,100,73,103,96,76,93,53,51,73,82
"Nap1l1",227,179,1204,834,1069,1186,814,1008,601,500,742,763
"Gm5176",0,3,2,1,10,11,9,7,10,4,4,10
"Phlda1",1549,1212,5333,4444,5391,6394,6976,7832,3480,3197,4565,4238
"Krr1",24,18,113,73,59,90,70,70,49,36,66,58
"Glipr1",0,0,3,4,8,3,4,7,0,4,9,0
"Kcnc2",6,4,8,7,23,13,5,20,5,13,19,16
"Atxn7l3b",163,133,474,386,519,602,475,645,373,274,477,521
"Trhde",10,3,8,12,20,16,17,14,11,7,13,15
"Tbc1d15",63,38,293,183,187,190,200,208,121,99,173,148
"Rab21",46,48,183,127,127,124,78,97,53,76,90,133
"Tmem19",15,17,68,92,62,71,72,72,27,29,52,58
"Thap2",61,32,152,138,203,244,242,259,161,145,184,189
"Zfc3h1",35,26,118,93,138,177,136,171,110,72,122,115
"Lgr5",0,1,6,7,3,5,1,7,0,1,9,2
"Ptprr",2,1,1,2,2,10,3,5,2,1,6,0
"Ptprb",16,14,41,28,42,87,37,48,17,19,31,60
"Cnot2",33,36,161,134,137,131,134,143,86,64,116,94
"Rab3ip",26,12,68,60,51,69,46,66,41,28,55,75
"4933412E12Rik",19,13,21,22,21,27,21,28,16,27,38,18
"Cct2",131,91,906,766,639,667,559,629,291,251,483,483
"Frs2",12,6,45,43,32,42,27,37,15,16,27,30
"Yeats4",34,35,236,164,150,178,114,136,82,93,155,156
"Lyz2",16,9,115,165,49,66,86,173,22,39,60,46
"Lyz1",13,6,48,75,33,65,51,124,14,29,53,30
"Cpsf6",68,50,243,208,199,233,169,209,139,116,185,185
"Cpm",6,3,14,16,12,24,10,11,5,7,16,13
"Mdm2",100,79,374,234,336,411,295,352,224,171,250,289
"Slc35e3",14,7,55,52,28,34,21,35,14,14,33,26
"Nup107",4,2,23,35,28,34,17,34,14,12,32,23
"Rap1b",694,536,2713,1960,2584,2833,2272,2528,1614,1526,1997,1950
"Mdm1",3,5,17,15,15,12,20,24,12,20,10,18
"Dyrk2",13,2,54,37,32,33,34,44,18,31,31,21
"Cand1",54,57,253,188,205,233,184,203,102,100,167,140
"Helb",9,6,30,18,23,32,27,36,17,13,28,18
"Irak3",131,105,625,282,432,523,592,771,321,291,262,289
"Tmbim4",136,92,673,510,471,570,525,634,266,246,367,379
"Llph",137,100,744,479,484,518,390,476,219,210,304,305
"Msrb3",28,18,60,71,83,70,56,59,39,28,62,60
"Gm15910",2,2,0,1,1,1,1,1,0,0,0,1
"Lemd3",26,15,69,55,58,71,54,44,32,25,57,50
"Wif1",182,162,175,278,538,503,234,406,115,138,1320,1429
"Gns",88,59,579,433,272,334,286,335,176,171,248,238
"Rassf3",15,10,19,17,26,36,23,36,14,11,23,23
"Tbk1",36,24,136,107,114,130,110,127,98,72,80,94
"Xpot",22,18,140,95,79,101,51,78,56,33,66,60
"BC048403",2,0,15,9,5,10,7,7,6,5,9,8
"Srgap1",24,15,86,69,80,61,57,69,30,40,59,71
"Gm9079",3,3,5,2,2,4,1,5,1,2,0,2
"Tmem5",76,76,391,334,323,411,376,430,210,184,240,284
"Avpr1a",5,4,47,30,7,10,26,19,22,10,7,15
"Ppm1h",4,5,34,23,13,13,33,25,20,14,13,14
"Mon2",27,20,176,127,128,134,89,131,61,69,113,112
"Usp15",18,17,77,65,87,88,81,83,56,49,57,79
"4930503E24Rik",3,1,6,7,13,14,7,7,2,2,16,9
"Slc16a7",5,0,8,3,11,14,10,11,5,4,4,6
"Lrig3",14,19,80,65,71,92,78,70,58,38,84,72
"Xrcc6bp1",5,2,26,28,15,16,18,14,12,10,18,20
"Ctdsp2",151,118,1038,739,512,558,388,514,298,292,478,477
"Avil",2,2,4,2,3,2,2,3,1,5,4,2
"Tsfm",24,17,126,121,95,94,83,113,64,44,68,96
"Mettl1",25,18,124,81,116,129,83,110,66,53,85,130
"March9",3,2,3,5,4,7,2,3,1,4,3,8
"Cdk4",160,112,877,728,508,547,412,526,284,228,418,438
"Tspan31",139,108,640,563,457,551,436,511,287,258,437,416
"LOC100504703",9,5,16,17,20,14,14,15,14,6,22,12
"Os9",194,125,755,638,582,693,665,770,385,349,518,554
"B4galnt1",13,7,110,86,25,38,32,23,25,15,48,45
"Slc26a10",8,3,19,7,15,20,13,15,14,15,8,12
"Arhgef25",53,45,220,279,191,202,160,234,101,95,181,168
"Dtx3",149,136,503,418,440,518,415,491,274,290,425,442
"F420014N23Rik",1,0,4,7,4,11,5,6,8,3,11,7
"Pip4k2c",41,26,137,123,107,123,87,101,62,55,93,87
"Kif5a",2,2,1,4,7,10,6,7,3,4,4,5
"Dctn2",140,129,736,749,646,799,506,652,352,310,545,557
"Mbd6",15,5,53,48,32,42,28,40,22,19,36,47
"Ddit3",169,134,734,628,540,696,563,585,333,371,506,522
"Mars",19,23,126,134,93,97,120,122,50,39,81,114
"Gli1",21,11,15,22,49,51,22,32,20,18,27,25
"R3hdm2",58,51,190,155,197,173,120,161,116,77,138,128
"Stac3",0,1,12,11,7,9,2,8,8,4,7,5
"Ndufa4l2",217,82,405,514,417,500,234,366,164,178,728,733
"Shmt2",22,19,208,148,104,113,91,104,42,40,91,101
"Nxph4",3,3,9,2,2,3,5,0,6,3,5,4
"Lrp1",816,607,5755,3911,2823,3007,2183,2706,1639,1409,2321,2098
"Stat6",69,49,185,183,169,195,178,198,107,109,177,174
"Nab2",92,60,201,232,231,286,221,292,127,137,181,192
"1700012D01Rik",4,1,12,8,12,11,3,8,4,2,9,7
"Tmem194",4,3,16,14,11,12,14,9,11,6,13,8
"Zbtb39",3,5,26,14,16,29,19,17,10,14,11,13
"Prim1",8,9,24,38,30,33,45,31,22,14,31,22
"Naca",1112,868,6455,5376,5440,6171,4793,5677,3006,2549,3950,4058
"Ptges3",312,215,1695,1237,1107,1462,1064,1221,774,666,882,883
"Atp5b",796,541,3535,3120,3081,3725,3116,3573,1682,1468,2237,2337
"Baz2a",33,15,48,46,80,95,78,86,48,43,78,77
"Rbms2",74,69,478,432,321,339,224,316,197,147,264,292
"Gls2",2,1,5,6,7,8,3,6,5,1,12,10
"Spryd4",6,2,40,33,15,24,19,33,13,6,18,18
"Timeless",14,10,59,35,37,46,47,44,32,36,27,34
"Stat2",66,53,182,139,194,258,197,217,154,129,208,162
"Pan2",12,8,25,20,23,28,24,20,21,12,20,22
"Cnpy2",187,135,1186,1088,562,669,452,570,297,291,650,705
"Cs",57,38,273,261,186,203,164,188,113,98,137,144
"Coq10a",17,25,109,108,62,75,75,86,55,44,60,58
"Obfc2b",73,52,440,387,246,315,231,246,155,150,261,307
"Rnf41",20,15,91,67,71,80,71,74,25,47,63,79
"Smarcc2",40,31,209,194,150,179,159,176,94,83,134,146
"Myl6",1542,1144,8577,7569,6100,6793,5297,6031,2798,2739,4814,4985
"Myl6b",4,3,11,16,13,14,5,7,5,5,10,13
"Esyt1",75,52,357,302,229,290,223,266,163,136,221,183
"Zc3h10",20,7,54,49,34,56,45,61,40,26,31,36
"Rpl41",9320,6723,49369,38335,31939,35021,22821,28501,17232,15117,26920,25871
"Pa2g4",146,83,740,553,525,673,594,569,359,280,384,433
"Rps26",2481,1745,13226,9289,9780,10486,6249,7725,5950,5048,8110,7576
"Ikzf4",28,23,107,78,80,106,87,80,69,68,54,63
"Suox",5,7,22,35,15,26,13,30,9,8,20,22
"Rab5b",49,37,183,174,146,150,111,141,112,87,133,119
"Cdk2",19,15,46,54,55,65,50,70,32,34,60,40
"Dgka",20,23,89,90,78,92,81,69,47,38,82,91
"Wibg",23,12,65,60,60,75,70,70,42,40,62,72
"Mmp19",22,30,303,218,99,115,116,96,58,34,123,108
"Tmem198b",26,14,95,108,72,72,44,67,44,31,56,77
"Dnajc14",32,28,119,111,92,87,77,100,44,55,98,100
"Ormdl2",48,31,226,262,155,180,146,144,114,66,121,136
"Sarnp",253,172,778,723,790,899,794,829,484,425,599,636
"Cd63",2220,1658,13756,10250,8734,10661,9623,10221,5815,4950,7130,7275
"Rdh5",10,2,30,19,21,26,18,25,12,9,19,19
"Bloc1s1",306,221,1614,1342,1230,1371,987,1183,661,581,1098,1075
"Itga7",31,6,13,24,26,17,25,22,11,8,15,14
"Pisd-ps1",1,5,8,9,15,26,5,12,9,7,10,8
"Sfi1",3,5,10,10,9,16,13,16,11,6,9,12
"Eif4enif1",25,13,103,84,67,64,49,71,29,49,73,67
"Drg1",65,49,278,273,195,223,186,222,131,121,180,188
"Patz1",2,3,12,20,9,10,16,24,9,8,14,10
"Pik3ip1",19,13,118,97,79,92,72,100,62,46,77,60
"Limk2",13,15,34,35,17,30,28,22,18,24,24,17
"Rnf185",24,28,125,96,135,143,110,107,64,70,112,106
"8430429K09Rik",5,7,15,19,20,24,18,17,7,8,24,13
"Selm",692,495,3393,3436,2258,2695,2280,2720,1518,1234,2280,2419
"Smtn",49,42,196,155,137,162,109,147,100,69,163,145
"Tug1",64,42,168,129,101,162,144,154,87,77,122,110
"Morc2a",8,10,67,37,38,31,24,34,20,22,28,30
"Osbp2",2,2,19,19,10,6,6,11,13,3,9,4
"4921536K21Rik",1,2,3,1,0,2,2,1,2,4,0,2
"Dusp18",13,8,51,40,30,51,36,34,23,26,33,33
"Slc35e4",128,73,453,360,312,400,368,307,180,161,351,278
"Tcn2",93,54,529,411,269,361,276,372,178,163,208,251
"Pes1",23,26,189,133,115,104,101,116,50,52,91,82
"Mtfp1",0,0,15,5,7,8,4,3,5,1,3,5
"Sec14l2",2,2,5,2,5,9,1,7,2,5,4,2
"Rnf215",35,29,134,137,115,141,122,120,75,67,134,110
"Ccdc157",8,6,49,46,36,45,29,30,23,23,46,51
"Sf3a1",26,16,99,88,78,100,63,89,56,37,45,58
"Tbc1d10a",179,106,494,399,485,646,634,652,375,323,414,411
"Gatsl3",24,7,64,68,53,73,56,76,34,36,81,81
"Lif",23,9,182,60,70,123,146,186,119,78,27,41
"Mtmr3",31,13,90,92,78,91,64,95,53,41,42,58
"Ascc2",4,7,30,22,29,27,26,22,16,12,13,23
"Uqcr10",393,280,2040,1622,1217,1394,1061,1093,675,582,1074,1139
"Zmat5",53,35,229,265,178,182,134,201,106,85,160,189
"Nf2",13,13,95,90,68,59,57,67,51,33,49,49
"Nipsnap1",8,9,18,17,21,31,23,25,11,13,22,21
"Thoc5",15,7,68,62,56,53,51,55,25,22,40,38
"Ap1b1",15,8,66,65,27,52,38,46,23,14,42,48
"Gas2l1",62,50,297,284,187,188,136,164,109,83,176,192
"Rasl10a",2,0,21,25,12,10,7,8,5,4,8,18
"Ewsr1",194,176,674,530,641,692,638,664,365,308,535,504
"Rhbdd3",8,10,35,27,14,15,24,23,10,14,22,23
"Emid1",6,1,5,4,2,0,2,3,1,0,9,3
"Kremen1",42,30,179,146,134,149,80,101,74,68,112,109
"Znrf3",10,7,21,29,24,36,31,27,17,13,33,32
"Xbp1",419,298,2209,1629,1494,1783,1326,1681,1029,872,1285,1247
"Ccdc117",30,18,71,68,80,75,66,104,55,34,79,75
"Mrps24",138,111,894,783,457,527,396,511,293,258,450,426
"Urgcp",38,37,178,138,144,177,161,182,81,100,147,136
"2210015D19Rik",9,15,75,100,49,49,48,38,32,14,63,84
"Dbnl",43,34,198,248,148,179,140,169,82,69,133,129
"Pgam2",12,9,4,5,17,18,11,12,7,1,3,11
"Polm",3,3,18,15,12,9,14,16,8,8,18,9
"Aebp1",1161,931,5373,3634,3791,3858,4102,5030,2401,2290,2864,3245
"Pold2",26,23,124,129,95,105,79,102,75,55,65,65
"Ykt6",55,45,286,261,176,210,128,182,92,84,154,167
"Camk2b",10,8,19,18,16,20,8,13,12,10,13,18
"Nudcd3",57,52,219,156,243,283,217,251,137,154,192,199
"Rps15a-ps6",644,548,1552,1251,1512,1985,840,1368,749,564,1256,1008
"Ddx56",16,19,123,92,88,84,84,73,47,46,64,77
"Tmed4",83,72,342,304,238,326,267,349,182,184,236,245
"Ogdh",99,66,331,286,296,297,190,288,152,137,269,251
"Zmiz2",12,10,78,80,63,72,41,55,32,38,60,40
"Ppia",2249,1617,11611,9524,9169,10452,8121,9682,5106,4337,7031,7612
"H2afv",230,125,827,704,558,740,538,633,384,375,595,623
"Purb",113,66,274,218,351,329,285,357,173,194,264,293
"Myo1g",1,1,8,5,5,7,3,7,7,3,10,5
"Gm11974",52,42,367,186,229,228,206,228,150,128,121,147
"Ccm2",91,108,371,279,298,356,303,295,190,188,216,256
"Nacad",3,1,4,16,10,15,15,11,8,17,13,8
"Tbrg4",13,17,113,67,56,71,37,57,44,32,44,44
"Ramp3",9,4,10,6,11,23,23,30,34,16,16,9
"Igfbp3",634,331,1149,311,1432,1802,1053,860,805,541,809,857
"Tns3",57,42,180,205,146,171,101,130,89,87,111,132
"Hus1",2,2,6,7,7,4,4,3,5,5,5,4
"Upp1",10,10,18,9,23,32,13,14,11,9,21,10
"Vwc2",3,0,9,2,7,11,12,9,8,6,9,1
"Ddc",2,1,7,6,11,7,4,12,3,5,6,4
"Grb10",145,123,491,353,488,474,271,357,194,154,469,552
"Cobl",5,3,14,10,9,14,9,9,2,4,12,10
"Sec61g",1187,855,6529,5547,4313,4711,3493,4116,2237,2143,3585,3448
"Egfr",163,109,1244,836,492,531,605,742,427,354,377,453
"Plek",4,2,35,27,20,30,17,59,12,10,16,10
"Cnrip1",32,34,222,174,151,177,156,182,102,89,153,144
"Ppp3r1",87,71,276,273,225,253,226,271,112,103,185,242
"Pno1",27,29,159,116,104,108,86,79,38,47,74,92
"Wdr92",359,215,457,228,570,818,624,873,939,775,485,395
"C1d",114,79,499,462,365,441,397,417,182,192,341,371
"Etaa1",9,1,15,9,6,15,7,9,7,3,13,7
"Meis1",9,6,73,55,42,67,50,51,28,26,42,36
"Spred2",8,4,14,7,10,34,22,23,21,15,20,19
"Actr2",133,101,578,524,488,516,441,442,264,226,361,420
"Rab1",363,241,1485,1240,1237,1430,1060,1200,764,625,999,1009
"Cep68",7,5,14,9,14,24,16,16,11,12,19,18
"Slc1a4",14,5,24,37,42,17,14,33,19,9,35,40
"Sertad2",231,167,551,379,710,807,508,580,401,383,527,525
"Aftph",58,56,183,127,176,253,151,161,107,99,184,188
"1110067D22Rik",52,31,143,129,127,135,111,137,85,62,119,109
"Peli1",156,115,392,266,435,532,484,508,302,258,330,370
"Vps54",22,14,91,69,59,62,52,65,23,41,44,57
"Ugp2",233,214,686,705,1226,1352,1070,1212,436,430,831,879
"Mdh1",139,112,541,589,605,696,633,737,328,254,454,498
"Wdpcp",5,6,23,27,25,23,22,19,10,8,18,32
"Ehbp1",29,28,102,78,74,75,77,121,56,38,64,65
"Tmem17",3,0,26,23,15,21,15,24,11,6,23,34
"B3gnt2",227,168,900,591,830,959,1121,1296,721,618,745,672
"Commd1",139,100,624,668,530,563,486,532,263,225,470,454
"Zrsr1",9,6,46,30,69,23,40,47,23,11,18,18
"Cct4",195,135,959,838,876,1043,928,1021,527,425,681,627
"Fam161a",4,6,33,33,21,25,38,52,27,20,35,24
"Xpo1",31,25,131,101,93,94,80,89,51,55,70,83
"Usp34",66,54,168,125,292,314,236,291,148,159,219,230
"Ahsa2",47,30,188,145,179,229,176,192,108,97,126,133
"1700093K21Rik",3,2,2,4,11,1,4,2,7,1,7,4
"Gm12060",1,4,6,8,12,13,12,17,8,11,7,15
"0610010F05Rik",16,18,56,42,60,93,61,79,49,33,48,68
"Pex13",36,32,137,146,121,148,165,218,92,83,119,104
"Pus10",3,2,25,25,17,27,27,25,20,16,21,17
"Rel",37,31,52,28,174,210,136,190,115,81,139,161
"Papolg",5,6,20,13,23,21,18,17,9,8,10,13
"Fancl",3,3,11,13,23,25,29,28,12,13,21,17
"Vrk2",25,10,59,67,57,80,59,81,36,35,45,49
"Gm12070",8,6,16,20,19,43,18,27,16,8,23,16
"Ccdc85a",4,2,11,11,10,15,13,13,7,7,10,12
"Efemp1",341,305,1642,1379,1954,2326,2596,3319,1106,1026,877,998
"Pnpt1",24,17,64,45,62,83,78,76,32,23,56,44
"Smek2",55,32,113,87,146,141,126,115,82,72,104,102
"Ccdc104",52,28,199,194,221,214,193,259,115,116,153,132
"Ccdc88a",76,52,95,106,285,256,230,300,142,154,243,295
"Prorsd1",32,27,144,159,87,119,83,109,79,56,95,100
"Mtif2",12,14,30,33,60,52,48,52,45,27,34,40
"Rps27a",3144,2241,25146,19622,17115,18831,13512,16344,10055,8767,13846,13118
"Rtn4",741,561,2499,1886,2759,3425,2384,2568,1556,1472,2199,2274
"Eml6",1,3,8,5,7,7,3,2,7,2,5,2
"Spnb2",479,372,1959,1627,1871,2011,1415,1745,851,794,1544,1421
"Acyp2",37,38,234,200,228,243,156,217,110,115,173,154
"Psme4",37,30,122,98,122,118,89,121,77,51,94,101
"Erlec1",88,65,348,290,268,294,310,344,167,148,269,281
"Asb3",16,15,53,69,66,91,92,101,40,40,64,45
"Chac2",9,10,27,43,33,47,32,29,25,14,36,40
"Stc2",5,2,44,16,8,36,5,13,3,7,17,18
"Bod1",67,52,298,249,202,226,145,171,113,88,188,188
"Cpeb4",3,4,9,6,16,31,15,15,14,16,10,16
"Snrnp25",20,12,64,67,48,54,36,41,33,21,50,50
"Rhbdf1",117,93,431,371,320,337,263,332,187,165,265,287
"Mpg",33,30,166,178,113,137,120,144,87,67,92,116
"Nprl3",13,3,44,30,22,27,12,27,13,10,14,20
"Hba-a1",0,10,0,0,0,1,2,2,0,9,0,1
"Sh3pxd2b",76,57,515,322,235,227,160,260,113,134,197,239
"Ubtd2",89,73,293,238,225,260,215,235,100,127,208,223
"Stk10",9,3,12,16,20,24,6,13,11,9,6,4
"Fbxw11",44,38,209,149,143,163,98,150,75,81,115,111
"Fgf18",67,49,68,87,178,181,148,238,74,84,157,253
"Npm1",664,485,3999,2615,3298,3799,3134,3361,1908,1548,2206,2229
"Lcp2",0,1,12,8,3,4,3,9,2,2,8,4
"Slit3",86,74,930,553,336,389,415,489,327,259,250,205
"Pank3",45,28,161,126,129,140,103,96,78,57,87,95
"Rars",39,26,149,129,151,175,147,146,89,65,74,84
"Odz2",34,10,23,23,26,36,40,26,23,17,23,17
"Mat2b",68,54,268,295,220,237,226,279,144,127,209,199
"Nudcd2",37,24,195,166,120,132,124,141,66,43,117,152
"Ccng1",60,29,180,172,143,173,97,148,91,86,128,140
"Gabrb2",2,6,0,0,8,7,2,1,0,0,8,9
"Pttg1",138,117,570,489,509,691,535,655,350,302,401,393
"Slu7",36,19,97,110,113,144,109,150,82,60,110,99
"C1qtnf2",114,101,241,313,340,352,251,320,117,129,337,411
"Pwwp2a",49,37,130,96,153,200,165,153,105,110,136,131
"Ttc1",35,40,160,130,110,140,121,137,84,72,89,98
"Adra1b",14,10,50,53,43,55,42,91,41,33,32,23
"Ublcp1",19,15,101,106,106,88,86,116,63,53,86,77
"Rnf145",91,52,238,197,222,218,191,211,117,134,232,201
"Ebf1",98,78,241,191,382,448,452,543,279,278,300,324
"Clint1",99,76,434,353,318,319,308,352,203,173,320,294
"Lsm11",12,5,37,27,21,24,30,35,14,11,26,33
"Thg1l",2,2,4,0,6,7,2,3,1,6,1,6
"Adam19",25,18,76,127,85,99,77,76,49,49,125,101
"Cyfip2",2,1,5,3,1,1,7,6,6,3,6,1
"Med7",101,60,270,220,234,363,290,286,171,136,264,268
"Sgcd",4,4,12,14,11,13,15,19,10,14,10,11
"Gnb2l1",898,631,12154,9569,5601,5943,3693,4755,3280,2776,4297,4172
"Trim41",18,3,37,37,38,47,33,37,34,24,29,30
"Irgm1",292,209,499,262,666,1119,925,807,508,535,510,405
"Tgtp1",2,2,3,3,2,10,7,5,2,3,0,4
"Tgtp2",6,5,4,1,3,14,13,11,5,10,6,5
"Ifi47",60,43,94,45,119,239,221,243,96,115,132,117
"Zfp62",17,12,49,38,62,77,57,52,34,40,53,60
"Mgat1",94,71,331,306,245,289,241,265,153,129,229,227
"Flt4",0,2,8,2,2,6,6,4,6,2,4,8
"Cnot6",34,21,49,43,105,100,95,115,57,54,71,101
"Gfpt2",1270,889,5431,3567,5388,6594,6427,7447,3510,3188,3336,3151
"Mapk9",38,34,158,162,144,161,125,155,90,70,105,97
"Rnf130",137,122,551,458,450,508,345,455,251,209,282,364
"Tbc1d9b",30,31,149,166,108,117,103,168,82,67,102,128
"3010026O09Rik",3,2,9,12,10,7,9,6,5,5,6,3
"Sqstm1",1235,872,3339,2659,4509,5557,4427,4694,2371,2329,3003,2601
"Mgat4b",38,30,246,199,112,135,91,119,75,60,96,110
"Ltc4s",2,2,16,26,43,13,5,7,2,7,24,8
"Maml1",47,28,154,113,118,121,101,126,66,55,95,85
"Canx",370,286,1565,1308,1227,1214,958,1219,577,487,1012,913
"Hnrnph1",280,251,1498,1143,1197,1502,829,958,692,552,800,811
"Rufy1",13,21,72,93,56,70,67,64,42,43,69,61
"Adamts2",236,177,1205,915,645,644,588,742,312,327,747,806
"Zfp354c",6,4,25,27,23,16,17,23,16,11,18,33
"Zfp2",4,2,10,14,13,19,9,19,11,10,8,17
"Zfp354a",1,2,5,6,12,6,2,5,6,7,3,3
"Clk4",74,49,270,237,226,280,327,287,164,135,206,205
"Col23a1",10,7,14,25,14,26,24,27,17,15,17,19
"Agxt2l2",9,1,39,35,31,46,60,56,36,24,32,45
"Hnrnpab",289,233,1821,1150,1173,1292,946,1077,679,570,865,804
"Nhp2",203,128,1319,646,578,618,457,613,285,269,350,440
"Rmnd5b",26,29,99,106,75,80,83,106,63,59,63,85
"N4bp3",14,14,69,66,60,69,31,40,40,31,49,56
"0610009B22Rik",20,9,84,95,67,67,52,82,38,28,66,87
"Sec24a",34,34,130,123,132,119,96,134,56,71,116,114
"Sar1b",94,73,472,396,356,385,341,404,219,176,266,317
"Phf15",19,12,70,61,43,53,28,61,28,29,35,39
"Cdkn2aipnl",12,9,31,36,24,30,23,26,21,17,28,27
"Ube2b",379,226,1523,1164,1234,1401,1223,1297,768,692,1041,1007
"Cdkl3",3,3,3,12,10,9,7,17,11,14,13,12
"Ppp2ca",237,206,1122,804,746,889,767,892,475,413,530,647
"Skp1a",240,180,792,639,681,858,660,725,387,323,537,633
"Vdac1",104,76,569,554,452,501,392,484,267,214,375,405
"9530068E07Rik",217,166,971,984,780,772,680,791,408,401,688,767
"Hspa4",92,88,380,300,421,485,380,452,201,201,281,281
"Zcchc10",21,9,84,56,54,75,62,64,29,27,42,49
"Aff4",148,93,422,267,498,460,405,442,297,264,358,319
"Uqcrq",324,216,2219,1754,1156,1138,861,969,630,535,985,990
"Gdf9",8,4,16,11,19,11,10,9,7,5,7,12
"Shroom1",1,1,4,3,4,6,4,11,2,5,6,3
"Sept8",48,39,216,227,205,173,78,143,78,82,156,171
"Kif3a",33,34,52,53,103,113,108,119,50,60,86,87
"Rad50",8,10,42,33,64,82,76,89,55,52,71,62
"Irf1",966,616,2241,2002,2455,3329,3277,3949,1888,1942,2254,2363
"Gm12216",233,98,415,414,382,405,440,453,266,322,438,411
"Slc22a5",35,19,95,79,94,120,92,128,70,71,66,71
"Slc22a21",6,3,22,14,27,44,25,20,11,21,11,20
"Slc22a4",7,7,23,20,29,24,27,20,15,12,21,18
"Pdlim4",265,177,947,1093,823,931,644,863,404,398,776,749
"P4ha2",96,61,306,368,357,389,320,391,147,128,281,315
"Csf2",11,12,1,1,1,30,0,24,0,1,18,28
"Fnip1",85,56,236,157,302,322,173,236,161,115,232,213
"Rapgef6",55,32,164,128,222,225,171,187,125,110,155,153
"Cdc42se2",56,41,208,145,164,202,156,202,122,106,138,153
"Lyrm7",2,1,8,9,2,6,1,7,5,4,6,8
"Hint1",625,472,4539,3319,2928,3140,2367,2781,1769,1473,2073,2131
"Gpx3",7343,4611,31772,20714,17517,22683,13223,18295,13483,10016,15836,9653
"Tnip1",107,64,613,244,237,229,165,217,145,127,162,156
"Anxa6",172,127,533,639,620,748,565,709,336,258,536,564
"Ccdc69",1,0,5,12,6,4,4,4,6,10,2,2
"Gm2a",220,149,852,762,527,699,633,687,395,344,561,542
"Slc36a1",6,7,34,19,19,8,15,14,10,6,24,14
"Sparc",8118,4887,20628,27613,13450,10801,9991,13112,3921,4773,30960,36215
"Atox1",605,496,3318,2884,2183,2309,1874,2313,1075,1063,1661,1799
"G3bp1",240,163,1047,660,779,952,766,841,463,393,568,577
"Fam114a2",43,41,195,183,204,214,173,189,86,96,183,198
"Mfap3",10,12,59,52,45,52,55,68,31,23,39,37
"Galnt10",16,15,65,67,49,50,25,46,24,26,57,57
"Sap30l",43,19,270,218,99,116,79,99,64,50,99,100
"Larp1",56,41,267,164,187,191,118,159,106,83,142,141
"Cnot8",23,20,87,112,75,73,67,110,55,31,84,76
"Gemin5",4,3,35,25,19,16,17,18,12,8,10,16
"Mrpl22",21,12,97,107,73,88,53,78,48,33,50,67
"Gm12250",3,8,8,6,15,31,41,38,29,28,15,19
"Igtp",62,55,162,98,155,267,177,188,132,163,110,115
"Irgm2",57,42,131,84,120,189,129,136,63,106,92,92
"Zfp692",9,9,41,31,33,37,32,28,13,18,26,30
"Zfp672",27,11,116,67,91,65,59,74,55,38,40,70
"Sh3bp5l",7,7,30,41,30,37,39,41,19,24,32,37
"2810021J22Rik",1,0,7,6,6,6,6,8,6,1,3,3
"Zfp39",2,1,11,10,6,5,8,5,6,8,8,8
"Rnf187",173,118,799,662,539,596,450,574,330,266,453,506
"Hist3h2a",18,17,77,73,52,81,69,66,56,53,78,49
"Trim11",9,10,57,56,42,52,34,65,37,20,47,44
"A230051G13Rik",5,2,6,8,3,6,3,8,1,4,8,8
"Gjc2",3,1,18,21,17,20,18,11,10,7,23,10
"Guk1",108,88,525,445,409,394,284,319,170,162,309,319
"2610507I01Rik",7,4,14,13,20,16,16,15,15,9,15,19
"Mrpl55",35,34,218,205,125,146,108,127,71,54,106,134
"2310033P09Rik",20,19,101,90,90,102,95,104,51,55,79,69
"Arf1",668,504,2985,2499,2444,2789,2345,2672,1550,1281,2044,2036
"Wnt9a",22,20,49,58,83,123,89,77,57,48,77,71
"Snap47",23,19,76,131,121,182,116,158,60,52,115,144
"Jmjd4",0,1,6,7,6,4,1,2,5,2,1,2
"Zfp867",2,5,11,8,10,6,4,13,9,10,8,11
"Zkscan17",25,11,85,93,51,64,51,59,40,34,49,49
"4933439C10Rik",8,3,33,27,18,23,35,23,24,11,20,23
"Mprip",208,144,696,591,520,508,407,533,280,257,447,565
"Flcn",26,24,97,75,60,90,85,95,43,45,56,67
"Gm16062",3,2,45,34,23,29,16,14,11,12,24,11
"Cops3",36,25,159,146,155,150,132,154,82,73,141,140
"Nt5m",15,19,90,79,51,51,27,42,42,28,47,64
"Med9",26,19,145,156,74,93,80,74,49,42,79,76
"Rasd1",38,20,108,91,94,169,231,192,115,153,43,61
"Pemt",8,2,42,29,29,24,22,25,11,4,26,15
"Rai1",18,13,56,41,58,54,38,59,21,23,41,46
"Srebf1",40,26,130,190,153,167,138,182,94,81,124,161
"Tom1l2",33,18,149,109,78,119,71,90,62,58,76,74
"Atpaf2",15,13,78,74,48,70,54,71,32,35,53,54
"4933439F18Rik",27,36,156,135,110,131,101,116,75,66,163,126
"Drg2",30,15,152,121,101,134,121,130,58,43,103,95
"Alkbh5",177,147,463,340,457,546,427,442,354,240,384,386
"Llgl1",16,13,79,93,66,56,45,63,48,40,51,56
"Flii",49,62,210,199,232,265,274,266,135,125,182,178
"Smcr7",2,3,12,14,12,4,6,16,10,5,3,6
"Top3a",3,3,11,14,9,10,7,13,2,6,9,8
"Smcr8",16,10,49,59,32,42,26,38,22,24,37,29
"Dhrs7b",16,14,104,110,77,86,63,93,52,30,64,76
"Tmem11",167,87,620,432,450,546,428,425,307,245,364,378
"Gm16515",4,0,16,10,6,14,10,12,9,11,12,11
"Gm16516",11,5,45,34,27,28,19,24,22,18,31,15
"Map2k3",225,200,991,636,733,870,629,736,451,407,594,618
"Usp22",40,25,177,143,128,127,113,117,89,74,108,106
"Aldh3a1",6,6,37,17,29,19,34,19,10,10,15,17
"Aldh3a2",27,21,130,123,98,118,79,117,57,55,97,89
"Slc47a1",5,2,7,2,4,2,13,11,14,3,4,4
"Rnf112",0,2,0,4,2,6,1,5,3,3,2,11
"Mfap4",830,724,2506,3114,2152,2445,1575,2152,861,1161,3328,3782
"Mapk7",16,10,51,39,38,68,28,54,36,31,42,41
"B9d1",26,26,155,159,126,142,103,138,68,56,102,113
"Epn2",44,27,113,140,148,184,126,175,105,99,137,144
"Grap",14,5,46,38,48,33,37,42,30,23,49,47
"Fam83g",4,3,5,7,6,6,9,4,8,4,6,4
"Prpsap2",8,9,65,55,47,64,51,55,24,29,45,42
"Ulk2",32,29,152,128,104,109,89,97,67,57,98,108
"Akap10",8,6,31,15,23,17,23,29,23,20,16,24
"Specc1",4,4,7,6,11,8,6,10,4,5,15,11
"Adora2b",64,61,405,243,369,390,303,501,162,124,238,260
"Zswim7",13,10,90,61,54,46,50,67,26,33,49,43
"Ttc19",12,12,51,45,51,41,43,42,30,27,32,43
"Ncor1",123,128,304,263,429,558,504,581,319,270,460,530
"Pigl",1,0,4,7,4,11,5,2,11,7,6,8
"Cenpv",19,14,99,97,57,92,57,69,40,40,51,37
"Ubb",5220,3690,13431,10922,16142,21831,18127,20237,10032,8908,13644,13159
"Gm1821",1532,1241,1753,1538,3108,4864,2635,3432,2031,1725,3637,2846
"Trpv2",4,3,19,10,13,15,22,9,3,11,13,9
"2410006H16Rik",355,255,1790,1438,1157,1498,1099,1243,832,794,1041,1112
"BC046404",14,14,71,56,48,45,29,32,16,30,41,42
"Mmgt2",23,21,58,55,59,69,41,51,28,31,90,81
"Zfp287",2,1,10,6,6,9,4,3,7,7,4,4
"Zfp286",3,2,11,13,9,11,11,8,7,3,10,8
"Trim16",43,32,131,100,185,263,234,288,114,120,100,99
"Fbxw10",4,1,12,7,28,44,30,31,21,21,22,14
"Fam18b",67,53,291,290,210,222,215,243,128,127,197,221
"Pmp22",657,511,2365,2441,2460,2731,2313,2892,1498,1364,2135,2382
"Hs3st3b1",6,2,58,36,9,15,21,29,12,13,14,20
"Cox10",12,8,55,39,40,46,39,40,28,15,39,39
"2810001G20Rik",14,2,77,59,51,60,42,53,36,33,49,51
"Hs3st3a1",3,7,18,21,17,26,20,13,10,10,24,23
"Elac2",4,9,8,10,10,10,12,18,5,4,12,11
"Arhgap44",8,7,33,23,36,39,20,20,14,13,19,28
"Map2k4",26,18,93,87,78,61,63,74,37,40,63,55
"Zkscan6",7,5,36,33,28,27,22,33,21,16,19,28
"Tmem220",3,2,0,0,2,2,3,4,4,1,4,1
"2310004I24Rik",9,8,46,52,48,41,32,50,33,22,37,42
"Sco1",6,6,30,28,16,23,20,24,19,15,17,21
"Myh4",2,2,3,2,5,8,3,5,2,3,0,1
"Gas7",312,284,661,609,638,761,502,767,274,309,489,680
"Stx8",34,28,224,223,200,201,198,246,103,91,167,171
"Ntn1",222,133,634,590,707,655,474,465,318,282,428,393
"Pik3r5",1,8,38,18,18,10,6,12,7,7,19,8
"Pik3r6",6,2,5,5,2,15,2,2,2,2,14,6
"Ccdc42",0,5,2,1,6,4,1,3,1,1,6,3
"Myh10",35,28,85,115,138,150,86,114,57,56,113,130
"Ndel1",202,171,778,654,725,882,681,855,492,420,647,598
"Rpl26",45,21,25,19,49,56,19,28,64,40,67,50
"Arhgef15",5,2,17,6,8,22,8,10,7,20,7,11
"Slc25a35",9,7,13,17,20,23,14,30,8,9,29,38
"Rangrf",38,14,175,124,101,104,79,77,58,38,65,83
"Pfas",13,10,31,34,30,26,27,28,23,12,26,24
"1500010J02Rik",3,5,25,14,11,17,21,20,8,9,19,19
"2310047M10Rik",50,27,177,161,145,183,160,181,133,116,126,148
"Tmem107",100,60,322,339,284,324,192,250,144,117,226,244
"Vamp2",108,60,322,257,299,350,300,299,181,176,239,262
"Per1",68,45,228,218,161,202,167,234,90,106,128,172
"Aloxe3",0,2,5,2,1,10,4,1,1,3,3,1
"Cntrob",2,0,5,6,4,8,6,10,6,4,6,7
"Trappc1",30,20,184,183,152,139,90,123,58,63,126,89
"A030009H04Rik",2,1,3,1,2,8,3,4,4,1,4,9
"Chd3",77,63,93,64,217,257,212,240,108,123,155,204
"Lsmd1",95,82,510,537,410,466,302,385,192,172,353,409
"Tmem88",98,42,259,138,241,317,293,255,174,184,191,175
"Kdm6b",1409,1001,2766,1784,3818,4470,3724,3657,2670,2346,2656,2549
"Efnb3",7,2,10,10,10,12,8,7,5,4,4,5
"Wrap53",10,5,19,16,15,19,14,17,9,8,21,24
"Trp53",103,52,380,400,426,497,395,451,238,179,284,319
"Atp1b2",13,3,21,23,14,15,10,16,6,9,10,20
"Sat2",7,3,49,32,21,36,22,33,16,7,17,22
"Fxr2",52,48,158,139,140,122,82,118,70,79,104,100
"Mpdu1",26,29,164,153,110,115,118,146,76,76,99,103
"Cd68",6,4,38,20,21,26,21,27,14,14,16,17
"Eif4a1",1639,1044,6050,3601,5610,7519,6425,6515,3570,2964,3661,3664
"Senp3",39,30,151,124,110,118,99,113,66,60,87,102
"Tnfsf12",147,110,822,735,579,600,408,597,320,342,467,577
"Polr2a",6,3,8,9,12,18,13,13,13,7,12,11
"Zbtb4",53,55,159,143,215,224,168,204,138,119,158,151
"Chrnb1",10,8,41,33,43,39,36,27,28,17,49,32
"Spem1",2,0,5,2,3,5,5,3,1,4,3,5
"Nlgn2",35,21,151,121,92,124,73,83,58,62,73,76
"1810027O10Rik",309,222,1138,1126,1042,1157,838,966,574,481,832,863
"Plscr3",64,50,222,233,205,220,180,207,108,118,170,161
"Tmem95",2,4,0,2,7,6,3,7,7,5,6,6
"Kctd11",52,34,231,198,148,173,175,170,76,123,178,171
"Acap1",4,1,8,5,5,10,2,4,5,5,7,2
"Neurl4",6,3,31,22,14,23,15,10,17,4,10,15
"Gps2",67,44,230,208,172,210,166,200,111,127,127,141
"Eif5a",1736,1227,9053,5820,5977,7394,5790,7653,4225,4163,4318,4022
"Slc2a4",1,0,5,8,1,3,6,4,1,0,6,1
"Rai12",67,47,355,282,288,315,181,267,152,127,218,215
"Ctdnep1",121,75,569,508,224,292,169,254,120,138,220,222
"Gabarap",1367,929,7499,6370,4977,6213,4274,4861,3282,2751,4383,4228
"Phf23",134,90,376,344,385,487,360,404,259,213,330,317
"Dvl2",12,14,51,50,59,72,48,63,38,36,36,44
"Acadvl",106,55,427,397,379,427,423,472,227,180,350,294
"Dlg4",23,23,75,77,78,82,53,94,47,49,62,92
"Mgl2",0,1,3,5,8,7,7,9,4,2,9,6
"Slc16a11",2,1,2,4,1,5,7,10,1,4,1,1
"Bcl6b",10,6,14,13,33,27,12,27,17,21,9,14
"0610010K14Rik",89,65,482,356,314,351,296,314,197,147,323,324
"Rnasek",311,202,2110,2057,1427,1535,1286,1459,815,699,1122,1182
"Alox12",2,1,2,12,4,5,11,5,2,2,5,2
"Pelp1",18,13,47,54,47,65,32,61,23,34,48,31
"Arrb2",13,4,45,54,32,28,28,36,21,17,32,28
"Med11",17,11,65,64,55,48,33,43,27,26,48,45
"Cxcl16",111,64,468,358,328,407,220,252,205,163,293,284
"Zmynd15",2,4,15,12,11,7,5,8,11,7,16,13
"Vmo1",2,0,9,14,4,6,6,5,11,1,8,9
"Psmb6",255,246,1670,1367,1280,1463,1188,1348,735,598,1014,1045
"Pld2",16,16,51,50,51,64,52,64,30,30,55,44
"Mink1",15,14,60,41,59,43,35,51,28,27,47,39
"Slc25a11",63,76,260,315,243,236,183,230,132,148,225,224
"Rnf167",89,57,209,205,205,243,175,186,133,117,194,192
"Pfn1",1367,976,5921,5187,4104,4352,3363,4119,2098,1970,3339,3412
"Eno3",19,20,40,65,43,65,45,48,27,16,40,35
"Spag7",71,62,304,330,308,276,242,297,146,162,248,201
"Camta2",17,14,62,67,36,48,28,51,31,33,35,30
"Kif1c",46,39,157,139,121,145,83,118,52,66,109,87
"Rabep1",54,29,91,75,155,183,139,168,80,75,118,142
"Nup88",21,16,92,93,78,92,65,85,50,50,55,72
"Rpain",54,35,242,190,190,229,169,185,127,97,153,131
"C1qbp",111,90,892,564,464,507,390,457,294,198,325,359
"Dhx33",14,13,98,60,53,47,41,48,29,25,30,38
"Derl2",54,52,257,311,198,225,184,193,123,93,174,196
"Mis12",5,2,16,27,29,33,17,32,24,18,18,17
"6330403K07Rik",13,11,46,59,37,74,35,52,27,24,35,31
"Pitpnm3",3,4,0,1,3,7,2,5,3,5,2,3
"4933427D14Rik",4,1,21,15,7,13,10,12,9,5,15,12
"Txndc17",281,180,1628,1375,1133,1209,826,1015,532,501,889,889
"Med31",38,26,172,170,180,202,178,172,136,82,128,126
"4930563E22Rik",0,0,1,2,3,5,6,3,4,6,6,2
"Xaf1",69,59,198,181,171,262,193,241,131,141,190,150
"Smtnl2",4,6,17,10,24,16,18,26,16,19,28,33
"Mybbp1a",50,39,330,205,188,174,132,166,89,82,127,121
"Spns2",0,2,6,2,4,5,0,3,6,2,3,4
"Ube2g1",87,45,169,184,238,223,187,206,105,104,175,199
"Ankfy1",26,21,118,110,93,88,53,75,42,54,60,64
"Cyb5d2",8,5,27,22,13,16,11,15,9,4,23,14
"Zzef1",19,14,71,53,64,65,64,66,45,43,53,66
"Atp2a3",9,2,10,10,12,17,10,11,8,8,9,6
"Camkk1",8,7,38,49,50,54,24,30,15,10,39,48
"1200014J11Rik",20,8,36,53,42,61,40,59,34,27,23,37
"P2rx5",5,3,24,16,3,7,3,12,7,5,12,13
"Tmem93",93,76,601,384,360,384,313,322,166,194,266,284
"Tax1bp3",141,109,449,488,492,540,408,545,264,247,445,457
"Ctns",16,8,48,45,21,31,27,31,33,17,28,25
"Shpk",3,2,5,12,8,11,12,14,7,9,7,11
"Aspa",7,5,34,38,31,47,83,62,34,25,16,24
"Rap1gap2",9,3,36,31,10,11,17,20,19,13,24,24
"1300001I01Rik",17,7,161,63,47,85,46,40,30,24,26,44
"Pafah1b1",325,207,829,610,1110,1328,1056,1058,727,594,832,835
"Mettl16",21,14,90,87,84,121,97,89,54,61,58,67
"Mnt",15,16,47,44,58,46,49,45,34,31,45,34
"Sgsm2",19,20,63,95,83,113,53,78,34,40,85,83
"Tsr1",35,24,188,91,96,125,80,74,56,39,67,75
"Srr",23,15,74,60,43,36,36,54,31,34,30,47
"Smg6",27,33,215,177,101,111,88,116,67,60,77,85
"Hic1",77,49,213,268,144,229,171,222,129,106,165,156
"Ovca2",3,1,12,7,8,11,4,17,5,8,5,12
"Rtn4rl1",14,16,37,46,47,74,47,74,30,32,45,52
"Rpa1",24,16,73,91,91,99,100,126,55,35,82,78
"Smyd4",10,1,28,23,22,18,23,28,17,7,16,22
"Serpinf1",4987,3343,16710,17675,16708,17622,14525,17068,6123,6959,18724,19663
"Wdr81",6,3,28,16,13,13,7,18,11,13,10,11
"2210403K04Rik",91,88,488,322,386,499,347,398,173,225,386,394
"Tlcd2",31,21,58,53,95,91,48,76,36,43,60,85
"Prpf8",41,35,228,192,165,190,106,147,104,80,135,111
"Rilp",13,5,32,57,27,33,22,49,14,15,29,30
"Scarf1",7,1,6,5,11,13,5,7,5,8,5,8
"Slc43a2",10,6,23,27,15,13,8,11,8,9,16,22
"Pitpna",131,96,672,562,442,437,330,405,190,218,320,415
"Inpp5k",30,12,84,69,68,98,95,88,51,42,63,60
"Myo1c",133,75,475,445,335,312,204,275,169,166,289,261
"Crk",246,175,802,579,760,866,639,689,468,398,657,591
"Ywhae",590,391,2397,1950,2143,2548,2203,2347,1381,1159,1774,1728
"Doc2b",3,2,10,3,0,5,2,1,2,2,9,7
"Fam101b",86,61,121,101,161,187,128,158,120,91,229,272
"Vps53",19,19,92,104,100,90,84,112,56,46,89,84
"Gemin4",4,2,16,8,14,9,2,8,9,5,9,8
"Glod4",66,47,199,226,205,295,230,291,112,99,173,171
"Rnmtl1",15,24,98,70,72,82,83,82,44,28,43,46
"Nxn",23,13,119,119,51,72,36,63,29,27,66,91
"Timm22",28,16,142,137,85,104,73,95,59,51,95,89
"Abr",13,7,32,22,31,22,22,19,11,12,26,26
"Gosr1",19,14,72,53,54,64,51,71,33,30,51,35
"Cpd",73,52,302,257,239,264,186,249,138,116,226,182
"Tmigd1",2,3,6,4,14,16,13,12,7,8,20,10
"Blmh",31,35,192,219,169,133,132,182,70,78,163,162
"Slc6a4",2,0,2,5,5,6,3,7,3,0,2,0
"Ccdc55",52,25,99,81,120,133,188,182,88,87,114,144
"Ssh2",51,30,257,161,199,191,154,189,108,107,150,146
"Ankrd13b",2,4,28,28,11,8,8,10,3,2,11,10
"Git1",36,18,165,113,85,122,63,93,52,55,67,78
"Trp53i13",72,52,266,282,212,282,205,273,142,123,270,254
"Abhd15",0,2,10,7,4,4,5,5,5,5,3,3
"Taok1",96,68,235,192,318,316,241,309,181,170,237,233
"Nufip2",193,125,424,241,485,509,400,496,289,246,369,388
"Myo18a",5,6,24,25,36,29,22,24,18,19,27,29
"Phf12",21,18,82,70,44,64,53,76,44,36,60,42
"Dhrs13",8,3,29,33,34,37,20,40,17,23,22,30
"Flot2",110,73,343,377,290,352,255,262,164,172,269,236
"Eral1",7,7,52,63,36,41,27,35,21,18,29,37
"BC017647",9,20,42,24,56,74,50,59,31,36,54,50
"Traf4",65,31,156,145,151,202,136,190,105,122,181,157
"Nek8",11,5,14,22,23,31,20,30,7,21,27,30
"Tlcd1",23,10,60,55,33,44,36,60,26,19,53,66
"Rpl23a",4315,3126,32244,25493,22873,25073,17838,21519,13613,11791,16852,16962
"Rab34",112,99,604,543,386,386,351,429,243,202,338,381
"Proca1",4,6,4,11,9,22,9,14,8,7,18,20
"Supt6h",37,30,193,112,114,121,111,118,76,64,90,97
"Sdf2",124,100,598,579,423,447,322,395,252,229,388,411
"2610507B11Rik",55,41,188,149,188,169,125,137,86,80,127,141
"Pigs",21,20,110,127,75,87,61,69,38,32,105,87
"Unc119",14,10,29,32,40,45,25,36,24,17,49,57
"Slc46a1",8,1,12,19,12,15,7,19,5,7,14,14
"Sarm1",2,2,12,4,2,5,4,8,2,5,5,6
"Vtn",124,55,545,554,381,410,667,563,335,236,337,418
"Tmem199",8,2,40,38,18,29,23,37,23,19,19,23
"Poldip2",50,31,212,177,125,145,129,165,92,77,104,104
"Tnfaip1",71,58,188,200,245,217,211,290,130,144,174,200
"Ift20",130,98,727,692,548,561,365,488,260,227,526,579
"Tmem97",21,19,122,157,95,105,75,107,38,44,92,112
"Nlk",2,5,28,7,22,24,12,23,19,12,17,10
"Fam58b",21,16,131,124,80,86,77,87,52,42,60,69
"1810012P15Rik",4,0,7,12,8,8,11,5,6,3,10,11
"Nos2",2,0,6,2,4,1,1,2,1,4,3,0
"Lgals9",118,103,378,317,381,483,340,510,221,247,367,354
"Wsb1",339,221,881,702,1011,1391,1207,1180,682,645,756,832
"Nf1",51,27,112,110,139,151,119,147,79,78,110,116
"Evi2b",0,1,4,1,1,4,3,5,5,3,6,2
"Evi2a",5,3,23,35,25,21,27,27,15,18,21,24
"Utp6",13,18,72,64,51,79,50,46,51,31,38,63
"Suz12",26,16,89,49,75,81,74,107,48,39,66,51
"Crlf3",25,16,97,77,64,87,78,104,60,47,70,65
"1110002N22Rik",3,1,13,14,11,17,12,8,3,8,17,15
"Adap2",2,1,5,3,7,0,15,9,10,3,7,10
"Rnf135",8,5,26,22,10,19,16,21,10,14,17,13
"Rhot1",24,24,106,80,98,93,92,101,56,39,70,81
"Rhbdl3",17,9,48,40,33,39,45,37,23,35,28,44
"5730455P16Rik",16,12,28,32,56,51,39,57,26,28,32,57
"Zfp207",94,76,486,387,300,380,341,386,222,203,297,285
"Psmd11",104,99,317,247,429,523,469,490,278,247,364,371
"Cdk5r1",3,3,23,16,17,19,22,18,26,13,10,14
"Myo1d",51,23,121,100,95,115,48,63,60,54,73,61
"Tmem98",13,11,45,27,18,25,15,22,22,9,21,24
"Ccl2",3800,2493,26970,11890,13902,18123,18413,17333,10737,10253,11292,10133
"Ccl7",2706,2429,32787,13906,12362,15678,16018,17605,9823,8421,11024,10088
"Ccl11",2386,1773,14402,11016,11862,12601,13224,16461,11146,7614,8430,7626
"Ccl12",0,0,11,7,4,4,3,0,0,1,3,5
"Ccl8",111,57,692,350,364,399,144,287,101,84,295,264
"Zfp830",34,23,104,91,129,124,137,129,98,63,93,99
"Lig3",6,9,62,35,31,25,26,27,25,13,27,30
"Rffl",24,32,202,115,78,95,95,112,59,76,72,67
"Rad51l3",7,7,40,50,30,35,44,32,19,21,37,29
"Nle1",21,10,115,75,74,62,60,57,34,37,51,48
"Unc45b",22,6,54,43,44,65,29,53,23,32,43,38
"Slfn5",224,196,670,508,829,884,669,892,417,400,752,717
"Slfn9",3,1,3,2,7,11,7,23,7,4,12,7
"Slfn8",28,26,79,39,64,120,87,115,67,54,52,65
"Slfn10-ps",6,2,2,4,8,13,5,6,5,8,4,4
"Slfn2",30,20,94,55,68,111,66,140,46,54,115,81
"AI662270",2,2,7,4,3,3,7,5,7,2,1,2
"Pex12",7,5,40,27,21,28,20,27,19,9,9,23
"Ap2b1",58,50,278,245,217,267,136,221,125,115,198,221
"Mmp28",1,3,8,5,3,7,1,6,1,3,9,10
"Taf15",28,32,136,103,156,204,135,186,80,98,140,132
"Ccl5",2,10,55,23,4,28,39,83,62,51,22,9
"Ccl9",2,9,90,143,45,53,81,125,16,22,52,40
"Ccl6",15,7,114,117,31,44,32,88,23,22,36,32
"Ccl3",0,0,26,20,11,11,10,22,7,2,12,10
"Ccl4",3,5,20,29,18,22,18,48,12,22,22,21
"Gm11428",4,9,133,108,26,36,34,63,25,17,35,22
"1100001G20Rik",0,0,12,3,0,2,21,2,7,0,1,0
"Heatr6",11,8,44,51,96,87,84,108,49,45,41,47
"Ddx52",24,16,81,76,93,120,126,99,68,59,66,87
"Synrg",11,8,21,15,33,40,43,36,23,24,26,26
"Dusp14",12,8,58,116,29,63,105,125,63,73,36,53
"Tada2a",5,5,30,38,31,32,38,53,23,22,37,29
"Acaca",22,9,105,70,64,61,50,71,33,33,34,56
"Aatf",15,13,83,66,68,72,75,110,45,37,34,36
"Mrm1",3,4,39,25,27,27,21,12,23,8,14,19
"Dhrs11",4,4,28,37,17,13,8,22,12,11,15,21
"Ggnbp2",136,94,437,308,417,518,461,515,302,260,333,355
"Pigw",3,0,11,10,9,11,3,10,5,3,8,9
"Myo19",4,0,21,7,7,10,9,6,3,0,7,13
"Znhit3",22,27,148,121,122,151,133,137,89,84,98,93
"Car4",12,2,46,22,46,29,20,15,27,14,46,27
"Usp32",19,11,46,43,59,73,58,74,48,24,40,55
"Appbp2",41,25,119,77,193,201,254,271,131,103,146,149
"Ppm1d",26,21,90,80,71,92,76,110,51,35,56,65
"Bcas3",11,9,29,29,36,37,38,39,21,21,32,30
"Tbx2",12,7,42,25,13,13,21,37,18,15,24,36
"Ints2",13,5,40,34,26,43,18,28,13,9,24,13
"Med13",100,80,334,242,319,372,225,280,169,178,262,249
"Rnft1",93,80,356,329,291,341,292,306,185,150,264,276
"Rps6kb1",96,91,312,183,330,409,367,355,230,188,265,294
"Tubd1",1,1,12,14,7,3,8,15,14,4,8,10
"Vmp1",137,132,1348,1000,597,777,922,984,667,560,580,514
"Ptrh2",12,10,92,61,49,42,43,38,30,33,43,38
"Cltc",146,121,677,608,495,550,373,462,242,264,356,379
"Dhx40",18,25,113,94,77,84,80,88,77,48,72,67
"Ypel2",7,7,34,30,33,38,33,34,17,20,36,16
"Gdpd1",9,12,25,32,25,28,28,28,24,14,20,17
"1200011M11Rik",8,10,44,23,20,21,21,32,18,17,14,10
"Fam33a",7,8,13,20,13,17,6,11,11,11,10,19
"Trim37",13,9,41,33,35,42,24,36,16,23,39,25
"Sept4",48,35,228,177,188,232,223,252,134,140,184,173
"Mtmr4",7,7,54,38,29,29,17,37,18,24,18,25
"Supt4h1",65,52,492,473,268,327,275,260,214,137,258,270
"Mpo",0,0,21,10,2,0,9,2,11,0,1,0
"Mks1",4,1,7,11,7,11,7,7,4,5,5,7
"Dynll2",104,116,412,365,386,483,369,453,231,238,283,370
"Srsf1",128,81,486,364,414,438,374,475,330,283,291,324
"Vezf1",161,100,495,314,562,530,395,504,317,249,402,455
"2210416O15Rik",1,2,9,3,2,8,9,5,2,6,2,13
"Cuedc1",66,47,184,203,203,238,171,189,130,122,200,208
"Mrps23",23,24,200,187,137,129,100,100,73,75,91,111
"Msi2",33,24,91,66,118,121,104,116,58,61,90,81
"Akap1",17,7,53,54,46,57,33,47,29,19,29,36
"Scpep1",204,111,513,473,572,740,588,741,360,333,534,533
"Coil",4,2,26,16,27,26,21,17,14,9,22,21
"Trim25",41,39,171,91,114,147,91,92,60,64,93,68
"Dgke",2,3,9,6,6,11,6,9,6,7,4,3
"Gm525",18,65,137,48,43,118,56,36,19,29,346,228
"Nog",2,2,11,6,13,11,10,14,6,9,15,9
"Tmem100",184,123,391,457,779,691,554,685,290,228,555,688
"Mmd",15,16,95,81,28,49,59,60,34,28,36,50
"Hlf",24,23,69,54,75,95,82,98,58,46,50,78
"Stxbp4",5,2,22,12,29,28,27,31,21,12,22,32
"Cox11",14,15,75,58,38,55,45,41,34,19,46,44
"Tom1l1",7,2,11,8,18,16,11,11,5,5,13,11
"Utp18",43,25,163,124,137,185,128,153,78,62,83,111
"Mbtd1",50,23,183,88,158,154,136,135,106,78,120,120
"Nme2",1272,994,10513,7957,5662,6481,4495,4954,2954,2591,5066,5113
"Nme1",185,162,1771,1076,845,872,665,749,412,338,579,666
"Spag9",160,124,545,395,679,708,536,657,351,306,504,521
"Tob1",212,153,479,473,566,807,601,534,346,377,549,605
"Wfikkn2",3,0,5,7,12,6,9,3,4,8,1,4
"Luc7l3",84,55,202,153,361,392,320,367,242,189,304,245
"Ankrd40",56,38,222,181,121,106,69,108,44,62,108,155
"Cacna1g",23,14,94,116,67,56,37,48,17,30,64,71
"Rsad1",8,1,24,21,26,37,37,40,19,18,18,16
"Acsf2",21,9,46,55,57,60,66,82,34,45,71,66
"Chad",2021,1160,2307,2970,2788,3024,1164,1591,989,1097,5468,5491
"Lrrc59",160,125,989,644,575,630,460,547,310,277,456,505
"Mrpl27",80,60,397,413,267,322,267,306,126,137,292,307
"Xylt2",16,10,47,71,39,36,41,40,33,19,47,50
"Col1a1",8023,4843,11720,16713,6573,5239,4132,6548,1673,2844,21622,21857
"Ppp1r9b",39,37,149,135,124,113,73,126,62,59,94,136
"Samd14",19,20,72,102,87,109,61,106,41,55,57,71
"Pdk2",15,7,48,35,22,39,29,45,29,8,40,32
"Itga3",3,4,1,1,4,5,4,4,1,1,1,3
"Myst2",27,17,101,107,71,68,49,71,46,49,54,57
"Fam117a",12,10,35,56,44,43,44,62,22,44,24,34
"Slc35b1",99,86,707,619,385,379,290,309,165,153,339,329
"Spop",239,213,985,745,705,800,772,901,538,461,711,738
"Nxph3",0,0,18,14,5,1,8,10,5,4,1,0
"Ngfr",16,12,10,12,46,54,14,19,11,12,8,34
"Phb",112,102,808,610,438,512,339,485,240,235,387,403
"1110035M17Rik",0,2,6,6,2,7,2,0,4,4,0,9
"B130006D01Rik",0,2,5,2,7,6,4,7,6,2,5,4
"Zfp652",5,4,17,13,18,16,25,20,12,4,20,25
"Phospho1",10,4,40,38,34,33,21,28,15,18,25,22
"Abi3",2,4,15,13,16,15,12,17,10,10,13,8
"Gngt2",102,73,443,310,441,619,323,368,178,185,245,184
"4833417C18Rik",1,1,13,8,7,11,6,6,10,4,9,6
"Snf8",85,56,581,410,292,310,224,303,174,164,247,245
"Ube2z",66,45,308,244,208,234,160,202,96,96,165,183
"Atp5g1",289,207,2303,1676,1109,1123,864,1019,520,469,895,911
"Hoxb9",0,1,2,1,0,2,2,1,5,4,1,0
"Hoxb7",1,3,13,5,8,3,5,4,5,2,1,3
"Hoxb4",4,2,9,5,13,26,28,15,10,8,9,16
"Hoxb3",6,2,5,6,3,3,2,4,1,2,3,1
"Hoxb2",8,5,29,33,12,19,27,30,17,13,9,25
"Hoxb1",2,2,4,0,1,2,3,1,2,2,0,4
"Snx11",12,6,51,46,44,38,31,37,35,18,43,40
"Cbx1",15,18,35,22,78,96,84,104,46,39,81,85
"Gm11517",11,10,33,18,24,30,19,33,19,7,29,31
"Nfe2l1",129,88,504,413,335,370,296,391,203,189,293,328
"Copz2",250,180,774,940,694,805,628,738,352,393,739,837
"Cdk5rap3",56,51,281,309,210,207,220,225,107,75,224,210
"Pnpo",7,1,25,23,11,12,16,19,4,8,11,7
"D030028A08Rik",2,3,11,7,10,10,11,7,4,6,7,5
"Sp2",30,27,101,107,121,146,99,116,92,58,116,106
"Scrn2",4,3,29,30,25,31,23,27,11,8,16,21
"Mrpl10",34,17,147,143,98,115,92,113,63,32,86,89
"Osbpl7",4,2,7,13,7,8,8,13,2,10,5,4
"Tbkbp1",9,4,32,18,17,26,15,15,15,11,21,10
"Kpnb1",90,60,396,314,314,313,212,283,175,148,186,245
"Npepps",100,78,311,258,394,426,396,421,273,233,326,291
"Mrpl45",21,13,83,77,71,73,68,75,36,35,65,52
"Socs7",28,25,90,50,77,117,97,71,55,44,66,58
"Arhgap23",43,31,167,108,106,113,81,93,74,62,92,84
"Srcin1",2,4,0,1,1,1,0,0,1,0,2,2
"E130012A19Rik",20,9,56,40,46,53,35,59,50,31,47,40
"Mllt6",43,28,190,126,143,137,105,124,92,81,95,114
"Cisd3",60,36,286,247,156,190,118,174,121,96,171,128
"Pcgf2",14,12,32,44,35,48,18,44,28,23,33,41
"Psmb3",224,148,1192,1162,872,969,957,1075,482,391,697,704
"Pip4k2b",14,7,52,39,55,53,26,35,27,29,42,42
"Cwc25",18,18,53,36,79,83,93,81,46,34,51,59
"Rpl23",2975,2037,35073,26666,19347,20805,13046,16605,11309,9796,14889,14555
"Lasp1",101,95,303,367,398,419,306,469,209,211,390,367
"B230217C12Rik",9,3,48,57,31,42,19,28,24,20,30,25
"Plxdc1",3,10,27,52,25,24,22,26,12,10,39,40
"Arl5c",11,6,8,17,18,13,16,28,21,11,17,25
"Cacnb1",9,5,10,14,16,12,16,11,7,8,17,19
"Rpl19",2890,2098,24978,19459,14875,16557,11833,14587,9672,8417,12070,12120
"Fbxl20",19,19,93,70,68,65,60,73,35,35,78,59
"Med1",49,34,170,134,175,187,169,131,95,81,169,154
"Cdk12",73,59,161,98,262,355,271,310,188,132,251,220
"Ppp1r1b",0,0,9,11,0,0,3,9,10,6,1,0
"Stard3",13,18,112,85,60,63,51,66,46,33,55,47
"Tcap",14,17,12,9,15,43,13,23,41,9,3,19
"Pgap3",2,0,14,15,3,6,1,6,3,4,6,5
"Erbb2",12,8,31,39,26,24,25,34,17,13,30,25
"1810046J19Rik",120,101,611,587,404,496,331,398,235,217,381,373
"Ormdl3",63,57,203,185,167,206,139,185,96,98,192,169
"Psmd3",73,58,489,365,252,321,273,365,179,127,251,261
"Csf3",23,36,73,11,33,99,57,35,63,38,235,20
"Med24",6,7,45,30,36,28,38,42,24,18,28,32
"Thra",34,28,98,127,166,227,165,198,105,133,161,200
"Nr1d1",28,23,164,181,121,91,84,93,48,56,94,91
"Msl1",54,38,155,135,142,172,128,166,109,87,107,143
"Casc3",21,22,111,92,71,95,66,66,54,53,53,58
"Wipf2",23,16,69,51,73,87,60,67,43,41,49,68
"Cdc6",9,11,65,47,47,46,48,45,34,17,41,34
"Rara",42,25,118,148,100,115,75,123,66,66,82,97
"Top2a",12,0,3,2,1,0,1,4,2,14,1,4
"Igfbp4",1293,840,13742,11996,5948,6837,5231,7535,5380,4129,3818,4302
"Ccr7",0,0,1,0,7,4,11,16,25,6,20,8
"Smarce1",92,74,327,269,271,348,317,361,145,153,249,267
"Krt10",51,25,154,163,168,172,135,103,76,47,156,160
"Krt23",0,0,3,0,0,4,11,8,7,2,8,3
"Krt36",4,1,3,5,6,18,5,11,7,6,11,6
"Krt15",1,5,2,0,0,0,0,2,2,0,8,0
"Krt19",28,18,12,19,65,47,34,50,13,25,32,49
"Krt14",122,77,0,0,1,0,1,2,3,0,110,0
"Krt17",91,34,0,0,0,1,0,1,5,0,59,0
"Eif1",5784,4022,28439,20050,22684,29296,20931,22535,15149,12678,17517,17544
"Hap1",4,1,5,6,3,9,5,5,3,3,4,1
"Jup",113,82,424,509,387,435,421,425,250,212,341,363
"Leprel4",81,77,360,444,294,338,219,268,152,148,309,339
"Fkbp10",136,76,525,673,333,362,323,373,169,174,411,472
"Nt5c3l",40,38,168,164,126,183,136,159,94,76,120,137
"Klhl11",2,1,5,2,9,8,10,9,8,4,2,9
"Acly",80,85,503,398,329,383,332,429,205,183,213,275
"Cnp",37,23,96,108,71,87,106,122,76,74,65,78
"Dnajc7",65,54,187,173,226,262,258,280,188,134,171,197
"Nkiras2",16,8,61,57,35,62,38,48,22,25,61,48
"Zfp385c",1,1,3,9,6,7,7,6,5,4,5,11
"Dhx58",5,9,31,30,27,46,30,50,21,16,37,20
"Kat2a",12,15,78,78,62,60,56,60,35,33,58,50
"Rab5c",165,135,835,641,587,662,471,652,409,351,498,475
"Ghdc",12,5,13,19,43,53,35,44,20,22,39,32
"Stat5b",37,33,144,132,115,135,93,134,110,70,113,119
"Stat5a",54,45,270,124,158,207,141,157,92,72,170,114
"Stat3",396,291,1487,835,1412,1598,1416,1639,959,931,1088,995
"Ptrf",773,599,3567,3348,2624,2901,1698,2270,1357,1205,2197,2140
"Atp6v0a1",25,21,85,79,60,77,64,61,50,41,64,54
"Naglu",61,46,223,229,113,177,138,180,80,64,135,155
"Coasy",14,16,84,93,45,48,50,61,21,23,63,61
"Mlx",25,17,100,102,93,104,98,128,64,66,104,86
"Psmc3ip",8,2,15,25,15,21,14,26,16,10,18,18
"Fam134c",20,16,94,72,60,84,59,68,43,42,67,63
"Tubg1",15,5,56,63,32,31,27,41,18,17,42,35
"Tubg2",3,5,17,19,9,16,10,10,5,4,10,14
"Plekhh3",29,21,33,86,85,111,86,96,62,52,69,72
"Cntnap1",1,0,14,9,11,17,7,8,9,7,7,5
"Ezh1",22,18,106,89,67,73,70,81,57,38,80,54
"Ramp2",326,305,1461,1621,1308,1813,1291,1513,915,758,1204,1118
"Vps25",77,56,389,389,232,273,242,271,134,123,203,231
"Ccdc56",83,83,443,422,272,302,241,303,138,114,261,337
"Becn1",96,64,437,316,252,280,210,284,170,123,208,210
"Psme3",60,50,334,203,183,201,149,154,97,89,115,140
"Aoc2",1,5,37,11,20,21,16,16,5,7,13,13
"Aoc3",12,6,56,68,41,48,41,64,26,29,59,64
"Aarsd1",50,32,204,206,150,209,180,221,89,80,133,125
"1700113I22Rik",4,4,38,30,10,19,12,20,6,5,8,12
"Rundc1",22,14,56,47,50,84,59,67,58,33,42,38
"Rpl27",1660,1180,13444,10339,8204,9060,6519,7904,4925,4130,6346,6375
"Ifi35",89,64,425,297,287,390,227,309,191,209,284,237
"Vat1",353,250,1564,1373,1160,1395,1147,1343,643,670,931,903
"Nbr1",33,30,144,134,93,119,88,130,72,57,98,80
"Tmem106a",25,24,152,152,91,104,80,125,76,63,82,97
"Rdm1",45,33,128,140,157,231,188,187,98,96,126,117
"Arl4d",55,33,298,193,234,314,281,352,179,174,199,209
"Dhx8",6,6,21,28,28,33,21,21,17,12,27,19
"Etv4",21,8,113,86,47,60,36,39,21,32,95,112
"Meox1",73,51,518,626,342,465,227,385,178,208,495,508
"Dusp3",158,119,377,306,382,427,342,385,263,243,339,278
"Cd300lg",20,9,107,56,60,103,87,68,85,78,28,35
"Mpp2",6,2,9,7,8,9,9,9,4,6,7,11
"Tmem101",7,9,36,40,36,31,17,31,17,18,25,29
"Lsm12",42,24,173,113,235,219,207,231,124,133,172,174
"G6pc3",33,22,250,196,115,175,131,165,69,62,119,108
"Hdac5",52,44,274,210,158,231,167,184,131,105,153,130
"Tmub2",18,20,130,123,81,101,79,94,49,55,74,88
"Atxn7l3",18,10,104,77,66,72,49,56,53,50,46,48
"Ubtf",77,63,371,317,328,285,229,335,164,151,220,279
"Slc25a39",65,46,283,216,158,163,107,148,83,74,179,172
"Grn",362,227,1263,1220,1024,1085,989,1148,563,522,1031,1049
"Fam171a2",23,16,82,95,33,31,28,43,19,14,55,54
"Itga2b",23,15,143,144,65,79,36,69,35,31,77,89
"Gpatch8",32,29,83,63,142,152,142,173,84,86,105,128
"Gm11627",5,3,10,14,7,12,11,9,4,7,21,13
"Fzd2",44,25,67,58,63,106,66,91,36,41,74,87
"2810433D01Rik",4,1,4,12,6,6,5,7,6,3,18,23
"Ccdc43",13,13,70,52,64,67,65,67,36,45,61,57
"Gjc1",55,35,147,102,131,139,148,188,80,74,102,153
"Higd1b",4,0,3,2,2,3,1,4,4,0,4,6
"Eftud2",25,14,129,98,86,92,81,94,36,44,54,74
"2410004I01Rik",3,2,12,13,12,12,6,14,4,4,7,6
"Dcakd",28,25,122,129,75,89,81,105,57,40,105,117
"Nmt1",43,30,112,87,135,144,121,135,81,54,99,82
"Plcd3",24,16,45,56,65,72,65,81,57,34,50,65
"Acbd4",17,25,122,122,95,104,98,100,72,57,83,77
"Hexim1",84,42,219,176,202,247,201,198,112,125,171,170
"Fmnl1",33,21,61,66,120,147,92,127,76,65,85,94
"1700023F06Rik",5,12,19,20,27,44,23,28,17,12,26,30
"Map3k14",20,15,88,70,60,65,43,59,60,31,62,64
"Arhgap27",1,2,6,14,6,9,6,11,3,5,3,6
"Plekhm1",5,7,21,16,9,8,7,12,8,4,10,11
"Rprml",2,3,32,14,9,3,6,6,2,1,11,2
"Gosr2",41,35,205,170,120,167,124,170,81,73,112,137
"Nsf",15,13,45,56,64,79,63,64,37,32,64,56
"Arf2",55,34,120,145,162,193,136,161,91,103,81,127
"Mapt",4,2,11,10,15,12,13,9,9,6,11,14
"1700081L11Rik",43,47,130,114,134,149,94,109,74,87,111,124
"Cdc27",33,30,101,89,89,114,82,90,46,56,89,76
"Myl4",4,5,42,34,28,36,33,33,16,24,27,36
"Itgb3",24,20,74,61,77,64,40,53,35,31,50,92
"Mettl2",19,22,85,41,87,89,71,77,40,43,42,74
"1700052K11Rik",2,1,15,10,6,7,8,8,5,8,2,9
"Tlk2",21,16,106,85,86,88,63,98,45,36,78,76
"Mrc2",104,92,618,576,340,337,252,307,154,192,388,433
"Tanc2",9,12,31,37,53,53,34,46,29,23,43,51
"Cyb561",34,30,416,256,113,111,95,120,80,48,133,92
"Ace",331,357,3469,2519,1242,1275,1541,2099,1014,847,1042,1048
"Dcaf7",29,30,142,110,82,106,83,103,46,49,75,87
"Map3k3",14,12,27,25,50,48,38,45,27,33,36,49
"Limd2",13,12,64,67,48,37,39,56,37,36,61,47
"Strada",3,5,37,31,21,15,14,24,10,13,16,14
"Ccdc47",40,44,194,150,178,214,223,233,146,99,172,167
"Ddx42",31,22,91,91,125,112,121,127,87,51,98,90
"Ftsj3",36,25,180,110,139,137,119,126,52,71,73,103
"Psmc5",107,87,698,678,526,573,436,598,299,243,405,423
"Smarcd2",54,40,218,219,149,178,181,189,118,110,171,170
"Cd79b",0,2,1,0,3,8,3,8,16,31,19,14
"Icam2",10,4,32,23,24,40,14,34,20,16,29,18
"Ern1",1,1,5,2,4,11,3,3,5,2,6,8
"Tex2",17,13,98,82,65,72,49,47,34,28,53,43
"Pecam1",26,15,93,55,69,106,67,99,34,80,49,56
"Gm885",20,7,23,27,43,38,27,16,25,21,29,23
"Polg2",10,10,40,40,34,40,33,35,36,17,28,24
"Ddx5",2091,1407,6389,4601,7279,9915,8490,8592,4857,4105,5856,5188
"Ccdc45",6,1,22,15,18,19,25,20,11,16,17,11
"Smurf2",63,55,207,155,194,229,158,225,133,130,136,157
"Kpna2",54,35,197,105,184,207,156,178,91,73,122,128
"1810010H24Rik",11,7,33,23,33,28,43,66,24,25,18,43
"Bptf",70,62,265,209,267,308,247,284,184,171,270,262
"Nol11",26,16,94,67,77,105,88,94,57,33,55,88
"Pitpnc1",50,36,51,47,86,92,100,94,69,66,66,72
"Psmd12",68,41,292,302,315,334,335,376,207,161,275,252
"Helz",14,10,38,44,45,47,40,35,23,33,39,41
"Prkca",88,85,426,326,367,406,371,420,257,254,299,355
"Ccdc46",12,9,11,16,30,42,35,50,25,24,23,26
"Axin2",5,0,3,3,3,8,4,11,1,2,4,1
"Gm11696",1,1,6,2,5,10,4,13,6,2,9,5
"Gna13",204,160,672,487,688,773,649,671,499,484,601,540
"Amz2",30,26,143,130,110,135,85,98,67,58,101,106
"LOC100503496",12,7,32,31,37,37,23,28,5,15,38,26
"Slc16a6",7,3,15,12,18,16,20,20,16,6,6,18
"Arsg",6,9,18,25,12,14,14,23,8,8,11,16
"Wipi1",34,42,189,170,123,162,118,145,85,82,152,161
"Prkar1a",256,197,1038,943,933,1003,980,1089,570,468,751,787
"Fam20a",25,20,103,136,87,91,79,110,39,46,81,94
"Abca8b",36,28,249,210,218,242,236,287,213,143,137,115
"Abca8a",379,310,1927,1746,1435,1560,1454,1655,955,887,1138,1237
"Abca9",39,36,111,102,142,194,170,175,133,91,150,143
"Abca6",39,43,175,117,175,249,300,257,157,113,108,99
"Abca5",32,19,54,72,101,122,76,107,77,53,61,72
"Map2k6",5,2,17,10,20,19,21,26,14,6,13,19
"Kcnj2",3,0,5,4,4,3,8,3,1,6,5,4
"Sox9",41,45,190,114,144,187,148,169,106,102,115,127
"2610035D17Rik",10,4,50,33,26,43,46,48,20,20,27,16
"Slc39a11",6,6,41,51,23,34,24,33,13,16,32,31
"Cog1",16,12,40,54,51,54,39,63,29,31,51,43
"D11Wsu99e",244,184,1042,730,787,817,751,902,500,448,675,632
"D11Wsu47e",2,3,20,16,15,13,8,15,10,3,7,16
"Cdc42ep4",54,53,262,203,181,281,222,251,142,141,182,148
"Rpl38",2893,2003,18587,14267,12934,14452,7987,10805,7607,5906,9066,8582
"Ttyh2",40,29,168,226,106,121,76,107,29,45,88,110
"Dnaic2",3,0,6,5,6,5,1,5,3,3,13,7
"Kif19a",1,0,4,9,4,9,3,3,0,4,9,20
"Gprc5c",1,1,0,1,0,0,0,2,0,3,7,6
"Cd300a",0,1,2,7,3,3,1,7,3,2,3,7
"Slc9a3r1",24,13,118,68,75,131,99,148,91,64,59,38
"Nat9",24,16,112,114,62,87,73,56,48,38,60,76
"Tmem104",5,3,29,27,13,15,14,10,7,2,15,13
"Fdxr",3,4,39,28,21,33,21,26,23,16,20,29
"C630004H02Rik",6,5,4,7,0,5,10,5,6,4,6,6
"Cdr2l",64,68,297,249,200,248,249,231,162,141,162,202
"Ict1",52,43,258,260,138,137,152,178,99,72,140,172
"Atp5h",444,347,3255,2871,2237,2402,1891,2138,1265,1040,1741,1785
"Kctd2",24,23,130,131,72,62,46,66,44,38,61,74
"Armc7",0,5,15,8,6,4,8,5,5,13,4,9
"Nt5c",54,36,363,339,228,244,174,235,112,123,192,218
"Hn1",404,282,1548,1154,1289,1759,1678,1997,951,878,964,945
"Sumo2",597,465,3017,2542,2291,2522,1987,2275,1305,1119,1855,2084
"Nup85",32,20,72,79,62,67,57,87,39,34,57,65
"Gga3",8,2,30,25,15,14,6,12,8,9,14,18
"Mrps7",72,55,362,273,204,232,199,225,136,133,201,205
"Mif4gd",44,33,156,171,148,158,120,180,83,104,180,166
"Slc25a19",14,17,80,78,46,62,34,56,32,36,57,60
"Grb2",69,48,344,254,200,219,164,238,127,118,167,159
"2310067B10Rik",11,7,32,40,25,37,20,18,13,14,21,28
"Caskin2",6,4,15,19,15,13,19,28,11,7,11,22
"Tsen54",6,6,31,17,16,19,18,22,9,11,14,17
"Recql5",5,2,12,6,6,10,4,9,4,4,4,5
"2210020M01Rik",3,6,1,1,1,0,2,7,5,5,1,2
"Sap30bp",10,6,78,57,47,59,49,64,33,18,51,43
"Itgb4",110,30,51,59,50,44,41,50,24,20,32,51
"Galk1",33,31,211,223,155,149,160,179,76,77,119,126
"H3f3b",3374,2553,13378,9233,10857,14153,12778,13409,7860,7318,8830,8561
"Unk",12,7,54,44,28,27,17,39,22,18,28,29
"Wbp2",76,57,274,249,213,265,238,292,163,154,221,210
"Trim47",144,83,469,527,418,504,386,434,245,259,349,416
"Mrpl38",39,31,215,184,116,117,103,127,98,79,121,116
"Fbf1",9,1,31,24,16,21,12,22,13,10,18,6
"Acox1",27,34,103,102,101,142,107,120,91,68,82,92
"2310004N24Rik",43,35,163,153,149,168,141,144,78,68,156,166
"Srp68",58,44,281,283,182,222,155,170,110,109,161,193
"Galr2",5,6,21,41,13,26,13,19,5,13,20,34
"Exoc7",42,18,117,140,112,135,125,140,74,57,102,88
"Rnf157",1,0,16,17,11,7,13,12,4,4,4,12
"Fam100b",37,45,139,113,112,146,108,167,72,63,129,119
"Prpsap1",57,43,228,250,185,230,179,231,117,96,160,163
"Sphk1",203,158,1051,594,400,554,463,455,333,287,552,508
"Ube2o",25,17,81,69,73,80,66,66,47,37,59,60
"Rhbdf2",6,9,34,39,27,35,14,28,23,24,32,16
"Cygb",495,419,1903,1574,2214,2563,1952,2370,1416,1168,1532,1498
"Gm11744",10,5,66,74,48,45,47,47,34,27,46,43
"1810032O08Rik",40,38,272,144,142,170,154,152,103,85,129,103
"St6galnac2",14,10,40,40,56,62,38,40,30,27,44,54
"Mxra7",203,118,761,813,637,815,479,643,316,296,714,704
"Jmjd6",74,61,268,218,272,294,257,272,144,126,193,196
"1110005A03Rik",44,45,285,292,233,230,184,233,120,117,217,208
"Srsf2",619,497,2471,1634,1940,2554,2085,2140,1605,1213,1443,1602
"Mfsd11",19,16,85,103,59,70,59,63,41,43,45,48
"2810008D09Rik",17,15,93,68,41,57,41,61,31,32,52,41
"Sec14l1",103,63,354,287,309,349,248,290,224,151,290,257
"Sept9",25,24,112,114,55,55,47,42,28,31,49,66
"2900041M22Rik",7,8,23,47,23,41,29,24,7,13,32,38
"Tnrc6c",53,45,156,142,158,177,123,183,97,96,156,172
"Tmc6",9,12,69,46,34,37,31,39,13,19,47,37
"Syngr2",52,35,309,260,163,174,146,195,90,98,173,176
"Afmid",12,3,21,14,28,23,17,32,13,12,21,25
"Birc5",8,0,18,10,2,4,3,7,3,9,3,2
"Tha1",3,1,11,8,5,6,4,3,3,1,4,3
"Socs3",2853,1746,12381,9840,7540,9874,11833,14189,8342,7389,8338,7691
"Pgs1",45,39,307,226,142,167,123,161,102,79,103,126
"Cyth1",33,21,72,57,75,85,73,108,56,51,60,60
"Usp36",30,27,91,47,78,76,62,73,39,40,60,57
"Timp2",2798,2053,12788,11040,8399,9380,7850,9942,4876,4852,7262,7945
"BC100451",7,3,26,21,14,13,22,14,6,7,14,19
"Lgals3bp",83,59,519,440,195,260,185,254,113,100,293,254
"Cant1",25,22,168,154,74,80,72,122,51,50,106,107
"C1qtnf1",131,115,369,370,425,428,247,330,162,174,375,492
"Gm11747",2,4,5,4,11,9,3,5,4,3,9,26
"Engase",26,27,45,62,82,76,45,73,24,29,68,118
"Rbfox3",1,0,4,4,4,2,8,8,5,3,0,2
"Cbx8",1,2,6,12,7,11,9,6,6,2,10,11
"Cbx4",42,24,104,90,96,170,92,124,75,72,84,106
"Tbc1d16",10,12,25,19,28,35,28,27,14,13,29,26
"Gaa",174,145,986,863,533,640,520,644,313,325,548,514
"Eif4a3",71,46,372,321,311,395,333,383,194,155,227,243
"Card14",0,4,63,42,11,13,32,26,34,20,16,16
"Sgsh",5,1,48,29,31,22,14,21,17,11,17,26
"Slc26a11",4,8,70,46,32,45,51,36,20,18,22,38
"A730011L01Rik",9,5,41,26,31,42,17,23,12,9,27,12
"Nptx1",0,1,8,5,1,5,2,4,1,7,8,10
"Rptor",8,11,53,54,38,41,23,27,16,24,29,46
"Chmp6",32,26,140,152,84,87,65,95,46,56,79,86
"Baiap2",120,95,589,434,390,526,387,395,230,251,404,448
"Aatk",7,2,2,9,6,7,6,8,2,7,3,7
"Azi1",3,4,19,15,9,15,7,9,8,5,16,8
"2410002I01Rik",3,3,17,16,5,12,5,6,2,6,8,5
"1810043H04Rik",80,77,652,489,293,354,251,258,168,137,274,299
"Slc38a10",101,73,483,479,325,323,307,363,179,173,335,349
"Bahcc1",6,1,37,35,27,25,23,20,20,14,21,18
"Actg1",3383,2249,14977,15502,17615,18815,12137,18223,9453,9229,11865,12038
"0610009L18Rik",16,5,47,46,31,56,29,23,22,17,46,22
"2310003H01Rik",13,9,53,45,26,30,28,40,16,15,44,42
"Nploc4",14,19,115,89,65,64,43,59,35,38,64,59
"1810049H13Rik",2,2,30,31,15,12,5,10,7,4,13,9
"Ccdc137",21,10,63,46,38,52,26,44,23,22,31,27
"Arl16",11,12,60,56,41,42,31,43,29,20,52,55
"Hgs",34,36,132,152,117,128,100,118,89,66,103,88
"Mrpl12",78,57,590,417,268,320,276,284,175,152,227,251
"Slc25a10",6,8,42,42,26,21,16,30,26,11,24,28
"Fam195b",142,118,942,923,492,492,405,480,280,244,544,609
"P4hb",399,329,2776,2371,1351,1309,920,1164,610,673,1163,1153
"Arhgdia",413,308,1922,1793,1376,1585,1099,1459,817,721,1151,1100
"Alyref",129,98,656,448,420,424,394,423,215,187,273,305
"Anapc11",237,170,1063,982,686,791,543,724,374,317,744,749
"Pcyt2",23,22,78,121,81,127,54,143,85,65,80,100
"Sirt7",14,15,94,89,80,89,67,80,48,52,58,54
"Mafg",120,102,438,274,470,518,400,522,342,269,394,403
"Pycr1",5,2,5,11,6,8,4,3,0,1,10,9
"Notum",1,0,3,14,11,1,0,5,0,1,2,2
"Aspscr1",40,24,130,150,100,145,131,133,50,68,116,109
"Stra13",152,96,600,566,397,467,350,446,249,215,411,430
"Lrrc45",12,13,92,75,45,69,48,55,38,34,43,65
"Rac3",17,14,42,32,40,63,27,45,26,26,29,40
"Dcxr",18,20,65,73,54,71,47,67,40,34,47,66
"Cbr2",3,2,13,14,2,12,2,7,3,3,5,2
"Rfng",41,23,136,148,102,113,102,97,53,62,119,138
"Gps1",80,77,397,348,251,307,211,242,156,122,243,246
"Dus1l",12,13,55,47,30,34,31,46,30,22,29,36
"Fasn",41,36,199,163,145,142,87,128,77,78,99,118
"Ccdc57",3,2,11,6,5,10,10,16,6,9,8,5
"Slc16a3",11,6,37,36,50,44,73,80,34,37,26,36
"Csnk1d",183,142,760,566,654,781,557,728,430,442,511,473
"Uts2r",13,10,4,23,21,18,9,12,1,11,44,62
"1110031I02Rik",14,5,56,27,37,45,32,40,30,26,45,41
"Hexdc",2,5,8,11,14,16,8,7,10,5,9,18
"BC017643",25,27,101,103,96,70,71,99,58,44,86,88
"Narf",6,14,27,33,16,21,17,39,12,14,25,24
"Foxk2",14,16,85,65,61,54,30,54,25,33,31,46
"Wdr45l",95,51,296,229,238,296,221,261,145,145,212,187
"Rab40b",7,8,62,60,44,41,38,50,31,29,45,40
"Tbcd",22,12,70,79,47,49,42,53,27,21,39,47
"B3gntl1",4,1,22,19,14,13,9,13,14,7,12,11
"Metrnl",654,477,3027,2218,2622,3128,3356,3808,1834,1560,1945,2190
"1700012B15Rik",26,15,99,74,67,70,70,62,50,43,57,73
"Rab10",261,231,1074,764,936,1005,839,905,523,540,732,766
"Kif3c",4,3,26,30,26,31,31,29,22,21,25,31
"1110002L01Rik",2,3,14,15,7,18,4,13,13,7,6,8
"Asxl2",14,18,40,42,45,54,40,44,30,25,41,59
"Dtnb",5,7,39,34,23,37,26,26,19,7,26,39
"Dnmt3a",14,19,35,46,64,67,51,80,34,35,75,74
"Pomc",0,0,12,8,7,9,6,3,1,1,3,9
"Efr3b",5,4,26,19,10,13,11,17,6,9,19,17
"Dnajc27",5,6,41,28,35,32,18,24,20,15,23,23
"Adcy3",22,15,103,82,76,82,32,71,30,46,73,79
"Cenpo",4,1,10,11,6,9,8,16,10,6,7,10
"2410017P09Rik",33,20,111,108,81,102,70,76,48,41,77,65
"Ncoa1",50,42,142,142,160,206,136,210,107,116,143,134
"Itsn2",19,11,53,46,91,91,95,127,52,55,81,80
"A830093I24Rik",2,2,2,1,2,4,2,5,1,4,3,2
"Gm6682",0,2,0,4,4,5,2,2,4,5,2,8
"0610009D07Rik",126,107,1014,699,667,752,612,683,351,349,522,577
"Fkbp1b",9,4,18,21,24,32,17,22,4,9,23,20
"BC068281",7,3,8,7,16,16,26,23,18,13,14,8
"Ubxn2a",38,33,103,91,133,159,145,157,108,82,129,137
"Atad2b",20,18,48,31,56,55,61,67,32,27,48,45
"Klhl29",22,13,100,65,76,68,46,70,40,33,68,62
"2810032G03Rik",4,3,9,13,6,4,5,1,3,8,7,9
"1110057K04Rik",20,13,78,74,53,95,88,89,48,36,84,59
"Hs1bp3",5,5,27,33,17,22,14,17,15,8,11,13
"Rhob",415,301,1593,1550,1273,1679,1556,1816,1001,885,1214,1590
"Pum2",122,88,387,323,426,455,335,382,233,202,307,312
"Sdc1",41,28,143,149,79,101,88,142,63,47,112,156
"Laptm4a",1773,1331,6179,6163,6353,7741,7154,8384,3832,3625,5734,6125
"Matn3",12,12,10,22,18,24,10,26,13,9,53,67
"Wdr35",8,11,26,47,34,41,28,30,16,16,25,34
"Ttc32",12,14,56,44,50,63,45,53,39,24,50,71
"Osr1",89,50,385,298,304,237,281,432,214,182,240,211
"Rdh14",28,21,172,143,124,102,115,126,57,76,95,113
"Kcns3",13,11,65,33,59,82,31,45,28,24,32,34
"Smc6",121,68,224,236,492,530,469,559,248,240,359,423
"Fam49a",60,49,233,192,169,177,180,183,108,82,206,202
"Mycn",2,3,11,8,5,8,8,10,8,5,11,12
"Ddx1",86,56,352,264,299,327,301,351,150,131,238,237
"Nbas",18,6,52,53,31,35,31,35,20,9,40,28
"Trib2",14,3,44,43,26,25,25,29,26,12,33,51
"Lpin1",12,10,64,51,37,40,38,49,35,19,36,40
"Greb1",4,0,6,0,11,17,7,5,1,3,2,3
"E2f6",14,14,91,59,58,59,50,63,39,26,53,45
"Rock2",194,153,529,394,814,834,662,861,413,414,580,665
"Pqlc3",76,55,194,231,256,296,231,244,130,96,251,234
"Pdia6",420,337,2371,2414,1580,1728,1472,1799,692,635,1435,1349
"Nol10",28,12,99,45,67,87,77,94,43,34,41,44
"Odc1",342,273,3256,1830,1427,1589,1185,1393,975,949,1065,1230
"Hpcal1",75,60,366,378,277,339,335,465,232,188,228,247
"5730507C01Rik",1,2,10,8,8,15,6,12,5,5,7,8
"1700030C10Rik",4,4,10,3,10,11,16,17,5,5,7,5
"Asap2",28,30,128,78,142,164,97,143,55,48,117,145
"Itgb1bp1",69,60,380,373,276,319,214,306,159,141,262,251
"Cpsf3",23,12,76,90,91,100,118,119,60,38,62,62
"Iah1",98,65,864,670,459,594,391,531,331,243,430,396
"Adam17",64,46,282,203,225,275,185,238,105,106,204,212
"Ywhaq",464,352,1637,1413,1583,1808,1250,1532,832,753,1094,1145
"9030624G23Rik",1,2,2,2,11,9,5,12,6,6,9,6
"Taf1b",18,12,46,60,55,73,54,68,21,38,51,40
"Grhl1",0,3,2,3,2,4,1,4,4,2,4,2
"Klf11",25,17,77,68,59,94,69,92,60,53,61,72
"Cys1",56,37,190,201,180,211,133,156,112,120,142,182
"Rrm2",11,4,16,14,16,14,15,11,8,4,12,10
"Mboat2",10,4,8,13,11,12,11,11,9,5,13,14
"Kidins220",29,28,92,104,95,123,68,77,76,47,118,106
"Id2",235,216,753,584,831,1021,808,1131,449,481,662,879
"Rnf144a",22,7,84,83,58,67,40,57,25,19,75,71
"Rsad2",33,22,68,118,27,95,49,101,54,74,65,47
"Cmpk2",12,10,34,24,34,51,34,42,32,30,43,37
"Sox11",12,2,20,7,11,20,5,20,7,6,17,21
"Colec11",0,1,6,1,2,6,6,2,1,1,6,3
"Rps7",2676,1917,19972,15937,13693,15190,10711,13059,7883,6952,10757,10448
"Rnaseh1",26,13,127,96,55,68,73,52,34,41,60,55
"Adi1",5,2,35,28,24,17,22,28,12,10,20,22
"Ttc15",17,10,41,54,41,41,44,51,29,35,35,31
"Tssc1",7,8,71,58,45,51,40,45,32,20,44,38
"Pxdn",35,30,237,213,113,101,95,110,52,60,151,141
"Sntg2",1,0,11,3,6,12,2,5,8,0,5,2
"Tmem18",8,12,57,49,33,40,28,39,23,17,43,37
"Fam150b",16,17,165,109,63,101,205,274,178,110,95,61
"Acp1",100,84,459,404,383,381,372,446,242,196,295,338
"Sh3yl1",8,6,20,23,25,17,20,20,9,10,19,16
"Lamb1",100,84,912,727,394,514,415,532,281,234,435,489
"Dld",61,37,235,243,245,292,246,283,144,122,180,196
"Cbll1",13,9,35,36,42,42,40,45,24,27,34,31
"Bcap29",29,14,77,64,54,59,48,38,22,21,43,39
"Dus4l",1,1,4,14,7,9,5,12,7,3,8,14
"Cog5",3,4,4,11,12,16,14,30,12,8,10,16
"Hbp1",94,79,306,273,236,275,257,282,141,128,261,279
"Prkar2b",1,0,5,4,5,7,3,4,4,6,3,5
"2010109K11Rik",30,28,422,227,90,92,81,125,63,48,77,109
"Nampt",130,93,440,285,365,460,305,392,230,233,282,277
"Gdap10",28,23,31,22,97,114,84,84,54,52,51,69
"Sypl",161,112,505,437,564,582,468,479,293,237,353,379
"Atxn7l1",12,8,61,35,39,46,51,45,23,26,41,40
"Twistnb",67,54,247,121,306,315,297,307,144,134,159,201
"Twist1",76,43,456,386,220,243,181,214,119,130,209,229
"Snx13",10,11,38,31,29,39,29,39,22,16,38,29
"Ahr",7,3,15,12,7,14,17,18,7,6,6,9
"Tspan13",40,25,87,89,87,133,79,109,86,88,73,82
"Bzw2",40,24,168,110,105,111,103,111,72,62,102,82
"Ankmy2",13,8,35,32,26,33,26,29,16,10,32,34
"Sostdc1",8,1,5,3,4,5,3,6,7,9,5,6
"Ispd",7,0,14,13,14,16,17,20,16,9,13,11
"Meox2",119,81,358,525,357,420,377,433,248,237,442,396
"Agmo",20,15,32,31,68,60,86,78,65,60,60,57
"Dgkb",5,3,6,1,4,7,2,6,1,4,9,7
"Etv1",21,7,33,32,52,63,40,59,25,20,57,40
"Arl4a",327,204,1539,1214,1143,1385,1764,1870,878,736,865,970
"Scin",16,10,66,55,84,98,94,98,72,52,34,28
"Gm889",51,21,136,166,135,130,73,54,77,80,105,98
"Ifrd1",2250,1385,7811,7101,8002,8964,9937,10501,5783,6230,6932,6652
"Zfp277",33,22,91,90,105,122,103,136,58,53,116,108
"Dock4",2,4,16,7,10,21,9,17,12,10,10,7
"Immp2l",8,10,43,29,40,42,38,56,28,23,26,17
"Dnajb9",202,149,872,775,691,913,578,701,347,367,564,603
"Gm2027",3,1,1,1,11,11,9,8,2,5,7,4
"Pnpla8",72,53,330,282,232,302,255,295,158,155,237,245
"Nrcam",3,1,14,5,10,3,9,15,4,5,9,6
"Stxbp6",115,62,233,202,350,348,233,282,135,169,267,236
"Nova1",81,49,321,254,271,284,246,253,164,132,249,199
"Prkd1",8,9,78,52,34,38,68,67,45,31,27,20
"G2e3",19,12,39,17,43,49,38,61,33,26,44,47
"Scfd1",42,33,143,166,182,179,178,220,94,74,139,166
"Coch",77,13,56,8,25,30,17,14,1,3,72,50
"Strn3",130,103,372,317,485,491,347,459,264,260,415,407
"Ap4s1",81,39,343,276,234,291,179,236,166,110,188,211
"Hectd1",103,58,258,208,337,370,302,352,188,199,280,245
"Heatr5a",25,13,69,87,65,71,45,52,29,31,60,57
"6530401N04Rik",13,8,76,68,52,63,45,67,39,33,49,43
"Nubpl",6,2,25,24,20,24,17,22,14,7,16,19
"Arhgap5",55,39,33,45,182,209,184,244,123,115,191,172
"Npas3",3,3,10,9,13,16,9,13,4,11,11,14
"Egln3",2,4,13,10,21,19,16,12,7,12,21,4
"1110002B05Rik",216,149,750,780,712,798,667,748,418,370,661,713
"Eapp",30,30,170,166,134,162,156,173,92,86,128,142
"Snx6",87,69,259,269,339,386,397,426,213,174,317,329
"Cfl2",116,132,554,473,531,588,485,614,311,261,465,466
"Baz1a",91,86,329,129,418,393,310,386,189,220,198,219
"2700097O09Rik",3,3,33,32,23,22,28,34,18,13,25,26
"Srp54a",18,15,78,60,84,75,55,75,35,38,64,84
"Srp54b",2,2,0,2,5,11,15,6,7,5,10,9
"Ppp2r3c",27,11,70,72,70,74,69,93,52,35,67,72
"1110008L16Rik",1,3,26,16,14,26,15,12,10,6,14,9
"Psma6",114,96,744,677,592,668,617,672,339,270,424,466
"Nfkbia",2656,1710,7424,5839,9579,11516,11268,12610,6396,5353,6784,7231
"Ralgapa1",29,17,96,94,86,97,77,95,47,48,64,77
"Brms1l",15,6,75,63,59,67,63,72,37,45,55,70
"Mbip",13,8,39,45,38,41,51,60,27,26,35,48
"Pax9",3,4,6,13,17,19,9,21,9,9,9,5
"Slc25a21",1,3,6,10,15,25,15,23,10,5,7,16
"Prps1l3",34,23,123,101,113,140,118,123,86,69,83,86
"Mipol1",2,1,12,3,6,3,9,6,5,4,3,5
"Clec14a",24,19,38,47,64,72,34,61,33,28,65,66
"Sec23a",64,55,233,248,255,265,191,245,139,144,216,249
"Sip1",4,3,22,23,21,13,18,24,12,14,13,12
"Trappc6b",140,103,598,512,513,499,466,557,290,287,401,482
"Pnn",75,59,205,150,234,287,257,290,178,148,197,200
"Ctage5",54,42,246,182,171,201,195,226,122,110,155,179
"Fbxo33",58,28,177,123,129,137,175,176,70,89,104,132
"Gm527",5,5,28,22,15,16,12,14,7,11,12,11
"Klhl28",2,3,12,10,17,14,20,25,19,11,11,14
"Fam179b",18,13,74,61,73,71,50,79,50,41,46,58
"Prpf39",27,25,127,79,90,102,116,109,67,61,68,74
"Fkbp3",117,82,616,527,588,676,510,571,336,307,403,435
"Fancm",2,2,11,5,10,10,5,12,7,6,9,10
"Rps29",7408,5434,41880,32718,30601,33275,20864,27141,18228,15599,23270,22538
"Rpl36al",725,499,5845,4164,3134,3224,2211,2628,1800,1430,2562,2473
"Mgat2",189,146,870,626,583,668,493,652,317,312,513,585
"1110034A24Rik",8,8,41,37,35,34,54,87,29,19,39,32
"9330151L19Rik",9,1,46,38,31,26,30,34,17,20,35,32
"Pole2",4,3,10,18,12,11,9,6,9,8,16,10
"Klhdc1",9,9,28,11,21,23,14,14,21,5,10,15
"Klhdc2",127,81,749,566,454,545,400,496,271,271,395,409
"Nemf",60,28,114,76,194,210,223,246,111,101,143,159
"Arf6",462,370,1431,969,1257,1383,1099,1297,795,693,972,959
"Mettl21d",17,11,103,81,42,66,31,44,23,29,38,47
"Sos2",23,15,71,54,61,95,61,61,33,27,56,56
"L2hgdh",3,1,23,8,12,14,8,22,12,5,6,12
"Atp5s",9,10,33,32,28,32,32,40,28,16,38,22
"Map4k5",40,30,139,104,117,112,107,117,78,70,103,107
"Atl1",4,1,8,8,25,14,22,18,9,5,10,11
"Sav1",135,97,591,431,396,431,346,434,249,234,282,294
"Nin",26,15,76,59,99,93,68,125,60,57,61,74
"Pygl",25,18,60,71,105,123,95,132,47,44,83,67
"Tmx1",81,67,266,279,241,323,321,341,218,161,249,269
"Frmd6",171,138,736,583,644,666,692,728,434,391,490,489
"Actr10",67,72,422,418,369,409,414,396,205,179,301,307
"Psma3",352,256,2053,1612,1551,1819,1552,1745,949,819,1251,1272
"3110056K07Rik",8,5,23,18,31,22,19,27,19,16,16,29
"Arid4a",37,29,72,58,144,139,165,182,88,88,104,123
"Timm9",28,26,231,116,118,111,72,80,67,46,89,87
"2700049A03Rik",9,6,18,20,23,23,24,28,7,16,22,28
"Dact1",82,66,306,251,247,255,256,366,150,180,161,203
"4930404H11Rik",11,10,34,48,49,58,49,75,25,32,35,39
"Daam1",33,27,91,65,165,185,130,175,108,92,128,131
"Gpr135",1,3,0,2,7,9,3,2,2,4,4,4
"2810055F11Rik",19,18,90,110,68,91,84,87,43,39,64,84
"Jkamp",72,66,326,368,319,370,320,359,178,146,294,326
"Rtn1",49,46,265,181,249,297,263,244,163,114,163,134
"1810048J11Rik",15,12,86,68,53,67,33,74,37,36,58,49
"Dhrs7",97,87,478,488,581,662,695,744,354,261,430,496
"Ppm1a",119,79,493,355,340,381,285,333,202,164,256,284
"4930447C04Rik",1,2,11,8,6,10,10,13,11,16,6,9
"Six1",40,33,204,168,174,197,184,193,115,133,138,184
"Mnat1",39,33,157,164,184,201,165,215,100,87,139,146
"Trmt5",4,1,10,7,7,8,1,5,4,5,8,4
"Slc38a6",6,4,24,19,20,22,23,25,16,14,18,32
"Tmem30b",17,10,37,41,28,35,33,48,18,20,33,43
"2210039B01Rik",5,1,18,14,5,7,29,19,5,6,5,11
"Prkch",2,1,18,16,17,28,18,15,24,14,7,12
"Hif1a",120,110,764,455,464,503,382,445,284,261,406,388
"Snapc1",26,21,82,93,85,86,79,100,53,51,73,67
"Rhoj",573,453,2652,2000,2218,2325,2136,2554,1458,1387,2093,1958
"Ppp2r5e",45,31,101,110,144,139,139,180,91,72,117,128
"Wdr89",236,187,998,696,586,826,378,568,344,236,409,343
"Sgpp1",43,33,275,216,165,176,158,167,134,103,155,156
"Syne2",36,21,59,54,106,120,96,108,66,51,81,72
"Mthfd1",13,5,73,65,52,58,63,63,29,36,39,55
"Zbtb25",14,15,46,33,38,36,31,49,20,19,37,25
"Zbtb1",25,19,59,53,66,96,59,81,24,45,63,81
"Hspa2",65,37,159,95,166,265,236,195,107,128,132,166
"Plekhg3",15,7,37,40,30,60,34,44,27,30,44,38
"Churc1",108,90,495,454,418,480,364,429,240,176,325,362
"Rab15",16,12,64,79,38,40,34,46,24,24,49,37
"Fntb",12,12,41,37,43,38,24,25,15,15,30,21
"Max",123,79,501,350,302,320,271,365,221,190,254,276
"Fut8",43,30,157,113,111,93,121,138,50,51,115,130
"Gphn",24,18,67,68,80,87,67,89,41,48,74,66
"Mpp5",58,46,151,110,211,222,151,188,101,85,204,196
"Atp6v1d",67,48,195,181,176,247,211,267,129,142,174,214
"Eif2s1",102,66,454,316,378,434,353,365,241,158,263,248
"Tmem229b",7,5,11,10,7,5,5,3,2,6,6,12
"Plekhh1",2,4,3,2,3,3,1,6,3,1,2,1
"Pigh",13,10,35,51,45,51,33,48,29,18,34,49
"Vti1b",147,112,724,568,460,553,376,445,250,219,429,430
"Rdh11",2,8,23,19,21,20,14,19,11,15,13,10
"Zfyve26",6,1,18,16,15,14,9,17,9,3,13,7
"Rad51l1",26,14,65,60,72,69,35,51,35,39,92,75
"Zfp36l1",1660,1285,6407,4988,5735,5823,5329,6735,4089,3256,4341,4434
"2310015A10Rik",5,2,40,24,15,16,14,19,13,16,26,14
"Actn1",134,102,326,272,290,258,231,281,205,166,285,311
"Dcaf5",13,7,49,43,44,45,43,67,29,28,44,34
"Exd2",26,14,61,83,66,72,61,88,45,40,56,47
"Galntl1",56,43,342,286,194,216,166,253,134,99,151,128
"Erh",239,183,1543,1088,973,1074,874,992,488,402,703,792
"Slc39a9",14,14,75,55,42,38,40,55,22,27,47,43
"4933426M11Rik",86,69,542,304,276,311,236,301,199,152,267,236
"Gm20337",1,3,5,4,5,4,3,2,2,0,10,8
"Srsf5",432,276,1811,1278,1506,1716,1437,1640,1060,1011,1202,1198
"Slc10a1",3,2,4,0,4,9,3,1,7,4,8,5
"Smoc1",6,8,16,16,5,9,7,11,11,3,7,10
"Cox16",96,49,525,424,393,458,357,372,250,215,308,328
"Synj2bp",45,34,170,155,159,182,105,163,105,75,149,148
"Med6",27,19,93,95,106,112,112,98,62,46,70,73
"Ttc9",3,2,4,12,14,4,8,0,2,3,3,10
"Pcnx",28,21,117,91,75,70,61,71,48,53,62,53
"Sipa1l1",16,10,57,35,32,39,27,29,25,21,35,39
"Rgs6",7,4,6,6,9,13,2,12,1,3,9,16
"Dcaf4",13,15,49,60,39,66,42,58,26,20,47,53
"Zfyve1",4,3,13,11,10,14,12,16,8,6,6,9
"Rbm25",119,108,347,265,591,660,737,755,379,296,402,475
"Psen1",50,47,230,210,143,191,149,182,100,87,158,146
"Numb",2,6,3,4,8,15,10,7,8,4,5,7
"2410016O06Rik",24,15,121,62,64,79,81,85,44,48,50,61
"Acot2",13,20,49,36,63,49,45,49,34,32,31,54
"Acot1",27,12,69,49,36,68,60,75,62,48,41,54
"Dnalc1",11,3,22,23,29,34,22,34,11,13,23,27
"C130039O16Rik",38,33,90,99,142,116,131,140,90,89,98,85
"Ptgr2",48,20,125,115,127,148,140,137,79,66,112,107
"Zfp410",34,18,86,86,86,85,76,65,61,62,54,78
"Coq6",13,4,62,63,52,60,47,48,36,15,38,50
"Entpd5",19,10,76,65,66,64,40,40,32,21,62,61
"Rnf113a2",17,11,53,49,46,50,57,56,38,43,39,26
"Aldh6a1",44,24,97,102,108,168,137,163,137,88,94,78
"Lin52",7,7,29,26,23,25,18,20,19,18,18,20
"Abcd4",22,12,85,65,56,83,72,78,41,50,56,68
"Npc2",645,436,3422,2721,1993,2497,2159,2599,1378,1233,1879,2174
"Isca2",37,26,168,143,137,170,108,131,94,77,99,116
"Ltbp2",25,18,46,48,31,13,25,24,19,13,29,38
"1110018G07Rik",3,3,42,42,25,19,11,21,12,10,23,15
"Fcf1",62,36,281,250,214,241,251,302,151,116,177,152
"Ylpm1",16,14,90,65,90,100,64,87,40,37,73,67
"Prox2",1,0,4,4,2,5,1,4,4,5,1,2
"Dlst",48,33,273,202,166,195,138,182,110,94,139,157
"Pgf",67,82,187,199,350,535,500,455,425,375,233,415
"Eif2b2",30,18,146,114,104,117,75,103,60,48,61,90
"Mlh3",3,3,8,7,9,14,12,16,7,5,16,12
"Acyp1",38,30,176,128,127,159,111,105,72,71,128,124
"Fam164c",2,5,5,7,15,9,14,8,3,4,14,8
"Nek9",30,17,152,144,83,116,67,107,67,58,98,71
"Tmed10",482,368,2282,1944,1634,1838,1529,1606,873,745,1540,1555
"Fos",4570,3082,11887,14485,12017,18012,17216,19230,12083,11010,14845,15246
"Jdp2",58,45,57,45,99,93,53,73,32,38,72,65
"Batf",9,6,61,28,26,45,25,23,17,27,22,20
"Mfsd7c",2,2,3,4,3,7,2,6,4,1,12,3
"0610007P14Rik",34,41,177,213,126,152,119,165,79,67,106,131
"Ttll5",12,4,32,33,29,40,24,40,21,18,30,44
"Tgfb3",117,84,297,304,320,356,244,325,221,184,338,363
"1700019E19Rik",73,50,325,307,306,324,277,320,155,143,203,225
"1700020O03Rik",4,5,16,23,20,19,22,25,10,10,18,15
"Vash1",18,5,20,42,44,40,20,21,8,16,42,42
"Angel1",0,2,11,4,7,12,5,5,2,4,11,2
"6430527G18Rik",76,75,196,267,288,293,341,401,206,189,290,321
"2310044G17Rik",10,3,39,31,25,19,30,39,17,20,22,31
"Pomt2",9,8,43,37,32,34,10,23,18,10,31,33
"Gstz1",15,17,79,83,49,61,60,57,39,34,65,76
"Tmed8",1,7,32,31,20,29,25,17,10,13,19,24
"Vipar",14,8,47,50,41,41,29,34,19,19,31,35
"Ahsa1",141,102,643,591,399,524,378,523,264,231,424,408
"Sptlc2",68,49,329,221,215,239,284,377,173,149,157,160
"Alkbh1",18,10,83,48,66,64,55,66,31,39,41,39
"Nrp",54,45,335,181,157,221,152,201,145,126,156,180
"1810035L17Rik",145,84,808,652,523,617,498,549,295,280,457,444
"Snw1",97,58,326,256,318,381,310,388,204,193,246,265
"Adck1",8,8,48,36,28,27,22,35,15,11,20,23
"Dio2",26,33,192,122,175,141,110,117,64,86,126,131
"4930534B04Rik",2,1,9,6,7,11,17,7,10,9,7,7
"Tshr",0,1,6,4,5,4,2,1,1,1,13,10
"Gtf2a1",20,23,111,85,85,89,71,64,47,51,55,77
"Ston2",21,19,44,46,92,99,43,68,31,29,64,75
"Sel1l",65,43,306,254,233,212,154,188,91,96,208,179
"Flrt2",97,47,234,179,236,255,179,206,117,104,154,140
"Galc",10,5,19,19,10,19,9,12,10,2,16,7
"Spata7",6,2,11,15,8,16,6,10,5,7,8,8
"Ptpn21",17,14,91,78,82,92,56,80,44,39,72,70
"Zc3h14",75,50,227,238,195,200,198,222,111,111,195,162
"Eml5",4,5,2,0,4,9,6,2,2,3,4,7
"Ttc8",18,23,64,81,77,88,70,106,34,36,75,61
"Foxn3",112,59,134,128,317,348,355,364,249,204,330,322
"Tdp1",20,10,50,59,57,60,59,51,34,25,32,56
"Psmc1",89,66,437,377,303,357,256,312,177,142,212,278
"BC002230",6,4,12,14,14,10,6,13,0,5,8,11
"Calm1",830,651,2982,2790,3873,4517,3777,3943,1872,1670,2510,2917
"Ttc7b",23,11,64,63,70,85,65,73,50,45,52,47
"Rps6ka5",11,8,15,13,16,24,20,20,13,11,13,12
"9030617O03Rik",1,3,3,5,4,12,5,7,11,4,10,3
"Smek1",36,35,165,94,151,170,91,141,93,72,86,107
"D130020L05Rik",5,3,28,25,25,25,18,15,11,17,14,27
"Fbln5",411,272,1302,1060,1445,1737,1497,1753,760,753,1362,1161
"Trip11",38,25,24,33,122,130,127,152,84,58,116,119
"Atxn3",8,6,57,27,26,40,28,32,17,22,22,35
"Cpsf2",31,23,105,63,119,109,109,120,59,61,78,90
"Rin3",15,9,42,40,35,40,34,36,19,11,29,27
"Lgmn",54,35,450,333,186,247,193,228,124,98,187,133
"Golga5",22,18,92,83,78,94,91,93,47,47,70,83
"Itpk1",16,7,52,30,18,44,24,23,20,21,23,32
"D230037D09Rik",75,55,337,209,240,333,237,196,142,142,209,181
"AK010878",22,17,82,61,61,73,61,61,55,35,57,54
"Ubr7",19,12,55,47,31,67,60,60,27,26,39,39
"Btbd7",10,14,31,30,53,67,63,67,26,26,41,61
"Otub2",2,1,11,11,15,15,5,15,9,5,18,6
"Ddx24",135,91,364,250,444,499,479,557,236,250,384,351
"Ifi27l1",525,377,2831,2404,2004,2368,2056,2313,1002,1013,1759,1790
"Ifi27l2a",809,511,3985,4397,1949,2608,1382,2106,660,1151,3275,2022
"Ppp4r4",0,4,3,2,4,3,6,9,3,2,5,8
"Serpina3c",1,6,37,31,18,21,49,73,33,21,27,19
"Serpina3f",1,0,21,0,6,13,11,2,23,9,0,3
"Serpina3m",0,0,145,45,6,0,16,37,24,10,1,0
"Serpina3n",69,49,2480,1287,236,251,347,466,353,241,149,122
"Gsc",12,11,37,37,17,31,22,37,27,16,32,31
"Dicer1",35,18,67,43,62,85,53,75,48,27,57,61
"Clmn",5,8,18,12,21,23,20,31,14,12,15,29
"4831426I19Rik",4,2,20,19,15,24,17,21,14,12,13,15
"Snhg10",5,2,20,8,16,17,17,16,7,9,13,18
"Glrx5",64,54,558,376,249,286,215,274,133,123,233,286
"Bdkrb1",3,7,22,24,33,41,48,26,29,43,33,27
"Atg2b",20,7,84,58,50,49,35,46,23,26,47,45
"4933433P14Rik",48,40,138,159,107,128,109,108,59,71,113,130
"Papola",134,91,606,513,492,520,386,469,285,226,405,428
"Vrk1",11,9,66,60,77,95,59,70,64,32,51,45
"Setd3",66,52,368,345,287,346,264,312,197,180,259,278
"Ccnk",22,13,152,104,81,102,74,81,52,51,45,69
"Cyp46a1",0,0,5,2,5,2,2,13,2,4,8,5
"Eml1",26,27,119,96,109,108,62,93,56,43,92,103
"Evl",12,10,50,48,31,45,15,44,16,22,62,85
"Yy1",80,79,317,252,347,440,333,365,246,177,319,293
"Slc25a29",11,8,24,24,18,17,10,19,13,10,16,31
"Slc25a47",6,1,16,20,12,6,4,11,5,5,12,9
"Wars",22,17,168,102,88,75,68,103,58,41,78,71
"Wdr25",0,2,7,10,5,11,6,7,7,2,8,1
"Begain",13,4,26,17,6,10,6,7,3,6,12,13
"Dlk1",47,83,31,26,234,237,76,59,54,52,45,90
"Meg3",516,409,1948,1807,1265,1452,1387,1879,1070,1195,2246,2452
"Rian",60,40,182,187,127,136,129,151,88,92,195,207
"Mirg",9,4,50,36,24,23,36,30,11,27,48,35
"Dio3os",3,1,50,31,3,9,14,12,11,16,4,12
"Dio3",1,7,53,70,7,23,17,20,12,12,10,6
"Ppp2r5c",50,35,202,151,160,155,146,165,77,91,150,152
"Dync1h1",129,91,524,444,395,410,245,314,191,187,312,296
"Hsp90aa1",2092,1397,7618,6920,9247,13537,14174,14549,7282,5694,6096,7093
"Wdr20a",11,8,40,29,30,35,49,39,44,31,30,42
"Stk30",1,2,5,4,4,8,6,7,3,5,5,3
"Zfp839",1,0,8,12,13,7,14,10,3,2,6,11
"Cinp",18,12,92,101,102,84,48,69,43,39,71,52
"Tecpr2",1,4,12,21,12,16,6,14,6,10,13,17
"Ankrd9",6,8,46,46,28,38,26,39,16,18,23,28
"Rcor1",10,9,8,4,27,30,23,24,11,14,21,26
"Traf3",18,10,55,60,43,54,30,46,30,29,45,46
"Amn",0,0,12,8,0,5,0,6,5,2,3,6
"Cdc42bpb",41,30,147,122,134,127,95,110,62,63,94,107
"1200009I06Rik",28,19,141,84,87,102,67,89,53,42,70,59
"Tnfaip2",482,383,2471,1336,2151,2420,2733,2896,1583,1187,1413,1219
"Gm266",4,1,12,9,7,11,10,8,9,4,28,16
"Eif5",553,388,1608,1112,1916,2379,1792,2018,1155,1078,1406,1445
"Mark3",56,46,192,195,150,172,125,192,94,98,133,148
"Ckb",300,244,565,1042,1345,1549,1303,1614,574,568,1052,1323
"Trmt61a",9,9,115,69,29,27,35,37,23,17,32,38
"Bag5",80,76,298,297,285,315,289,374,187,181,218,250
"2810002N01Rik",49,43,274,282,227,239,163,228,115,106,196,163
"Klc1",111,63,342,312,299,390,262,345,199,171,276,292
"Zfyve21",44,48,204,289,177,180,145,221,121,97,198,176
"Ppp1r13b",8,7,35,23,25,22,8,14,14,10,19,17
"2010107E04Rik",432,292,2435,2159,1631,1721,1166,1328,881,744,1273,1261
"Inf2",40,28,162,122,75,70,54,57,52,50,73,91
"Adssl1",2,6,14,14,17,12,9,21,8,6,9,4
"Siva1",110,83,561,525,308,388,299,323,261,198,317,336
"Akt1",98,73,506,421,270,286,182,244,120,99,230,354
"Zbtb42",1,3,7,8,5,11,4,6,6,2,5,7
"AW555464",23,26,83,62,65,83,57,70,48,58,54,52
"Pld4",0,0,10,10,9,13,5,15,5,9,13,13
"BC022687",5,2,18,12,5,3,5,19,4,5,12,12
"Cdca4",28,22,128,96,84,114,61,75,52,42,84,66
"Gpr132",2,0,3,5,4,8,6,10,13,10,16,5
"Nudt14",4,5,11,11,15,12,7,13,8,5,9,21
"Brf1",21,15,122,101,52,85,60,57,40,46,67,62
"Btbd6",11,7,28,31,20,44,18,31,12,19,20,20
"Pacs2",31,19,101,119,99,106,67,86,57,44,70,96
"Mta1",36,28,277,205,132,132,95,138,85,82,86,101
"Crip2",609,396,1930,2359,2163,2142,1307,1705,988,980,1814,1917
"Crip1",5742,3888,20408,21604,23971,22619,16118,17072,7972,8529,15132,15473
"Tmem121",1,1,7,7,1,6,4,3,0,2,7,9
"Zfp386",15,7,35,36,41,49,58,49,26,31,35,45
"Vipr2",14,14,68,68,21,45,35,41,33,25,31,24
"Wdr60",9,6,42,40,48,62,64,78,29,28,49,46
"Esyt2",102,94,593,476,367,376,262,338,194,207,243,278
"D430020J02Rik",0,0,5,3,6,10,4,6,4,1,1,2
"Ncapg2",15,5,32,22,27,33,12,19,15,13,23,14
"Sp4",10,9,45,24,49,38,43,40,24,30,42,33
"Itgb8",1,0,1,1,0,4,1,10,1,4,3,2
"Gdi2",324,229,1539,1466,1213,1370,1170,1365,731,619,1066,1072
"BC016423",22,16,115,74,84,85,69,67,41,47,68,62
"Asb13",24,15,94,62,55,87,66,101,50,26,49,51
"Net1",6,4,18,12,6,7,5,13,6,6,18,18
"Akr1c14",10,7,3,3,28,28,9,5,4,9,10,9
"Akr1c18",17,6,16,11,16,32,35,33,3,26,26,18
"Akr1e1",23,20,88,62,80,85,65,66,49,34,70,74
"Klf6",899,616,2025,1762,3372,4027,3628,4029,2068,1821,2511,2965
"Pitrm1",33,21,153,127,125,148,104,140,63,56,112,101
"Pfkp",100,77,411,391,456,560,548,619,251,200,262,260
"Wdr37",26,10,73,79,58,90,83,86,49,30,59,70
"Idi1",105,88,136,187,391,512,377,585,252,199,286,291
"Gtpbp4",92,60,329,169,336,424,370,387,195,168,252,253
"Larp4b",30,32,90,62,85,74,67,93,47,34,63,82
"Dip2c",24,24,136,86,90,110,67,110,40,41,70,76
"Zmynd11",97,84,345,258,316,372,271,343,197,183,253,272
"Gm10336",2,2,24,16,16,13,9,19,9,8,14,15
"Mtr",3,2,12,15,9,11,13,12,9,5,15,10
"Heatr1",18,12,82,31,26,36,26,34,14,16,24,24
"Lgals8",46,33,208,167,160,200,155,193,102,88,130,143
"Ero1lb",6,7,40,36,28,32,19,26,12,13,23,25
"Gpr137b-ps",19,14,50,54,55,62,57,53,32,36,74,54
"Gpr137b",10,23,58,63,59,83,65,67,35,35,68,40
"Nid1",725,523,4339,3742,2625,2398,2176,2746,1131,1306,2445,2665
"Lyst",4,4,9,6,24,16,19,23,11,7,24,24
"Gng4",27,15,48,46,41,51,28,47,17,23,18,18
"B3galnt2",21,14,79,60,82,74,58,63,32,37,57,61
"Tbce",19,11,69,60,76,101,76,94,49,36,58,50
"Ggps1",15,15,58,45,73,78,73,66,44,46,68,58
"Arid4b",82,67,169,108,337,403,335,406,211,200,273,255
"Mrpl32",72,48,352,236,239,295,241,282,150,147,222,214
"Psma2",209,161,1291,1113,1013,1176,1069,1135,557,464,753,754
"AW209491",5,4,18,22,12,18,17,24,18,11,14,14
"Gli3",26,21,147,131,94,127,94,126,78,52,79,96
"Inhba",70,45,201,131,354,376,378,321,171,191,193,203
"5033411D12Rik",2,0,5,2,6,5,6,13,9,6,5,4
"2810021B07Rik",58,36,194,165,157,167,107,152,90,69,142,143
"Cdk13",42,27,94,90,118,124,95,142,72,62,96,101
"Rala",169,89,422,404,503,531,427,535,274,249,383,379
"1600012F09Rik",23,15,133,104,84,97,87,114,48,48,94,82
"Vps41",41,28,129,115,118,146,126,143,73,77,91,95
"Amph",4,0,7,5,3,2,1,2,2,2,5,11
"Stard3nl",90,52,331,246,196,261,198,281,151,116,201,162
"Epdr1",112,65,324,304,262,337,222,263,132,102,200,180
"Sfrp4",1082,553,609,1144,2392,2343,1245,728,357,247,1370,1224
"Elmo1",23,21,90,75,76,78,70,71,51,37,56,72
"Trim27",56,30,291,206,186,177,159,185,130,112,142,168
"Zscan12",2,1,14,13,10,11,9,11,8,6,2,6
"Zkscan3",13,13,105,89,97,98,78,109,57,39,59,73
"Zfp187",30,32,65,71,73,79,76,91,64,49,62,52
"Zfp192",2,2,16,15,8,7,5,7,8,5,9,9
"Hist1h2ao",54,2,9,10,9,5,1,6,2,16,9,8
"Hist1h4i",3,4,3,10,4,10,8,6,3,2,4,8
"Zfp322a",7,6,23,19,39,29,29,32,28,21,31,38
"Abt1",25,22,109,55,76,94,79,89,43,53,63,64
"C230035I16Rik",1,5,9,9,8,14,3,10,7,1,7,9
"Hist1h4h",10,3,27,15,21,21,12,10,9,8,11,10
"Hist1h4d",1,0,4,2,4,2,6,5,9,1,3,7
"Hist1h2be",2,1,13,5,4,11,10,5,4,4,4,5
"Hist1h1e",4,2,26,28,32,20,25,42,11,20,17,35
"Hist1h2ac",2,1,2,4,3,10,3,2,3,2,2,5
"Hist1h2bc",164,164,889,744,509,478,355,547,270,248,447,482
"Hfe",14,13,144,140,96,129,162,160,66,65,98,105
"Hist1h1c",101,47,415,425,222,260,272,302,154,194,233,225
"Lrrc16a",8,14,54,47,20,15,17,24,15,11,16,21
"Cmah",36,49,71,94,93,131,63,156,35,49,88,78
"Fam65b",2,2,3,0,1,2,4,1,2,0,7,4
"Gmnn",1,0,4,8,2,7,0,4,7,0,8,2
"BC005537",18,6,75,44,61,68,44,61,29,38,48,43
"Acot13",52,40,222,217,198,223,177,201,126,74,160,156
"Tdp2",42,36,195,166,160,230,223,287,182,140,160,170
"Aldh5a1",1,4,16,17,16,11,15,21,9,8,7,5
"Gpld1",2,0,20,23,8,13,17,24,14,9,13,18
"Mrs2",3,3,24,16,28,18,15,17,16,7,16,23
"2610307P16Rik",5,1,10,13,20,16,9,11,7,9,11,22
"Sox4",53,70,236,177,163,211,250,386,249,167,243,335
"Cdkal1",11,8,57,45,44,51,41,57,42,36,54,39
"E2f3",8,8,44,27,22,22,12,17,7,6,23,20
"Mboat1",5,5,12,17,25,23,12,22,7,13,21,18
"Agtr1a",64,42,234,174,152,167,158,204,117,97,171,157
"Uqcrfs1",140,100,652,597,500,547,502,602,334,261,424,423
"Dusp22",30,26,155,134,123,132,128,150,67,68,108,109
"Irf4",13,4,24,24,26,22,12,19,8,7,24,31
"Exoc2",20,13,73,68,76,56,46,65,36,34,27,40
"Foxf2",5,0,27,26,17,12,21,20,10,11,11,7
"Foxc1",40,33,278,180,173,202,189,205,114,98,120,117
"Gmds",32,38,168,165,140,140,129,138,70,53,104,91
"Wrnip1",46,30,171,154,128,159,109,142,82,77,94,94
"Serpinb1a",96,45,167,128,415,464,217,376,99,79,223,213
"Serpinb9",20,16,67,61,75,83,68,88,41,42,59,82
"Serpinb9b",2,2,0,0,10,1,0,0,1,0,4,2
"Serpinb6c",5,5,14,7,18,14,15,7,6,3,6,4
"Serpinb6a",628,414,3500,3410,3190,3847,3108,3627,1544,1262,2123,2021
"1110046J04Rik",19,15,68,74,43,59,36,54,29,28,40,36
"Nqo2",30,26,158,179,156,170,115,176,60,65,115,117
"Ripk1",230,186,832,551,913,1100,1017,1023,662,526,709,696
"Bphl",24,30,99,100,108,117,105,107,77,50,120,105
"Tubb2a",352,255,1571,1430,1463,1903,1425,1436,747,719,1210,1533
"Tubb2b",77,49,393,419,297,320,191,322,113,137,227,298
"Psmg4",54,53,551,337,262,288,216,242,151,151,222,225
"Slc22a23",6,2,27,8,8,6,2,6,6,0,5,1
"1300014I06Rik",244,185,826,699,723,787,789,816,490,426,648,611
"Prpf4b",74,45,156,115,280,326,297,299,174,130,213,231
"Eci2",74,50,301,300,215,243,323,315,142,138,253,236
"Cdyl",26,15,49,74,70,68,63,84,38,27,69,64
"Rpp40",7,6,31,36,14,21,22,30,10,14,21,16
"Lyrm4",16,12,48,49,56,57,29,61,23,22,40,34
"Fars2",31,25,131,129,108,126,112,127,69,60,98,93
"Nrn1",34,14,76,90,78,81,60,78,65,56,59,58
"F13a1",2,2,17,4,17,8,4,13,1,5,13,7
"Rreb1",11,7,20,49,24,35,26,30,17,16,39,21
"Ssr1",292,229,1206,988,802,907,708,858,448,371,729,738
"Riok1",15,11,50,52,89,75,86,61,43,30,34,60
"Snrnp48",43,37,150,160,196,205,176,227,104,80,147,139
"Txndc5",308,270,1626,1527,994,1095,824,1079,493,554,974,1042
"Muted",13,4,42,52,29,47,25,39,35,21,34,41
"Eef1e1",69,58,414,181,229,255,217,189,152,107,129,144
"Slc35b3",10,17,62,56,50,51,63,67,35,25,55,46
"Tfap2a",1,2,1,0,2,3,0,8,0,2,3,4
"Gcnt2",29,16,38,24,18,21,14,32,18,14,31,21
"Pak1ip1",51,35,242,192,205,288,214,223,102,88,157,168
"Tmem14c",129,99,984,920,600,672,455,567,309,234,486,513
"BC024659",19,13,110,91,88,74,54,56,43,34,56,76
"Nedd9",58,58,221,168,201,256,198,202,140,134,203,186
"Tmem170b",14,20,78,53,54,42,49,47,30,29,43,44
"9530008L14Rik",0,0,3,1,7,1,1,1,1,4,3,3
"Hivep1",45,30,248,137,165,202,136,169,108,100,141,149
"Edn1",32,15,64,57,44,52,49,110,31,24,65,96
"Phactr1",25,17,67,51,77,81,65,94,49,59,52,66
"Tbc1d7",6,6,40,46,38,42,36,39,18,11,29,20
"Gfod1",5,4,15,5,19,23,14,15,12,12,16,9
"Sirt5",9,5,29,36,23,38,33,26,16,16,25,25
"Nol7",101,76,590,539,585,612,541,632,385,293,438,494
"Ranbp9",34,28,144,93,103,115,61,74,40,45,62,92
"Ccdc90a",50,38,184,118,183,206,142,185,99,94,159,167
"Rnf182",0,2,1,2,5,4,0,1,0,4,7,5
"Cd83",6,4,31,32,57,62,50,76,40,32,85,41
"Jarid2",14,18,43,62,73,64,84,72,42,35,73,74
"Dtnbp1",202,174,967,669,666,820,605,848,407,402,519,513
"Mylip",50,35,207,140,150,220,190,166,89,94,130,170
"Gmpr",3,4,8,3,4,3,0,2,5,2,2,4
"Atxn1",23,15,24,23,72,74,60,82,35,40,70,73
"Gm1574",4,3,2,4,19,14,9,16,4,7,13,22
"Cap2",4,4,11,13,19,8,9,10,6,4,7,12
"C78339",6,4,20,10,12,14,11,17,11,6,7,12
"Nup153",54,38,235,136,176,168,110,138,81,95,129,138
"Kif13a",21,19,52,61,62,70,48,62,26,26,56,62
"Nhlrc1",1,0,7,8,3,5,3,5,4,3,4,3
"Tpmt",5,10,24,36,31,35,26,36,18,9,28,26
"Kdm1b",9,4,32,33,32,33,22,29,15,14,23,34
"Dek",164,122,492,361,604,659,597,660,415,378,464,494
"Rnf144b",3,3,14,12,17,9,4,6,10,9,16,11
"Id4",22,18,38,50,62,93,109,110,77,48,55,79
"Ptpdc1",14,11,49,41,38,49,40,51,23,22,37,35
"Phf2",26,22,140,118,108,130,80,99,55,53,75,88
"Fam120a",95,52,464,349,331,333,224,325,157,145,211,243
"C030044B11Rik",24,24,68,75,59,73,77,61,40,33,61,46
"Ninj1",161,102,616,473,383,462,330,419,248,258,339,317
"1110007C09Rik",112,85,473,472,371,437,293,342,259,221,272,298
"Susd3",0,0,1,6,1,1,1,7,2,6,1,0
"Bicd2",71,38,172,156,234,264,216,242,139,116,208,169
"Ippk",10,9,84,34,35,44,38,44,23,28,48,40
"Ecm2",335,270,1161,1346,1180,1100,1217,1341,671,669,1231,1183
"Aspn",774,759,2985,3955,3938,3593,4525,4375,2597,2035,2430,2293
"Omd",91,46,141,105,193,208,233,244,113,93,238,127
"Ogn",1859,1242,5201,4422,5094,5444,5002,5879,3406,3077,4482,4273
"Nol8",22,7,50,25,40,47,24,47,30,18,24,39
"Iars",9,10,107,73,70,66,55,76,43,39,42,58
"Fbxw17",22,10,42,42,38,46,31,44,18,12,42,37
"Spin1",77,52,383,239,210,236,179,238,161,147,198,160
"S1pr3",14,7,212,186,25,29,116,147,106,85,41,22
"Cks2",34,19,149,96,132,131,111,122,51,74,74,82
"Secisbp2",6,10,13,14,38,52,32,54,29,20,29,29
"Sema4d",2,2,3,6,4,2,2,8,0,1,3,1
"Gadd45g",1854,1423,9266,8184,5792,8623,9815,11233,6946,5353,6103,5856
"Syk",6,2,105,68,26,29,42,42,25,18,18,24
"BB123696",3,1,15,6,1,1,3,2,1,2,2,1
"Auh",49,35,245,188,163,198,169,210,117,103,140,115
"Nfil3",202,177,1104,879,784,954,993,1281,685,588,508,584
"Ror2",6,8,53,51,30,63,24,35,23,18,40,33
"Sptlc1",23,23,123,77,81,80,65,95,45,40,63,77
"Sfxn1",61,41,313,223,227,280,196,243,133,130,207,216
"Cplx2",8,5,24,19,31,24,20,26,18,15,20,26
"Thoc3",24,22,100,101,87,88,65,114,53,47,62,84
"4732471D19Rik",22,16,118,67,84,83,97,108,58,60,60,59
"4833439L19Rik",85,72,386,280,310,291,206,273,135,141,246,258
"Nop16",39,36,267,151,148,184,107,148,81,75,92,102
"Higd2a",224,135,787,803,723,788,624,736,397,385,607,673
"Cltb",532,378,2835,2017,2006,2353,1678,1860,1204,1148,1556,1465
"Faf2",31,25,114,118,123,150,117,172,56,78,109,120
"Rnf44",54,28,179,144,118,146,93,97,98,69,111,79
"Tspan17",63,50,185,176,163,176,126,138,74,69,150,134
"Unc5a",2,2,29,18,8,6,7,9,3,4,6,8
"Uimc1",53,39,230,150,181,222,184,238,147,115,162,158
"Zfp346",6,5,34,26,23,29,18,17,14,10,17,22
"Fgfr4",1,1,1,14,8,7,2,4,3,2,2,2
"Nsd1",22,20,93,104,132,137,105,112,83,58,109,108
"Rab24",65,68,411,326,252,274,211,267,151,127,208,221
"Prelid1",180,156,1072,895,575,635,424,542,342,282,541,577
"Lman2",148,110,885,691,519,575,463,555,276,242,448,432
"Grk6",28,18,134,113,72,93,79,95,44,47,50,71
"Prr7",38,23,239,193,142,150,186,146,93,85,141,149
"Dbn1",120,124,599,648,592,637,513,768,286,284,388,474
"Pdlim7",180,153,893,627,676,769,568,673,459,343,582,539
"Ddx41",41,30,168,139,119,120,98,144,72,61,109,98
"Fam193b",9,7,79,69,36,60,42,50,38,31,39,52
"Tmed9",477,372,2452,2074,1586,1705,1456,1699,833,790,1462,1617
"Caml",37,20,158,171,108,158,130,150,70,67,111,127
"Ddx46",57,27,158,115,193,174,143,178,129,89,146,166
"B230219D22Rik",90,76,260,237,331,337,291,398,222,177,306,312
"Txndc15",78,67,364,403,311,325,252,329,148,166,318,329
"Pcbd2",75,68,370,329,248,322,234,315,185,133,275,282
"Pitx1",25,12,21,33,53,61,41,50,23,26,56,37
"H2afy",101,83,533,387,411,492,334,430,254,230,300,378
"Cxcl14",1686,1531,23849,15344,5516,8649,10927,11525,7142,6342,6003,6942
"Gm10782",0,0,19,8,2,0,2,3,1,4,2,3
"Tgfbi",635,405,1661,1777,2349,2495,2855,3107,1439,1475,1777,2019
"Smad5",70,45,223,171,186,191,150,184,113,108,173,194
"Hnrnpa0",134,109,416,317,400,380,282,299,186,170,260,240
"5133401N09Rik",52,38,242,222,142,194,142,162,89,73,138,134
"Ubqln1",76,59,344,278,239,265,241,268,151,147,185,225
"Gkap1",61,28,190,140,168,189,115,195,110,96,131,172
"2210016F16Rik",34,23,204,197,116,127,104,112,71,55,99,99
"Hnrnpk",495,353,1863,1517,1689,1952,1708,1973,1019,877,1407,1335
"Rmi1",9,11,44,40,35,42,34,42,17,10,51,35
"Ntrk2",143,85,649,500,620,710,466,568,317,286,471,359
"Agtpbp1",19,10,65,59,62,72,54,47,35,30,49,54
"Naa35",21,19,87,93,80,121,81,115,41,52,78,88
"Golm1",5,6,35,36,24,35,21,29,26,11,29,37
"Isca1",151,95,612,522,471,465,482,540,343,329,367,385
"Etohd2",1,2,5,9,1,10,7,12,8,5,6,6
"Zcchc6",33,20,109,105,156,172,130,155,103,71,128,125
"Gas1",516,465,752,1334,1927,1932,1294,1776,981,1040,1848,2429
"Gm5084",6,3,19,11,10,5,10,10,12,14,10,6
"Dapk1",80,45,394,263,257,276,224,316,193,129,248,262
"4930486L24Rik",0,0,4,7,6,2,5,8,6,1,2,1
"Ctla2b",5,2,23,20,14,9,5,3,6,8,9,11
"Ctla2a",133,105,1929,309,155,378,293,188,379,212,331,206
"Zfp808",0,2,9,12,7,10,5,10,6,7,3,4
"Zfp935",16,61,58,64,50,127,51,69,24,18,83,31
"Zfp934",1,7,4,13,9,16,13,10,9,3,3,12
"6720489N17Rik",2,6,7,6,9,11,9,10,10,4,8,7
"2010111I01Rik",23,11,124,115,88,91,77,73,33,45,79,89
"Fancc",8,6,34,31,29,39,23,40,23,17,27,31
"0610007P08Rik",12,5,53,36,49,45,38,50,36,23,32,39
"Slc35d2",5,4,24,37,25,20,22,21,9,10,19,18
"Zfp367",23,24,46,37,70,79,61,58,52,29,59,55
"Habp4",45,28,152,124,139,133,126,170,82,74,114,118
"Cdc14b",13,8,52,46,64,63,58,60,30,28,46,49
"1810034E14Rik",4,2,20,20,16,7,10,16,5,6,7,11
"1110018J18Rik",9,6,59,37,32,30,25,35,15,18,27,32
"Ctsl",1401,878,8278,6686,6891,8476,7811,8544,3749,3279,5679,5522
"Cdk20",6,7,56,60,20,44,23,44,22,15,44,23
"Hiatl1",53,48,219,202,177,186,166,159,102,92,129,157
"Uqcrb",573,434,2673,2278,2071,2484,2040,2131,1196,1000,1706,1831
"Gm10767",4,1,3,1,3,3,5,5,1,2,6,5
"Mterfd1",31,23,110,118,128,139,141,155,78,72,95,87
"Ptdss1",67,49,228,235,167,164,111,147,85,79,151,177
"Rsl1",1,1,2,4,8,9,3,2,3,3,4,7
"Zfp595",1,2,8,7,8,5,4,1,7,5,1,3
"Zfp953",1,2,5,8,5,2,2,1,3,1,4,4
"Zfp429",4,2,15,17,8,22,15,15,12,8,11,20
"Zfp874a",7,11,30,28,22,14,16,17,13,8,27,13
"Zfp874b",3,1,9,9,5,10,11,8,6,4,6,4
"Zfp58",3,1,15,9,17,20,13,14,8,2,10,8
"Zfp87",10,8,53,41,58,65,52,50,52,28,52,52
"Zfp748",0,4,7,12,3,3,5,7,3,5,5,5
"AA987161",1,2,6,9,9,13,8,8,10,5,8,9
"A530054K11Rik",3,2,11,6,6,6,6,7,8,7,7,3
"Zfp738",2,1,8,9,5,7,6,10,9,5,7,13
"Zfp71-rs1",0,0,1,9,8,6,6,6,6,1,4,6
"Zfp85-rs1",2,1,1,2,2,4,1,12,0,2,4,2
"BC048507",0,2,0,1,3,1,1,0,2,1,6,2
"A130040M12Rik",992,743,1213,509,3557,4943,5133,7031,5537,3807,2814,2108
"Mtrr",3,12,37,33,28,19,34,34,18,16,20,30
"Fastkd3",4,6,29,12,20,24,37,30,16,14,18,16
"Adcy2",10,4,54,40,30,28,19,29,14,24,31,26
"Papd7",36,22,74,62,66,83,48,55,46,37,49,60
"Srd5a1",1,3,2,4,4,11,3,9,4,4,6,8
"Nsun2",68,37,405,232,223,203,179,227,137,114,154,160
"Med10",69,57,393,282,268,278,252,289,171,137,228,214
"BC018507",19,16,45,30,54,46,40,51,31,28,36,50
"Adamts16",9,3,8,18,36,40,24,26,8,13,11,18
"Irx1",1,4,27,2,3,1,6,1,1,3,4,3
"Gm20554",1,0,8,0,0,1,6,8,2,3,0,0
"Irx2",5,3,30,12,7,10,23,24,16,4,5,2
"Ndufs6",180,110,1072,899,679,773,600,640,424,336,588,595
"Mrpl36",50,51,391,354,236,230,167,205,121,82,217,224
"Clptm1l",131,88,864,686,470,452,377,479,213,202,387,424
"Slc12a7",3,5,13,8,12,9,6,14,6,12,7,7
"Nkd2",21,22,103,66,96,101,68,100,72,62,112,86
"Trip13",3,0,3,8,1,3,3,1,1,4,4,2
"Brd9",60,37,123,121,178,191,153,175,93,92,127,140
"Tppp",2,5,4,4,5,8,3,3,7,7,3,6
"Exoc3",29,22,81,90,115,145,118,156,53,63,83,109
"Pdcd6",201,134,826,697,622,662,557,632,309,277,537,561
"Sdha",141,97,601,512,536,641,650,746,326,265,400,423
"Ccdc127",43,33,206,179,155,194,135,176,92,79,136,151
"Zfp825",8,5,27,19,15,22,15,21,15,9,16,15
"Erap1",15,14,86,77,56,74,53,77,28,35,45,57
"Cast",57,58,236,184,302,313,276,311,165,131,191,202
"Mir682",4,2,0,3,5,8,4,6,0,1,2,3
"Ell2",67,48,281,174,199,231,252,263,162,134,162,133
"Glrx",26,16,162,108,61,92,121,109,66,52,63,57
"Rhobtb3",21,27,80,69,101,90,86,90,35,46,89,95
"Rfesd",6,2,28,44,26,28,27,27,11,11,33,16
"Arsk",31,25,142,108,149,169,155,201,80,93,120,132
"Ttc37",3,7,12,7,19,24,19,19,10,7,16,17
"Mctp1",0,1,8,7,5,8,10,7,5,2,2,3
"Ankrd32",7,6,14,14,30,25,32,27,18,11,19,15
"2210408I21Rik",3,7,12,13,14,24,25,20,11,7,19,22
"Fam172a",46,23,110,105,134,149,144,141,93,73,105,103
"Pou5f2",14,5,44,26,33,38,14,25,13,16,29,21
"Nr2f1",5,6,11,17,19,20,7,20,10,10,8,13
"A830082K12Rik",7,3,12,8,16,16,15,10,5,9,14,8
"Arrdc3",115,80,364,269,329,327,307,397,283,280,314,307
"Lysmd3",52,37,47,65,192,251,262,265,165,120,174,170
"Polr3g",1,2,4,3,2,0,1,3,3,0,2,7
"Mblac2",4,2,11,17,15,20,14,15,17,10,14,18
"Cetn3",160,127,599,643,624,675,473,605,280,240,524,539
"Mef2c",35,21,50,41,114,156,81,102,60,50,81,98
"Tmem161b",4,7,23,27,23,18,25,27,14,7,16,13
"Ccnh",40,38,228,163,150,203,162,214,110,88,146,159
"Rasa1",60,55,218,180,246,228,153,193,127,120,207,210
"Cox7c",869,568,4482,3771,3234,3290,2444,2815,1656,1362,2611,2713
"Edil3",29,20,110,106,62,56,46,49,44,44,59,54
"Hapln1",5,3,6,2,2,3,3,3,4,7,7,6
"Vcan",117,95,999,678,613,560,536,724,310,337,423,450
"Xrcc4",16,6,50,50,43,43,56,54,24,20,53,48
"Tmem167",166,136,1247,1082,627,618,532,585,322,272,598,663
"Rps23",4851,3575,40145,29941,26102,29095,20326,25070,16861,14157,18555,18979
"Atg10",21,13,69,62,76,110,79,90,53,52,75,68
"Ssbp2",61,38,263,208,215,246,203,218,149,160,191,217
"4833422C13Rik",2,3,7,6,3,2,3,2,0,2,1,6
"Zcchc9",47,31,167,154,161,209,183,206,131,105,151,169
"Ckmt2",1,2,1,7,0,1,1,4,0,0,0,0
"Rasgrf2",1,0,10,8,9,10,6,7,5,6,2,3
"Msh3",4,7,16,8,26,17,17,22,14,4,20,7
"Dhfr",10,7,25,19,37,40,30,33,21,12,27,28
"Zfyve16",12,6,22,20,34,28,33,34,21,11,37,27
"Serinc5",38,27,77,92,71,87,68,71,39,34,77,95
"Thbs4",3848,3042,30889,26317,14044,13393,7232,9776,5998,6052,19815,16893
"Mtx3",1,3,21,11,16,20,13,17,9,7,15,16
"Cmya5",3,3,12,15,17,16,9,9,8,7,11,14
"Papd4",44,18,178,143,134,141,94,117,50,60,79,70
"Homer1",19,19,48,44,41,43,39,64,30,30,32,45
"Jmy",22,17,104,79,61,76,81,79,32,42,65,65
"Bhmt",1,0,0,12,7,0,1,0,1,2,1,0
"Arsb",85,56,344,286,253,278,180,240,153,116,194,225
"Lhfpl2",20,20,186,212,105,158,89,112,81,80,135,87
"Scamp1",38,36,164,118,102,138,92,126,66,69,100,107
"Gm9776",4,2,8,10,5,12,9,3,6,4,9,9
"Ap3b1",42,28,119,108,143,120,139,172,71,80,125,124
"Tbca",372,253,2027,1839,1584,1700,1289,1486,898,775,1333,1346
"Wdr41",11,8,50,59,35,39,33,33,24,14,33,31
"Zbed3",14,15,102,73,61,45,32,46,40,37,58,67
"Aggf1",33,21,107,78,133,140,116,121,73,66,96,125
"F2rl1",13,14,76,116,39,42,57,42,34,23,26,16
"F2r",186,181,1111,881,556,588,779,733,639,380,472,481
"Iqgap2",5,1,22,24,12,14,29,32,13,11,11,15
"Sv2c",3,1,10,4,6,6,4,2,4,2,6,5
"Poc5",7,5,76,36,31,35,36,41,16,17,32,32
"Polk",5,4,30,20,28,44,20,36,14,14,20,19
"Col4a3bp",18,14,73,59,58,72,62,71,52,40,67,62
"Hmgcr",28,15,83,90,100,105,94,105,61,50,65,87
"Gcnt4",0,1,11,7,5,3,2,4,1,2,4,1
"Nsa2",171,112,610,603,667,689,478,620,400,341,516,495
"Gfm2",2,5,8,13,6,21,11,17,6,5,7,12
"Hexb",207,150,929,875,939,1171,993,1078,542,420,823,786
"Enc1",24,24,310,184,87,76,105,140,119,55,90,70
"Rgnef",28,19,40,36,127,115,111,132,55,63,77,66
"Utp15",15,14,75,35,60,66,53,50,26,20,37,39
"Ankra2",29,25,97,79,78,83,56,84,43,33,83,73
"Btf3",938,691,5791,4298,4327,5089,3945,4405,2580,2169,3191,3213
"Foxd1",7,1,3,7,6,5,5,3,0,6,2,3
"Fcho2",23,26,110,91,106,120,118,136,78,78,92,105
"Tnpo1",17,9,76,54,83,91,84,80,41,39,67,63
"Ptcd2",14,10,49,57,34,41,43,41,38,24,39,48
"Mrps27",5,8,46,37,27,38,21,37,24,16,25,34
"Mtap1b",151,107,261,259,492,561,572,805,327,297,498,518
"Mccc2",15,10,39,42,48,52,42,46,29,20,37,43
"Bdp1",37,29,79,58,170,150,116,146,75,64,110,93
"Serf1",77,53,325,380,233,236,161,201,71,83,329,373
"Smn1",25,14,126,101,98,96,99,106,66,41,65,79
"Gtf2h2",14,3,46,37,43,39,39,49,24,18,35,42
"Ocln",3,2,3,4,5,2,4,1,3,2,4,1
"Rad17",13,10,39,31,45,41,47,39,29,21,42,29
"Taf9",126,112,717,524,562,629,506,540,306,223,416,456
"Cdk7",25,13,73,82,50,61,68,68,39,25,62,50
"Mrps36",61,67,437,463,286,298,234,286,174,118,239,276
"Ccnb1",2,0,3,5,0,0,7,4,1,1,1,0
"Slc30a5",42,41,180,153,157,173,143,194,112,82,120,126
"Pik3r1",95,85,194,198,277,362,236,263,158,132,291,330
"Mast4",62,30,120,94,129,116,98,87,37,39,142,103
"Srek1",40,31,126,115,177,204,236,213,119,98,160,150
"Erbb2ip",47,48,234,170,168,195,131,184,103,80,148,146
"Nln",7,13,48,40,36,36,35,40,16,23,27,15
"Sgtb",3,1,11,9,13,15,24,22,7,16,15,10
"2410002O22Rik",17,26,112,105,81,108,93,103,60,48,89,95
"Ppwd1",11,9,28,29,38,40,40,25,29,12,33,31
"Cenpk",2,1,3,6,4,4,2,2,1,4,0,3
"Adamts6",1,4,10,11,9,10,7,7,4,6,7,9
"Cwc27",29,17,106,87,96,104,103,115,70,53,94,90
"Srek1ip1",14,9,32,38,30,49,23,36,21,17,30,45
"Fam159b",30,29,82,61,49,102,53,60,52,78,187,197
"Rgs7bp",8,6,17,8,10,10,37,24,15,20,15,10
"Rnf180",3,3,4,0,6,9,4,5,2,7,4,7
"Ipo11",7,5,39,35,28,21,24,25,18,20,29,23
"Dimt1",24,31,169,114,114,138,132,108,67,61,71,111
"Kif2a",58,44,153,158,162,168,190,243,92,83,171,223
"Zswim6",44,30,124,93,152,183,152,130,101,89,148,126
"2810008M24Rik",59,45,214,206,232,220,197,194,130,99,176,209
"Ndufaf2",52,27,247,210,208,224,146,201,88,83,167,169
"Ercc8",2,6,28,21,19,14,18,20,8,9,14,18
"Pde4d",14,15,60,33,49,54,34,52,24,28,35,30
"Plk2",42,28,136,128,129,193,183,199,101,85,135,137
"Gpbp1",136,94,467,338,458,542,501,493,379,285,359,360
"Mier3",62,16,105,95,168,190,147,149,81,87,143,120
"Map3k1",31,25,73,56,64,98,78,97,48,56,89,73
"Ankrd55",2,1,26,8,8,10,4,3,7,4,7,7
"Il6st",161,125,1021,602,529,593,412,511,344,328,459,468
"Il31ra",1,0,13,2,4,4,4,3,1,4,4,2
"Slc38a9",12,2,32,28,32,33,36,46,20,11,24,25
"Ppap2a",151,79,401,415,356,377,309,333,169,150,380,408
"Skiv2l2",21,18,65,77,75,71,66,81,40,35,47,61
"Dhx29",3,3,18,13,27,31,16,25,18,16,28,26
"Ccno",14,11,45,22,35,31,35,72,36,28,24,29
"Gpx8",231,169,1090,1043,877,999,792,898,449,420,812,808
"Gzma",0,0,3,0,0,0,2,0,1,4,0,6
"Esm1",1,0,3,2,1,19,11,4,5,6,15,2
"Snx18",158,114,632,524,563,590,665,830,393,364,493,525
"Arl15",12,10,62,39,41,49,42,47,39,15,53,47
"Ndufs4",115,59,651,605,467,545,429,541,263,249,411,423
"Fst",317,347,1862,815,1327,1468,1633,2011,1034,900,893,956
"Mocs2",81,62,459,378,310,345,281,328,178,144,286,316
"Itga2",3,3,1,4,7,6,6,8,3,5,11,19
"Itga1",16,7,44,26,34,53,37,31,21,23,49,29
"Pelo",58,40,241,200,169,198,187,209,75,97,185,186
"Isl1",4,1,21,10,12,7,12,29,6,15,16,9
"Parp8",17,12,67,52,38,86,45,51,32,23,61,65
"Emb",130,109,442,360,570,633,302,330,179,157,537,420
"Mrps30",25,22,156,119,115,112,100,107,52,49,75,88
"Fgf10",6,3,24,21,43,36,30,21,22,23,26,36
"Nnt",11,8,43,48,29,38,25,45,32,16,26,29
"Paip1",37,26,66,46,74,81,53,78,39,30,55,86
"4833420G17Rik",28,13,84,81,85,66,81,92,43,42,75,63
"3110070M22Rik",3,2,9,8,4,3,3,5,2,1,5,3
"Gm7120",12,6,66,81,59,33,22,33,9,21,24,81
"Hmgcs1",120,83,243,284,498,564,523,739,269,238,342,448
"E130304F04Rik",13,10,26,23,20,27,36,28,26,14,29,26
"Zfp131",117,86,293,202,389,527,412,453,277,267,314,338
"Flnb",90,73,358,251,315,374,194,276,144,173,215,185
"Abhd6",3,11,31,16,14,27,25,23,23,10,19,25
"Rpp14",21,18,114,111,64,95,65,74,46,39,53,63
"Pxk",68,49,311,216,228,271,257,287,173,163,155,179
"Pdhb",72,46,227,195,242,295,264,288,131,148,204,177
"Kctd6",35,24,104,102,58,78,67,85,44,52,70,87
"Fam107a",7,5,5,5,5,7,12,10,8,5,5,3
"Fhit",6,4,17,20,12,23,10,11,5,6,14,12
"Gm3833",2,4,4,4,8,14,7,3,6,2,14,6
"Ptprg",26,30,131,136,116,136,115,121,73,91,118,98
"3830406C13Rik",51,22,129,120,107,132,108,135,57,66,139,161
"Fezf2",1,0,10,1,2,0,1,5,1,0,7,1
"Synpr",4,3,6,4,2,0,7,15,4,1,0,7
"Thoc7",168,112,706,628,530,549,447,569,304,297,478,466
"Atxn7",76,38,122,72,242,257,213,231,158,138,196,175
"Psmd6",85,56,404,366,306,353,312,366,166,121,259,261
"Il3ra",90,71,568,471,329,358,241,331,177,149,226,225
"Slc4a7",38,29,128,109,175,193,130,146,93,95,126,117
"Oxsm",6,5,10,5,15,10,14,5,5,5,8,10
"Ngly1",40,42,156,146,170,176,193,199,99,103,131,138
"Top2b",53,38,209,182,173,188,174,206,99,89,133,172
"Rarb",8,6,33,55,38,39,53,55,19,15,38,43
"Thrb",20,11,19,15,59,49,32,60,26,23,29,34
"Nr1d2",24,29,155,134,118,105,115,156,74,82,84,71
"Rpl15",2559,1848,17050,13575,10459,11823,8260,10242,5712,5270,8747,8643
"Nkiras1",29,23,79,108,72,99,95,104,61,36,67,78
"Ube2e1",162,98,735,593,532,576,517,627,349,294,435,403
"Ube2e2",74,55,241,243,180,210,182,223,107,116,158,170
"Nid2",72,38,467,409,179,219,347,373,168,168,230,286
"2700060E02Rik",324,201,1293,1236,1058,1165,926,1083,596,516,945,973
"Gng2",0,0,25,33,14,18,15,24,20,10,8,13
"1810063B07Rik",37,22,194,148,103,113,72,114,53,46,86,92
"Kcnk5",39,21,140,97,148,206,132,181,77,104,102,91
"Nudt13",14,9,51,41,38,38,35,43,31,26,39,35
"Ecd",13,14,54,73,43,60,40,58,29,16,50,40
"Fam149b",13,13,76,78,47,64,38,52,30,23,40,58
"Dnajc9",27,25,99,88,97,123,71,88,65,56,64,73
"Mrps16",81,55,532,515,322,371,301,319,192,144,300,307
"Anxa7",243,161,1088,951,965,1206,862,1073,585,498,788,709
"Zmynd17",4,4,16,13,20,26,14,15,13,5,13,13
"Ppp3cb",47,46,199,179,178,200,155,147,98,77,155,131
"1810062O18Rik",5,2,11,12,8,15,6,8,7,1,10,13
"Usp54",5,5,31,31,22,13,27,29,16,13,16,22
"Myoz1",9,3,4,10,10,10,6,14,11,4,8,3
"Sec24c",20,27,130,115,82,110,71,85,56,49,79,67
"Fut11",34,32,133,139,138,159,129,146,77,67,154,100
"Chchd1",105,83,634,561,425,472,357,406,203,203,357,374
"2310021P13Rik",28,28,155,128,114,127,82,102,62,50,93,92
"Ndst2",7,9,52,19,19,22,18,22,8,8,22,30
"Camk2g",30,28,120,100,112,109,127,163,119,64,85,93
"Plau",135,158,316,271,386,524,504,461,268,173,254,208
"Vcl",60,60,318,288,230,259,163,223,120,101,189,199
"Ap3m1",15,18,81,67,58,82,64,67,38,30,54,56
"Adk",166,107,644,629,608,673,613,664,335,300,502,494
"Myst4",38,14,90,55,97,94,91,89,48,44,95,80
"Samd8",37,37,116,110,119,150,118,109,77,61,112,121
"Vdac2",160,132,800,702,671,747,718,749,420,325,552,529
"Comtd1",19,8,120,84,70,92,55,64,26,33,64,80
"Zfp503",83,49,172,170,203,217,229,231,133,102,153,186
"1700112E06Rik",9,7,37,39,19,24,34,26,13,22,24,33
"Kcnma1",60,24,73,63,104,132,84,109,61,64,94,99
"Dlg5",17,5,63,52,30,52,28,56,27,20,42,44
"Polr3a",3,2,18,15,10,8,12,8,11,7,11,16
"Rps24",3084,2288,36792,28964,21651,23690,14525,18600,12916,11152,16196,16058
"Zmiz1",63,59,392,261,256,313,172,226,151,132,169,195
"Ppif",9,8,55,42,23,25,34,47,27,33,15,9
"Zcchc24",126,69,426,363,298,355,250,323,226,220,288,249
"Anxa11",110,75,334,305,397,486,358,419,238,199,328,305
"Plac9",4355,3038,25051,22445,14199,19053,13153,16477,8980,8015,13734,12922
"D14Ertd449e",134,118,546,634,364,526,346,450,235,227,584,558
"Slmap",50,36,140,88,131,138,91,164,84,63,102,123
"Fam116a",27,13,80,72,76,50,47,65,41,44,62,58
"Arf4",1061,740,4119,3595,3546,4569,3887,4055,2319,2069,3084,2869
"Pde12",172,78,678,367,420,617,630,663,367,300,479,443
"Appl1",41,52,195,143,270,273,209,318,122,142,193,216
"Il17rd",26,20,110,84,90,99,61,83,67,50,77,103
"Arhgef3",11,15,73,47,53,60,33,50,37,25,35,32
"D14Abb1e",34,18,99,83,99,120,89,109,60,57,111,82
"Ccdc66",8,8,33,30,37,38,33,34,26,11,33,29
"Wnt5a",18,12,30,46,36,52,23,54,22,19,43,66
"Cacna2d3",2,4,6,5,16,11,2,6,1,3,6,3
"Selk",957,715,4772,4104,3456,4013,3210,3761,2171,1878,2742,2899
"Actr8",25,16,40,53,44,63,45,49,41,22,49,49
"Dcp1a",10,9,37,32,23,26,24,21,18,17,24,16
"Tkt",132,93,546,558,571,643,540,704,299,241,286,410
"Prkcd",38,24,107,96,110,118,83,92,54,62,111,79
"Rft1",10,8,40,35,31,40,37,34,24,15,37,31
"Sfmbt1",13,6,35,24,39,37,35,29,31,20,33,28
"Tmem110",46,31,176,180,147,160,116,176,72,75,135,145
"Mustn1",335,237,1057,724,940,1049,863,936,487,562,599,452
"Nek4",2,1,5,3,2,6,11,7,3,1,5,4
"Spcs1",307,232,1829,1575,1260,1403,1168,1367,689,611,1141,1217
"Glt8d1",47,44,177,186,155,183,149,173,88,66,147,172
"Gnl3",259,160,1027,521,936,1165,888,997,602,514,638,680
"Pbrm1",132,92,300,240,467,485,397,486,245,203,396,380
"2010107H07Rik",52,29,256,232,167,152,178,193,131,93,159,145
"Nt5dc2",5,4,51,30,10,5,8,18,6,6,17,31
"Stab1",5,4,22,9,7,8,7,7,7,7,4,6
"Nisch",75,69,479,516,296,306,182,267,147,159,268,257
"Tnnc1",1,2,3,6,2,6,7,8,14,1,3,5
"Phf7",6,6,13,19,10,11,14,16,4,8,10,10
"Bap1",16,22,83,66,76,66,62,68,32,25,61,65
"Capn7",23,26,91,92,81,108,69,88,32,47,68,78
"Sh3bp5",30,22,100,56,86,91,85,106,53,70,75,85
"Mettl6",11,7,82,57,51,73,55,70,43,36,36,45
"Eaf1",27,17,85,75,81,70,55,75,40,40,69,52
"Hacl1",11,6,34,25,34,36,52,47,12,18,19,22
"Btd",39,27,176,192,151,208,171,199,90,69,147,150
"Ankrd28",10,13,63,36,35,35,26,24,17,23,40,30
"Galntl2",6,6,37,12,15,16,17,28,16,19,16,5
"Dph3",135,114,863,629,561,732,404,509,393,302,501,523
"Oxnad1",9,15,51,44,43,75,66,86,21,30,55,58
"Ncoa4",55,43,202,172,157,151,141,178,73,65,130,137
"Timm23",196,151,1191,788,663,605,582,677,377,315,518,594
"Parg",15,11,45,39,55,47,40,53,25,21,43,42
"Ercc6",10,4,27,16,34,28,16,28,10,11,18,14
"E130203B14Rik",7,5,21,40,28,18,19,34,11,14,28,38
"Arhgap22",32,19,143,127,88,114,84,91,60,56,93,64
"Mapk8",36,19,114,88,119,144,109,134,62,67,100,90
"Gdf10",64,60,292,296,259,333,312,453,191,173,267,306
"Anxa8",35,22,95,152,159,163,198,166,148,55,140,92
"Fam35a",1,2,8,6,4,8,8,7,4,1,6,6
"Glud1",233,193,976,839,1028,1113,811,957,493,505,698,727
"Gm3219",107,98,210,201,244,315,151,260,108,113,247,221
"Sncg",19,2,20,8,14,24,14,19,14,14,11,5
"Mmrn2",16,8,47,32,40,48,32,53,26,34,32,29
"Bmpr1a",80,51,252,199,205,239,140,204,116,98,144,173
"Ldb3",3,3,2,2,2,7,1,4,0,0,1,5
"Wapal",52,35,111,74,160,163,154,219,108,105,120,115
"Gcap14",102,52,227,198,315,367,301,389,216,158,262,335
"Ghitm",129,103,540,504,471,530,446,575,285,212,381,352
"Tspan14",8,10,39,63,51,49,51,76,40,28,34,54
"5730469M10Rik",17,10,37,44,39,52,40,46,32,28,40,44
"Ptger2",4,6,22,14,17,29,24,20,12,16,9,7
"Txndc16",35,28,114,111,99,123,81,114,67,66,97,93
"Ero1l",57,22,200,130,131,169,140,170,94,74,109,97
"Psmc6",174,104,694,567,680,842,724,801,393,337,515,522
"Styx",43,49,165,107,199,258,189,206,112,84,131,156
"Gnpnat1",101,95,414,374,435,493,423,473,217,206,275,302
"Fermt2",289,180,628,602,1226,1305,1244,1359,663,604,844,845
"Ddhd1",30,25,87,71,140,132,62,63,41,30,55,68
"Bmp4",112,73,348,285,335,424,492,497,317,276,362,384
"Cdkn3",5,0,7,6,1,3,0,7,0,5,3,3
"Cnih",130,95,943,783,523,504,401,479,278,223,454,504
"Gmfb",71,56,250,171,156,188,155,187,94,113,149,148
"Cgrrf1",39,37,145,144,133,191,128,163,88,76,147,144
"Samd4",116,69,292,220,376,393,294,335,237,207,266,197
"Gch1",208,160,1802,716,895,957,762,1010,530,442,524,476
"Wdhd1",2,2,6,7,4,8,4,3,1,1,3,2
"Socs4",15,6,59,34,51,57,50,58,38,22,39,28
"Mapk1ip1l",78,62,303,210,224,221,168,198,149,141,173,203
"Lgals3",270,154,3308,1683,942,1088,609,651,468,291,619,437
"Fbxo34",31,23,102,87,116,124,104,161,62,59,83,107
"Atg14",7,8,24,21,10,28,26,31,15,15,24,17
"Ktn1",59,48,96,102,148,177,147,175,88,67,146,132
"Peli2",37,38,175,139,120,162,116,132,83,77,82,83
"6720456H20Rik",16,6,60,42,35,36,24,29,20,25,34,31
"Exoc5",60,55,235,217,239,251,172,252,132,134,206,184
"Mudeng",6,5,14,23,12,15,17,12,16,10,18,15
"Naa30",17,19,76,65,74,62,65,83,42,32,57,45
"3632451O06Rik",25,10,34,51,84,72,69,47,32,21,76,81
"Ttc5",20,15,59,65,59,93,75,98,39,38,73,76
"Rpph1",2,11,56,8,10,26,3,8,17,3,4,7
"Parp2",19,11,79,84,72,71,77,91,51,35,62,76
"Tep1",6,14,35,55,35,46,26,37,19,21,26,38
"Osgep",65,50,351,272,272,321,274,305,164,128,245,202
"Apex1",50,36,302,223,160,182,121,185,75,61,118,151
"Tmem55b",64,69,359,235,211,276,216,281,212,185,226,235
"Pnp",685,441,3625,2329,2912,4055,2788,3243,1969,1603,2354,2250
"Pnp2",7,10,48,34,39,62,38,36,35,28,46,39
"Rnase4",1203,809,8311,6767,4827,5718,4590,5472,3746,2757,4195,3682
"Ang",92,70,880,597,462,566,493,526,388,279,436,302
"Rnase1",2,8,1,1,1,2,1,0,7,4,2,2
"Mettl17",3,2,18,22,13,13,16,17,7,7,8,10
"Ndrg2",104,51,313,288,262,398,364,416,304,193,206,225
"Arhgef40",30,29,145,153,156,165,100,117,94,62,143,139
"Zfp219",20,21,88,84,70,54,43,67,48,40,48,57
"Hnrnpc",230,171,1094,910,996,1157,840,959,563,481,706,756
"Rpgrip1",53,40,119,110,128,129,74,103,67,53,94,76
"Supt16h",57,56,115,102,153,159,109,151,77,71,99,106
"Chd8",25,18,75,71,56,69,65,72,41,41,72,58
"Rab2b",18,18,66,57,66,67,51,76,40,23,55,59
"Tox4",32,26,121,74,114,151,125,136,88,62,106,101
"Mettl3",10,6,57,71,36,45,36,57,22,22,42,41
"Sall2",1,0,12,9,7,8,2,2,3,5,7,4
"Dad1",475,350,2965,2406,1849,2163,1688,1946,1007,894,1575,1617
"Abhd4",42,31,249,206,117,133,148,151,92,107,150,127
"Oxa1l",30,18,134,153,88,97,88,101,67,50,117,113
"Slc7a7",9,13,36,28,23,36,21,36,14,14,43,51
"Mrpl52",361,222,2625,2023,1352,1413,1053,1282,680,708,1027,1094
"Mmp14",226,183,511,383,745,883,1057,1195,617,478,587,747
"Lrp10",102,84,438,402,306,350,317,368,198,188,300,328
"Prmt5",9,11,99,92,73,79,87,78,44,44,54,63
"Haus4",13,5,43,38,26,46,47,42,31,23,22,29
"Jub",3,3,7,14,9,11,12,9,3,9,23,8
"4931414P19Rik",2,2,12,8,6,4,7,8,5,5,7,5
"Psmb5",144,99,1087,943,666,789,602,767,363,307,586,612
"Acin1",76,61,218,138,256,378,240,327,186,165,230,260
"1700123O20Rik",29,27,231,219,162,179,147,160,84,75,132,167
"Slc7a8",1,3,11,15,14,4,9,8,4,5,12,6
"Homez",1,0,9,7,8,12,2,6,2,0,5,5
"Bcl2l2",29,22,86,84,84,110,87,82,59,46,78,63
"Pabpn1",229,184,754,488,739,707,514,614,370,348,546,491
"Slc22a17",26,10,97,90,61,82,67,88,45,62,76,73
"Efs",44,32,148,176,161,165,135,163,89,89,127,147
"Ngdn",72,67,346,243,282,356,273,287,181,181,224,221
"Zfhx2",7,0,20,11,8,14,9,9,7,6,12,14
"Thtpa",6,1,18,22,16,11,11,10,12,5,14,13
"Ap1g2",11,2,21,17,10,15,17,16,9,11,8,12
"Jph4",3,5,4,5,9,14,7,6,5,5,15,20
"Dhrs4",34,29,200,203,154,183,137,195,101,96,126,139
"Lrrc16b",2,2,12,5,5,5,3,1,1,5,9,4
"Pck2",22,17,91,106,72,89,60,78,46,55,90,72
"Dcaf11",35,28,122,139,111,141,105,114,65,75,106,122
"Psme1",110,94,745,624,603,750,519,758,373,346,461,403
"Fam158a",16,17,98,102,96,90,94,100,44,43,71,78
"Psme2",219,172,1045,769,782,910,656,916,457,399,548,550
"Rnf31",20,15,82,63,39,61,46,89,48,42,42,40
"Irf9",87,80,301,200,236,364,278,268,177,167,241,224
"Ipo4",42,28,233,173,106,133,96,112,64,52,105,121
"Tm9sf1",99,73,437,416,314,347,292,347,197,170,295,301
"Mdp1",39,21,191,241,133,173,115,138,71,75,124,135
"Nedd8",353,250,2019,1655,1232,1328,979,1211,670,596,1066,1107
"Gmpr2",18,10,69,81,53,87,45,59,31,31,69,62
"Tinf2",8,12,34,32,36,40,36,35,13,17,31,34
"Tgm1",1,0,7,4,5,8,3,3,5,3,7,2
"Rabggta",14,1,41,38,43,44,34,46,22,30,23,26
"Dhrs1",41,32,163,187,158,190,155,200,70,75,149,160
"2610027L16Rik",17,20,98,76,68,74,72,75,44,40,46,57
"Ltb4r1",0,5,9,3,3,5,5,7,1,3,2,7
"Adcy4",9,15,67,26,52,60,22,41,27,16,34,29
"Ripk3",13,6,98,57,57,92,48,45,25,24,50,39
"Nfatc4",37,17,146,133,125,154,105,130,99,98,106,110
"Nynrin",8,1,15,21,16,15,6,16,13,10,11,11
"Khnyn",5,3,26,24,15,37,18,27,17,18,32,17
"Sdr39u1",11,13,60,49,29,45,34,38,31,13,36,44
"Cma1",1,1,9,6,0,0,1,1,0,1,10,2
"Cenpj",3,0,10,8,9,14,6,11,7,0,9,9
"Parp4",27,15,57,59,78,81,50,73,38,37,51,49
"Mphosph8",37,22,84,87,113,142,142,173,86,61,119,130
"Gm16973",3,4,26,15,10,21,14,28,23,8,6,17
"Pspc1",25,11,69,71,85,102,82,71,63,39,51,61
"Zmym5",52,40,143,99,207,212,177,168,109,98,141,143
"Zmym2",23,14,73,80,84,83,71,67,51,39,62,70
"Gjb2",1,0,8,26,10,10,9,3,13,1,1,0
"Cryl1",15,9,55,60,54,72,66,61,38,26,48,35
"Ift88",10,8,21,21,28,23,21,35,24,20,32,36
"Il17d",69,35,175,204,193,210,168,207,88,86,151,262
"N6amt2",20,20,114,108,63,90,59,73,33,47,74,69
"Xpo4",3,2,14,9,20,22,17,15,8,12,15,15
"Lats2",71,43,240,219,201,214,144,204,115,104,155,164
"Sap18",87,52,244,221,261,316,258,294,174,167,181,214
"Mrp63",59,44,576,476,241,227,227,248,162,134,243,277
"Zdhhc20",122,76,303,239,350,373,323,425,168,194,281,289
"Efha1",17,12,63,73,69,79,65,78,27,32,66,49
"Fgf9",14,11,11,31,48,65,28,42,31,27,35,41
"Rcbtb1",18,11,38,42,25,45,49,45,19,20,29,39
"Gm4902",6,2,14,13,20,45,14,19,17,11,30,17
"D14Ertd668e",65,47,223,166,235,441,291,344,161,132,258,175
"Setdb2",7,4,18,13,16,16,15,23,10,11,16,7
"Cab39l",39,35,175,144,131,138,131,137,77,63,100,91
"Cdadc1",31,20,109,111,100,116,100,120,61,56,91,90
"Shisa2",8,10,7,9,14,16,6,12,3,7,13,28
"Nupl1",6,2,15,13,9,13,14,14,8,6,15,10
"Mtmr6",40,40,179,170,177,183,178,216,81,93,162,153
"Spata13",5,11,13,11,3,14,13,14,13,10,8,13
"C1qtnf9",16,6,55,44,34,51,50,49,36,40,27,45
"Mipep",8,13,58,76,44,59,49,50,32,18,47,38
"Tnfrsf19",4,3,4,6,7,9,2,8,2,2,11,22
"Ebpl",39,25,220,235,172,176,173,185,110,88,162,151
"Kpna3",37,26,102,83,105,110,93,121,54,57,88,72
"6330409N04Rik",11,12,116,83,66,60,62,60,49,50,56,50
"Trim13",5,2,21,22,17,23,28,10,6,10,13,12
"Dleu2",121,91,217,228,381,417,345,447,265,251,369,354
"Dleu7",3,3,1,4,4,3,3,5,0,1,6,4
"Rnaseh2b",17,15,95,74,67,85,79,81,46,35,43,55
"Fam124a",48,34,188,115,141,147,108,136,97,65,94,125
"Ints6",26,16,44,23,96,118,71,71,67,51,87,61
"Wdfy2",2,0,4,8,11,21,8,8,6,5,10,11
"Ctsb",1312,946,6641,5403,4180,5119,4348,5298,2761,2402,3270,3440
"Fdft1",29,48,80,128,99,126,122,163,47,63,110,115
"Blk",0,0,0,0,3,1,1,10,4,10,7,0
"Fam167a",34,34,64,88,152,164,104,127,53,78,98,75
"Tdh",2,3,3,7,7,6,3,5,2,1,12,8
"Mtmr9",5,10,31,35,28,29,20,17,19,16,19,17
"Pinx1",12,7,59,43,42,35,36,43,27,16,28,37
"Sox7",11,5,15,26,31,48,26,21,25,23,19,23
"Msra",8,10,90,59,48,34,55,55,32,26,59,40
"Kif13b",3,1,7,2,26,21,29,35,16,14,29,19
"Hmbox1",4,4,10,7,16,17,9,14,10,3,14,13
"Ints9",8,9,27,32,22,35,24,22,7,8,21,20
"Extl3",38,37,203,109,123,127,77,89,54,66,81,90
"Fzd3",4,0,7,7,4,10,7,10,5,6,6,14
"Zfp395",16,21,65,60,72,89,64,85,45,63,47,49
"Elp3",13,15,89,95,50,65,71,65,51,44,63,66
"Scara5",295,239,1249,1162,1037,1222,1090,1327,577,622,907,912
"Pbk",5,0,3,1,0,0,0,1,1,6,0,0
"Ccdc25",48,26,157,131,130,172,140,145,76,77,125,160
"Scara3",160,97,417,378,440,584,439,688,294,295,451,494
"Clu",727,273,1415,895,1549,1773,706,1012,412,420,1558,1177
"Ephx2",3,1,5,6,9,19,9,8,8,3,4,12
"Ptk2b",3,2,5,4,1,5,11,6,4,6,9,3
"Trim35",81,52,203,221,211,218,223,296,154,135,169,185
"Stmn4",70,58,167,241,345,375,403,464,180,170,280,319
"Dpysl2",587,471,1381,1375,1674,1907,1463,1728,783,737,1456,1393
"Bnip3l",200,148,810,647,653,836,716,855,414,399,699,653
"Ppp2r2a",183,113,513,419,557,662,599,632,388,291,424,443
"Ebf2",77,60,140,157,293,374,330,428,208,178,257,300
"Kctd9",37,33,92,97,123,138,76,93,67,54,92,82
"Gnrh1",2,5,12,5,8,9,2,4,5,3,8,7
"Dock5",8,1,14,12,12,16,4,8,2,3,11,18
"Nefl",0,5,2,3,9,4,0,4,0,2,0,0
"Nefm",4,0,10,20,11,21,29,12,18,32,2,25
"Adam28",5,7,0,2,8,14,10,15,10,2,21,10
"Stc1",12,1,7,4,33,23,11,11,5,25,10,7
"Slc25a37",21,12,175,83,68,81,50,87,42,26,53,42
"Entpd4",39,26,156,134,99,100,89,84,59,50,95,92
"Loxl2",316,212,982,1063,1118,1004,760,953,426,407,1034,982
"R3hcc1",13,10,45,59,51,52,42,72,29,25,42,58
"Chmp7",25,25,102,111,78,109,74,128,63,54,86,83
"Tnfrsf10b",8,6,31,23,25,30,9,23,9,15,15,24
"Rhobtb2",5,6,28,17,16,21,9,5,9,8,7,12
"Bin3",30,20,166,163,113,157,98,114,78,65,90,110
"2610301G19Rik",19,8,39,53,46,45,26,55,25,21,28,38
"Pdlim2",172,102,880,739,575,663,457,625,318,298,463,452
"Sorbs3",31,28,74,74,93,102,62,89,52,46,60,56
"Ppp3cc",13,8,73,48,41,54,40,60,34,34,32,42
"Slc39a14",41,36,649,263,167,114,142,207,116,74,124,102
"Piwil2",2,2,10,7,2,6,2,3,1,2,5,5
"Polr3d",59,40,334,183,214,278,239,306,146,142,178,208
"Phyhip",5,3,4,3,9,4,3,8,1,1,10,20
"Bmp1",319,235,1469,1393,999,1083,883,1152,499,523,912,942
"Lgi3",3,4,18,14,13,15,10,9,2,5,12,13
"Reep4",10,13,47,67,47,45,32,41,25,19,40,42
"Hr",10,9,36,36,16,28,18,18,9,11,36,45
"Nudt18",27,17,75,116,60,65,68,78,27,38,63,75
"Fam160b2",11,8,39,37,31,41,29,20,27,21,30,35
"Epb4.9",9,6,11,17,25,32,16,17,14,19,20,31
"Xpo7",27,24,104,95,91,100,79,84,51,43,71,72
"Dok2",0,2,3,5,11,8,3,7,1,2,3,2
"Gfra2",49,51,69,82,125,127,73,98,68,59,80,78
"Fndc3a",53,36,200,147,219,199,153,165,96,98,141,172
"Rcbtb2",19,22,78,111,100,135,123,149,56,49,101,98
"Rb1",10,8,35,39,37,33,15,20,16,21,37,44
"Lpar6",16,14,45,34,37,55,50,56,29,25,24,46
"Itm2b",3742,2816,16245,14867,14761,17383,16192,17694,8200,7593,13076,13390
"Med4",23,25,89,83,72,102,90,103,60,39,88,68
"Sucla2",55,59,251,241,256,303,285,330,164,114,212,207
"Esd",250,159,1461,1073,948,1138,940,958,520,444,740,748
"Lrch1",20,22,67,66,70,81,57,75,55,48,49,49
"Lcp1",4,2,15,13,9,10,18,21,7,11,12,7
"Zc3h13",38,17,58,48,148,146,122,145,72,65,101,123
"Cog3",11,17,65,67,32,55,46,37,27,29,39,34
"Gm4285",5,2,21,16,8,18,23,17,8,6,14,16
"Tpt1",4042,2983,83664,61747,31025,33955,21568,26704,21845,17610,21213,21991
"Snora31",5,4,13,12,17,24,23,18,31,15,21,19
"Gtf2f2",18,18,109,89,83,86,81,94,59,41,42,56
"1200011I18Rik",8,13,62,54,45,56,46,52,25,24,32,47
"Nufip1",22,14,98,64,89,97,64,100,41,39,60,61
"Tsc22d1",277,259,630,715,525,808,787,1142,407,379,643,713
"Serp2",9,4,43,27,18,18,17,29,12,9,17,11
"9030625A04Rik",3,3,40,23,16,29,20,35,16,16,20,16
"Ccdc122",18,6,83,63,35,34,64,65,44,27,35,28
"Enox1",7,8,27,42,20,39,26,32,7,13,32,22
"Dnajc15",27,16,264,238,131,135,117,111,82,56,126,122
"Epsti1",1,0,2,6,0,1,1,2,4,0,6,0
"Tnfsf11",0,0,8,5,2,1,10,6,5,1,1,10
"Akap11",46,34,135,103,114,135,110,156,88,86,117,126
"Dgkh",5,6,10,3,7,16,5,11,10,14,17,13
"1300010F03Rik",14,11,48,52,42,42,39,30,24,27,37,27
"1190002H23Rik",675,441,3401,1863,1627,1827,1872,1586,1218,1006,1306,1250
"Naa16",9,17,41,44,58,52,40,69,29,32,52,36
"Mtrf1",4,6,15,13,7,10,5,9,6,3,11,7
"Kbtbd7",2,5,23,18,13,13,9,20,10,7,17,12
"Wbp4",77,56,260,199,267,323,302,311,175,141,221,249
"Elf1",225,151,626,392,876,1169,932,1017,640,532,664,644
"Sugt1",65,43,339,333,367,331,303,339,205,150,269,269
"Lect1",2,1,5,9,13,30,7,60,13,14,26,7
"Pcdh17",6,3,8,8,23,22,17,33,14,12,10,12
"Tdrd3",26,23,98,112,89,99,84,92,48,51,79,97
"Pcdh20",4,2,11,20,12,14,38,34,12,7,19,26
"Gm5088",2,3,1,2,3,2,0,2,3,0,1,4
"Pcdh9",9,8,11,9,42,48,37,33,17,16,41,33
"Dach1",3,0,2,3,7,11,2,7,7,3,2,7
"Mzt1",80,44,189,159,170,191,150,163,123,100,157,152
"Dis3",10,11,57,46,43,36,25,44,16,18,27,28
"Pibf1",10,8,29,26,32,57,39,53,37,18,47,28
"Klf5",55,37,62,40,116,178,107,126,68,69,101,97
"Klf12",5,3,6,6,27,42,22,29,15,12,14,17
"Tbc1d4",2,4,16,14,6,8,14,17,13,6,5,12
"Commd6",54,56,325,296,230,258,230,244,119,99,235,215
"Uchl3",45,34,252,211,213,219,152,203,112,88,156,162
"Lmo7",20,8,9,9,17,28,23,19,16,19,23,14
"Kctd12",70,62,332,335,286,293,236,324,171,189,232,251
"Cln5",60,48,284,254,204,292,185,261,135,132,182,230
"Fbxl3",69,60,289,266,230,271,171,222,143,126,200,182
"Mycbp2",155,132,493,314,663,702,554,678,357,363,469,492
"Scel",1,1,2,2,5,9,2,4,0,4,3,1
"Ednrb",6,1,23,9,10,15,12,9,9,5,9,4
"Rnf219",3,2,19,12,27,15,18,27,7,8,9,16
"Gm17066",24,13,73,49,61,53,39,53,30,30,45,38
"Rbm26",71,55,176,144,246,239,204,234,147,131,205,208
"Ndfip2",134,108,428,354,471,512,367,483,237,265,397,354
"Spry2",352,353,854,712,909,1236,972,931,573,539,709,675
"1700128A07Rik",0,0,1,6,4,3,6,2,3,6,8,5
"Slitrk1",0,0,1,5,2,0,1,1,0,1,6,6
"Mir17hg",16,16,65,44,49,53,67,80,36,27,28,38
"Gpc6",110,63,141,156,311,281,201,228,103,97,194,231
"Tgds",12,11,62,59,73,60,45,59,36,27,32,49
"Gpr180",44,44,293,264,187,207,143,226,107,101,177,194
"Abcc4",9,4,30,31,12,27,18,21,16,11,13,12
"Cldn10",12,12,66,68,49,51,141,129,61,35,29,29
"Dzip1",29,14,89,81,85,117,81,95,54,43,61,51
"Dnajc3",333,281,1346,1210,1239,1390,1255,1506,702,658,1107,1142
"Uggt2",3,6,36,25,18,24,29,40,12,8,12,26
"Mbnl2",317,231,905,740,1071,1133,984,1102,634,533,942,1021
"Rap2a",41,26,162,125,166,177,104,131,85,76,115,133
"Ipo5",54,66,387,236,252,304,219,230,140,119,202,188
"Farp1",27,15,113,98,73,95,61,88,51,34,70,72
"Stk24",58,47,267,253,245,265,225,279,159,124,225,225
"Dock9",43,28,69,77,88,121,83,102,67,54,89,78
"Ubac2",38,39,243,221,184,198,169,191,111,110,169,185
"Gpr183",0,0,0,1,2,5,1,3,5,1,9,2
"Tm9sf2",170,103,664,618,452,433,421,543,264,187,410,444
"Clybl",16,15,70,62,58,69,78,71,26,50,52,66
"Pcca",21,15,63,67,66,72,78,82,48,39,48,60
"A2ld1",5,3,18,17,16,14,16,12,12,3,10,1
"Tmtc4",5,5,27,16,19,18,22,31,15,15,29,20
"Nalcn",9,11,36,37,11,33,22,31,18,19,11,10
"Itgbl1",381,257,1477,1208,962,1140,906,1016,588,625,1224,1171
"1700024B18Rik",3,4,12,1,7,11,2,3,6,4,4,5
"Sepp1",1203,888,6755,4854,3744,4669,5508,5665,3909,2897,3942,3580
"Ghr",67,72,324,226,254,288,245,255,161,173,222,199
"Fbxo4",49,39,273,232,162,216,193,217,117,123,197,165
"AW549877",28,15,101,97,101,93,79,94,71,54,86,79
"Oxct1",186,143,390,481,585,673,445,635,371,307,399,547
"Plcxd3",3,2,22,8,13,14,44,51,57,16,1,12
"C7",1,0,28,32,9,9,178,173,122,41,4,2
"Card6",0,0,5,7,2,3,1,3,5,3,2,1
"Rpl37",4951,3616,28123,21076,20394,22267,14580,18393,11601,9850,16027,14993
"Prkaa1",23,18,61,60,60,86,60,59,51,45,45,54
"Ttc33",25,12,83,82,63,78,47,65,44,29,57,64
"Ptger4",27,29,126,123,108,135,163,177,78,68,96,107
"Dab2",100,96,508,308,332,439,338,417,264,232,363,264
"Fyb",2,0,0,6,11,6,11,10,8,11,6,3
"Rictor",38,20,86,97,108,84,61,93,64,45,73,47
"Osmr",235,167,1540,846,941,1078,757,796,701,583,711,633
"Lifr",113,61,889,433,245,407,286,378,268,187,228,213
"Egflam",15,6,38,31,41,31,15,29,12,20,31,35
"Gdnf",9,2,24,7,10,21,4,0,3,1,3,4
"Wdr70",28,15,52,54,86,103,77,106,65,57,63,76
"Nup155",5,7,31,27,18,20,11,29,8,12,12,19
"2410089E03Rik",14,18,52,57,63,63,46,64,31,28,54,44
"Nipbl",80,70,133,75,305,383,320,418,211,207,283,295
"Slc1a3",16,21,58,31,85,71,70,74,37,35,62,78
"1110020G09Rik",15,7,59,50,48,55,45,55,46,30,45,37
"Skp2",1,1,5,3,7,0,6,2,1,2,7,1
"Lmbrd2",2,1,2,4,18,14,7,12,10,6,5,15
"Il7r",0,0,0,0,2,2,2,10,2,1,8,1
"Prlr",7,11,1,1,11,21,4,7,1,4,11,18
"Dnajc21",45,41,161,106,144,169,134,167,113,92,109,191
"Brix1",87,52,419,284,304,365,396,405,208,134,233,247
"Rad1",9,5,38,52,25,36,33,42,19,16,24,33
"Rai14",28,21,102,89,72,80,78,131,67,59,80,71
"4930556M19Rik",0,1,3,6,4,1,8,10,2,4,4,2
"C1qtnf3",67,73,32,122,181,153,78,75,24,61,171,217
"Amacr",8,7,29,30,31,26,20,33,18,13,23,23
"Adamts12",5,1,6,12,11,12,6,15,4,6,18,17
"Tars",45,33,190,190,186,186,139,171,78,95,145,148
"Npr3",0,1,6,3,12,10,15,9,12,1,11,9
"Sub1",707,587,3045,2033,2230,2507,2419,2696,1394,1389,1938,1848
"Zfr",91,68,210,170,309,301,295,383,167,155,255,303
"Mtmr12",21,16,110,78,66,68,80,100,54,49,48,52
"Golph3",166,131,725,592,518,591,493,517,383,326,499,459
"Pdzd2",32,35,124,99,121,145,93,123,66,73,117,99
"6030458C11Rik",6,4,39,20,26,22,22,28,12,9,31,29
"Drosha",16,14,91,81,57,63,46,63,42,33,90,66
"Cdh9",4,4,15,8,15,17,13,21,10,3,6,8
"Acot10",6,7,10,9,23,37,12,18,7,3,30,32
"Gm5803",2,1,1,4,4,4,1,3,0,3,3,6
"Basp1",127,122,644,559,356,350,443,751,187,220,398,539
"Myo10",32,15,73,58,68,103,72,69,44,40,62,55
"Fam134b",37,30,107,75,104,79,72,88,51,49,113,121
"Zfp622",84,63,366,292,321,405,391,410,216,188,271,277
"Fbxl7",13,8,22,28,29,28,12,26,10,13,23,20
"Ank",72,39,325,218,176,194,114,158,93,121,212,221
"Fam105b",28,25,136,98,78,107,73,100,45,40,44,68
"Fam105a",7,1,34,14,0,14,6,19,4,7,10,4
"Trio",43,42,145,184,193,227,132,208,92,93,156,116
"Dap",261,201,1326,1533,903,962,672,894,463,428,926,994
"Ankrd33b",28,20,40,29,81,107,68,130,60,69,64,39
"Ropn1l",4,2,4,4,6,7,1,10,2,1,7,12
"March6",51,23,147,119,125,123,89,114,71,59,104,132
"Cmbl",15,3,18,25,42,44,35,27,15,19,33,37
"Cct5",231,184,1127,935,958,1177,931,1062,498,401,731,766
"Fam173b",22,19,129,99,77,59,42,66,42,43,65,74
"0610007N19Rik",210,163,1089,1048,718,693,546,616,378,335,705,750
"Sema5a",18,12,128,95,62,64,78,94,55,42,99,82
"Sdc2",575,361,2168,1900,1961,2202,2066,2242,978,900,1659,1622
"Pgcp",481,311,1936,1855,1856,2062,2395,2810,883,886,1175,1422
"Tspyl5",1,2,8,10,3,4,2,4,7,6,9,8
"Mtdh",238,199,989,602,1116,1132,910,1104,615,527,832,867
"Laptm4b",64,40,142,171,146,188,121,180,91,86,161,141
"Matn2",92,66,172,256,219,257,263,267,123,116,253,277
"Gm12191",14,14,72,63,44,61,25,34,28,16,35,30
"Rpl30",58,56,110,114,145,181,63,88,139,104,170,138
"Hrsp12",15,8,37,39,39,48,43,43,25,17,35,51
"Pop1",3,4,16,9,10,15,9,20,8,5,6,7
"Nipal2",13,11,44,23,53,49,58,62,32,18,20,33
"Stk3",23,21,142,131,114,150,119,159,74,76,103,129
"Osr2",114,84,331,233,337,516,307,322,215,186,294,349
"Vps13b",15,12,55,53,56,63,37,42,31,31,42,41
"Cox6c",1021,718,5729,4711,3728,4159,3136,3548,2097,1739,2933,3137
"Polr2k",105,109,648,520,415,492,379,425,252,205,333,399
"Rnf19a",85,48,276,234,269,348,252,253,124,156,249,259
"Ankrd46",50,34,114,135,161,139,101,102,59,52,97,114
"Pabpc1",1071,870,3631,2191,3027,3421,2610,2934,1637,1432,2169,2199
"Ywhaz",351,261,1727,1343,1286,1364,961,1146,736,635,955,889
"Zfp706",210,193,1078,827,662,747,650,770,408,381,635,686
"Ncald",17,18,75,85,81,80,91,115,56,30,88,96
"Rrm2b",11,7,44,34,44,41,65,72,29,26,35,40
"Ubr5",79,66,326,258,257,267,193,287,127,134,208,236
"Klf10",165,177,287,276,305,403,270,305,218,155,333,337
"Azin1",308,257,1101,706,829,1142,893,961,720,640,787,768
"Atp6v1c1",56,50,183,162,144,155,162,178,89,82,117,112
"Baalc",0,1,27,9,0,5,6,1,3,4,9,6
"Fzd6",8,1,12,7,12,6,8,7,7,5,15,9
"Cthrc1",34,56,333,355,56,98,54,81,38,40,155,203
"Slc25a32",12,16,65,48,34,46,34,46,35,22,40,49
"Dcaf13",29,18,155,116,128,128,146,130,68,47,86,87
"Lrp12",15,10,47,31,56,65,49,46,21,28,45,51
"Zfpm2",5,4,23,21,30,33,19,36,15,14,24,22
"Oxr1",59,53,228,192,178,195,167,232,109,86,155,190
"Angpt1",25,15,83,56,74,75,75,82,47,46,43,73
"Eif3e",397,289,1424,1185,1570,1711,1540,1693,858,748,1208,1175
"Ttc35",69,67,334,332,332,381,376,393,180,143,253,258
"Nudcd1",10,12,76,56,47,56,40,50,27,20,38,49
"Eny2",197,126,959,764,674,794,680,671,427,374,529,575
"Ebag9",21,20,58,54,56,60,62,63,39,31,37,52
"Sybu",10,8,26,7,11,16,8,16,7,7,15,7
"Trps1",82,56,266,234,311,357,256,335,208,184,285,269
"Eif3h",543,348,2808,2483,2250,2623,2153,2481,1414,1154,1703,1867
"Utp23",24,15,93,56,71,106,93,91,39,45,82,51
"Rad21",72,55,231,216,226,237,206,249,119,123,194,181
"Aard",2,1,5,5,10,8,6,7,1,3,14,15
"Med30",58,50,269,247,259,258,228,246,121,141,198,188
"Ext1",79,51,367,313,204,220,159,209,125,125,197,251
"Tnfrsf11b",16,6,25,20,27,15,20,7,4,4,53,100
"Mal2",2,0,2,0,3,2,3,1,1,0,6,5
"Nov",204,140,379,286,812,957,499,718,367,238,531,495
"Enpp2",329,250,1346,972,1201,1419,1523,1619,747,671,887,1115
"Taf2",11,10,43,41,40,49,24,35,26,17,30,32
"Dscc1",2,3,1,4,1,4,5,12,3,2,3,2
"Gm9920",0,1,9,8,4,1,3,6,1,3,4,0
"Deptor",7,14,176,104,68,67,106,141,67,56,76,93
"Col14a1",242,233,648,689,917,924,635,832,244,342,400,758
"Mrpl13",66,44,370,355,280,290,245,262,144,99,218,237
"Mtbp",3,1,13,20,11,15,21,20,8,5,8,12
"Has2",65,46,235,187,333,407,255,270,203,163,253,184
"Has2as",8,8,26,26,34,30,32,49,30,23,33,24
"Zhx2",43,24,110,112,129,153,92,125,68,66,112,91
"Derl1",139,107,907,875,527,590,487,628,310,285,512,497
"Wdr67",1,2,9,16,23,17,9,17,5,3,17,16
"9130401M01Rik",46,41,298,257,169,156,137,176,74,80,150,170
"Zhx1",17,20,76,64,47,55,42,76,39,36,45,56
"Atad2",12,7,35,28,23,39,40,38,22,26,32,29
"Wdyhv1",9,7,39,40,30,42,36,32,13,20,22,25
"Fbxo32",5,6,24,14,26,12,16,21,6,10,28,20
"D15Ertd621e",27,26,157,103,118,101,85,81,60,69,61,76
"Tmem65",149,101,586,386,420,421,403,454,270,225,367,374
"Trmt12",1,0,6,6,2,3,4,8,6,3,4,4
"Rnf139",39,36,179,138,117,150,103,142,81,68,96,117
"Tatdn1",11,5,67,76,62,54,69,62,40,36,44,48
"Ndufb9",256,205,1668,1488,1048,1135,915,1097,583,516,917,882
"Mtss1",16,21,33,38,38,55,25,40,20,26,51,60
"Sqle",43,37,116,121,167,202,179,241,89,113,117,127
"E430025E21Rik",23,5,93,78,52,59,35,50,27,20,47,47
"Nsmce2",45,44,217,183,198,206,226,235,135,115,139,128
"Trib1",253,192,1019,584,849,1059,941,918,649,553,699,647
"Fam84b",9,1,15,12,9,16,7,5,9,6,7,5
"9930014A18Rik",2,0,5,4,3,6,4,2,4,1,3,5
"Myc",941,727,2294,1794,2889,3854,3890,3926,2445,1966,2376,2087
"Pvt1",13,6,123,67,49,45,45,52,23,28,18,43
"Fam49b",27,18,107,74,89,85,80,84,51,50,60,61
"Asap1",67,59,233,187,292,300,268,332,155,153,259,279
"Efr3a",111,77,372,284,316,386,351,389,230,199,320,327
"Tmem71",6,0,24,14,18,23,25,23,13,7,8,10
"Phf20l1",51,36,175,119,215,262,190,237,124,120,160,152
"Sla",0,0,2,2,2,3,2,5,5,4,7,3
"Wisp1",34,34,252,197,114,155,120,125,93,80,249,286
"Ndrg1",513,261,1962,1461,1665,2098,1512,1752,1187,1124,1072,1041
"St3gal1",137,94,908,528,498,477,340,391,308,202,350,366
"Zfat",4,0,21,10,11,9,5,2,5,6,4,7
"Khdrbs3",17,7,130,64,67,82,54,49,39,39,54,54
"Col22a1",57,52,338,212,99,82,95,114,111,113,332,293
"Trappc9",11,22,57,66,68,78,83,92,45,36,55,64
"Peg13",16,23,81,71,85,87,70,119,67,62,77,60
"Chrac1",94,64,493,411,271,303,274,287,195,151,244,272
"Eif2c2",17,17,43,29,85,99,75,86,67,54,68,78
"Ptk2",27,29,150,153,123,105,73,110,71,55,93,99
"Dennd3",12,2,38,22,26,28,20,22,15,13,35,15
"Slc45a4",8,9,31,31,25,25,15,24,19,15,25,13
"Ptp4a3",38,35,179,179,152,160,139,142,74,68,102,148
"Arc",76,85,296,222,90,178,295,182,104,49,122,169
"Jrk",0,1,7,4,3,2,11,9,9,3,0,7
"4930572J05Rik",6,10,43,59,36,38,25,35,26,20,27,39
"Slurp1",1,2,17,28,17,33,18,3,1,3,46,29
"Lypd2",49,27,16,35,38,31,74,50,22,26,28,24
"2300005B03Rik",1,1,4,3,7,4,1,2,4,5,3,1
"Lynx1",32,19,137,150,126,120,85,93,57,52,106,132
"Ly6d",3,8,1,1,8,1,5,12,15,15,26,6
"Ly6k",4,1,89,29,39,21,39,50,34,14,18,14
"Ly6e",561,445,3751,2931,1510,1992,1323,1986,1147,1222,2200,1759
"Ly6i",1,1,0,2,8,4,4,3,0,2,7,3
"Ly6a",1969,1639,15586,10857,9893,11761,7933,10668,4494,4419,8445,7249
"Ly6c1",1370,968,8797,6548,6156,7021,5080,6233,2832,2714,4792,3973
"Ly6c2",21,17,56,60,73,78,47,79,40,35,101,45
"Gpihbp1",39,19,190,154,133,165,73,103,54,107,68,124
"Top1mt",1,2,19,13,13,10,12,16,8,6,12,13
"Zc3h3",10,14,54,36,28,21,25,38,24,24,27,44
"Gsdmd",51,32,175,178,179,178,149,192,92,86,99,101
"Naprt1",13,9,70,76,43,77,50,54,31,23,58,54
"Eef1d",514,372,3131,2579,2307,2801,2223,2524,1379,1246,1947,1986
"Tigd5",0,1,7,7,12,12,11,11,4,8,4,6
"Pycrl",22,15,116,101,79,78,56,68,34,39,73,76
"Tsta3",21,14,107,101,79,81,65,94,33,32,68,52
"Zfp623",7,7,34,42,16,29,21,24,18,14,28,32
"Zfp707",4,4,18,18,6,15,8,18,9,5,8,8
"2410075B13Rik",3,2,6,11,4,9,0,2,3,2,3,7
"Scrib",6,5,64,51,44,35,28,30,28,20,41,38
"Puf60",186,137,675,487,520,654,487,491,326,314,469,460
"Nrbp2",24,19,91,70,54,60,51,51,67,36,33,37
"Eppk1",3,2,6,6,5,8,6,10,3,3,5,3
"Plec",195,134,695,624,614,568,329,388,279,233,461,429
"Parp10",20,13,65,55,55,63,51,60,31,53,48,42
"Grina",184,144,891,758,560,731,649,723,512,405,467,459
"Oplah",15,13,42,45,30,48,28,37,14,12,38,35
"Exosc4",35,25,167,123,78,74,88,113,66,51,87,89
"Gpaa1",36,24,190,168,105,145,103,132,73,53,115,98
"Cyc1",144,82,665,568,452,522,488,506,302,243,387,446
"Sharpin",35,19,132,100,61,81,81,87,41,45,74,63
"Maf1",93,62,402,379,271,319,219,316,177,158,247,252
"Fam203a",7,3,37,27,18,22,17,29,10,12,14,18
"Heatr7a",17,15,47,41,33,54,35,32,33,20,47,40
"Bop1",31,15,179,131,103,103,67,91,60,39,93,93
"Scx",115,43,104,314,184,189,77,99,101,68,290,403
"Hsf1",32,26,167,143,92,113,89,131,77,63,98,102
"Dgat1",27,24,124,116,105,131,123,134,70,47,83,86
"Fbxl6",26,18,165,140,93,111,100,104,65,50,95,80
"Slc52a2",8,2,84,52,35,26,28,32,18,24,33,32
"Adck5",4,4,44,40,22,26,19,36,21,10,29,23
"Cpsf1",10,8,87,60,36,62,32,56,42,23,40,39
"Vps28",145,75,633,580,507,528,538,581,277,246,405,430
"Cyhr1",42,16,116,119,101,134,105,131,82,67,118,103
"Kifc2",4,4,7,5,6,8,11,9,6,7,8,10
"Ppp1r16a",5,14,55,62,34,39,27,53,23,33,32,45
"Mfsd3",5,6,38,36,16,23,17,35,10,13,23,23
"Lrrc14",5,8,35,47,23,29,24,29,12,12,17,24
"C030006K11Rik",9,11,62,38,26,22,33,30,24,15,23,30
"Arhgap39",4,5,15,14,15,11,7,7,7,9,14,15
"Zfp251",2,3,6,4,9,6,5,11,2,2,2,8
"Commd5",3,5,21,51,22,30,10,24,16,8,19,29
"Rpl8",3045,2166,23507,17431,13931,16027,10829,13468,8694,7620,11556,11135
"Zfp647",3,0,6,8,5,5,3,11,5,3,8,6
"1110038F14Rik",41,30,226,210,138,160,99,143,73,98,151,142
"Mb",1,12,4,16,3,23,7,12,9,2,7,8
"Apol6",4,1,4,2,1,6,3,4,2,3,5,6
"Rbfox2",69,65,278,237,258,307,240,269,167,117,231,259
"Apol9a",16,5,29,40,28,39,12,18,17,16,56,30
"Apol10b",6,3,8,6,13,20,15,11,9,14,7,6
"Apol9b",10,1,26,29,11,17,9,20,10,15,29,20
"Myh9",54,44,230,192,149,155,120,153,83,66,130,107
"Txn2",139,129,914,675,556,568,405,533,336,250,389,487
"Eif3d",110,77,523,426,396,464,368,469,228,192,276,291
"Ift27",89,57,510,537,405,433,378,430,221,175,355,352
"Pvalb",39,20,13,49,51,102,40,82,25,24,39,22
"Ncf4",0,0,5,3,2,3,7,6,4,2,3,2
"Csf2rb2",2,4,25,13,13,9,16,6,6,7,10,5
"Csf2rb",2,5,15,11,21,17,22,14,14,8,12,8
"Tst",7,4,23,38,20,31,18,34,17,15,28,33
"Mpst",61,52,153,180,173,253,215,226,133,119,193,195
"Kctd17",64,59,376,322,194,221,135,208,77,103,178,245
"Il2rb",0,0,0,0,0,2,5,7,4,1,2,2
"C1qtnf6",61,51,318,469,110,98,80,100,24,48,249,348
"Rac2",1,5,15,11,7,6,12,23,24,12,28,14
"Cyth4",2,2,3,6,3,9,4,14,3,3,6,8
"Mfng",0,0,5,2,3,17,10,3,2,4,2,5
"Card10",10,13,52,65,39,57,49,48,37,30,35,45
"Cdc42ep1",35,28,135,134,89,137,68,105,71,70,115,103
"Gga1",58,43,195,163,141,153,115,191,92,95,123,140
"Sh3bp1",5,3,8,4,9,10,4,9,5,2,6,8
"Pdxp",2,1,10,11,4,11,2,8,4,5,4,7
"Lgals1",4139,2828,22181,21825,15327,16434,11799,14158,7166,6887,11256,11929
"Nol12",22,30,243,188,112,111,90,99,70,55,95,109
"Triobp",153,110,260,336,441,581,398,538,275,270,384,398
"H1f0",195,107,569,535,322,401,341,402,261,255,396,550
"Gcat",17,20,77,103,85,98,62,81,39,43,49,82
"Ankrd54",16,19,119,120,85,100,76,111,48,53,84,90
"Eif3l",124,86,575,494,482,502,446,491,230,202,372,373
"Micall1",22,10,89,44,54,56,33,34,20,21,28,40
"1700088E04Rik",1,1,10,13,13,13,7,12,4,2,13,8
"Polr2f",121,108,1056,854,533,598,495,598,303,289,472,498
"Sox10",3,9,1,9,1,8,1,2,1,0,2,4
"Pick1",7,7,21,22,21,33,25,28,12,17,20,18
"Pla2g6",8,8,38,22,27,20,22,28,13,11,17,11
"Maff",1064,782,4163,2925,3633,5023,3445,3984,2994,2452,2604,2467
"Tmem184b",63,49,154,167,134,169,94,195,83,97,186,156
"Csnk1e",93,70,259,236,321,374,299,396,209,195,226,248
"Kdelr3",137,75,401,594,356,356,318,429,172,195,406,467
"Ddx17",130,118,456,394,472,507,311,408,309,280,422,382
"Cby1",41,16,117,145,71,102,56,89,54,42,94,96
"Tomm22",118,74,767,645,488,535,423,515,267,253,418,467
"Josd1",28,18,143,141,84,91,76,94,52,49,79,87
"Gtpbp1",8,9,51,33,29,37,31,39,18,25,40,33
"Sun2",46,29,139,111,115,117,100,120,74,80,113,77
"Gm16576",2,0,6,7,2,3,5,3,7,7,9,6
"Dnalc4",26,17,164,149,108,118,104,111,66,62,116,104
"Cbx6",71,63,251,230,194,232,153,237,148,142,230,259
"D730005E14Rik",27,13,60,38,67,115,102,120,74,62,86,71
"Apobec3",41,39,138,85,102,166,133,168,111,108,111,108
"Cbx7",25,20,87,59,67,81,55,78,60,40,54,45
"Pdgfb",2,4,7,7,5,9,7,5,6,10,9,9
"Rpl3",2646,2036,13478,11339,10209,12061,9680,11130,6320,5319,9064,8009
"Syngr1",12,25,85,54,28,44,32,29,23,33,46,43
"Tab1",5,7,31,29,15,17,16,18,12,9,21,26
"Mgat3",2,2,4,5,3,5,2,3,0,1,1,4
"Smcr7l",6,8,35,22,17,28,21,18,17,12,17,19
"Atf4",807,572,5062,3650,3459,4212,3095,3124,2531,2244,2548,2726
"Rps19bp1",58,50,349,213,180,235,203,172,130,115,140,169
"Fam83f",2,3,38,23,8,16,17,23,14,10,8,10
"Tnrc6b",91,63,210,156,332,328,307,364,216,199,272,260
"Adsl",28,19,133,124,89,94,91,101,41,47,76,76
"Sgsm3",13,6,47,38,28,33,16,27,16,11,17,18
"Mkl1",19,10,69,54,49,45,25,46,31,29,42,44
"Slc25a17",58,52,247,225,210,244,255,270,113,113,221,226
"St13",118,102,450,451,472,533,352,458,254,181,312,325
"Xpnpep3",4,5,6,7,7,17,11,9,4,2,13,22
"Rbx1",290,211,1481,1338,1025,1290,916,1106,596,604,929,985
"Ep300",19,15,32,28,45,64,52,57,22,21,48,46
"L3mbtl2",2,3,14,12,9,13,17,20,9,5,10,11
"Chadl",12,15,55,72,60,62,62,59,30,25,51,63
"Rangap1",45,19,187,119,130,135,127,134,76,76,89,119
"Zc3h7b",34,26,155,124,115,131,82,112,59,58,65,97
"Tef",15,9,57,55,50,48,46,73,47,51,44,41
"Tob2",136,93,327,237,451,548,441,499,357,269,341,361
"Phf5a",75,44,440,328,257,283,197,241,126,143,234,229
"Aco2",105,63,353,327,312,385,296,378,184,172,258,232
"Polr3h",13,13,117,78,54,61,51,56,30,16,45,50
"Csdc2",4,5,5,10,11,14,5,5,5,3,15,14
"Pmm1",55,34,351,329,222,246,158,238,135,117,198,201
"Pppde2",52,52,240,198,184,163,113,153,80,95,140,156
"Xrcc6",13,8,44,57,45,39,51,43,21,21,23,28
"Nhp2l1",517,412,2571,1692,1994,2370,1898,2041,1301,1118,1391,1290
"Ccdc134",9,9,75,53,29,46,29,48,15,20,38,40
"Srebf2",34,32,138,123,144,165,107,139,99,82,122,103
"Cenpm",4,4,4,13,6,6,2,5,3,3,0,1
"Naga",39,41,205,175,190,208,191,229,117,102,123,156
"Fam109b",6,7,16,36,21,25,22,22,14,10,14,32
"1500032L24Rik",299,241,1779,1601,1177,1297,1006,1091,673,585,1099,1133
"Ndufa6",409,308,1465,1400,1384,1488,1392,1452,975,759,1242,1238
"Cyp2d22",55,43,230,203,149,215,204,185,141,97,136,124
"Tcf20",16,11,68,57,46,63,45,46,34,33,52,69
"Tbrg3",8,3,3,3,18,12,5,8,6,7,12,17
"Serhl",18,16,57,54,57,81,74,59,39,40,53,62
"Rrp7a",38,33,273,180,133,166,111,154,99,77,145,126
"Poldip3",41,40,297,230,169,208,158,182,127,116,133,163
"Cyb5r3",298,197,998,1023,960,1041,832,959,436,382,682,747
"A4galt",40,27,158,148,204,163,250,271,139,137,136,97
"Arfgap3",57,41,210,210,178,193,196,231,136,113,193,170
"Pacsin2",92,69,278,262,323,314,204,294,155,168,217,242
"Ttll1",17,15,22,29,45,56,28,37,10,21,43,35
"Bik",3,2,8,6,6,16,7,7,5,6,8,9
"Mcat",3,2,23,20,18,14,18,16,11,9,16,11
"Tspo",542,384,2518,2500,2363,2548,1965,2147,1039,940,1775,1657
"Ttll12",9,6,60,51,28,40,24,37,20,15,22,30
"Efcab6",0,0,10,5,0,1,2,8,12,4,0,0
"Samm50",86,59,463,396,356,382,366,357,209,167,262,239
"Parvb",1,6,9,8,10,17,8,14,5,10,7,10
"Ldoc1l",1,2,8,7,4,7,7,10,7,1,12,11
"Prr5",13,14,33,64,38,48,33,68,27,39,38,63
"Arhgap8",2,1,4,2,6,4,5,4,3,3,6,5
"Nup50",39,34,202,137,172,207,157,196,95,95,127,157
"5031439G07Rik",15,10,61,62,42,40,21,39,24,20,31,29
"Fam118a",5,6,25,24,25,23,29,30,15,17,22,18
"Fbln1",401,283,2259,1774,1951,2204,940,1165,726,832,1369,1374
"Atxn10",126,79,484,580,499,504,498,619,250,210,437,499
"Ppara",5,2,5,9,5,8,9,8,10,5,3,3
"2210021J22Rik",21,17,113,85,56,62,60,51,31,37,73,54
"Ttc38",4,8,24,21,29,21,18,30,25,16,21,12
"Trmu",4,5,43,29,29,30,35,34,19,15,22,21
"Gramd4",18,8,108,82,65,49,55,69,58,39,37,41
"Cerk",27,21,134,99,96,150,116,165,76,80,99,122
"Tbc1d22a",19,11,62,47,42,37,39,36,43,32,37,23
"Fam19a5",12,13,40,31,22,14,18,20,9,12,19,25
"Brd1",38,32,155,122,117,135,90,128,84,69,74,88
"Zbed4",7,1,20,14,7,9,15,15,5,4,9,6
"Alg12",5,4,53,48,37,38,27,34,10,12,24,19
"Creld2",112,84,613,753,380,351,244,289,124,135,324,314
"Pim3",391,211,1533,926,1162,1349,1216,1512,815,824,751,818
"1810021B22Rik",2,3,17,9,6,8,12,13,3,6,17,8
"Trabd",27,26,153,152,117,116,86,114,77,55,79,91
"1300018J18Rik",15,14,77,108,66,66,54,82,40,47,63,44
"Tubgcp6",1,0,9,11,6,8,4,10,6,2,2,1
"Hdac10",14,7,55,53,31,40,29,47,21,19,23,44
"Mapk12",52,24,190,155,128,166,109,146,66,75,97,100
"Mapk11",3,4,26,25,6,12,4,11,11,6,8,9
"Plxnb2",44,42,185,171,121,158,76,113,58,65,118,109
"Fam116b",0,2,14,19,6,15,9,13,9,7,10,5
"Ppp6r2",10,6,23,22,15,27,20,19,11,13,20,18
"Sbf1",24,13,129,83,70,77,45,54,38,35,62,54
"Lmf2",28,27,157,173,103,134,118,126,77,59,136,116
"Ncaph2",62,49,263,234,208,228,182,235,119,120,192,162
"Sco2",9,15,157,88,48,63,63,63,26,18,46,54
"Chkb",46,32,196,175,148,198,141,201,95,87,129,144
"Arsa",49,38,222,223,158,179,113,147,80,83,151,167
"Shank3",2,4,3,1,5,9,2,6,2,2,9,7
"Rabl2",16,6,45,39,32,39,33,37,17,13,35,33
"Alg10b",4,3,16,16,7,11,12,15,12,7,16,7
"Cpne8",98,70,336,185,344,455,354,469,217,181,222,243
"Kif21a",38,25,166,75,168,206,155,221,155,109,104,89
"Abcd2",9,2,31,31,21,32,26,31,15,15,23,16
"Slc2a13",4,3,32,24,34,23,20,26,17,24,17,17
"Lrrk2",14,15,76,40,54,75,35,34,23,35,42,44
"Cntn1",7,2,11,0,16,14,1,9,2,5,6,6
"Pdzrn4",2,1,1,2,1,4,12,7,3,0,3,13
"Gxylt1",37,26,129,64,128,143,121,139,102,68,88,93
"Yaf2",108,75,395,333,245,343,284,335,189,177,232,289
"Zcrb1",138,105,581,483,467,501,424,502,276,244,371,437
"Pphln1",22,24,107,80,80,85,72,79,44,55,62,76
"Prickle1",18,11,56,52,41,42,30,49,33,19,34,37
"Pus7l",4,3,22,19,12,6,16,12,13,6,9,16
"Irak4",13,7,53,44,40,33,30,49,25,26,37,36
"Twf1",54,70,253,211,219,222,195,212,126,113,180,241
"Dbx2",3,0,45,24,32,13,26,5,14,8,16,9
"Ano6",154,101,581,430,433,471,313,373,243,232,371,315
"E330033B04Rik",43,34,100,73,167,155,121,141,117,83,119,103
"Arid2",43,28,136,98,105,107,85,118,84,50,97,96
"Scaf11",75,55,183,150,316,371,352,385,220,159,246,269
"Slc38a1",3,7,9,5,10,19,7,14,7,7,34,31
"Slc38a2",496,368,1834,1197,1656,1927,1473,1756,1095,1036,1326,1286
"Amigo2",8,7,15,10,7,28,18,15,6,13,10,13
"Fam113b",6,15,25,13,25,22,19,26,26,16,24,16
"Rpap3",16,12,64,54,60,82,52,71,36,40,40,51
"Endou",6,3,4,6,23,19,5,16,7,9,9,11
"Rapgef3",12,7,24,18,40,60,32,45,26,26,27,27
"Slc48a1",137,79,735,635,430,479,378,395,265,246,378,387
"Hdac7",76,46,348,277,260,313,230,311,153,152,216,250
"Vdr",2,0,16,5,11,16,9,19,20,1,9,6
"Tmem106c",61,73,184,203,172,187,141,215,87,85,142,181
"Col2a1",8,2,12,13,4,8,10,9,7,5,28,63
"Senp1",8,15,39,28,52,58,39,40,30,25,37,27
"Pfkm",12,10,37,36,49,50,46,54,20,20,43,50
"Asb8",9,6,41,47,26,26,34,34,25,13,18,21
"2310037I24Rik",44,21,81,56,75,86,58,85,57,62,77,70
"Ccnt1",39,23,117,59,185,180,179,238,106,119,105,127
"9330020H09Rik",6,5,32,25,15,24,14,14,13,13,23,14
"Adcy6",9,10,59,59,44,51,29,45,30,26,55,42
"Cacnb3",13,12,49,43,38,46,17,32,25,17,60,54
"Ddx23",4,4,3,1,9,12,14,10,3,4,7,6
"Rnd1",468,280,1019,732,1423,1433,820,1041,557,553,1286,849
"Fkbp11",39,27,340,298,127,126,119,146,53,54,123,130
"Arf3",81,53,389,309,218,239,175,198,132,121,182,179
"Wnt10b",5,0,13,15,32,42,18,32,16,14,22,20
"Wnt1",2,1,1,6,9,8,4,9,3,3,3,3
"Prkag1",43,36,218,233,182,220,192,237,125,93,159,174
"Mll2",39,41,97,86,97,115,98,122,56,65,88,94
"Rhebl1",1,2,28,22,17,19,12,11,12,9,31,8
"Dhh",3,2,1,0,1,4,2,1,0,0,4,0
"Lmbr1l",25,27,104,67,83,102,88,98,58,54,93,82
"Tuba1b",650,450,3135,3080,2781,3350,2365,2716,1528,1328,1827,2117
"Tuba1a",1478,1092,6541,7296,6385,8464,5051,6103,3332,3367,5530,6120
"Tuba1c",156,126,1107,726,838,1264,1189,1098,834,515,658,504
"Prph",6,7,48,69,23,59,31,30,20,43,68,104
"Spats2",10,6,9,12,20,39,26,30,20,9,26,18
"Mcrs1",47,32,233,227,174,186,135,191,99,96,128,150
"Prpf40b",4,4,55,41,32,40,25,35,30,24,33,19
"Fmnl3",16,15,63,53,35,57,25,30,31,36,44,37
"Tmbim6",386,291,1650,1440,1324,1690,1468,1835,908,835,1214,1151
"Nckap5l",13,10,52,45,32,39,27,25,26,28,41,38
"Bcdin3d",5,5,44,38,27,30,34,27,20,15,17,24
"Faim2",10,20,27,49,63,40,25,19,10,20,31,42
"Aqp2",4,1,18,34,16,13,28,14,7,7,14,8
"Aqp5",0,3,1,10,2,2,1,1,0,0,2,5
"Racgap1",4,1,3,10,3,2,1,4,4,7,3,2
"Smarcd1",9,11,53,37,37,54,38,52,37,27,43,34
"2310016M24Rik",161,121,741,741,517,599,451,466,300,259,510,475
"Lass5",83,69,383,348,349,377,355,355,203,175,285,312
"Lima1",205,175,643,547,798,878,767,965,507,425,711,660
"Larp4",67,39,225,125,199,229,124,198,127,97,167,167
"2310068J16Rik",2,1,2,2,2,10,4,4,6,3,8,7
"Dip2b",13,21,54,30,52,51,40,56,40,27,46,47
"Atf1",97,101,416,306,357,435,315,350,235,208,291,278
"Mettl7a1",50,52,239,199,223,332,225,257,258,162,175,146
"Mettl7a2",0,1,2,2,4,8,3,5,2,0,6,2
"Slc11a2",41,45,241,158,138,166,117,124,73,74,122,120
"Letmd1",15,13,76,75,51,64,45,49,37,33,69,60
"Csrnp2",7,5,28,23,21,21,24,25,29,16,15,15
"Tfcp2",2,8,35,30,30,41,32,32,24,21,29,26
"Pou6f1",7,7,28,28,41,40,29,37,19,21,19,15
"C330013E15Rik",3,0,6,9,5,3,10,4,4,6,7,7
"Dazap2",211,135,711,545,528,588,477,543,323,325,400,383
"Smagp",11,5,18,21,10,37,25,29,7,16,14,30
"Cela1",0,2,3,3,2,2,1,0,8,8,1,0
"Slc4a8",5,2,19,6,4,6,3,7,3,2,4,1
"Scn8a",1,2,1,5,7,6,1,3,2,1,2,5
"Fignl2",8,6,33,27,32,40,27,28,11,23,29,29
"Acvrl1",88,67,401,440,367,474,355,426,231,201,325,314
"A330009N23Rik",7,2,19,20,10,10,8,4,8,9,8,11
"Grasp",96,48,388,293,357,409,364,411,270,261,247,274
"Nr4a1",1050,572,4233,3448,2796,3809,4437,5449,2808,2613,1921,2067
"9430023L20Rik",36,23,192,151,113,158,192,188,91,75,124,123
"6030408B16Rik",8,5,69,102,25,64,89,67,49,33,41,27
"Krt7",0,5,8,7,8,7,19,21,6,1,10,4
"Krt5",6,20,1,0,0,0,1,0,2,1,28,0
"Krt79",2,3,0,8,8,8,4,3,1,1,2,6
"Krt8",4,20,0,0,0,2,0,0,0,0,19,0
"Krt18",5,14,0,0,3,1,0,1,0,3,0,1
"Eif4b",178,103,751,713,598,751,474,607,382,349,516,566
"Tenc1",104,63,351,341,285,302,221,307,184,178,209,235
"Spryd3",27,35,174,171,128,115,97,111,69,49,118,127
"Igfbp6",6042,3816,19968,21798,21829,23099,15867,18204,8021,8538,19974,16346
"Soat2",2,0,3,5,8,5,4,3,3,1,11,4
"Csad",51,26,174,129,109,160,104,138,49,55,152,119
"Zfp740",23,13,83,90,60,88,55,79,52,50,68,72
"Itgb7",22,10,30,72,87,155,108,152,63,80,52,45
"Rarg",93,50,208,325,275,360,221,310,169,151,327,313
"Mfsd5",35,30,181,126,88,99,72,92,47,45,56,91
"Pfdn5",848,647,4446,4002,3380,3991,3250,3809,2281,1936,2817,2898
"Myg1",37,26,110,126,115,137,136,123,70,68,94,85
"Aaas",5,8,29,24,21,23,15,24,10,9,18,16
"Sp1",34,33,190,122,153,179,88,137,93,69,131,104
"Amhr2",3,0,6,2,7,5,4,7,2,4,6,2
"Prr13",455,369,1897,1368,1261,1615,974,1259,679,647,1139,952
"Pcbp2",805,598,3473,2501,2395,2634,1861,2272,1420,1347,1798,1893
"Map3k12",17,15,38,40,46,42,31,35,32,24,39,38
"Tarbp2",12,13,88,89,59,66,55,59,47,29,45,48
"Npff",7,2,26,13,13,17,13,17,16,14,17,7
"Atf7",2,3,3,2,13,19,16,9,7,6,8,9
"Atp5g2",325,259,2456,2085,1261,1457,1113,1369,867,660,1136,1122
"Calcoco1",24,17,71,82,69,88,66,82,52,44,68,57
"Hotair",1,2,0,6,8,4,7,9,7,6,11,6
"Hoxc11",5,3,6,5,12,6,20,17,10,3,11,11
"Hoxc10",73,64,128,150,189,255,233,235,166,161,214,232
"Hoxc9",24,17,102,84,114,118,90,115,74,54,104,108
"Hoxc8",26,21,45,28,58,60,46,74,59,39,48,68
"Hoxc6",23,14,65,73,74,94,71,92,63,53,64,81
"Hoxc5",7,2,16,22,11,28,16,21,8,7,10,27
"Hoxc4",6,4,37,40,19,40,30,33,33,18,28,29
"D930007P13Rik",2,2,16,14,12,17,11,7,8,3,11,6
"Smug1",2,5,13,16,9,10,8,18,7,12,14,13
"Cbx5",51,47,155,179,205,230,182,206,118,86,206,206
"Hnrnpa1",1,3,0,1,3,4,3,2,6,6,7,5
"Gm5643",5,12,14,7,14,20,13,16,11,12,16,11
"Copz1",117,93,498,475,308,421,320,472,222,191,336,339
"Gpr84",4,5,6,7,11,19,13,12,6,12,5,8
"Zfp385a",188,116,378,489,579,546,403,577,314,283,405,440
"Itga5",310,246,1094,844,1076,1297,1006,948,613,495,821,845
"Pde1b",1,3,4,5,5,15,4,8,4,1,3,3
"Zfp263",24,25,63,49,69,60,60,74,45,36,49,45
"Zfp597",0,6,16,9,12,11,11,12,5,9,9,12
"Nat15",19,22,91,126,68,68,45,78,36,40,79,101
"1700037C18Rik",3,1,19,15,8,4,10,12,5,3,10,7
"Cluap1",22,19,84,65,88,117,100,109,70,35,62,67
"Slx4",1,3,13,17,15,10,10,8,7,5,5,6
"Trap1",25,22,170,149,124,163,159,158,55,58,105,93
"Crebbp",33,29,52,46,162,142,121,164,73,73,106,111
"Gm5766",0,1,5,2,2,5,3,6,5,0,15,10
"Adcy9",8,1,22,34,42,34,31,39,26,16,21,27
"Tfap4",9,2,35,37,19,30,24,20,25,16,15,11
"Glis2",62,56,181,217,166,192,121,169,79,95,172,177
"Pam16",60,56,446,316,226,277,202,219,164,149,205,257
"Coro7",13,11,31,37,40,28,35,41,16,16,36,28
"Vasn",370,291,1674,1066,1407,1821,980,1020,674,630,1076,997
"Dnaja3",29,21,115,111,94,79,87,94,60,40,71,99
"Nmral1",1,2,15,20,12,20,17,18,9,6,10,8
"Hmox2",50,37,160,156,156,188,145,175,95,83,142,175
"5730403B10Rik",20,17,93,90,90,88,80,70,51,46,67,64
"Fam100a",36,31,147,142,87,100,69,92,44,56,89,88
"Mgrn1",47,45,189,201,148,148,125,163,93,101,147,134
"Gm16861",0,2,2,1,3,2,7,2,2,2,3,1
"Nudt16l1",28,14,117,122,76,89,77,79,56,34,72,73
"Anks3",27,14,89,86,91,110,83,90,52,57,86,80
"Gm5480",0,2,1,3,1,3,2,0,2,0,6,2
"Rogdi",19,14,59,48,40,54,42,52,35,19,49,43
"Glyr1",45,49,167,161,150,185,149,159,94,86,134,140
"Ubn1",92,57,225,148,317,349,303,337,176,183,231,297
"Ppl",22,11,103,105,98,99,66,97,72,38,71,73
"Nagpa",28,17,113,117,83,92,82,76,52,35,73,72
"AU021092",5,0,4,7,8,7,5,4,3,2,4,1
"Alg1",29,27,197,165,103,152,116,174,75,64,94,127
"Fam86",13,15,115,98,70,87,91,81,55,40,83,73
"Rbfox1",0,0,5,3,5,13,3,5,8,2,7,8
"Mettl22",7,7,40,38,23,28,19,29,8,14,17,19
"Abat",11,8,31,39,35,45,43,51,35,25,30,45
"Tmem186",4,1,19,22,11,18,7,15,8,6,7,8
"Pmm2",19,24,118,94,72,82,67,74,44,27,67,64
"Carhsp1",221,163,1034,902,771,878,694,884,558,470,548,586
"Usp7",48,35,138,114,161,154,115,128,88,94,114,100
"1810013L24Rik",89,62,296,206,268,277,250,274,155,159,194,232
"Rpl39l",10,10,154,124,70,93,57,40,27,22,60,60
"Emp2",81,53,269,252,297,349,263,325,144,163,278,326
"Nubp1",20,19,180,138,96,90,79,84,56,41,74,68
"Fam18a",3,1,9,15,9,13,8,19,1,5,15,7
"Dexi",37,22,233,194,119,134,107,132,70,59,101,172
"Clec16a",7,7,24,22,27,20,6,17,12,9,18,15
"Socs1",283,169,898,717,608,790,832,1025,506,590,485,520
"A630055G03Rik",1,1,3,5,4,6,1,3,8,2,2,8
"Litaf",923,655,4076,2551,2681,3598,2586,2792,2211,1839,2404,2165
"Gm4262",2,1,8,5,2,6,3,4,1,1,3,6
"Snn",8,0,17,17,14,18,16,21,13,22,8,16
"Txndc11",46,37,157,134,117,130,119,137,85,78,112,102
"Zc3h7a",50,33,152,145,139,150,129,148,93,72,112,141
"Rsl1d1",108,93,547,358,392,531,453,447,286,223,326,311
"Gspt1",146,94,520,382,439,478,361,402,188,166,343,346
"Snx29",3,1,4,2,4,7,6,9,6,1,7,5
"Cpped1",13,9,52,66,38,33,55,73,32,30,36,48
"Ercc4",5,8,33,30,21,19,33,39,24,17,24,22
"Mkl2",35,20,67,61,88,99,76,81,54,42,77,76
"Parn",17,21,76,74,59,74,69,85,36,35,56,55
"Bfar",65,60,222,222,191,190,153,200,113,96,184,192
"3110001I22Rik",11,2,33,26,32,33,31,31,21,23,26,20
"Rrn3",35,27,119,85,70,89,75,76,51,33,77,80
"Ntan1",180,110,836,741,626,684,523,615,361,314,562,568
"Pdxdc1",46,40,238,199,191,192,149,185,133,85,177,173
"Mpv17l",26,14,23,21,33,44,38,54,21,20,39,38
"Ifitm7",4,0,2,10,11,17,10,10,2,3,28,17
"4921513D23Rik",67,59,174,165,142,196,137,159,121,113,152,144
"Nde1",34,28,111,107,106,111,79,122,61,53,86,88
"Myh11",9,15,3,1,4,8,4,5,2,4,9,5
"0610037P05Rik",54,34,129,151,142,159,125,154,69,65,133,130
"Abcc1",25,10,130,112,89,84,64,67,32,42,68,50
"Snai2",18,22,61,83,66,78,62,80,36,53,67,69
"Ube2v2",111,62,335,270,322,333,339,392,187,184,249,276
"Mcm4",27,16,72,60,74,120,110,121,73,53,61,54
"Prkdc",4,4,20,15,19,23,18,6,5,4,16,21
"Mzt2",68,40,262,302,275,280,309,337,213,154,211,249
"Cebpd",4521,3009,25181,20357,18773,22604,25083,28750,17077,13967,16922,16550
"2310008H04Rik",10,9,83,57,38,67,41,62,52,27,34,36
"Pkp2",2,1,3,10,11,4,19,8,8,3,2,2
"Yars2",8,5,75,44,59,70,76,61,41,35,45,43
"Dnm1l",40,33,138,115,135,151,133,137,64,66,96,134
"Fgd4",1,2,16,18,13,17,18,38,11,8,19,11
"Rpl31-ps12",736,691,2474,2220,2404,2924,1177,1865,1088,791,1906,1744
"Vpreb1",0,0,6,10,3,4,0,1,3,1,2,12
"Top3b",19,12,54,78,46,62,31,67,36,26,40,41
"Ppm1f",11,5,39,36,25,27,23,18,7,10,19,20
"Mapk1",99,77,385,373,325,312,335,432,248,195,287,304
"Ypel1",3,2,8,4,12,7,5,8,2,5,12,11
"Ppil2",23,20,155,147,150,180,136,169,105,66,124,114
"Sdf2l1",91,80,627,658,333,341,216,315,137,117,310,314
"Ydjc",1,2,11,6,5,6,2,2,1,1,1,3
"Ube2l3",123,104,805,626,534,651,547,611,332,353,544,501
"Hic2",17,10,24,25,39,48,26,46,19,25,27,34
"Tmem191c",0,0,2,5,2,7,2,6,6,2,3,10
"Pi4ka",18,14,117,90,66,60,43,49,38,34,58,57
"Snap29",28,8,68,57,55,69,70,62,46,35,46,49
"Crkl",1,1,8,0,8,7,5,7,5,3,9,5
"Lztr1",25,39,138,170,120,161,125,134,69,56,118,133
"Thap7",18,14,121,115,56,66,71,65,37,44,57,61
"P2rx6",6,4,17,14,7,15,8,13,6,4,8,9
"Smpd4",22,3,35,39,32,37,18,35,23,11,19,19
"Ccdc74a",15,6,54,34,38,36,39,55,15,19,39,35
"Med15",31,21,163,137,98,97,74,101,64,51,75,75
"Klhl22",23,13,83,98,79,79,54,85,52,29,67,54
"Scarf2",164,126,598,684,448,508,436,513,381,327,418,534
"Car15",2,0,6,13,4,8,4,9,5,9,5,3
"Dgcr2",25,23,151,115,93,80,54,115,41,52,73,92
"Dgcr14",8,7,40,48,39,55,24,41,17,14,33,23
"Slc25a1",29,32,127,120,82,89,61,92,46,44,69,69
"Dgcr6",59,46,219,224,164,208,139,204,102,94,159,147
"Prodh",11,7,12,18,16,25,12,12,22,16,13,8
"Zdhhc8",41,36,174,195,116,109,74,105,51,49,84,94
"Ranbp1",238,201,1424,955,953,974,843,896,515,447,674,687
"Trmt2a",20,12,95,65,67,77,59,85,51,31,67,54
"Dgcr8",9,7,27,27,15,26,23,22,6,14,13,18
"D16H22S680E",33,24,111,108,85,75,75,107,61,49,59,71
"Arvcf",16,14,38,36,47,48,39,48,39,20,54,40
"Comt",398,405,1281,1053,1254,1433,972,1197,669,601,917,851
"Txnrd2",16,9,127,87,77,74,72,69,38,33,52,62
"Gnb1l",5,0,8,19,12,11,10,13,5,4,10,6
"Gp1bb",5,3,17,26,19,10,17,15,6,2,12,22
"Sept5",9,8,66,49,38,46,25,28,20,13,31,41
"Cldn5",57,28,92,53,148,158,135,165,87,87,91,84
"Cdc45",3,3,13,13,6,6,6,11,1,4,12,12
"Ufd1l",58,34,199,165,168,189,210,222,100,94,145,128
"2510002D24Rik",23,17,72,69,82,90,61,69,52,37,64,66
"Mrpl40",50,33,249,239,171,183,142,181,94,72,140,132
"Hira",14,8,30,21,30,31,18,25,16,12,20,16
"Klhl24",29,16,90,58,72,89,82,108,44,52,85,87
"Yeats2",10,7,36,30,34,43,26,35,19,23,45,32
"Parl",59,43,254,221,199,201,227,230,103,84,165,155
"Abcc5",38,15,137,93,99,123,82,114,66,53,110,70
"Eif2b5",16,18,124,103,66,98,62,85,47,33,61,65
"Dvl3",1,3,5,0,2,2,0,4,0,1,7,4
"Ap2m1",343,255,1736,1610,1002,1240,893,1204,564,537,1070,957
"Abcf3",26,13,97,74,72,78,78,90,45,52,68,58
"Alg3",11,12,74,62,45,30,23,35,17,20,30,39
"Ece2",12,8,88,61,65,60,28,56,28,32,48,53
"Camk2n2",8,2,49,40,20,21,12,16,12,15,8,15
"Psmd2",114,83,478,411,404,379,361,445,207,190,286,328
"Eif4g1",216,161,735,533,575,631,499,585,351,345,489,484
"Fam131a",5,5,18,23,21,17,19,31,17,24,17,23
"Clcn2",7,1,20,25,32,14,16,27,11,12,15,18
"Polr2h",46,30,238,196,180,196,145,139,115,69,96,132
"Thpo",3,3,13,13,10,17,4,12,3,9,6,4
"Chrd",37,26,140,166,142,138,141,131,92,94,122,123
"Ephb3",11,5,48,44,36,42,39,43,25,17,36,34
"Vps8",10,6,42,31,31,38,24,41,14,11,20,17
"2510009E07Rik",33,21,106,145,115,107,98,126,68,69,124,93
"Ehhadh",2,0,4,6,0,10,3,10,4,2,8,1
"1300002E11Rik",23,25,158,140,116,154,115,118,79,74,102,89
"Tmem41a",6,6,61,40,37,28,27,25,21,14,23,46
"Senp2",48,28,158,96,110,156,92,133,81,71,109,99
"Igf2bp2",21,24,94,45,62,64,48,46,43,32,75,92
"Tra2b",486,337,1108,737,1332,1551,1400,1427,910,797,971,933
"Etv5",13,12,80,70,44,64,39,64,30,41,48,41
"Tbccd1",5,3,34,37,21,21,25,33,16,12,22,16
"Dnajb11",136,136,939,884,653,598,525,661,279,229,578,553
"Ahsg",2,0,5,1,0,6,0,3,0,1,6,4
"Fetub",4,0,171,122,14,47,54,63,42,13,49,15
"Kng2",17,2,43,19,72,65,22,27,9,11,26,13
"Eif4a2",410,287,1375,1234,1225,1662,1452,1618,918,754,1182,1218
"Rfc4",11,8,36,45,47,57,44,39,23,21,33,37
"St6gal1",16,13,61,59,40,44,31,58,33,20,36,31
"Rtp4",138,151,551,320,458,757,513,633,259,386,525,423
"Bcl6",31,28,115,85,95,86,42,68,34,27,80,46
"1110054M08Rik",19,10,85,84,48,54,37,50,21,25,49,37
"Lpp",107,88,325,259,346,353,273,353,213,182,258,312
"A730098P11Rik",187,139,168,147,335,417,241,355,151,124,306,276
"Trp63",1,2,3,7,4,1,1,2,2,1,4,3
"Leprel1",5,4,17,14,14,10,7,5,8,8,14,14
"Cldn1",32,21,20,34,16,34,14,18,4,14,19,21
"Il1rap",14,7,76,49,28,46,52,50,25,28,27,28
"Ostn",0,0,0,0,0,1,0,0,0,0,13,33
"Ccdc50",110,86,481,365,374,363,332,327,212,186,287,287
"1600021P15Rik",6,6,36,44,25,13,20,30,14,8,16,20
"Opa1",19,13,79,47,58,74,69,58,44,34,45,50
"Hes1",366,277,708,646,729,1086,1105,1288,566,652,571,666
"Lrrc15",1,3,9,10,4,1,6,5,1,5,3,14
"Atp13a3",98,44,353,208,239,261,187,204,145,145,180,182
"Tmem44",3,5,7,9,7,14,9,7,6,3,4,13
"Lsg1",16,19,107,56,84,63,72,82,47,31,44,63
"Fam43a",31,26,207,139,102,132,125,164,90,97,125,103
"AI480653",7,6,17,17,20,19,11,19,12,13,17,20
"Acap2",45,25,216,189,156,209,155,179,102,74,132,146
"Ppp1r2",765,458,2550,1790,2205,2740,2012,2410,1601,1532,1749,1841
"Apod",2198,1651,25009,14936,7468,13836,15680,13249,11957,8250,8405,7096
"Bdh1",4,2,5,2,3,3,2,2,5,0,7,2
"Dlg1",14,20,95,85,72,85,57,76,58,30,65,53
"Pigz",2,2,6,3,6,8,12,21,12,8,8,8
"0610012G03Rik",91,58,409,397,270,240,200,244,136,115,236,236
"Ncbp2",40,33,216,227,181,211,101,151,105,77,154,161
"Senp5",27,17,77,44,68,72,62,78,40,28,42,51
"Pak2",64,45,254,209,334,349,291,327,192,184,283,248
"Pigx",38,36,210,206,178,188,161,175,89,82,133,140
"1500031L02Rik",6,5,38,46,32,39,29,26,12,15,38,29
"Lrrc33",4,1,4,8,3,6,5,11,6,7,7,8
"Fbxo45",11,8,67,41,35,33,31,48,25,17,19,29
"Wdr53",6,8,28,44,30,41,18,23,14,17,27,29
"Rnf168",10,6,35,32,38,54,46,42,29,25,37,32
"Ubxn7",26,8,68,51,66,69,60,59,35,30,58,45
"Tctex1d2",23,16,81,88,91,113,113,105,62,51,66,66
"Pcyt1a",50,31,156,112,151,180,99,130,89,57,119,127
"Tfrc",8,6,37,15,34,32,24,17,14,10,17,13
"Tnk2",9,5,39,30,21,34,21,27,22,22,28,34
"1700021K19Rik",9,6,41,43,28,34,14,19,12,20,20,23
"Fyttd1",65,59,188,201,217,272,222,259,158,139,200,232
"Lrch3",33,24,109,131,136,120,95,126,80,60,93,123
"Rpl35a",4259,2976,33001,25350,21603,23766,15629,19032,13439,11340,16078,16612
"Osbpl11",14,9,56,39,46,50,38,51,41,21,47,41
"Snx4",71,50,203,226,213,256,214,240,138,104,152,188
"1700007L15Rik",4,2,9,11,2,7,9,8,7,2,2,1
"Zfp148",57,25,122,110,172,188,159,204,104,91,144,175
"Slc12a8",5,2,9,9,10,12,13,11,2,5,10,5
"Heg1",23,15,56,64,75,68,55,63,35,25,49,61
"Muc13",4,2,4,3,5,13,2,2,2,2,3,7
"Itgb5",280,249,1081,972,756,866,698,896,411,391,891,949
"Umps",19,24,90,59,98,106,84,91,50,45,58,51
"Kalrn",8,6,12,4,11,16,11,9,6,7,14,10
"Ccdc14",3,0,2,2,0,3,11,1,1,4,2,1
"Mylk",60,50,168,160,219,238,173,230,147,135,142,183
"Ptplb",66,45,287,221,188,246,219,257,119,113,155,149
"Adcy5",7,7,23,23,8,18,18,15,9,3,13,8
"Sec22a",18,9,61,77,66,58,52,72,33,26,77,70
"Pdia5",32,11,125,132,78,90,63,89,35,46,95,119
"Dirc2",57,42,241,233,157,190,138,182,87,98,143,146
"Hspbap1",6,2,13,25,16,34,12,23,11,17,24,9
"Parp14",85,60,181,141,244,337,225,275,188,197,206,210
"Dtx3l",31,29,85,61,77,119,80,83,60,64,81,59
"Parp9",33,18,115,71,106,180,125,147,75,82,94,69
"Kpna1",43,32,138,87,121,143,139,134,86,94,78,87
"Wdr5b",3,1,4,9,3,3,2,4,1,1,2,5
"Fam162a",116,63,761,624,408,458,308,418,228,201,415,422
"Ccdc58",18,22,130,117,85,111,81,119,44,37,66,77
"Cd86",1,0,8,4,3,3,6,16,7,0,6,3
"Slc15a2",5,5,20,9,12,9,15,2,5,0,5,9
"Eaf2",0,0,1,4,12,9,4,5,6,1,3,6
"Iqcb1",22,15,53,37,68,65,59,66,43,38,47,37
"Golgb1",71,44,158,116,235,245,176,203,125,98,189,227
"Hcls1",0,0,8,3,7,7,3,14,7,8,18,3
"Gtf2e1",5,1,17,23,13,17,11,24,8,6,16,23
"Rabl3",4,3,15,23,21,20,12,14,13,6,10,18
"Ndufb4",275,194,1367,1182,959,1077,881,1017,546,471,786,812
"Fstl1",1608,1286,5387,5287,5953,5690,5145,6711,2472,2729,5280,5177
"Lrrc58",214,180,624,472,841,871,665,798,477,368,745,777
"Gsk3b",156,120,261,250,434,539,392,458,242,224,379,428
"Cox17",190,129,952,789,602,632,587,555,406,321,503,571
"Popdc2",1,1,13,9,10,8,8,6,5,6,9,11
"Pla1a",169,127,1778,1382,1181,1305,1633,2170,698,689,680,569
"Adprh",136,103,688,668,530,599,530,644,276,267,447,465
"Cd80",1,0,11,20,2,5,11,14,3,1,5,2
"4930455C21Rik",12,15,37,45,30,46,21,26,18,9,42,32
"Poglut1",23,13,106,82,87,82,51,70,32,31,72,76
"Tmem39a",82,62,363,327,249,274,240,271,149,144,264,281
"Arhgap31",58,36,199,160,198,187,180,228,123,103,181,186
"B4galt4",18,9,59,62,51,53,38,42,18,19,46,53
"Lsamp",32,23,71,60,76,117,89,75,33,40,94,105
"Gap43",18,18,30,27,39,30,45,41,14,19,31,49
"Gm19522",7,0,28,28,18,17,16,13,4,12,16,22
"BC002163",60,76,120,115,158,184,109,134,64,49,146,113
"Zbtb20",224,204,565,501,805,860,735,1083,542,530,717,824
"Qtrtd1",7,7,53,29,20,34,22,21,13,12,14,15
"2610015P09Rik",6,7,19,15,20,32,26,33,7,14,21,19
"Atp6v1a",95,76,296,259,399,408,295,379,210,182,344,300
"Naa50",182,134,879,549,608,724,543,611,327,310,476,449
"Gm608",10,4,48,37,34,48,23,46,19,23,26,26
"Spice1",9,11,35,32,32,54,26,42,16,30,24,30
"Boc",113,93,550,434,360,389,375,491,299,232,343,324
"BC027231",12,6,41,34,35,30,27,34,17,16,35,28
"Gtpbp8",8,6,31,27,15,28,19,30,12,15,21,21
"Ccdc80",426,306,2234,2226,1233,1168,1681,1989,768,686,1401,1423
"Slc35a5",26,16,60,78,71,75,82,78,33,36,66,62
"Atg3",97,95,456,383,387,433,336,378,255,215,307,305
"Btla",10,2,13,7,12,9,3,7,6,3,15,6
"Cd200",157,96,283,175,321,416,245,307,195,168,332,268
"Abhd10",24,14,58,37,53,63,56,60,36,29,45,43
"Phldb2",10,6,64,56,48,57,36,61,38,19,38,51
"Plcxd2",1,2,16,7,6,7,4,11,7,3,6,3
"Pvrl3",66,47,229,170,205,215,147,174,95,105,154,199
"Morc1",0,1,9,1,1,10,8,3,2,0,2,7
"Retnla",89,44,51,39,189,362,153,482,28,104,207,119
"Retnlg",0,0,83,12,1,15,64,2,43,14,0,0
"Dzip3",15,6,32,25,34,37,32,46,25,13,23,44
"C330027C09Rik",2,2,5,1,6,4,1,5,1,1,2,2
"Ift57",56,37,228,190,178,214,181,208,115,84,132,127
"Cd47",419,289,1542,1164,1733,2080,2102,2410,1132,1012,1357,1351
"Bbx",66,40,138,88,205,244,217,255,151,149,154,147
"5330426P16Rik",2,5,21,12,7,19,10,9,5,4,9,15
"Cblb",71,44,300,179,187,198,159,203,95,96,140,147
"Alcam",2,0,3,7,12,11,14,13,6,6,10,5
"Nfkbiz",451,263,1458,985,1609,1870,2057,2281,1113,1106,1272,1153
"Fam55c",4,0,2,6,6,5,4,10,4,4,3,2
"Cep97",6,5,16,14,14,18,17,19,21,6,27,17
"Rpl24",2998,2123,19518,13904,12496,13738,10256,11602,7406,6162,9783,9589
"2310061J03Rik",9,7,31,40,41,31,26,26,16,12,16,15
"Zbtb11",51,38,135,85,180,200,153,166,102,97,115,107
"Pcnp",248,178,843,688,700,881,772,821,489,435,642,637
"Rg9mtd1",43,33,193,80,123,170,159,160,97,74,109,104
"Senp7",19,11,33,39,53,55,42,45,37,29,43,61
"Abi3bp",839,616,2399,2320,3029,3059,2600,2756,1567,1647,2164,2964
"Tfg",117,86,522,539,542,563,452,509,298,261,443,461
"Tmem45a",135,71,347,350,355,341,216,245,129,142,411,394
"Tomm70a",43,35,211,156,140,169,111,110,83,64,102,125
"Nit2",24,16,125,138,107,119,128,133,62,56,90,90
"Tbc1d23",18,8,67,70,73,78,62,64,38,27,60,55
"2610528E23Rik",15,11,64,48,48,55,53,40,26,34,52,35
"Filip1l",80,74,179,231,421,474,477,554,227,216,359,383
"Col8a1",148,138,711,766,526,439,499,629,225,220,543,621
"Dcbld2",86,86,418,315,323,377,236,319,149,138,249,238
"St3gal6",23,11,82,67,74,105,92,106,42,49,60,46
"Cpox",15,17,76,53,63,77,55,59,43,30,56,59
"Cldn25",238,156,641,526,738,881,765,817,471,403,528,632
"Mina",8,6,53,41,32,40,31,37,16,15,30,19
"Crybg3",28,22,93,88,92,104,84,100,53,59,79,77
"Arl6",30,30,168,147,117,143,126,156,92,74,80,125
"Arl13b",164,130,399,286,611,743,574,662,377,370,515,553
"Pros1",167,169,874,625,661,733,655,734,355,308,558,550
"Epha3",4,1,5,7,13,16,16,11,7,6,16,22
"4930453N24Rik",21,15,129,126,83,88,102,105,58,54,73,106
"Zfp654",12,6,32,20,40,48,31,33,18,11,39,25
"Cggbp1",162,120,592,420,518,662,455,522,364,282,450,480
"Chmp2b",71,48,250,279,220,226,188,245,125,124,232,256
"Vgll3",23,32,183,154,97,112,99,155,62,65,109,56
"Gbe1",7,11,54,51,50,47,41,60,31,13,32,38
"Robo1",20,23,41,48,86,123,63,98,31,45,70,62
"Hspa13",52,31,201,177,170,152,162,163,69,56,116,130
"Samsn1",1,0,2,2,5,3,7,12,6,4,7,4
"Nrip1",39,19,88,51,152,144,160,206,137,89,139,138
"Usp25",60,44,225,174,204,258,206,243,178,104,167,176
"2810055G20Rik",28,18,46,32,78,105,75,85,80,43,104,111
"Cxadr",14,9,1,8,1,2,6,1,0,2,3,2
"Btg3",5,4,7,1,11,7,9,12,7,5,4,6
"D16Ertd472e",29,32,178,112,109,166,132,148,63,79,89,90
"Chodl",261,231,1490,1100,649,649,432,506,335,458,973,930
"Mrpl39",18,17,63,89,75,88,82,109,41,41,68,73
"Jam2",71,65,289,207,231,262,197,254,157,153,231,249
"Atp5j",553,427,3384,2614,2091,2254,1712,2008,1226,1064,1790,1842
"Gabpa",29,18,123,102,88,69,77,91,61,47,81,77
"App",670,442,2522,2197,2015,2325,2344,2502,1191,1074,1210,1255
"Adamts1",819,744,3167,2291,3260,3584,3096,3929,2130,1879,2346,2335
"Adamts5",415,326,2065,1502,1675,1636,1943,2439,1050,970,1451,1159
"N6amt1",28,15,79,62,78,81,83,85,49,38,54,64
"Ltn1",15,9,57,59,68,52,55,48,29,30,39,41
"Rwdd2b",0,1,6,9,10,8,5,6,2,4,8,1
"Usp16",62,35,214,126,203,240,164,219,147,131,172,197
"Cct8",148,130,804,669,763,814,777,797,361,320,534,492
"Bach1",66,59,322,213,233,225,234,250,161,105,189,218
"Tiam1",17,18,38,20,55,66,44,50,24,28,33,51
"Sod1",163,97,1214,989,708,810,558,696,439,351,518,521
"Scaf4",16,12,55,36,49,43,41,35,43,23,35,41
"Hunk",3,0,7,6,0,1,4,9,0,2,6,7
"2610039C10Rik",12,5,38,35,34,42,37,34,19,14,29,25
"Urb1",7,5,38,30,9,24,14,18,13,7,13,18
"4931408A02Rik",6,5,8,9,14,16,13,18,7,10,11,12
"1110004E09Rik",34,33,157,142,95,114,86,87,62,38,92,88
"Synj1",23,18,92,81,57,69,64,68,46,42,53,66
"Gcfc1",22,10,87,57,73,66,58,77,48,28,41,58
"4932438H23Rik",0,1,9,5,5,10,5,9,3,6,4,9
"Ifnar2",175,127,1193,908,768,828,671,790,504,463,650,644
"Il10rb",72,66,379,296,265,286,220,314,190,147,190,218
"Ifnar1",52,29,170,154,113,136,119,147,77,87,146,126
"Ifngr2",76,67,464,438,254,257,194,287,156,127,286,252
"Tmem50b",16,24,146,136,93,106,77,79,52,53,79,79
"Gart",12,11,86,81,58,75,54,77,49,32,44,48
"Son",412,295,1337,1063,1857,2097,1881,2191,1077,1018,1414,1487
"Donson",12,10,34,25,28,33,27,35,20,28,22,19
"Gm10785",2,1,2,3,2,6,3,7,3,0,1,0
"Cryzl1",44,32,163,152,153,208,184,212,110,83,131,148
"Itsn1",42,26,135,115,131,168,113,136,81,65,125,127
"Atp5o",296,195,1423,1228,1035,1187,884,1036,574,492,852,885
"Slc5a3",72,74,201,157,179,254,169,238,129,166,250,220
"Mrps6",147,134,654,494,465,612,433,485,293,298,443,500
"Fam165b",173,130,850,768,613,705,486,552,304,324,595,607
"Rcan1",611,378,2166,1908,1979,2316,2293,2253,1379,1234,1427,1223
"Clic6",1,2,5,6,6,10,18,17,20,10,8,6
"Runx1",196,146,776,474,671,727,616,586,498,428,584,471
"Setd4",7,7,38,29,23,36,34,35,21,30,33,29
"Cbr1",58,36,231,229,222,266,206,269,117,103,184,174
"Cbr3",37,16,244,211,158,205,151,213,94,92,127,120
"Dopey2",6,12,55,40,30,38,30,28,25,18,35,31
"Morc3",19,13,45,39,42,66,64,73,34,32,32,43
"Chaf1b",2,0,7,4,6,8,7,8,3,6,1,1
"Sim2",1,0,7,2,6,5,7,4,8,2,5,9
"Hlcs",4,2,17,15,10,17,15,18,12,10,12,13
"Ripply3",5,3,10,6,7,11,25,14,12,10,8,13
"Pigp",122,89,718,616,460,493,479,494,292,261,353,391
"Ttc3",86,53,205,183,290,330,267,314,160,172,261,306
"Dscr3",17,16,63,76,80,82,74,105,40,42,58,76
"Dyrk1a",40,43,129,115,114,142,79,138,87,60,98,108
"Ets2",172,124,806,533,602,718,473,572,378,335,416,404
"Psmg1",26,27,136,116,91,83,91,89,51,54,71,68
"Brwd1",47,47,167,128,167,178,119,158,107,101,135,148
"Hmgn1",424,316,2804,2217,1480,1649,1195,1695,811,817,1257,1409
"Wrb",20,15,49,50,49,60,32,44,26,17,42,56
"Lca5l",8,5,22,35,15,21,10,22,14,11,14,19
"Sh3bgr",2,1,11,6,14,7,4,9,6,1,10,17
"Bace2",47,40,174,201,131,133,122,162,66,54,163,239
"Mx2",20,14,52,60,46,66,51,140,55,71,63,48
"Tmprss2",2,3,0,0,3,4,0,2,0,1,2,1
"Prdm15",3,3,14,16,19,10,10,8,8,7,9,8
"C2cd2",21,11,72,60,69,68,53,62,44,36,48,66
"Zfp295",75,62,263,148,240,328,245,283,175,155,212,201
"A630089N07Rik",4,2,3,4,6,7,3,7,5,3,10,3
"Scaf8",15,14,69,51,76,76,71,84,47,43,58,75
"Tiam2",6,6,10,15,24,21,14,19,4,8,10,17
"Tfb1m",1,2,6,6,8,7,6,4,7,4,5,3
"Arid1b",36,37,140,124,155,153,98,134,79,74,116,129
"5730437N04Rik",97,69,265,248,260,312,201,222,157,130,232,242
"Zdhhc14",7,9,22,19,18,24,16,19,7,13,20,26
"3300005D01Rik",2,4,33,31,11,20,23,13,17,8,17,10
"Snx9",30,30,36,30,117,146,117,135,81,69,125,104
"Synj2",7,3,31,23,17,31,13,18,16,14,11,21
"Serac1",2,0,7,7,4,6,4,8,2,5,4,5
"Gtf2h5",133,90,693,568,482,533,414,445,254,229,450,468
"Tulp4",31,30,119,106,119,133,74,113,42,55,85,86
"Tmem181a",11,8,31,28,28,22,28,23,15,11,43,34
"Dynlt1a",1,1,23,22,7,9,6,9,6,9,11,12
"Dynlt1b",2,1,5,2,2,5,0,8,0,4,7,1
"Tmem181b-ps",1,1,8,5,7,5,2,4,3,4,10,3
"Dynlt1f",15,10,61,63,72,99,50,59,25,30,85,51
"Tmem181c-ps",7,7,14,17,14,19,2,14,6,5,15,22
"Sytl3",1,1,0,2,4,4,11,9,1,3,0,0
"Ezr",67,59,141,180,179,223,218,227,129,138,146,161
"Rsph3b",4,6,10,9,13,20,11,14,11,17,21,14
"Tagap1",12,12,61,24,35,40,26,36,20,19,22,20
"Rnaset2b",105,94,287,276,316,317,251,347,125,118,269,263
"Rps6ka2",9,1,29,21,23,20,14,14,14,10,28,15
"Fndc1",652,537,2513,2632,2467,2359,1810,2445,955,1091,1564,1989
"Tagap",0,0,3,0,2,2,0,3,4,0,7,0
"Rsph3a",15,9,16,13,15,29,23,30,16,18,21,18
"Fgfr1op",8,5,50,37,24,31,39,44,22,19,28,36
"Brp44l",232,168,887,799,894,969,691,819,522,424,696,792
"Sft2d1",95,69,434,354,340,342,293,350,156,181,235,263
"Pde10a",19,13,53,76,88,90,65,125,46,58,57,71
"Qk",210,155,656,442,694,607,456,548,323,275,440,481
"Pacrg",2,0,4,2,3,7,5,7,4,2,1,5
"Park2",2,1,4,5,11,3,6,6,2,1,7,5
"Agpat4",120,75,472,415,423,474,412,498,235,246,343,375
"Map3k4",20,10,40,25,50,55,39,42,34,23,45,33
"4732491K20Rik",7,3,12,11,9,9,9,9,7,3,5,3
"Igf2r",96,67,270,255,319,316,211,240,153,121,258,257
"Airn",21,16,60,66,112,112,125,103,60,55,126,134
"Mrpl18",70,67,288,264,188,221,166,192,116,98,194,199
"Tcp1",155,126,1014,734,777,814,661,757,478,385,559,569
"Acat2",29,25,129,60,87,137,126,150,110,55,86,80
"Wtap",113,112,393,292,303,337,243,301,206,139,240,258
"Sod2",639,426,4562,1746,2365,2611,2106,2624,1978,1518,1483,1376
"Unc93a",1,1,2,2,6,6,5,12,7,6,8,6
"Tcte2",2,0,1,1,6,4,5,8,2,1,1,4
"Mllt4",50,41,88,115,167,195,115,163,80,71,124,136
"Dact2",31,40,57,85,174,221,191,225,97,117,48,44
"Smoc2",2514,1818,10658,10538,7921,10445,9473,10398,4693,5160,8464,8645
"Thbs2",568,351,1934,1421,1462,1398,1033,1090,674,649,1098,881
"1600012H06Rik",24,19,153,122,87,87,71,68,58,53,73,71
"Phf10",52,50,258,181,188,219,157,231,111,96,158,181
"LOC106740",2,4,11,9,10,20,12,18,2,7,15,10
"9030025P20Rik",1,2,5,6,7,9,6,10,5,2,4,3
"Gm3435",0,2,1,3,2,4,6,4,4,6,1,2
"2210404J11Rik",5,3,26,12,10,22,9,14,6,8,10,13
"Dll1",8,10,8,11,21,18,16,26,11,25,3,6
"Fam120b",8,9,61,57,46,57,72,66,40,38,45,48
"Psmb1",352,245,1936,1757,1400,1479,1365,1581,763,677,1182,1097
"Tbp",8,5,42,36,21,30,19,37,22,13,30,21
"Pdcd2",16,11,92,80,60,77,64,78,43,32,47,52
"Chd1",120,84,299,188,441,509,450,483,294,244,345,295
"Rgmb",61,66,311,308,207,288,227,260,150,111,218,191
"Zfp960",8,5,8,11,19,24,28,38,14,9,22,17
"Zfp97",21,16,25,14,41,61,57,58,42,36,62,49
"Riok2",33,18,127,95,104,169,140,150,85,52,90,84
"Lix1",2,2,12,21,16,17,14,14,10,11,12,24
"Lnpep",15,15,74,55,70,60,47,46,36,26,43,38
"Ncrna00085",4,1,6,4,18,26,15,16,14,12,8,12
"Has1",1824,1193,9030,7023,11074,13757,15832,18504,5767,4520,4566,4371
"Fpr2",3,1,1,2,3,10,1,5,2,4,2,4
"Ppp2r1a",135,105,554,554,498,575,495,598,293,252,340,350
"Zfp160",4,3,21,14,13,11,8,17,14,8,15,16
"Zfp677",5,1,13,9,9,11,11,3,4,2,12,9
"Zfp54",0,2,10,2,4,4,3,4,4,1,1,3
"Zfp51",1,3,13,7,19,12,15,21,13,6,11,11
"Zfp53",8,8,28,32,19,28,20,29,22,12,14,26
"Zfp52",11,6,29,23,19,38,33,34,21,16,22,16
"Zfp948",106,56,213,150,283,338,303,272,167,129,234,219
"3110052M02Rik",7,8,29,27,18,28,27,38,16,10,20,27
"Zfp760",5,1,6,9,8,6,2,7,2,1,6,5
"Zfp229",4,2,7,11,9,9,5,10,8,3,9,9
"Zfp820",1,1,7,8,6,12,11,5,1,3,6,4
"2210404O09Rik",6,6,10,13,15,20,23,16,8,7,14,8
"Zfp942",6,2,12,30,23,17,27,22,13,9,15,12
"Zfp943",11,4,33,42,41,31,39,37,30,23,37,26
"Zfp947",1,4,7,3,5,17,9,8,7,5,6,6
"Gm4944",4,5,10,8,12,15,5,14,12,9,17,10
"Zfp944",6,3,45,34,31,38,18,53,20,21,31,28
"Zfp758",6,4,19,19,35,20,27,34,26,11,29,20
"Zfp946",12,7,29,34,34,32,20,34,18,12,16,28
"Zfp945",35,34,183,127,147,192,177,201,145,90,124,111
"Vmn2r-ps129",6,10,5,7,5,20,9,19,9,4,6,10
"Zfp40",4,1,6,10,5,22,6,9,6,5,8,8
"Zfp213",2,4,8,15,7,4,7,9,10,4,3,8
"Zfp13",2,0,14,8,4,8,6,9,6,0,7,11
"Mmp25",1,2,2,1,5,11,2,5,2,2,2,4
"Thoc6",119,70,182,170,324,345,226,234,172,185,193,196
"Hcfc1r1",260,165,1071,1320,884,966,642,900,481,448,836,896
"Tnfrsf12a",1146,808,5610,3975,4236,5441,3014,3226,2457,2110,3141,3050
"Cldn9",2,2,5,10,5,9,1,5,8,4,7,9
"Pkmyt1",17,4,57,51,41,64,52,56,31,29,38,35
"Paqr4",10,11,50,62,39,35,16,36,23,17,34,28
"9530082P21Rik",1,4,9,5,7,3,5,5,5,2,7,4
"Flywch1",19,18,45,49,77,95,94,121,56,40,58,61
"Flywch2",10,8,27,19,25,31,24,26,10,12,30,41
"Srrm2",395,325,906,612,1500,1886,1636,1738,1073,876,1004,956
"Tceb2",845,638,5213,4099,2910,3204,2474,2906,1623,1421,2424,2532
"Kctd5",26,24,92,64,70,97,85,96,38,44,56,69
"Pdpk1",42,23,119,108,160,162,121,160,99,89,97,115
"Amdhd2",14,11,104,63,36,43,39,48,25,23,39,32
"Atp6v0c-ps2",6,6,19,18,21,37,21,14,11,4,8,9
"Atp6v0c",1,2,3,0,1,3,4,7,1,1,5,2
"Tbc1d24",3,3,9,12,18,12,9,15,7,10,12,11
"Ntn3",8,4,23,24,17,25,22,22,14,11,14,25
"1600002H07Rik",5,7,11,25,9,15,8,15,8,7,9,13
"Abca3",21,8,53,49,51,54,37,38,25,22,52,31
"D330041H03Rik",6,3,7,4,7,4,4,7,3,3,2,2
"Rnps1",99,57,415,282,280,315,245,314,158,163,204,210
"Eci1",62,45,274,231,218,273,215,285,133,122,181,163
"E4f1",20,17,74,75,57,77,75,90,46,50,62,55
"Pgp",38,31,184,141,137,144,115,157,83,70,98,130
"Mlst8",2,4,17,12,10,10,9,16,11,1,7,14
"Traf7",46,33,223,198,165,170,119,154,84,72,147,174
"2610019E17Rik",22,19,77,48,93,82,35,57,51,37,49,47
"Pkd1",129,90,403,462,399,360,236,302,172,166,338,311
"Tsc2",23,16,96,85,72,61,64,68,31,32,60,61
"Nthl1",5,6,45,25,18,34,29,26,23,16,34,30
"Slc9a3r2",64,37,160,186,108,161,94,119,78,80,108,119
"Zfp598",52,19,234,152,141,134,91,100,63,69,81,107
"Syngr3",1,1,4,5,3,1,0,1,4,2,7,7
"Gfer",23,28,199,147,87,115,79,97,52,56,59,79
"Noxo1",4,4,3,8,11,10,7,15,5,10,5,11
"Tbl3",38,18,180,109,101,132,134,132,73,61,65,82
"Snhg9",74,65,172,119,123,162,83,85,78,58,88,71
"Snora78",3,4,20,11,12,12,14,12,10,7,7,8
"Rps2",3570,2591,33386,23216,17745,19832,13263,16488,10160,9189,14198,13116
"Ndufb10",267,211,1327,1252,1099,1197,874,1071,647,538,851,869
"Sepx1",65,61,415,355,242,245,182,273,187,122,251,215
"4930528F23Rik",1,0,7,6,13,13,10,17,7,11,5,9
"Fahd1",4,2,24,31,22,24,17,16,16,12,19,23
"Hagh",52,34,258,222,209,211,153,199,137,97,169,171
"Nubp2",24,18,130,126,77,85,91,91,60,43,84,83
"Spsb3",58,39,217,234,126,140,105,166,73,73,109,131
"Eme2",3,3,16,16,5,11,11,12,7,9,9,9
"Mrps34",44,40,195,198,147,126,149,150,66,55,132,137
"Nme3",62,35,316,319,293,335,274,288,165,133,245,239
"Mapk8ip3",12,11,85,54,44,59,34,49,35,32,35,25
"Hn1l",18,9,58,41,34,36,16,26,17,4,26,33
"Cramp1l",14,10,47,46,48,46,37,45,36,24,34,43
"Ift140",3,2,18,13,11,16,12,9,9,5,9,11
"Tmem204",62,26,260,277,161,181,140,197,113,105,176,258
"Telo2",17,9,59,57,39,31,41,31,30,25,48,48
"Ptx4",98,108,401,322,354,342,262,302,176,204,745,796
"Clcn7",17,8,87,69,41,61,26,49,28,24,41,40
"BC003965",18,24,119,109,78,85,83,67,49,32,63,66
"Unkl",12,6,37,49,35,42,29,31,27,22,23,33
"Gnptg",82,52,249,231,280,325,293,283,166,153,223,247
"0610007P22Rik",15,16,87,105,54,80,70,66,39,27,58,45
"Ube2i",280,240,1376,1024,982,1156,903,1080,651,561,792,880
"Cacna1h",2,2,1,5,2,0,3,0,1,1,1,0
"Sox8",16,3,23,22,14,25,31,20,20,7,22,31
"2810468N07Rik",5,8,31,43,22,34,24,18,13,20,38,35
"Lmf1",23,24,100,90,75,111,95,96,43,35,92,62
"Gng13",2,0,0,0,5,9,1,2,0,3,7,0
"Chtf18",0,0,0,5,3,8,7,4,1,0,3,3
"Rpusd1",2,6,30,31,13,27,10,19,9,8,11,16
"Msln",26,0,9,20,12,4,2,1,6,3,3,8
"Narfl",6,7,31,30,21,25,22,15,8,11,13,8
"Haghl",15,17,63,55,57,60,67,59,39,38,53,48
"Fam173a",74,50,383,303,281,320,275,311,183,141,248,249
"Metrn",20,7,91,81,53,63,49,44,31,33,44,50
"Fbxl16",3,3,10,13,7,18,8,20,6,4,11,11
"Wdr24",2,4,19,20,7,13,11,10,9,8,15,11
"Jmjd8",35,20,120,112,94,100,77,109,48,48,92,97
"Stub1",183,127,888,801,594,636,506,560,380,307,535,534
"Rhbdl1",2,1,2,0,3,1,4,5,2,3,6,7
"Rhot2",3,0,24,20,12,13,9,14,9,14,14,14
"Wdr90",4,1,7,6,7,2,2,3,6,2,2,3
"Fam195a",9,2,108,80,33,48,28,49,55,22,31,34
"0610011F06Rik",45,36,171,157,143,184,152,158,100,70,131,144
"Rab40c",20,6,47,41,30,32,34,45,23,17,29,34
"Pigq",32,26,147,118,99,92,72,83,45,52,73,72
"Solh",4,7,7,2,22,15,13,41,16,8,11,21
"Rab11fip3",8,10,25,24,28,22,19,15,11,13,29,21
"Decr2",17,18,66,60,49,71,40,61,27,27,56,58
"Nme4",10,5,26,17,18,26,13,23,4,16,16,17
"Mrpl28",82,60,374,324,227,239,222,250,152,122,240,213
"Axin1",32,23,98,84,56,67,55,73,28,31,67,77
"Arhgdig",5,2,19,6,18,7,4,7,0,1,10,16
"Rgs11",1,2,3,3,2,2,2,3,6,3,7,6
"Itfg3",41,41,125,128,105,113,87,95,49,45,140,129
"Luc7l",58,36,160,141,171,212,164,174,134,108,133,128
"Neurl1b",3,2,3,8,12,9,4,2,2,3,3,6
"Dusp1",1765,1116,5736,6496,4953,5200,6926,7974,3558,3101,4552,5037
"Ergic1",130,103,560,498,376,450,286,360,203,164,281,315
"Atp6v0e",311,221,1701,1558,1097,1137,920,1142,674,551,1016,997
"A930001N09Rik",34,32,82,64,89,106,78,112,78,48,72,67
"Bnip1",9,8,71,79,41,56,38,42,21,33,43,49
"Phf1",39,34,112,143,127,178,155,186,92,96,95,91
"Cuta",195,113,845,861,700,772,553,659,385,329,612,643
"Zbtb9",0,1,8,6,2,3,0,3,3,4,3,6
"Ggnbp1",3,4,8,10,7,11,8,5,4,5,9,14
"Bak1",18,19,101,113,86,58,52,99,32,37,71,101
"Itpr3",14,4,32,26,20,26,15,35,6,11,16,20
"2900010M23Rik",372,255,2264,2133,1343,1591,1115,1327,711,626,938,1122
"Ip6k3",4,3,1,4,4,6,2,5,5,3,2,1
"Lemd2",42,39,242,194,101,111,94,130,63,48,100,106
"Hmga1",1,1,1,1,2,3,3,3,4,4,2,2
"AI413582",62,46,247,235,162,190,128,162,92,94,153,163
"Nudt3",38,19,184,139,78,117,76,85,49,51,66,88
"Rps10",1612,1045,22117,17652,10616,11562,7461,9361,6569,5730,7794,7911
"D17Wsu92e",99,62,371,225,231,281,179,217,124,119,188,181
"Snrpc",88,75,630,554,460,446,368,439,227,200,366,400
"Uhrf1bp1",2,3,18,8,14,11,6,11,4,3,11,7
"Taf11",38,33,215,177,148,156,118,138,69,59,108,124
"Anks1",18,13,47,62,38,50,31,49,27,24,27,35
"Zfp523",16,7,62,40,40,46,33,35,32,17,45,42
"Def6",7,7,25,56,23,35,22,37,22,15,26,45
"Ppard",52,43,186,144,128,151,76,95,68,83,112,88
"Fance",20,11,134,85,74,85,69,74,55,32,55,68
"Rpl10a",1822,1245,15500,11775,8641,9862,6827,8437,4968,4500,7528,7040
"Tead3",27,25,160,109,85,117,68,93,75,57,98,73
"Fkbp5",60,48,438,264,139,134,145,225,121,65,87,126
"Clps",2,1,0,0,0,0,0,0,10,2,0,0
"Srpk1",31,21,91,67,104,118,113,137,56,62,83,82
"Mapk14",20,25,116,114,84,88,74,94,57,43,81,71
"Brpf3",6,6,50,41,25,45,30,40,21,15,29,19
"Kctd20",20,24,122,79,71,92,85,73,55,41,64,47
"Stk38",68,46,240,191,218,229,176,223,137,106,222,181
"Srsf3",455,330,2315,1614,1905,2240,1705,1934,1373,1186,1247,1503
"Cdkn1a",1414,974,2667,2176,4169,5442,4574,4972,2802,2320,3335,3907
"Ppil1",11,9,54,68,31,35,28,43,28,22,24,32
"BC004004",92,80,537,449,303,344,219,278,166,142,279,333
"Pi16",1667,1583,4200,5225,7103,8587,6531,8827,2119,3130,5885,6047
"Mtch1",420,329,2119,2101,1360,1488,1087,1377,720,688,1319,1776
"Pim1",273,241,768,457,1128,1303,1278,1392,978,665,861,803
"Tbc1d22b",6,6,22,20,18,15,12,30,11,12,19,21
"Rnf8",20,13,65,51,54,57,61,55,39,31,46,53
"Ftsjd2",27,23,102,65,54,69,74,76,34,39,42,52
"1110021J02Rik",24,13,86,84,50,50,41,51,28,25,51,51
"Mdga1",4,2,13,7,13,16,8,12,3,7,12,14
"Zfand3",106,83,472,437,312,367,222,330,197,174,270,294
"Btbd9",23,21,74,58,104,153,103,119,63,75,90,76
"Gm6402",147,116,381,285,370,491,221,322,242,148,281,241
"Glo1",100,74,430,443,392,421,363,416,195,184,332,349
"Abcg1",3,2,13,11,6,12,12,8,10,12,6,10
"Rsph1",0,0,11,7,2,3,8,8,2,2,4,7
"Slc37a1",1,3,12,7,3,3,15,9,2,7,5,3
"Pde9a",6,7,6,18,13,22,9,12,3,8,11,11
"Wdr4",9,10,65,43,22,36,30,26,23,21,32,32
"Ndufv3",253,209,1205,1246,1029,1089,819,949,537,468,892,947
"Pknox1",45,31,157,107,143,181,147,152,87,93,102,114
"Cbs",4,1,7,7,2,12,14,26,14,7,4,5
"U2af1",312,179,1327,838,1089,1251,1109,1314,683,616,767,815
"Sik1",89,76,267,181,264,348,263,347,201,192,193,188
"Rrp1b",23,6,66,38,77,77,90,69,28,44,32,52
"Notch3",9,6,20,17,20,22,12,24,9,6,11,20
"Brd4",97,70,243,208,284,373,282,333,198,206,240,244
"Akap8",43,14,95,80,94,93,104,101,82,57,72,86
"Akap8l",49,31,177,164,148,205,186,239,118,102,160,140
"Wiz",9,16,80,65,49,65,44,53,39,41,37,48
"Cyp4f16",20,5,53,55,45,69,45,50,34,27,41,39
"Zfp871",34,25,88,88,115,97,77,110,71,58,96,84
"Zfp799",0,2,2,4,3,3,3,1,5,0,1,4
"Zfp870",4,2,7,9,4,3,4,7,2,3,4,4
"Cyp4f13",12,12,48,67,40,58,45,57,25,32,27,43
"Zfp472",1,4,11,13,4,11,1,8,9,11,5,5
"Zfp952",3,3,8,9,12,6,5,9,4,4,4,5
"Zfp763",3,0,3,3,0,3,9,7,4,1,5,6
"Zfp563",0,2,3,8,7,3,5,7,9,3,5,6
"Zfp955a",3,1,12,16,15,13,16,13,12,8,13,7
"Zfp955b",8,1,9,9,13,14,24,14,11,7,10,8
"Zfp81",1,2,4,1,7,4,6,3,3,1,5,2
"Zfp101",1,2,11,5,3,9,7,3,1,5,7,4
"Adamts10",39,30,117,127,98,115,69,82,44,63,132,118
"Zfp414",24,13,75,97,59,76,61,61,51,28,55,67
"Hnrnpm",166,146,556,505,620,726,531,670,325,303,438,431
"March2",152,127,625,549,466,522,358,396,232,233,497,459
"Rab11b",200,144,692,667,607,668,580,687,337,309,643,521
"Angptl4",178,162,2215,740,450,392,830,512,333,195,1080,146
"Kank3",11,5,32,25,25,52,14,23,22,15,14,29
"Rps28",6481,4502,18380,14389,17684,20826,10810,14915,9834,7064,11880,10489
"Ndufa7",379,271,1733,1539,1386,1400,1092,1197,674,627,1114,1016
"Cd320",14,13,121,93,68,79,49,61,38,39,67,73
"Kifc1",4,1,4,5,2,9,1,4,1,2,4,5
"BC051226",7,10,67,61,37,41,21,35,24,14,33,33
"Daxx",43,39,116,94,83,140,94,138,76,71,75,99
"Zbtb22",14,13,79,62,55,62,52,66,33,27,49,52
"Tapbp",370,331,1931,1611,1158,1479,1186,1577,805,874,1111,1017
"Rgl2",48,27,167,117,120,160,119,121,95,57,125,93
"H2-Ke2",92,67,646,484,337,394,280,332,191,167,258,256
"Wdr46",27,14,156,85,58,84,69,70,44,32,49,47
"B3galt4",2,1,10,16,6,8,1,4,6,3,4,9
"Rps18",4443,2939,27860,21015,17567,19624,14228,16781,10475,8748,14726,13378
"Vps52",5,6,59,58,31,36,25,26,16,10,37,29
"H2-K2",35,17,85,74,88,116,78,114,64,52,107,84
"AA388235",6,2,10,6,3,11,3,8,7,4,8,4
"H2-K1",824,688,4255,3486,3074,4153,3066,3628,2132,2302,2271,2457
"Ring1",54,58,189,161,141,198,151,165,90,82,170,171
"H2-Ke6",62,49,270,240,195,253,209,264,118,123,211,178
"Slc39a7",178,114,837,754,574,621,467,553,320,273,561,554
"Rxrb",26,26,120,124,86,88,58,75,59,40,65,90
"Col11a2",55,28,59,44,54,43,20,27,10,16,86,127
"H2-Oa",0,1,1,0,1,3,2,7,4,2,8,4
"Brd2",412,268,1479,887,1126,1383,1144,1308,794,665,972,969
"H2-DMa",2,4,4,1,11,6,6,14,3,4,6,3
"H2-DMb1",6,4,11,20,19,21,21,41,14,20,20,13
"Psmb9",23,16,94,73,90,107,108,132,66,70,90,71
"Tap1",60,49,230,158,208,315,210,254,157,179,183,126
"Psmb8",100,108,580,419,426,564,526,630,330,373,316,255
"Tap2",85,68,276,249,283,367,378,421,181,221,194,217
"H2-Ob",0,0,1,1,4,5,3,11,9,2,12,5
"H2-Ab1",30,24,178,261,341,370,357,726,288,232,435,214
"H2-Aa",26,23,126,203,239,216,236,505,185,148,276,145
"H2-Eb1",19,24,141,228,200,219,211,440,177,166,259,153
"BC051142",2,1,8,2,6,7,7,7,6,2,1,4
"Notch4",3,3,11,8,4,8,4,6,7,3,6,4
"Gpsm3",76,48,354,330,263,255,222,291,150,131,188,231
"Pbx2",10,15,61,54,22,39,27,42,23,19,33,38
"Rnf5",58,32,204,192,147,129,138,167,104,79,114,122
"Agpat1",12,19,87,83,54,62,43,60,36,25,54,61
"Egfl8",7,3,27,10,10,31,31,23,18,18,22,14
"Ppt2",17,13,73,103,56,57,46,68,33,38,51,58
"Fkbpl",3,2,9,14,4,14,8,12,5,4,5,9
"Atf6b",38,26,218,200,139,166,108,163,77,79,115,136
"Tnxb",870,613,4710,3795,3220,3010,2506,2973,1497,1407,2342,2321
"C4b",142,130,2782,1161,529,753,648,914,687,454,419,343
"C4a",1,1,9,7,10,14,6,6,3,3,8,2
"Stk19",48,44,248,192,161,200,160,200,107,106,164,128
"Dom3z",32,19,146,138,94,128,92,111,64,49,74,76
"Skiv2l",16,16,104,110,82,84,81,124,46,38,70,81
"Rdbp",46,26,232,192,129,131,125,151,84,80,123,138
"Cfb",246,167,1269,1051,883,1067,1255,1604,557,506,580,474
"C2",154,68,353,224,291,351,348,362,205,177,190,200
"Zbtb12",1,2,2,7,10,15,5,12,4,5,8,3
"Ehmt2",45,32,194,155,130,151,107,141,78,78,109,128
"Neu1",47,27,178,172,139,195,156,194,109,101,113,123
"1110038B12Rik",47,50,664,426,254,309,176,205,166,143,208,212
"Hspa1b",733,633,2871,3424,2105,2519,1704,2253,1196,1018,1717,1590
"Hspa1a",4775,3476,17112,21349,12602,18750,21481,26731,10853,8557,10155,12619
"Lsm2",46,18,239,212,147,171,122,121,83,78,108,130
"Vars",30,16,219,122,108,128,98,97,70,47,80,82
"Clic1",475,300,1320,1534,1841,2187,1503,1795,942,886,1455,1427
"Ddah2",467,303,865,1378,1745,1925,1589,1938,904,818,1250,1359
"Abhd16a",108,105,404,366,387,400,393,458,220,220,290,352
"Csnk2b",90,73,520,531,358,457,352,417,227,198,332,319
"Gpank1",9,7,72,63,34,62,40,55,42,23,44,39
"D17H6S53E",6,10,19,19,16,18,23,13,12,7,14,12
"Bag6",91,68,367,293,297,370,253,337,215,137,249,214
"Prrc2a",119,84,507,346,343,392,276,336,219,197,278,246
"Aif1",0,0,12,12,4,7,2,13,3,6,4,1
"Lst1",25,11,45,61,58,50,24,43,31,27,69,34
"Ltb",0,1,2,1,6,8,9,9,14,5,22,6
"Tnf",5,3,13,12,10,18,21,33,13,4,11,5
"Nfkbil1",37,14,148,110,87,137,116,132,115,48,58,67
"Atp6v1g2",1,1,9,7,3,9,4,5,2,1,3,3
"Ddx39b",131,99,712,541,476,613,472,611,304,269,400,379
"H2-D1",2782,2181,11649,9177,8264,10960,9691,10543,5840,6093,6994,7193
"H2-Q4",795,434,2044,1503,2448,4046,3795,3996,3215,2489,2016,2095
"H2-Q8",5,2,10,18,22,21,11,13,17,17,19,19
"H2-Q10",1,1,89,66,11,27,42,40,25,27,7,4
"Tcf19",9,6,22,25,17,22,12,16,8,8,17,25
"Cchcr1",10,8,65,36,38,57,36,47,43,29,23,32
"Psors1c2",4,1,2,1,8,11,14,5,4,6,5,9
"Vars2",0,3,29,23,13,15,11,11,8,5,10,10
"Gtf2h4",7,8,65,60,47,43,36,34,22,20,31,36
"Ddr1",20,12,46,52,57,63,39,34,35,32,56,57
"Ier3",732,507,4549,3815,3358,4429,3930,4473,3216,2528,2343,2647
"Flot1",123,75,581,355,451,506,371,463,255,229,336,304
"Tubb5",506,316,2446,2551,1563,1703,1261,1589,831,811,1170,1331
"Mdc1",6,8,39,21,37,32,34,34,20,18,42,20
"Nrm",6,3,10,14,21,22,17,26,10,9,14,15
"Ppp1r18",177,122,551,495,466,481,375,487,314,281,439,353
"Dhx16",25,17,100,104,63,71,56,78,37,39,60,60
"2310061I04Rik",20,13,96,80,56,65,45,62,34,40,43,38
"Atat1",14,10,32,29,34,43,27,42,15,12,36,29
"Mrps18b",43,30,300,193,165,144,143,147,95,64,104,118
"Ppp1r10",105,70,207,141,308,385,279,314,197,186,241,219
"Gm8801",2,1,3,3,10,7,1,7,6,2,3,5
"Abcf1",71,45,264,157,207,255,181,224,112,128,186,203
"Prr3",30,15,69,62,55,70,44,67,26,38,45,47
"Gnl1",72,61,285,256,224,237,213,194,139,125,191,196
"A930015D03Rik",5,0,9,8,14,7,5,8,10,7,5,9
"H2-T23",67,59,257,254,322,529,327,355,213,218,285,186
"H2-T10",4,5,15,23,16,20,25,24,14,13,14,20
"Rpp21",89,55,408,367,277,308,239,278,165,147,245,249
"Trim39",8,8,32,28,30,37,17,25,24,15,15,21
"Trim26",22,20,89,85,81,100,101,117,77,62,69,69
"Ppp1r11",67,51,357,307,235,280,200,255,136,150,242,217
"Znrd1",75,42,417,394,300,355,276,296,234,170,243,276
"Znrd1as",6,1,21,13,9,8,9,20,15,5,14,21
"Zfp57",2,3,2,3,4,2,3,4,1,4,3,1
"Gabbr1",5,9,59,58,39,33,28,37,27,20,38,32
"Ubd",0,1,0,1,14,1,1,8,2,4,0,2
"H2-M3",34,22,168,161,157,167,181,194,113,114,125,123
"Rn45s",1181,1075,3407,2848,5080,5228,5481,5731,2343,1664,3452,3608
"9130008F23Rik",6,12,35,25,45,31,55,47,16,25,20,24
"Cenpq",5,5,17,16,25,29,17,24,20,12,17,16
"Mut",29,17,73,72,87,127,87,109,71,39,70,64
"Cd2ap",49,27,150,102,139,148,157,171,78,70,108,135
"Tnfrsf21",51,48,170,136,105,145,117,129,55,73,143,149
"Gpr116",34,13,89,72,54,79,47,62,45,51,37,39
"Pla2g7",12,21,82,71,74,91,76,57,66,60,80,100
"Slc25a27",1,4,19,6,17,11,12,9,14,4,10,6
"Cyp39a1",10,10,67,42,44,61,61,51,37,35,33,20
"Rcan2",41,20,113,98,111,125,91,165,71,63,65,75
"Enpp5",30,19,124,100,92,114,182,181,93,65,48,52
"Enpp4",45,31,140,105,143,133,182,206,115,116,71,87
"Clic5",8,1,37,23,16,19,30,40,23,30,8,12
"Runx2",11,6,52,20,36,30,33,38,26,17,29,23
"Supt3h",11,7,70,60,53,58,38,64,36,19,44,36
"Cdc5l",40,32,128,125,214,246,235,220,118,104,150,188
"Aars2",11,8,24,30,18,29,16,19,10,12,21,11
"Tmem151b",2,3,3,0,2,4,2,3,7,5,3,1
"Nfkbie",22,32,212,147,118,161,124,152,115,116,114,98
"Slc35b2",82,58,288,241,208,226,157,211,113,105,179,206
"Hsp90ab1",2140,1904,8712,8251,10321,13145,10468,12286,6289,5424,7110,8168
"Slc29a1",250,167,1254,1211,700,952,1058,1183,606,459,655,935
"Tmem63b",24,21,76,76,101,94,56,103,41,51,74,81
"Mrpl14",86,59,500,477,294,322,257,291,140,133,303,280
"Vegfa",51,54,208,106,178,196,165,231,149,103,100,129
"Mrps18a",88,60,465,421,291,403,301,356,220,196,290,285
"Rsph9",11,20,44,56,57,61,60,74,34,27,31,30
"Mad2l1bp",17,10,46,36,32,40,40,49,27,23,26,40
"Gtpbp2",12,15,104,75,56,61,51,52,37,29,60,64
"Xpo5",1,0,5,3,5,4,5,9,5,5,9,9
"Polr1c",94,80,433,354,314,344,313,335,178,166,258,272
"Yipf3",121,91,803,791,476,518,355,442,227,240,474,499
"Gm88",8,4,27,28,22,17,9,22,6,7,12,12
"Tjap1",31,32,153,113,102,125,111,132,61,45,104,89
"Abcc10",6,3,10,14,8,10,4,7,7,4,11,6
"Zfp318",12,6,18,33,45,54,32,71,30,23,41,33
"Cul9",6,5,22,18,22,25,10,15,11,13,26,25
"Srf",56,42,187,143,195,176,152,148,104,106,125,128
"Ptk7",10,11,31,34,24,29,15,24,12,14,22,24
"Klc4",11,7,38,44,43,54,28,38,24,27,29,38
"Mrpl2",33,28,188,179,143,160,119,117,76,57,113,124
"Cul7",5,14,55,62,47,44,41,38,25,23,40,49
"Rrp36",21,19,62,67,66,61,55,52,52,25,47,57
"Klhdc3",23,25,116,110,83,63,49,72,38,42,77,75
"Mea1",69,61,378,343,228,266,188,204,152,119,243,199
"Ppp2r5d",39,13,101,89,78,91,71,73,38,45,63,90
"Pex6",24,25,129,110,79,107,72,104,50,52,81,96
"Cnpy3",51,48,353,392,208,212,187,194,101,102,205,220
"Ptcra",1,32,6,1,7,4,13,9,5,10,36,1
"2310039H08Rik",42,42,307,250,147,131,122,128,62,64,116,152
"Rpl7l1",92,69,484,339,282,284,259,296,214,143,231,259
"BC032203",16,12,58,62,42,53,40,54,33,20,42,46
"Tbcc",33,33,184,162,124,149,140,149,80,77,115,117
"Ubr2",41,32,126,100,110,142,124,113,105,66,115,97
"Trerf1",6,6,35,31,27,31,22,29,17,21,28,21
"Mrps10",26,25,217,149,127,128,132,129,69,67,84,128
"Guca1a",6,2,31,21,27,31,21,19,10,8,18,19
"AI661453",3,4,18,36,16,27,13,14,7,6,14,15
"Taf8",19,12,48,43,44,49,39,76,35,19,34,56
"Ccnd3",126,126,461,451,384,432,342,428,229,228,305,399
"Bysl",16,25,123,75,76,71,68,68,35,25,52,54
"Med20",17,20,69,53,49,66,44,55,38,29,58,42
"Tomm6",480,380,3135,2281,1808,2018,1661,1897,1158,901,1526,1526
"Frs3",2,2,9,6,8,10,2,10,3,2,6,11
"Tfeb",10,11,57,94,77,75,44,68,39,47,54,83
"Mdfi",12,5,37,28,23,33,27,36,24,28,49,30
"Foxp4",49,47,190,160,155,186,122,178,102,105,125,164
"Trem2",0,1,11,6,3,1,1,9,0,0,1,3
"Nfya",39,26,169,155,127,171,117,150,126,85,125,126
"AI314976",32,18,129,123,84,128,103,105,59,47,92,92
"Mocs1",14,5,51,54,32,38,32,41,27,25,33,16
"Daam2",11,14,34,64,25,42,32,29,12,8,47,61
"Rftn1",49,51,130,101,171,190,111,156,75,74,132,123
"Plcl2",5,0,12,22,9,15,13,12,7,5,7,12
"Tbc1d5",11,10,48,44,27,31,24,38,13,8,29,27
"Satb1",6,14,16,12,33,37,28,29,24,8,26,21
"Efhb",2,0,7,4,11,4,6,10,1,4,4,4
"Rab5a",202,142,613,511,528,640,551,600,362,333,464,475
"Kat2b",44,22,241,183,146,151,139,153,104,89,130,103
"Pot1b",2,4,13,8,10,20,18,17,6,11,1,7
"Zfp119a",1,0,14,11,8,15,9,13,11,7,9,8
"Zfp959",4,3,16,11,17,12,14,19,13,9,13,11
"Zfp119b",1,1,7,9,5,6,7,8,4,4,6,9
"Ccdc94",4,3,21,24,18,23,25,21,12,12,15,22
"Stap2",3,1,9,3,8,14,1,4,10,8,5,7
"Mpnd",69,50,229,260,194,252,168,227,97,101,171,250
"Sh3gl1",116,99,440,484,355,406,333,425,222,202,350,383
"Chaf1a",3,1,9,12,5,6,4,12,3,6,2,5
"Ubxn6",95,61,513,412,307,328,311,299,176,172,288,261
"Hdgfrp2",57,44,253,216,165,205,145,190,116,93,155,145
"Lrg1",10,13,64,23,14,50,16,20,29,12,92,23
"Sema6b",16,15,108,77,50,96,64,98,67,37,58,36
"Tnfaip8l1",10,6,10,10,12,21,13,16,12,13,11,11
"D17Wsu104e",107,108,973,845,430,434,350,424,237,209,445,463
"Dpp9",30,36,253,220,159,169,93,159,91,76,133,133
"Fem1a",8,10,73,62,49,53,61,77,42,36,60,63
"Ticam1",6,4,38,31,22,21,16,18,11,16,20,23
"Plin3",87,64,292,360,365,480,350,476,214,201,341,322
"Uhrf1",2,1,4,13,5,3,4,4,1,0,2,2
"Kdm4b",11,8,44,33,26,36,26,44,25,21,30,35
"Ptprs",49,36,167,190,141,123,62,85,46,48,150,141
"Safb2",22,27,159,92,128,109,138,165,82,63,121,106
"Safb",53,51,183,172,190,236,243,261,145,103,172,177
"2410015M20Rik",172,142,1091,852,657,719,605,653,370,284,579,512
"Rpl36",3430,2485,23722,17513,14323,15920,11852,13808,8981,7694,11459,10806
"Lonp1",50,16,201,159,138,177,120,169,93,78,122,103
"Ranbp3",26,21,126,99,102,98,86,126,50,49,102,97
"Vmac",15,11,62,58,39,52,43,49,33,30,43,54
"Ndufa11",228,153,1155,1011,854,843,722,846,437,377,651,685
"Nrtn",18,7,26,27,48,50,21,39,16,18,41,43
"Dus3l",21,16,86,75,76,83,64,67,51,51,61,77
"Rfx2",19,7,61,54,48,58,41,36,28,30,36,54
"Mllt1",10,9,42,43,34,42,21,27,28,19,18,24
"Clpp",53,43,340,285,201,235,221,248,140,130,149,201
"Alkbh7",21,21,72,105,78,117,108,110,61,37,82,102
"Gtf2f1",53,44,311,158,195,304,229,235,128,109,153,157
"Khsrp",28,14,105,84,62,85,69,67,44,30,61,41
"Slc25a23",14,12,33,26,44,54,30,32,19,18,28,29
"Tubb4a",26,26,89,76,103,171,97,161,61,70,67,93
"Gm11110",9,1,18,17,19,15,20,13,12,6,16,9
"Tnfsf9",245,165,824,840,1072,1729,1781,1970,1016,841,908,699
"C3",1584,1170,16149,8559,6163,7373,4629,7057,4073,3264,3636,3572
"Gpr108",53,54,273,287,202,235,198,232,122,123,194,190
"Trip10",170,146,727,594,696,884,709,900,539,461,460,470
"Emr1",0,0,9,8,3,4,2,2,3,3,4,1
"Efna5",35,29,38,47,105,102,58,67,27,34,67,78
"Fbxl17",32,27,146,126,98,110,79,130,49,50,95,115
"Fert2",23,23,95,87,120,127,90,120,57,52,74,96
"Pja2",49,38,178,182,229,223,204,229,119,117,197,185
"Man2a1",71,72,500,323,250,254,206,226,131,113,215,228
"Vapa",417,281,1733,1228,1281,1457,1215,1336,846,682,1039,1022
"Rab31",44,37,172,155,147,145,89,124,64,48,130,123
"Ppp4r1",28,19,106,85,96,72,53,93,38,57,59,68
"Ralbp1",217,167,577,504,773,904,542,766,425,435,696,693
"Twsg1",184,116,529,467,494,530,330,466,235,251,419,454
"Ankrd12",117,52,138,116,347,393,336,417,223,252,272,294
"Ndufv2",135,100,696,654,523,549,522,568,319,268,440,444
"Wash",35,24,109,131,90,107,110,126,58,50,99,97
"1110012J17Rik",4,4,31,34,27,37,18,36,24,24,29,36
"Rab12",70,48,261,225,179,176,140,216,82,83,148,173
"Ptprm",17,21,61,74,70,58,51,68,37,38,44,35
"Arhgap28",7,5,42,23,22,26,36,46,37,27,26,20
"Tmem200c",6,2,6,11,12,18,12,13,10,10,16,35
"Epb4.1l3",29,30,123,110,167,156,150,140,74,91,110,109
"Zfp161",6,6,30,36,12,29,25,21,19,15,19,23
"C030034I22Rik",0,0,4,4,4,6,9,4,4,2,4,7
"Dlgap1",3,2,1,3,2,3,1,1,2,1,2,1
"Tgif1",263,199,981,624,875,1019,839,918,550,461,647,591
"Gm9320",165,120,323,297,487,604,208,244,328,254,702,472
"Myl12b",260,209,774,801,917,1038,806,1029,505,492,823,697
"Myl12a",1155,827,5929,4702,4451,4841,3993,4573,2278,2137,3376,3457
"Myom1",4,3,0,1,0,1,1,0,1,2,1,2
"Lpin2",8,15,56,46,38,52,46,60,43,28,45,47
"Emilin2",192,152,804,708,821,839,718,987,339,386,491,592
"Smchd1",59,32,137,83,175,181,195,199,116,104,156,185
"Spdya",4,0,4,4,4,5,9,6,6,3,2,4
"Trmt61b",18,9,69,33,53,41,48,43,35,23,30,30
"Wdr43",82,70,336,141,305,365,296,329,191,152,188,206
"Clip4",30,15,79,58,96,107,88,115,42,45,50,56
"Ypel5",78,80,238,202,251,315,241,323,147,146,265,249
"Lbh",43,39,156,112,90,107,94,102,52,49,79,80
"Lclat1",8,7,86,62,38,51,34,29,26,32,26,34
"Ehd3",9,7,24,29,21,26,21,19,23,12,16,18
"Xdh",137,104,812,365,390,537,464,580,371,297,325,269
"Memo1",51,24,135,136,100,140,89,115,61,69,112,104
"Dpy30",56,51,236,263,251,275,258,290,148,135,224,216
"Spast",21,17,65,74,63,61,53,67,31,21,51,54
"Slc30a6",13,12,51,41,43,38,59,55,26,16,41,36
"Yipf4",203,129,727,663,605,660,649,665,378,299,602,611
"Birc6",61,48,121,113,158,194,146,180,102,94,169,157
"Ttc27",8,5,77,39,37,31,35,31,22,21,32,32
"Ltbp1",123,81,730,564,451,452,390,534,259,248,426,369
"Rasgrp3",10,2,6,9,14,14,17,17,8,13,23,18
"Fam98a",23,21,107,71,57,75,59,71,33,30,72,48
"Crim1",56,21,64,49,99,124,106,104,54,61,86,62
"Fez2",57,42,226,184,215,260,199,249,123,120,186,203
"Vit",180,102,523,488,484,643,561,624,311,273,477,437
"Strn",3,1,3,0,4,3,6,12,6,3,5,9
"Heatr5b",1,8,28,20,28,26,15,23,11,8,17,23
"Ccdc75",15,19,98,109,77,94,87,92,47,48,62,75
"Gm6548",24,19,74,55,76,108,55,73,39,46,86,85
"Eif2ak2",30,31,94,75,105,163,115,131,53,69,111,102
"1110001A16Rik",26,29,120,114,97,90,61,109,48,42,73,68
"Cebpz",53,47,236,138,278,295,260,260,166,144,186,223
"2410091C18Rik",29,21,78,101,75,89,87,109,47,46,75,78
"Prkd3",52,33,146,128,146,162,155,169,83,95,121,100
"Qpct",212,160,563,534,967,1039,1199,1285,429,445,584,689
"Cdc42ep3",56,17,80,100,125,170,133,149,98,70,109,115
"Fam82a1",15,2,19,19,28,29,21,34,12,15,20,19
"Cyp1b1",36,24,372,161,90,150,161,169,139,103,76,65
"Atl2",63,42,218,161,223,265,246,255,127,125,119,164
"Hnrpll",63,47,223,223,207,256,259,243,165,122,174,182
"Galm",13,7,13,23,23,26,23,36,20,14,25,17
"Srsf7",469,283,1706,986,1543,1775,1693,1787,1110,1027,1125,1140
"Gemin6",7,9,47,46,29,29,23,24,14,18,16,26
"Dhx57",5,3,24,27,17,24,24,27,11,19,31,21
"Morn2",8,10,53,55,44,41,26,43,18,23,44,43
"Gm10190",0,0,3,7,5,2,2,1,1,3,1,7
"Sos1",17,14,62,54,49,59,48,60,25,30,45,51
"Map4k3",20,25,55,62,52,54,33,71,28,27,32,50
"Thumpd2",2,1,19,16,8,11,21,26,14,7,10,13
"Slc8a1",16,13,39,31,39,49,19,37,16,22,43,43
"Pkdcc",30,32,164,100,62,88,64,77,51,54,51,80
"Eml4",31,19,90,51,134,110,101,132,60,72,98,107
"Cox7a2l",510,347,2263,2058,1920,2247,1467,1938,1093,1031,1864,1837
"Mta3",30,18,98,98,104,136,111,101,59,58,82,69
"Zfp36l2",242,179,651,645,717,832,675,762,479,460,590,626
"Thada",2,1,20,21,13,10,8,9,10,6,9,4
"Plekhh2",14,14,56,47,41,44,42,51,28,23,43,31
"Dync2li1",43,27,119,135,138,162,139,194,87,55,126,107
"Lrpprc",10,8,55,36,33,42,22,38,25,16,29,35
"1110020A21Rik",4,1,12,9,9,8,11,5,1,3,7,4
"Ppm1b",57,51,204,155,209,214,163,221,121,110,138,146
"Prepl",1,9,21,17,18,25,19,15,11,4,11,9
"1700106N22Rik",6,8,24,33,31,42,40,40,20,18,37,27
"Six2",4,7,44,36,27,22,25,25,17,18,28,37
"Srbd1",5,2,21,19,13,14,18,25,6,12,18,13
"Prkce",21,13,59,39,55,60,45,68,41,33,49,47
"Epas1",55,40,244,137,123,194,126,147,105,87,125,124
"Rhoq",200,178,979,703,760,871,616,767,497,411,584,532
"Pigf",16,11,77,83,69,83,59,78,46,31,63,46
"Cript",103,65,506,421,339,358,313,382,214,179,305,286
"Socs5",58,34,235,210,167,185,123,169,84,94,163,156
"Mcfd2",109,92,723,617,396,430,321,402,231,227,362,346
"4833418N02Rik",2,3,15,11,10,9,14,13,6,6,6,11
"Ttc7",17,7,66,58,41,74,32,29,27,16,53,44
"Calm2",1596,1114,4586,4050,4776,5647,4886,5058,2634,2660,4053,4162
"Epcam",13,8,3,0,3,3,1,0,3,1,7,0
"Msh2",11,9,38,36,29,49,52,52,35,21,26,28
"Kcnk12",2,0,7,2,3,2,6,6,6,2,3,5
"Msh6",13,8,42,39,47,50,45,59,27,37,45,44
"Fbxo11",70,51,214,169,208,250,154,183,143,127,181,176
"Gm4832",2,1,12,21,16,30,9,11,6,4,24,19
"Foxn2",19,29,118,86,89,95,50,70,42,44,77,76
"Klraq1",14,12,64,55,49,42,40,42,32,27,30,38
"Nrxn1",9,9,43,17,40,66,28,45,29,36,11,19
"Mettl4",3,4,14,11,6,11,13,9,7,4,7,9
"Gm1976",0,0,5,3,10,5,6,6,1,1,5,5
"Crem",104,66,478,306,396,606,426,461,365,264,213,181
"Gm6225",1,1,6,4,3,7,10,11,7,3,6,6
"Cul2",30,26,108,79,120,96,101,119,56,53,63,66
"Bambi",92,88,460,346,358,510,465,621,336,275,272,320
"Map3k8",209,134,618,497,545,728,681,779,437,351,445,446
"4833419F23Rik",9,2,45,21,25,42,35,23,24,20,21,14
"Mtpap",21,24,140,113,108,105,117,130,56,52,75,76
"9430020K01Rik",43,29,313,243,172,171,105,163,94,82,143,135
"Svil",41,46,149,137,177,155,119,145,87,61,186,163
"Zfp438",4,8,23,16,8,25,14,26,19,14,15,19
"Gm10125",2,5,5,3,5,3,7,8,5,5,1,1
"Zeb1",129,89,359,326,415,445,334,374,235,182,285,322
"Arhgap12",17,13,68,64,62,67,57,79,50,34,60,51
"Kif5b",244,195,517,417,963,1042,1048,1182,529,491,690,781
"Epc1",26,31,160,99,158,189,154,155,100,88,106,133
"Rab18",315,239,1271,1079,1119,1308,1238,1308,745,581,974,916
"Mkx",58,31,130,143,124,107,80,105,73,82,142,143
"Mpp7",35,14,76,50,86,94,75,66,82,57,85,44
"Wac",177,112,476,330,498,542,558,662,376,345,460,459
"Fzd8",19,10,81,54,53,66,60,69,43,31,43,37
"Ccny",46,28,174,148,144,132,100,142,96,64,117,134
"Colec12",201,115,949,828,654,694,718,865,448,448,523,661
"Thoc1",27,21,96,74,119,117,98,104,55,52,75,64
"Usp14",46,36,213,171,182,233,202,227,119,79,123,117
"Rock1",137,92,343,218,543,588,472,596,339,344,419,455
"Greb1l",3,2,8,12,8,12,6,6,7,8,8,12
"Esco1",9,9,38,28,43,36,26,53,22,25,30,34
"Snrpd1",140,100,978,675,672,697,531,534,356,287,374,482
"Abhd3",7,6,19,34,37,57,60,59,39,25,31,25
"Mib1",4,7,7,7,19,17,13,15,8,9,18,17
"Gata6",6,4,17,18,21,34,24,24,18,13,17,18
"Rbbp8",25,30,72,51,102,122,85,86,49,44,68,52
"Cables1",17,9,55,36,50,41,42,60,47,26,27,47
"6030446N20Rik",3,0,9,14,8,13,7,12,6,5,12,15
"Riok3",87,65,463,295,286,278,218,270,171,140,182,203
"3110002H16Rik",13,10,45,42,37,59,47,54,25,16,36,29
"Npc1",12,20,88,75,61,61,59,64,53,36,60,48
"Ankrd29",31,26,75,84,90,110,80,108,66,62,81,101
"Lama3",10,5,19,12,26,23,9,21,12,15,12,27
"Ttc39c",14,11,85,82,76,69,76,88,40,31,60,51
"Osbpl1a",69,53,238,212,223,295,262,298,160,162,229,262
"Impact",53,40,196,160,171,233,184,227,134,117,91,103
"Zfp521",41,26,152,124,139,141,103,119,82,80,136,109
"Ss18",81,56,250,208,189,265,209,203,130,128,202,198
"Taf4b",70,34,136,56,117,167,111,118,93,42,71,91
"Kctd1",61,58,176,139,99,163,88,88,87,77,215,191
"Cdh2",22,10,61,47,45,59,17,38,33,23,82,53
"Dsc2",3,0,3,1,3,2,0,0,3,1,6,4
"Dsg2",2,2,0,0,0,1,0,1,0,0,0,0
"Ttr",0,3,3,0,6,8,0,0,0,0,9,4
"B4galt6",14,5,36,28,18,27,7,13,8,8,26,27
"Trappc8",12,15,73,72,64,72,57,53,25,28,39,49
"Rnf125",12,5,38,14,44,43,57,51,25,32,21,39
"Rnf138",56,26,238,157,193,212,166,218,110,121,154,167
"Fam59a",4,6,40,23,22,20,16,27,13,23,24,22
"Asxl3",0,1,8,3,2,5,6,1,3,2,7,8
"Dtna",1,2,6,2,3,11,6,8,5,7,6,3
"Mapre2",65,55,276,251,218,262,198,258,144,136,210,216
"Zfp397",16,8,25,25,52,50,45,60,38,26,45,43
"Zfp35",3,1,16,23,15,13,14,12,13,6,15,13
"Zfp191",16,11,42,32,55,60,59,65,20,26,37,43
"Ino80c",24,18,137,118,82,117,73,99,44,44,70,82
"Galnt1",95,58,350,313,276,299,224,294,137,144,238,243
"2700062C07Rik",16,13,67,69,49,48,57,58,22,33,46,41
"Rprd1a",7,7,47,29,28,39,24,31,22,14,32,31
"Slc39a6",68,49,241,152,252,275,234,243,125,119,161,162
"Elp2",24,16,84,85,67,72,78,68,41,35,41,56
"Mocos",4,9,50,44,50,58,45,49,41,22,28,33
"Fhod3",14,11,14,16,18,23,28,34,6,19,41,46
"5730494M16Rik",23,26,117,111,104,83,63,103,60,38,81,89
"AW554918",2,3,18,14,15,22,19,20,14,16,17,10
"Celf4",7,7,5,10,10,28,12,13,6,7,7,15
"Pik3c3",8,2,38,28,25,33,23,29,20,25,26,21
"Slc25a46",25,19,120,136,104,103,100,122,52,56,79,105
"Sap130",15,14,45,32,23,33,26,39,27,26,20,23
"Ammecr1l",36,25,149,106,135,168,117,159,104,84,119,135
"Polr2d",44,34,126,118,112,140,132,150,92,66,116,121
"Wdr33",70,36,211,208,226,258,256,247,147,147,197,185
"Sft2d3",10,8,48,36,33,33,43,41,18,15,24,36
"Lims2",103,61,377,414,302,410,277,376,215,197,216,243
"Iws1",34,35,134,101,145,222,164,200,107,98,153,121
"Map3k2",50,33,174,150,203,197,153,190,116,110,138,155
"Ercc3",5,7,45,45,41,46,29,50,23,25,28,30
"A830052D11Rik",1,3,1,5,1,0,5,8,4,3,2,5
"Bin1",145,90,394,440,415,510,415,543,298,274,369,313
"Gypc",40,38,215,186,172,180,172,229,112,110,131,123
"Tslp",118,95,464,277,234,334,255,403,178,232,229,184
"Wdr36",19,22,130,88,65,95,105,105,41,42,60,51
"Camk4",8,5,9,13,12,9,3,9,8,7,18,15
"Stard4",16,7,17,32,50,49,64,67,39,34,46,34
"D0H4S114",56,34,465,641,97,57,91,70,41,32,193,245
"2410004N09Rik",31,20,329,211,194,175,125,160,137,120,128,136
"Epb4.1l4a",9,2,10,12,14,18,7,7,8,4,12,17
"Apc",31,23,92,85,97,109,102,91,54,65,73,87
"Srp19",97,79,480,372,354,394,292,364,204,183,336,301
"Reep5",479,348,2184,1982,1629,1771,1423,1638,776,750,1477,1454
"Fam13b",15,12,36,22,40,46,40,50,29,22,35,40
"Nme5",7,5,5,6,7,17,10,7,7,1,12,8
"4933408B17Rik",6,5,43,32,32,24,29,26,10,12,21,21
"Brd8",28,21,91,77,87,109,94,88,63,41,81,87
"Cdc23",18,14,58,69,50,71,52,59,36,25,61,70
"Fam53c",35,30,135,96,107,130,91,113,70,63,73,93
"Kdm3b",25,19,80,53,51,71,60,68,41,42,55,49
"Reep2",3,3,13,8,8,8,9,10,6,1,7,12
"Egr1",2614,1678,8186,8413,6507,8613,8528,9434,6627,5387,6747,6396
"Etf1",319,238,1284,798,1115,1360,1198,1240,826,668,824,778
"Hspa9",181,159,1022,693,758,872,688,759,479,360,458,531
"Ctnna1",153,94,479,410,523,560,452,525,247,259,432,349
"Sil1",37,30,197,155,159,135,110,137,70,73,121,132
"Snhg4",27,17,136,101,94,109,53,68,60,43,76,76
"Matr3",144,109,461,374,444,505,412,482,287,275,370,347
"Paip2",267,195,1274,1129,841,1021,796,843,524,430,870,818
"Slc23a1",3,3,2,4,6,7,2,9,2,1,5,4
"2010001M09Rik",0,2,2,0,8,6,0,12,10,10,7,0
"Spata24",6,4,23,19,16,24,16,36,10,9,9,16
"Dnajc18",23,13,100,87,89,118,94,107,62,44,96,78
"Ecscr",55,25,170,134,137,228,95,175,67,81,169,193
"1700066B19Rik",4,2,4,1,2,5,5,2,2,2,7,5
"Tmem173",130,90,690,397,273,385,262,257,193,211,401,357
"Ube2d2",352,258,1347,940,1125,1240,932,1159,640,638,862,896
"Cxxc5",68,64,230,222,246,310,257,345,159,175,224,255
"Pura",116,85,248,215,301,333,289,356,192,178,296,296
"0610010O12Rik",3,6,24,10,12,12,3,11,7,7,7,4
"Pfdn1",133,83,596,597,440,534,377,453,234,211,420,419
"Hbegf",386,320,776,522,926,1157,906,756,643,788,1340,1520
"Ankhd1",48,37,82,52,197,224,208,209,119,107,118,153
"Eif4ebp3",17,14,113,68,62,62,37,54,46,40,44,45
"Sra1",157,92,948,836,558,556,550,650,294,269,539,561
"Apbb3",3,5,22,23,10,14,14,11,15,10,17,14
"Slc35a4",47,37,200,173,122,105,99,106,81,60,95,96
"Cd14",11,15,96,77,65,76,108,122,36,38,51,32
"Tmco6",3,2,17,15,7,7,11,14,9,8,10,14
"Ndufa2",524,407,3101,2731,1905,1930,1471,1735,1000,929,1590,1574
"Ik",63,32,245,264,239,271,238,293,152,114,202,203
"Wdr55",12,10,98,59,40,61,45,32,25,21,28,38
"Dnd1",3,1,11,5,0,2,6,1,1,2,4,2
"Hars",34,32,252,173,174,197,136,153,71,63,98,119
"Hars2",7,7,34,41,27,37,21,42,24,21,28,34
"Zmat2",62,41,328,280,267,296,232,270,162,123,228,221
"Vaultrc5",32,34,63,53,40,68,25,36,33,19,36,27
"Pcdhb4",0,2,9,4,5,11,2,8,1,1,1,1
"Pcdhb5",3,3,9,3,2,4,6,6,1,1,1,6
"Pcdhb7",0,0,4,10,3,5,8,4,4,1,3,1
"Pcdhb9",2,2,6,13,7,9,9,4,3,0,2,9
"Pcdhb12",1,1,9,6,6,9,6,5,1,3,5,5
"Pcdhb14",5,2,12,13,12,9,12,12,8,5,16,12
"Pcdhb16",0,1,17,10,9,13,11,10,5,8,7,15
"Pcdhb17",10,1,38,26,23,30,23,32,19,23,28,27
"Pcdhb18",2,0,5,3,2,9,1,0,4,0,4,5
"Pcdhb20",2,2,8,8,9,17,5,15,7,1,5,15
"Pcdhb22",2,2,18,20,13,8,13,13,5,7,7,6
"Taf7",80,56,158,119,245,340,262,272,136,136,237,204
"Pcdhga3",0,2,1,1,1,2,0,3,4,1,0,0
"Pcdhgc3",3,1,1,3,6,14,6,8,6,2,8,2
"Diap1",29,20,42,30,136,148,136,142,83,74,104,115
"Hdac3",51,34,190,202,177,195,169,213,113,106,128,160
"Fchsd1",5,6,14,15,15,6,15,19,12,9,15,11
"Arap3",5,0,9,3,12,13,6,6,3,4,7,8
"Pcdh1",2,3,10,7,12,18,15,14,7,4,15,16
"1700086O06Rik",4,0,15,20,7,10,10,14,6,8,9,8
"0610009O20Rik",21,15,88,98,69,104,68,75,55,59,97,78
"Pcdh12",3,0,4,6,3,4,3,1,1,2,2,7
"Rnf14",46,41,151,145,161,137,131,161,78,90,147,163
"Gnpda1",7,6,11,16,12,14,14,17,13,7,20,17
"Ndfip1",78,52,320,287,257,322,353,326,190,158,232,219
"Spry4",24,23,84,52,80,69,96,107,43,49,69,81
"Fgf1",23,31,37,46,82,101,39,68,20,25,45,83
"Arhgap26",4,1,6,7,8,15,2,8,1,4,7,8
"Nr3c1",113,99,255,252,471,555,434,512,208,260,434,496
"Yipf5",129,85,520,542,438,485,375,394,237,207,450,475
"Prelid2",3,6,11,15,9,13,10,11,4,10,13,13
"Lars",33,14,82,79,111,132,107,130,58,43,87,78
"Gm4013",5,6,31,34,21,23,29,13,10,8,7,14
"Rbm27",59,65,160,119,257,279,212,251,148,123,199,214
"Tcerg1",58,46,171,100,182,168,123,194,95,77,138,126
"Ppp2r2b",24,12,40,48,80,86,41,61,35,41,71,95
"Stk32a",0,0,11,12,2,3,4,12,6,6,1,2
"Dpysl3",140,105,253,312,744,715,644,737,237,220,513,569
"Spink3",11,1,0,4,13,7,4,0,5,9,3,1
"Myot",1,4,1,0,1,5,1,0,4,2,4,2
"Dcp2",21,31,121,90,102,97,62,77,52,43,81,64
"Mcc",36,24,148,144,123,108,90,108,53,56,100,103
"Ythdc2",8,7,41,29,49,55,34,52,31,30,21,46
"Pggt1b",13,10,26,17,22,29,24,39,18,21,26,34
"Ccdc112",16,4,16,24,39,34,29,40,22,20,30,34
"Fem1c",5,3,24,18,22,22,30,26,12,11,15,23
"Tmed7",188,136,741,651,533,576,599,588,351,286,498,537
"Eif1a",433,311,1689,1089,1467,1760,1649,1681,1090,917,1317,1274
"Cdo1",14,9,16,21,29,21,19,24,26,9,23,13
"Atg12",31,21,111,100,93,112,74,116,64,47,95,81
"Ap3s1",262,172,859,740,685,711,496,656,360,337,581,593
"4833403I15Rik",9,4,17,11,36,28,45,56,45,24,24,21
"Commd10",57,37,170,163,174,203,173,206,92,90,140,147
"Sema6a",23,16,79,52,59,58,48,63,33,28,69,65
"Gm5506",16,11,19,8,37,52,19,26,19,13,57,47
"Dtwd2",7,5,20,19,13,17,32,16,9,9,15,15
"Dmxl1",18,13,86,69,83,92,64,73,44,39,74,72
"Tnfaip8",62,45,203,189,241,303,192,242,113,120,235,201
"Hsd17b4",38,30,172,173,198,219,173,204,101,63,164,164
"Prr16",2,0,7,4,7,2,5,7,2,5,8,5
"Srfbp1",24,20,109,72,65,80,77,79,40,36,51,58
"Lox",295,203,1309,733,714,641,645,709,680,528,624,430
"Sncaip",8,2,18,4,10,19,14,14,15,8,11,12
"Snx2",88,56,338,317,334,377,390,467,239,169,302,250
"Snx24",42,30,135,102,99,110,98,140,72,63,119,118
"Ppic",593,384,2454,2262,1413,1310,1220,1283,550,632,1611,1971
"Prdm6",1,1,6,1,2,7,8,4,4,0,2,5
"Cep120",19,18,66,62,48,56,45,68,47,29,38,42
"Csnk1g3",56,41,200,159,169,175,167,193,109,114,155,187
"Zfp608",9,5,13,10,38,43,26,24,16,12,23,27
"Gramd3",43,42,310,191,175,251,184,271,124,136,174,182
"Aldh7a1",56,48,288,304,236,289,231,295,124,131,203,219
"Phax",49,34,226,183,169,200,220,252,116,100,154,153
"Lmnb1",27,13,58,39,67,101,96,125,66,42,42,51
"March3",7,6,97,67,69,58,55,66,42,42,37,39
"C330018D20Rik",6,5,28,26,15,29,18,23,12,10,26,15
"Megf10",2,1,11,9,4,5,3,11,2,8,7,14
"Prrc1",58,67,438,447,266,299,242,310,188,163,309,276
"Ctxn3",12,5,12,20,17,28,19,8,19,10,8,18
"Slc12a2",43,15,86,53,69,95,72,53,36,35,50,55
"Fbn2",8,12,13,16,29,16,13,16,5,5,40,36
"Isoc1",10,18,50,38,57,74,70,68,46,31,43,37
"Chsy3",9,8,46,21,25,20,17,18,7,12,28,20
"Gm4951",23,14,23,14,26,39,35,46,9,26,35,27
"Gm4841",1,1,5,5,0,3,3,7,5,1,1,2
"F830016B08Rik",5,5,7,3,18,30,48,24,10,19,19,25
"Iigp1",160,162,295,264,489,868,791,823,324,641,422,482
"2010002N04Rik",300,180,1378,958,839,1011,970,1174,723,687,701,647
"Dctn4",31,42,179,130,115,147,106,141,80,78,106,77
"Rbm22",71,52,266,187,229,275,216,255,156,101,204,154
"Synpo",28,25,125,86,85,87,65,84,48,45,89,97
"Ndst1",53,43,98,72,173,190,144,183,95,99,158,107
"Rps14",5480,3949,32002,25041,22464,25079,17836,21278,13540,11571,18313,18497
"Cd74",86,86,356,483,696,696,739,1402,585,481,1076,536
"Tcof1",25,23,97,88,88,122,85,109,47,39,78,86
"Arsi",2,1,8,5,5,11,4,3,1,0,7,6
"Camk2a",2,1,6,6,3,10,9,5,3,1,8,11
"Slc6a7",4,7,19,10,15,8,14,16,5,4,9,8
"Pdgfrb",130,106,515,459,455,553,339,416,272,194,445,517
"Csf1r",4,5,36,25,16,28,3,21,8,6,16,16
"Hmgxb3",19,14,64,45,41,43,34,36,28,29,41,37
"Slc26a2",6,9,20,20,28,34,39,49,26,29,39,45
"Ppargc1b",4,2,1,3,6,8,18,8,4,3,9,7
"Csnk1a1",325,240,1263,899,1266,1468,1295,1467,939,864,1090,1035
"LOC545261",31,25,119,107,92,88,71,90,55,54,79,99
"E330013P06",1,2,4,6,4,5,8,22,12,9,12,10
"Pcyox1l",0,1,18,9,6,12,7,14,4,4,7,15
"Grpel2",8,12,40,59,32,39,37,50,22,18,38,51
"1500015A07Rik",2,1,18,7,4,7,5,6,8,3,4,6
"Afap1l1",6,3,12,15,13,17,11,18,11,10,7,10
"Ablim3",12,5,17,16,15,25,21,23,14,14,8,11
"Adrb2",28,22,112,70,75,91,108,101,46,44,55,63
"Fbxo38",24,21,76,61,59,78,45,66,41,43,73,63
"Spink10",0,2,0,7,0,4,2,1,0,1,1,3
"Spink13",0,3,0,0,2,4,1,0,1,0,9,0
"Napg",14,11,62,73,79,86,81,85,54,44,59,64
"Fam38b",13,16,41,41,59,60,48,63,35,49,52,49
"Txnl1",143,124,793,655,642,799,752,776,369,388,456,505
"Wdr7",10,10,43,40,30,37,17,23,21,14,34,30
"Fech",86,62,319,284,222,225,214,272,131,115,209,208
"Nars",143,110,584,436,544,623,492,552,302,244,422,451
"Atp8b1",50,56,216,120,262,247,174,224,74,85,159,178
"Nedd4l",16,7,42,31,48,51,18,35,29,27,51,35
"Malt1",2,3,18,12,14,7,8,19,7,11,7,10
"Zfp532",6,5,40,43,20,31,13,20,18,13,25,27
"Sec11c",78,66,476,415,285,302,257,303,165,147,295,301
"Rax",2,1,8,4,8,7,6,8,3,8,11,15
"Lman1",96,97,507,451,400,464,343,451,189,136,393,403
"Ccbe1",24,21,159,101,95,96,81,92,68,51,61,55
"Pmaip1",6,4,31,24,17,24,34,62,38,22,11,12
"Chmp1b",22,35,117,119,74,99,86,87,59,46,67,83
"Impa2",5,2,21,17,14,15,16,14,6,13,22,16
"Tubb6",734,605,3496,2458,2848,3644,3011,2921,1810,1614,2320,2382
"Afg3l2",58,30,140,107,127,140,89,113,90,93,123,122
"Slmo1",1,1,6,5,4,6,1,5,4,8,3,4
"Spire1",15,14,95,65,49,59,45,61,27,38,53,46
"Cep76",11,5,20,19,18,24,13,26,13,13,19,12
"Psmg2",33,36,160,156,116,130,109,106,66,73,101,139
"Ptpn2",89,80,507,276,460,557,499,579,329,253,335,277
"Seh1l",72,72,354,261,222,318,268,291,179,151,196,208
"4930549G23Rik",6,8,18,6,13,17,16,18,17,18,15,19
"Cep192",3,7,40,26,32,23,16,25,20,15,17,16
"D18Ertd653e",24,31,183,214,147,182,112,165,89,85,166,177
"4933403F05Rik",13,9,81,58,42,58,43,63,34,21,35,42
"Rnmt",18,13,58,54,41,48,58,61,30,28,53,40
"Tcf4",401,324,1046,822,1384,1743,1418,1630,936,896,1480,1235
"4930503L19Rik",2,0,11,8,15,18,8,11,9,6,8,15
"Stard6",0,1,9,13,10,5,5,6,6,3,6,4
"Poli",3,3,12,11,12,12,6,3,5,5,7,10
"Mbd2",63,47,302,274,177,229,149,196,105,112,164,160
"Mex3c",63,51,221,175,217,248,155,203,110,131,148,152
"Smad4",42,42,171,126,174,165,154,177,92,90,132,148
"Elac1",15,8,35,30,25,41,37,41,26,22,24,28
"Me2",14,15,57,46,64,59,38,45,31,23,50,38
"Cxxc1",37,33,162,154,132,153,157,165,104,81,133,113
"Mbd1",37,28,114,124,159,141,183,150,120,67,105,124
"Ccdc11",1,3,2,1,3,6,7,5,0,3,2,4
"Acaa2",92,53,361,303,299,372,443,434,226,167,295,209
"Lipg",20,19,97,62,75,93,61,66,44,21,76,63
"Rpl17",3472,2409,27384,21655,17901,19887,13894,16736,11204,9520,14136,13867
"BC031181",167,106,719,657,557,607,466,576,318,285,448,550
"Dym",13,13,106,77,84,82,54,81,49,31,91,69
"Smad7",87,72,354,189,347,462,350,394,251,227,240,232
"Ctif",19,10,72,61,58,44,28,39,25,28,51,38
"Zbtb7c",23,23,67,60,63,88,36,51,22,35,81,70
"Smad2",45,38,146,126,133,146,111,167,80,82,122,138
"Ier3ip1",302,233,1315,1017,955,1088,755,857,490,472,901,949
"Hdhd2",29,26,137,131,118,135,112,116,65,64,113,108
"Pias2",32,25,99,67,77,93,69,84,62,50,79,89
"Rnf165",5,2,12,17,15,10,13,18,2,7,12,11
"8030462N17Rik",0,7,11,12,7,12,9,12,3,3,3,0
"Haus1",19,13,48,46,50,46,43,47,28,25,38,30
"Atp5a1",330,297,2047,1720,1535,1753,1477,1696,901,718,1211,1258
"5430411K18Rik",6,5,21,17,13,16,19,18,16,9,12,10
"Setbp1",48,32,117,95,165,138,127,188,92,100,125,116
"Pard6g",18,9,31,35,33,46,43,61,29,27,33,50
"Adnp2",6,11,25,19,29,37,23,19,17,14,24,18
"Rbfa",26,24,216,205,116,116,99,131,62,51,112,124
"Txnl4a",171,131,937,745,570,649,459,523,367,270,500,490
"Hsbp1l1",3,1,10,3,2,6,3,2,3,2,3,4
"Pqlc1",164,160,1063,504,583,613,502,513,326,371,444,401
"Ctdp1",33,18,103,79,114,112,98,110,71,72,69,65
"Nfatc1",126,71,585,364,393,383,233,303,189,171,308,310
"Atp9b",22,21,126,99,88,77,74,97,57,46,74,61
"Mbp",72,69,13,23,15,29,39,21,5,10,13,8
"Zfp236",11,7,57,43,41,34,28,40,22,19,25,31
"Zfp516",53,41,251,130,232,242,192,207,138,134,170,135
"Tshz1",66,39,211,185,259,251,273,346,121,132,203,231
"Zadh2",38,25,148,98,155,142,104,119,87,79,115,112
"Zfp407",4,1,16,17,13,18,17,15,9,5,7,14
"Cndp2",98,91,1043,650,481,721,680,828,440,309,353,374
"Fam69c",2,1,33,36,9,13,16,14,18,6,10,4
"Cyb5",714,532,6066,4108,3019,3643,3639,4207,2529,1868,2430,2345
"1700034H14Rik",24,26,135,137,112,127,106,120,69,53,106,98
"Cbln2",6,2,25,13,26,25,24,27,24,8,16,10
"Socs6",30,23,103,88,66,88,63,85,52,55,74,51
"Rttn",2,0,2,5,9,7,2,6,0,7,7,4
"Tmx3",65,38,233,203,266,270,233,259,137,140,214,198
"Ighmbp2",0,2,7,11,6,10,6,14,5,6,9,10
"Mrpl21",53,33,216,175,173,216,167,188,90,71,154,145
"Cpt1a",37,25,141,87,100,79,121,106,50,40,94,54
"Gal",1,0,18,16,3,8,43,39,15,11,7,8
"Ppp6r3",37,27,132,94,90,93,72,100,52,62,72,66
"Lrp5",42,29,117,127,82,85,67,98,38,36,103,85
"1810055G02Rik",122,85,437,394,322,306,232,318,140,165,303,292
"Suv420h1",32,25,96,73,83,115,82,103,62,53,77,86
"Chka",75,79,243,147,223,362,210,286,149,160,184,268
"Tcirg1",14,15,84,66,62,92,84,94,64,51,63,55
"Ndufs8",107,80,375,447,293,406,299,312,173,164,324,345
"Aldh3b1",25,9,63,66,67,70,75,101,37,42,41,45
"Unc93b1",51,31,168,191,140,183,165,239,78,87,119,108
"Acy3",9,6,38,32,22,38,31,48,17,13,21,16
"Nudt8",13,8,60,49,30,30,14,26,11,16,22,23
"Ndufv1",124,70,522,520,434,491,429,500,236,214,334,359
"Gstp1",373,251,1094,938,1382,1698,1345,1337,979,770,1097,1018
"Gstp2",33,30,121,105,141,216,125,106,91,70,113,73
"BC021614",6,1,15,9,6,6,21,11,15,13,8,3
"Cdk2ap2",190,170,984,884,609,684,521,570,371,336,556,466
"Pitpnm1",11,12,48,41,32,51,31,46,21,28,29,31
"Aip",84,54,310,382,252,312,248,286,173,137,243,253
"Tmem134",126,110,734,639,486,473,365,468,281,252,437,432
"Coro1b",118,73,386,392,330,351,297,384,190,200,267,315
"Ptprcap",1,1,4,1,1,4,0,14,10,6,14,5
"Rps6kb2",9,3,50,36,29,32,18,39,19,23,36,39
"Ppp1ca",263,213,1552,1395,944,1056,761,941,546,478,858,896
"Rad9",5,10,31,33,27,40,14,21,23,12,22,21
"Pold4",86,79,470,406,320,371,242,322,194,168,341,337
"Ssh3",13,3,21,28,22,31,21,13,12,11,33,13
"Ankrd13d",3,0,2,6,7,5,6,9,0,8,6,6
"Adrbk1",25,26,148,111,75,100,63,91,50,43,85,76
"Kdm2a",38,38,71,63,94,132,93,121,80,62,78,86
"Rhod",6,3,32,30,16,19,15,19,9,8,22,26
"Pcx",12,4,28,28,18,27,19,20,13,14,23,25
"Lrfn4",9,5,44,36,20,17,11,18,10,10,19,12
"Rce1",43,26,191,196,133,158,108,144,89,83,104,134
"Rbm4b",34,27,123,86,109,131,121,120,80,62,86,91
"Rbm4",7,9,76,70,55,58,47,45,28,25,60,40
"Rbm14",16,23,86,107,67,93,74,87,30,45,67,63
"Ccs",76,49,304,279,245,232,244,286,143,119,223,235
"Ctsf",115,76,426,412,328,403,358,435,200,171,468,433
"Actn3",8,8,12,11,14,22,14,16,17,11,10,15
"Zdhhc24",4,4,16,15,11,12,7,4,1,4,10,8
"Bbs1",3,0,12,18,4,2,2,5,4,3,8,7
"Dpp3",27,14,144,147,107,97,116,129,45,50,73,100
"Mrpl11",31,22,245,253,146,166,141,166,75,61,135,142
"Slc29a2",2,0,12,8,1,7,3,5,2,1,4,5
"B3gnt1",46,61,203,218,204,200,204,262,110,78,214,220
"Brms1",15,5,74,74,54,56,28,48,39,26,36,44
"Cd248",314,258,1215,1617,1184,1207,732,1134,334,423,990,1099
"Yif1a",101,81,591,602,365,446,314,370,164,173,409,411
"Rab1b",63,38,317,298,183,182,125,159,96,79,153,168
"Klc2",5,14,38,30,26,19,19,23,14,16,23,27
"Pacs1",11,12,42,58,35,34,34,49,20,24,30,38
"Sf3b2",156,99,508,500,602,684,645,734,350,310,547,508
"Cst6",7,4,30,41,15,39,13,19,14,5,64,37
"Banf1",149,96,831,706,457,509,327,380,266,203,393,417
"Eif1ad",31,25,205,155,104,126,81,111,75,49,84,94
"Sart1",55,31,170,158,154,171,154,182,91,72,105,134
"D330050I16Rik",1,0,14,5,3,5,6,5,5,1,7,6
"4930481A15Rik",9,5,55,49,16,35,13,24,17,14,21,14
"Drap1",285,250,1683,1342,892,938,906,1094,696,512,666,782
"AI837181",43,45,219,215,160,169,103,150,82,78,138,135
"Fosl1",341,173,1405,761,903,1266,741,856,605,549,472,432
"Ccdc85b",147,101,759,652,406,485,376,389,283,252,375,385
"Fibp",42,18,260,241,179,172,140,214,88,85,131,145
"Ctsw",2,0,2,1,0,1,1,2,5,2,1,1
"Efemp2",245,157,1319,1069,734,769,615,872,379,369,608,685
"Mus81",10,5,45,48,24,38,29,37,32,15,38,45
"Cfl1",994,758,5320,3669,3590,4459,3269,3894,2129,1915,2733,2774
"Snx32",5,4,13,10,16,14,11,17,13,10,12,16
"Rnaseh2c",72,56,533,448,374,416,323,356,206,165,354,293
"Kat5",41,22,115,130,104,107,111,128,105,70,87,105
"Rela",312,230,1254,821,953,1186,745,702,627,580,828,690
"Sipa1",65,53,179,271,200,227,168,255,115,110,197,225
"Pcnxl3",29,17,84,79,60,59,54,59,26,40,47,58
"Map3k11",6,5,39,32,26,42,19,40,17,17,20,20
"Ehbp1l1",70,52,143,176,187,269,176,245,127,110,178,185
"Fam89b",79,64,306,293,249,350,203,276,154,106,269,237
"Sssca1",18,17,174,131,86,96,69,83,43,36,84,82
"Ltbp3",158,108,783,648,492,404,316,400,206,209,471,504
"Scyl1",53,60,254,258,201,243,180,213,133,119,235,197
"Malat1",45981,33167,49882,38311,162834,191751,153411,186173,113888,95500,129070,142266
"Neat1",145,106,426,353,389,569,383,559,399,314,406,439
"Frmd8",12,10,53,65,44,53,35,42,16,22,41,48
"Slc25a45",7,10,37,30,13,17,17,27,9,13,23,16
"Dpf2",33,38,178,135,136,163,153,184,108,75,107,125
"Cdc42ep2",32,22,88,122,102,152,109,104,66,60,81,81
"Pola2",23,17,52,27,44,53,45,61,23,35,32,32
"Capn1",33,21,198,201,105,123,82,150,66,66,103,92
"Syvn1",19,18,116,87,67,80,54,73,35,42,53,55
"Mrpl49",17,19,105,117,86,90,86,80,59,44,61,85
"Fau",3116,2229,24892,19312,15337,16903,12240,14557,9684,8342,11695,11833
"Znhit2-ps",8,13,83,68,38,49,27,46,35,21,35,40
"Tm7sf2",2,0,3,9,7,14,6,5,2,4,6,10
"1110014N23Rik",18,12,90,98,79,106,101,110,56,34,65,63
"Zfpl1",30,31,135,142,117,138,119,116,58,60,99,87
"Sac3d1",15,13,103,89,35,57,55,52,19,24,65,49
"Snx15",20,17,82,81,78,101,70,75,50,32,53,70
"Arl2",34,23,102,111,110,115,73,91,47,50,72,86
"Batf2",2,2,12,3,4,8,3,10,7,13,4,3
"Gpha2",21,14,39,24,50,44,8,7,9,27,97,75
"Ppp2r5b",28,11,81,113,82,91,60,98,53,44,77,123
"Atg2a",24,22,68,64,81,78,57,82,46,27,62,61
"Ehd1",195,143,931,848,789,950,725,877,393,428,680,753
"Cdc42bpg",13,14,12,14,20,17,15,20,17,11,12,23
"Men1",27,19,76,80,43,83,49,60,41,26,58,63
"Map4k2",4,4,12,5,11,20,11,14,8,11,12,13
"Sf1",234,140,863,594,654,771,585,632,458,398,498,494
"Pygm",25,16,31,40,56,74,54,70,31,40,39,36
"Rasgrp2",21,16,67,64,28,96,97,108,41,42,39,45
"Nrxn2",11,7,31,26,33,63,50,47,39,19,30,37
"Rps6ka4",56,28,251,202,151,162,135,184,85,78,147,139
"Ccdc88b",1,2,4,6,3,4,10,9,4,4,5,8
"Prdx5",235,223,1764,1448,947,1083,975,1149,588,533,767,792
"Trmt112",164,127,682,617,562,619,433,558,314,252,494,477
"Esrra",16,13,72,74,40,36,27,30,21,18,24,42
"Gpr137",14,8,93,73,54,64,35,31,25,23,55,62
"Bad",102,60,319,324,253,297,216,276,135,123,225,263
"Plcb3",45,27,89,91,82,92,69,85,51,43,58,54
"Ppp1r14b",284,291,2279,1781,851,914,585,851,369,383,635,733
"Fkbp2",264,186,1251,1350,942,992,789,943,496,448,724,723
"Vegfb",22,17,81,98,54,68,45,79,34,35,47,56
"Dnajc4",58,40,205,192,153,148,141,162,90,73,132,135
"Nudt22",12,2,47,42,32,47,34,46,35,18,36,34
"Trpt1",10,12,31,51,29,29,35,31,27,19,28,31
"Fermt3",0,1,3,5,3,6,7,8,2,1,5,1
"Stip1",139,102,600,455,507,625,478,526,271,239,357,367
"Macrod1",21,22,94,85,80,94,83,85,46,31,65,58
"Flrt1",4,3,2,1,9,7,4,13,7,4,8,12
"Otub1",50,60,253,226,185,190,213,235,108,107,147,186
"Cox8a",1077,757,6639,5374,4156,4433,3344,3711,2493,2169,3036,3357
"Naa40",5,4,16,14,13,11,12,19,8,7,9,10
"Rcor2",3,1,8,13,9,12,4,11,4,5,5,12
"Mark2",77,54,209,198,189,244,188,231,150,120,200,181
"AI846148",26,19,65,55,77,79,69,84,57,47,60,74
"2700081O15Rik",35,20,131,128,179,172,90,157,93,80,140,146
"Rtn3",236,170,1024,960,921,1031,772,882,550,477,714,721
"Atl3",29,27,136,152,119,122,95,103,72,48,95,85
"Pla2g16",96,65,412,401,320,407,298,372,234,182,224,242
"Slc3a2",363,286,1844,1279,1468,1742,2052,2347,1099,1007,964,983
"Snhg1",98,93,1026,594,590,646,367,428,354,288,388,417
"Snord22",1,2,1,3,2,7,1,2,5,3,6,3
"Wdr74",37,32,254,163,111,141,109,153,73,83,100,98
"Stx5a",62,64,332,332,215,233,236,229,129,159,235,219
"Nxf1",64,33,235,208,179,206,136,175,105,86,153,131
"Tmem223",64,33,309,254,154,209,108,154,63,81,184,207
"Tmem179b",46,33,240,219,149,153,163,166,113,91,148,139
"Taf6l",8,2,15,21,15,20,17,8,11,7,13,15
"Polr2g",46,39,318,288,225,285,238,255,150,119,221,213
"Ttc9c",16,8,47,47,39,44,30,42,30,28,32,29
"Hnrnpul2",112,70,361,354,316,418,322,416,204,182,281,326
"Gng3",4,0,20,9,9,9,11,5,5,3,6,6
"Bscl2",61,60,282,266,204,211,166,193,113,111,207,194
"Lrrn4cl",587,456,1947,1598,2382,3193,3084,3472,2081,1672,1748,1571
"Ubxn1",191,125,937,863,708,780,638,757,397,355,628,652
"AI462493",53,39,314,296,173,186,158,167,80,86,208,205
"5730408K05Rik",15,16,69,29,43,58,35,37,13,17,33,31
"Mir5136",8,7,17,5,19,18,11,9,4,7,13,6
"1810009A15Rik",40,21,269,276,134,127,112,137,61,86,125,149
"Ints5",15,10,49,39,39,28,21,38,16,16,26,28
"Ganab",40,39,352,291,195,198,136,186,96,95,152,164
"B3gat3",44,32,288,255,145,178,120,159,108,95,150,135
"Rom1",12,9,66,68,37,43,51,55,26,17,46,50
"Eml3",9,7,90,83,57,60,45,52,29,35,51,60
"Mta2",67,32,275,226,231,292,236,234,151,110,164,165
"Tut1",12,10,45,42,34,29,43,29,25,18,23,22
"Eef1g",858,629,5282,4567,3472,4046,2627,3442,1860,1684,3055,3055
"Ahnak",1513,1070,4659,3691,4484,4683,3066,4011,2265,2010,3300,3304
"Scgb1a1",1,0,8,3,0,1,8,11,3,2,3,0
"Asrgl1",19,14,78,71,67,77,64,68,41,32,54,59
"Incenp",4,2,11,9,11,9,4,9,6,4,15,10
"Fth1",10308,7637,109531,67446,41150,47447,38715,44181,32059,24154,31174,30735
"Best1",11,7,82,75,45,64,55,54,32,33,48,46
"Rab3il1",63,54,218,284,170,241,151,244,128,135,191,204
"Fads3",25,19,149,127,91,104,63,87,45,46,67,85
"Fads2",3,3,9,9,12,8,12,9,4,5,12,13
"Fads1",81,63,256,276,211,220,139,294,109,123,211,269
"Fen1",5,6,19,15,20,20,16,28,14,8,11,4
"1810006K21Rik",414,299,2158,1865,1422,1469,1041,1244,694,613,1192,1183
"Dagla",4,1,11,15,10,11,6,8,6,2,11,8
"Syt7",2,2,17,10,5,6,8,9,5,4,6,20
"Sdhaf2",27,24,120,128,80,97,83,108,46,48,79,83
"Cpsf7",44,40,193,126,131,181,136,185,99,88,131,140
"Tmem216",22,12,85,95,44,69,37,49,32,33,38,51
"Tmem138",3,4,9,9,20,16,12,16,12,8,11,12
"Cybasc3",11,6,42,31,27,37,31,17,11,17,22,33
"Dak",4,4,19,19,21,12,9,16,7,9,23,17
"Ddb1",113,85,550,480,389,385,357,425,194,161,333,323
"Vps37c",65,43,258,193,189,233,168,220,147,125,169,157
"Slc15a3",8,9,41,14,24,21,23,30,23,21,10,14
"Tmem132a",9,18,42,36,24,26,26,30,14,9,28,33
"Tmem109",165,108,570,610,487,563,419,533,261,263,434,455
"Prpf19",72,42,334,262,252,283,223,269,145,133,169,191
"Ccdc86",38,50,260,100,138,193,163,166,80,86,101,122
"AW112010",181,164,1059,715,750,878,752,949,486,458,881,748
"Ms4a7",1,2,12,8,3,3,0,2,2,0,3,4
"Ms4a6c",2,3,6,13,11,8,5,12,6,8,7,5
"Ms4a6b",0,0,6,8,6,3,1,8,4,4,8,7
"Ms4a4d",240,148,1339,970,881,1097,1116,1156,676,555,787,660
"Ms4a6d",0,0,11,11,4,9,2,7,5,1,5,0
"Mrpl16",18,11,141,108,106,112,108,90,46,49,67,67
"Stx3",50,54,202,140,185,247,205,219,138,119,152,125
"Patl1",31,21,106,78,96,112,87,109,54,51,60,58
"Osbp",24,6,103,79,68,91,54,64,48,42,68,58
"Mpeg1",1,5,7,11,2,4,6,9,2,4,2,7
"Dtx4",24,9,123,88,53,62,50,46,32,36,54,61
"Fam111a",62,63,267,188,365,560,303,367,251,218,313,230
"A330040F15Rik",5,3,15,8,28,25,22,22,19,14,21,26
"Zfp91",37,34,186,161,122,155,115,128,76,62,89,96
"Lpxn",1,0,5,8,3,6,5,8,3,3,9,3
"Tle4",27,21,77,62,85,110,85,92,38,43,59,60
"Psat1",9,8,69,57,23,19,24,31,8,11,14,27
"Cep78",9,4,21,16,13,16,19,21,15,8,10,14
"Gnaq",86,62,208,159,246,236,214,265,155,124,223,209
"E030024N20Rik",15,14,23,20,38,58,38,47,28,12,29,34
"Gna14",10,2,18,26,16,8,19,19,11,6,4,10
"Vps13a",19,15,41,33,93,69,45,57,43,47,48,46
"Prune2",16,10,37,33,34,18,15,15,13,4,26,15
"Rfk",64,60,272,222,198,238,178,221,140,114,175,167
"Pcsk5",87,54,326,317,290,286,292,299,106,121,372,397
"Ostf1",153,114,716,716,641,650,561,693,327,344,482,516
"BC016495",22,16,34,33,56,53,49,68,27,32,55,50
"2410127L17Rik",59,48,230,182,226,245,220,238,115,122,185,187
"D030056L22Rik",15,15,94,97,63,91,59,66,51,31,61,62
"Trpm6",4,3,15,8,6,9,8,11,11,2,7,6
"Rorb",17,13,41,19,102,136,88,103,35,41,60,58
"Anxa1",1503,1289,7252,4866,6952,8378,7391,8230,3435,3044,4806,4114
"E030003E18Rik",15,10,86,34,32,46,46,48,37,25,47,34
"Aldh1a1",125,80,637,413,279,306,415,395,245,180,411,330
"Zfand5",589,392,2632,1814,2296,2785,2655,2577,1520,1335,1839,1752
"Gda",60,29,320,168,183,156,100,140,90,50,101,101
"1110059E24Rik",36,20,115,115,95,115,106,118,66,53,106,119
"Fam108b",57,54,280,231,242,252,259,310,147,146,227,193
"Tmem2",50,44,146,82,150,160,80,88,95,80,132,118
"Trpm3",6,2,18,12,15,12,12,13,15,4,5,17
"Klf9",1152,687,2079,1635,3559,4089,3244,4110,2020,2013,3116,3604
"Mir1192",0,2,0,0,4,3,6,7,5,6,8,8
"Smc5",38,19,100,64,106,116,119,110,85,57,100,81
"Mamdc2",9,12,23,29,45,50,30,29,28,21,38,31
"Ptar1",11,2,31,21,28,46,35,36,16,18,32,35
"Apba1",5,5,40,27,38,18,20,30,10,16,21,15
"Fam189a2",13,9,50,48,42,43,19,38,17,11,36,43
"Tjp2",32,27,91,59,90,93,60,63,38,34,72,70
"Fxn",15,9,78,74,43,49,37,49,22,25,25,38
"Pip5k1b",1,7,11,9,5,10,6,2,4,8,16,11
"Fam122a",34,29,146,119,118,124,121,118,84,63,96,118
"E030010A14Rik",30,16,81,30,37,44,26,60,56,50,57,35
"Pgm5",6,8,9,3,10,8,2,7,3,3,5,3
"Cbwd1",19,11,64,60,65,71,51,67,53,29,42,50
"Dock8",2,2,6,8,10,4,7,9,4,10,8,9
"Kank1",27,26,71,69,84,69,36,73,35,38,54,77
"2610016A17Rik",8,7,32,29,41,49,20,34,25,18,38,28
"Dmrt2",43,12,41,31,46,63,73,81,39,31,49,40
"Smarca2",93,68,290,263,322,366,261,335,188,173,269,285
"Vldlr",55,30,376,254,151,192,249,263,192,135,119,136
"D19Bwg1357e",33,25,210,136,125,152,127,146,77,52,101,106
"Rfx3",5,7,24,26,28,23,24,14,21,10,18,21
"Glis3",1,3,3,2,8,3,3,5,5,2,5,0
"Slc1a1",7,5,7,6,15,22,7,5,7,6,1,6
"4430402I18Rik",7,1,2,5,9,9,8,7,5,1,6,9
"Ppapdc2",9,3,19,21,20,27,16,21,12,9,14,21
"Cdc37l1",22,11,54,57,77,72,60,88,53,35,44,81
"Ak3",71,56,325,308,245,253,222,268,161,128,247,254
"Gm9895",0,1,3,4,2,4,4,3,4,4,2,1
"Rcl1",64,44,297,190,189,218,171,175,114,82,123,142
"Jak2",65,58,308,185,276,252,172,240,134,160,190,205
"Insl6",1,1,10,0,4,4,12,14,4,1,10,7
"5033414D02Rik",47,39,295,311,262,330,277,299,171,174,231,238
"Cd274",35,20,36,21,42,40,60,61,51,74,23,23
"C030046E11Rik",14,9,50,29,40,31,16,39,16,21,24,30
"Ermp1",17,6,58,54,38,42,30,47,18,20,35,36
"Mlana",1,0,11,0,10,17,8,24,22,13,15,3
"9930021J03Rik",47,18,122,89,155,133,135,169,82,59,89,116
"Ranbp6",2,2,16,11,13,21,13,18,10,13,14,13
"Il33",252,208,1802,862,1028,1356,1235,1418,709,752,640,589
"Uhrf2",46,34,250,162,144,164,123,160,95,87,100,137
"Gldc",4,2,74,17,5,6,14,6,10,5,3,3
"Prkg1",4,5,12,9,22,20,16,21,10,7,6,9
"Cstf2t",8,17,74,30,49,56,43,57,36,25,34,37
"Asah2",5,9,22,22,27,17,28,32,17,22,21,21
"Sgms1",29,22,107,83,89,110,85,99,56,57,97,105
"2700046G09Rik",3,0,11,9,2,6,2,3,2,3,6,3
"Minpp1",33,26,222,162,137,148,125,149,89,66,113,113
"Papss2",57,39,508,328,164,131,272,264,156,130,129,101
"Atad1",58,44,237,224,188,197,177,220,107,97,159,164
"Pten",133,99,358,314,350,354,275,325,217,187,325,354
"Lipo1",28,17,69,62,62,46,52,56,22,15,44,54
"Stambpl1",20,20,87,60,69,110,111,138,63,63,66,79
"Acta2",144,99,154,176,249,203,139,122,108,74,415,216
"Fas",155,95,663,437,567,666,445,494,349,295,468,410
"Ch25h",17,32,83,51,46,54,66,61,23,27,57,42
"Lipa",42,25,206,213,176,209,176,213,78,88,169,164
"Ifit2",25,16,84,76,57,103,65,117,66,83,61,68
"Ifit3",57,70,159,125,82,207,183,275,146,172,339,192
"I830012O16Rik",9,7,26,29,28,35,52,59,39,36,61,59
"Ifit1",208,257,417,440,368,868,650,769,345,747,679,571
"Pank1",8,1,7,4,14,13,13,13,8,8,9,10
"Rpp30",24,16,123,104,101,160,144,129,70,58,84,80
"Ankrd1",11,37,90,81,67,166,93,28,100,141,81,35
"Pcgf5",42,27,151,109,147,187,126,137,100,110,114,89
"Hectd2",15,6,65,41,34,40,18,31,15,22,34,37
"Ppp1r3c",2,1,19,8,11,11,13,9,9,5,17,13
"Tnks2",49,43,191,170,171,170,141,141,84,71,152,137
"Fgfbp3",5,4,13,17,22,17,17,24,11,14,10,17
"Btaf1",40,30,156,100,138,167,154,166,96,101,116,106
"Cpeb3",15,6,29,25,17,28,25,33,15,17,22,19
"March5",144,139,874,581,619,717,573,708,431,370,495,448
"4931408D14Rik",1,0,5,2,2,2,0,8,1,4,1,0
"Ide",27,29,113,102,91,105,81,107,56,64,81,74
"Hhex",1,0,1,9,7,18,3,11,2,3,6,3
"Exoc6",6,5,19,14,19,23,14,19,15,8,21,18
"Cyp26a1",2,4,4,12,12,15,16,37,19,17,24,43
"Myof",45,29,189,207,200,200,143,206,100,100,126,128
"Rbp4",73,76,437,287,301,363,363,381,213,172,190,160
"5730455O13Rik",18,7,69,67,51,67,53,65,26,39,47,39
"Tmem20",1,5,7,9,10,6,10,13,2,5,7,5
"Plce1",37,24,147,96,83,99,65,110,63,44,62,57
"Noc3l",8,7,36,30,37,48,24,32,15,14,24,33
"Tbc1d12",25,28,52,68,98,116,88,100,58,73,99,103
"Hells",4,1,3,7,4,6,12,4,5,2,3,9
"Pdlim1",211,165,1305,1096,1300,1482,945,1143,572,599,992,984
"Sorbs1",48,32,53,37,90,92,51,65,69,45,62,61
"Aldh18a1",24,15,134,135,106,70,69,89,42,40,93,98
"Tctn3",4,2,19,25,13,14,16,24,7,10,15,16
"Entpd1",17,10,80,43,45,52,55,63,30,36,30,34
"Zfp518a",4,3,17,15,12,16,10,9,4,7,14,8
"Blnk",4,3,46,23,17,21,28,25,23,16,16,22
"Tm9sf3",280,250,1221,952,856,891,737,897,476,401,780,759
"Lcor",2,2,4,4,2,8,7,6,7,5,7,5
"Arhgap19",2,2,3,4,4,2,2,2,1,4,1,2
"Frat2",19,7,38,43,29,39,28,33,18,23,36,39
"Rrp12",6,5,52,26,26,25,9,11,14,6,16,9
"Pgam1",179,151,1299,1016,754,807,651,772,410,382,601,658
"Exosc1",18,22,156,124,90,92,86,108,73,46,72,71
"Zdhhc16",28,11,100,84,61,62,47,65,55,28,61,57
"Mms19",6,2,55,52,39,53,29,41,20,15,31,33
"Ubtd1",59,41,272,234,181,210,156,203,135,100,153,157
"Ankrd2",0,4,6,4,0,2,2,1,4,0,1,2
"Hoga1",5,1,11,12,21,16,21,28,13,10,13,16
"Pi4k2a",75,50,317,229,177,223,184,228,122,128,149,170
"Avpi1",41,28,165,195,147,149,157,200,100,83,122,94
"Marveld1",32,28,128,113,71,83,46,68,36,33,84,89
"Zfyve27",23,14,60,64,57,82,49,73,49,37,50,54
"Sfrp5",373,114,194,205,204,189,319,282,92,117,327,158
"Crtac1",10,2,50,54,22,18,23,49,21,19,33,36
"D19Ertd386e",19,13,71,66,76,63,52,88,54,42,46,64
"Loxl4",53,28,289,159,117,100,58,115,95,51,118,76
"Pyroxd2",8,1,23,11,17,15,10,19,8,8,15,19
"Hps1",7,8,49,29,25,37,29,25,17,19,33,20
"Got1",57,38,280,242,274,239,343,333,179,158,141,147
"Slc25a28",27,25,190,146,102,115,99,110,67,68,94,78
"Entpd7",6,5,26,14,27,21,15,23,8,11,15,18
"Cox15",13,8,22,23,21,24,20,23,8,11,25,13
"Cutc",5,5,43,46,30,45,40,25,19,26,45,38
"Cyp2c44",0,0,2,0,4,10,1,4,4,0,10,10
"Erlin1",20,11,78,47,54,66,25,44,37,21,43,50
"Chuk",40,30,113,90,150,156,121,174,87,79,95,137
"Cwf19l1",4,0,10,6,10,10,10,14,6,7,4,3
"Bloc1s2",28,25,141,81,67,103,91,112,44,44,82,93
"Scd2",96,81,134,341,225,259,131,237,115,95,175,321
"Scd1",137,97,548,545,390,380,294,343,164,194,331,418
"Ndufb8",198,146,1070,829,755,823,708,758,408,359,594,629
"Hif1an",8,6,31,28,19,24,20,15,14,10,13,15
"Fam178a",26,19,84,56,89,90,78,98,58,45,85,78
"Mrpl43",35,30,203,172,116,120,98,128,65,56,125,112
"Peo1",9,2,37,33,13,18,12,10,20,3,11,12
"Lzts2",171,128,433,451,512,596,518,679,360,356,418,409
"Sfxn3",85,55,371,332,274,225,217,271,132,117,206,198
"Kazald1",87,46,248,246,146,222,197,224,128,105,222,219
"Btrc",18,23,113,82,74,88,87,105,55,46,93,92
"Poll",2,3,19,16,14,15,9,6,10,5,8,10
"Dpcd",28,23,143,136,87,105,80,99,48,52,76,101
"Fbxw4",16,11,51,35,37,44,31,40,26,13,27,36
"Npm3",125,78,505,376,353,390,297,322,199,197,280,287
"Mgea5",59,23,220,164,147,188,137,156,102,90,126,115
"9130011E15Rik",1,0,14,4,3,6,4,8,3,4,11,5
"Hps6",2,3,6,8,8,15,7,5,2,4,5,9
"Ldb1",50,31,160,128,136,151,132,135,85,98,114,86
"Pprc1",58,40,267,164,192,199,158,174,127,103,148,120
"Nolc1",96,83,490,265,410,489,431,425,312,219,266,278
"Gbf1",26,21,149,143,102,90,71,102,75,54,99,109
"Nfkb2",164,129,691,415,466,676,451,482,421,350,529,423
"Psd",5,6,7,8,13,19,10,9,10,6,7,13
"Fbxl15",25,18,98,66,87,106,83,115,67,43,74,93
"Cuedc2",120,77,444,432,355,413,367,419,229,159,312,313
"2310034G01Rik",0,0,9,7,4,2,6,5,1,2,4,3
"Tmem180",3,1,10,6,4,6,4,0,3,5,12,14
"Actr1a",59,45,275,256,191,248,150,229,128,117,201,229
"Trim8",99,81,280,280,286,362,209,315,163,157,282,274
"Arl3",113,87,698,618,569,585,518,641,322,271,434,469
"Sfxn2",8,15,55,48,45,39,43,61,44,28,47,40
"D19Wsu162e",49,38,219,190,109,147,105,145,110,94,125,118
"2010012O05Rik",27,26,185,169,128,132,107,144,86,60,148,152
"As3mt",24,6,50,50,66,71,66,92,44,42,49,67
"Cnnm2",6,6,25,23,23,17,27,24,17,18,28,36
"Nt5c2",26,23,100,104,97,113,126,138,69,52,85,64
"Pcgf6",7,6,24,14,27,19,18,19,17,9,12,18
"Taf5",21,14,76,41,62,72,65,82,40,45,53,50
"Usmg5",438,331,1932,1510,1446,1532,1094,1347,784,572,1081,1119
"Pdcd11",24,20,99,52,108,105,75,106,57,49,55,84
"Calhm2",15,4,58,69,58,43,41,69,29,40,59,59
"Sh3pxd2a",62,56,218,154,174,151,122,147,119,99,146,137
"Obfc1",18,21,108,72,90,106,96,105,54,47,87,74
"Slk",66,51,272,200,243,249,191,219,156,134,179,171
"Col17a1",1,5,11,14,2,7,7,7,6,5,9,9
"Sfr1",396,299,1565,1506,1669,1955,1544,1863,1050,838,1409,1504
"Gsto1",43,35,442,267,225,297,177,202,151,89,158,154
"Gsto2",2,1,2,8,2,4,4,2,2,1,4,3
"Itprip",12,10,59,38,41,56,57,57,34,39,29,24
"Ins1",17,6,0,0,10,16,0,0,0,0,0,0
"Xpnpep1",62,56,283,335,334,268,225,281,140,140,268,308
"Add3",196,130,512,521,843,889,670,864,385,377,646,659
"Mxi1",63,41,285,206,179,174,139,163,119,130,175,151
"Smndc1",49,47,224,179,203,218,171,214,121,119,150,177
"Dusp5",1,3,2,3,0,6,3,4,5,4,8,0
"Smc3",47,48,135,111,217,272,217,294,148,135,193,202
"Pdcd4",87,52,163,152,206,217,151,198,98,85,158,225
"Bbip1",50,48,247,234,202,235,152,176,125,118,187,203
"Shoc2",60,41,122,88,149,162,120,153,58,67,126,143
"Acsl5",54,48,336,259,231,277,208,273,137,132,216,199
"Zdhhc6",15,14,92,74,55,56,52,66,47,39,65,56
"Vti1a",12,3,36,50,40,49,45,44,17,19,28,33
"Tcf7l2",100,75,233,244,360,462,299,406,269,198,310,283
"Casp7",5,2,30,30,31,29,21,24,13,22,22,20
"Dclre1a",3,5,5,6,16,10,14,7,5,5,5,11
"Nhlrc2",10,11,51,44,56,79,54,64,53,44,41,52
"A630007B06Rik",16,21,12,20,85,105,90,101,41,39,69,67
"Afap1l2",10,7,19,33,21,23,16,24,13,17,26,20
"Ablim1",135,105,482,400,583,631,401,516,313,290,475,445
"Fam160b1",11,11,51,60,58,43,53,60,27,15,40,41
"Trub1",11,5,39,46,32,35,37,26,20,8,27,21
"Atrnl1",32,37,169,171,177,130,106,147,68,82,152,112
"Gfra1",29,15,70,39,52,79,66,91,42,55,59,48
"Pnlip",0,5,0,0,0,0,0,0,6,3,0,0
"Pnliprp1",1,2,0,0,0,1,0,0,5,2,0,0
"Hspa12a",20,15,54,46,52,54,34,49,32,25,39,45
"Pdzd8",43,29,129,102,118,139,90,109,71,55,91,102
"Emx2os",2,7,14,13,16,24,9,26,9,12,11,9
"Emx2",31,22,87,86,101,115,104,133,70,49,74,60
"Rab11fip2",57,39,182,115,169,173,167,185,118,82,146,151
"E330013P04Rik",16,9,51,20,53,60,29,34,24,18,62,33
"D19Ertd737e",93,64,264,213,268,315,294,310,149,147,181,247
"2700078E11Rik",41,29,138,103,107,115,80,91,90,57,96,94
"Nanos1",1,0,15,10,7,8,6,9,14,7,6,8
"Eif3a",235,179,787,492,959,1050,810,973,575,410,621,646
"Fam45a",35,19,98,89,76,91,100,106,46,50,86,84
"Sfxn4",7,5,6,15,13,19,18,14,12,9,12,12
"Prdx3",78,58,326,330,271,263,269,338,151,141,265,272
"Grk5",24,25,163,115,109,84,56,75,37,45,66,73
"Csf2ra",6,13,27,27,53,45,19,37,17,21,24,23
"Csprs",17,6,14,10,21,48,14,24,9,11,11,6
"Fam171a1",21,15,72,78,86,88,51,61,33,42,67,77
"Nmt2",9,5,31,25,26,27,11,28,18,10,21,12
"Rpp38",7,7,43,23,30,54,50,47,25,15,27,33
"Dclre1c",5,4,17,8,8,18,11,31,11,9,8,11
"Suv39h2",14,8,33,24,25,23,22,17,16,14,16,18
"Hspa14",35,20,153,138,127,127,142,171,81,73,106,124
"Fam107b",82,69,354,222,321,376,279,309,216,220,256,212
"Frmd4a",15,11,58,56,52,64,55,59,23,34,55,70
"Prpf18",25,10,99,85,65,81,64,57,55,46,49,67
"Bend7",6,2,7,4,7,17,12,13,8,2,9,8
"Sephs1",19,23,66,68,59,70,52,72,34,34,52,53
"Phyh",25,30,152,157,161,208,190,203,111,75,166,154
"Ucma",10,3,50,21,8,15,12,28,12,7,15,22
"Optn",23,12,39,49,65,86,72,73,35,37,63,48
"Ccdc3",283,206,667,954,441,404,253,382,172,218,528,532
"Camk1d",41,21,169,100,136,164,101,152,69,71,98,75
"Cdc123",49,36,211,223,182,263,175,247,134,119,201,196
"Nudt5",13,3,97,94,65,44,47,55,38,21,40,44
"Sec61a2",17,17,92,70,57,75,50,79,38,33,61,51
"Upf2",31,40,107,82,148,176,124,133,88,72,101,105
"5430407P10Rik",11,1,1,3,5,6,18,6,1,4,10,3
"Echdc3",2,6,19,12,9,9,8,13,8,9,10,8
"Usp6nl",3,5,13,16,16,12,3,15,8,7,13,6
"Celf2",297,234,1130,838,1072,1167,1141,1258,859,672,912,762
"5031426D15Rik",79,58,470,297,310,398,292,423,305,194,310,279
"Gata3",0,10,1,1,8,3,4,8,4,3,9,4
"Taf3",34,24,80,61,124,125,127,129,100,57,104,91
"Atp5c1",370,248,1537,1457,1289,1467,1299,1393,732,615,1120,1101
"Kin",24,20,88,65,100,131,98,117,58,42,70,73
"Itih2",17,13,37,41,31,26,23,27,11,13,32,35
"Itih5",565,384,2052,1734,2149,2086,2195,2654,931,1089,1855,2163
"Prkcq",1,0,1,0,4,9,6,3,4,0,4,2
"Pfkfb3",37,31,161,93,64,81,98,130,64,62,75,76
"Rbm17",86,70,387,285,272,274,252,258,172,142,208,244
"Il2ra",4,8,11,13,12,11,17,30,8,15,15,10
"Il15ra",74,71,544,310,281,310,321,373,231,230,179,161
"Fbxo18",32,31,140,156,120,149,115,163,60,81,119,99
"Ankrd16",11,7,53,57,37,40,51,46,32,23,39,26
"Itga8",19,17,57,54,60,61,24,28,22,23,61,67
"Fam188a",41,38,145,100,118,164,133,118,71,52,90,120
"Pter",13,14,80,77,65,76,58,62,42,25,60,48
"C1ql3",10,6,26,33,17,19,19,14,9,14,22,19
"Rsu1",143,114,699,621,661,785,673,745,338,307,543,526
"Trdmt1",2,5,24,31,17,19,23,17,14,13,11,18
"Vim",3460,2537,20577,22372,20857,20838,17450,18822,8363,8015,14572,15157
"Ptpla",54,47,376,271,206,215,165,191,95,93,201,205
"Stam",25,29,117,78,101,119,97,111,79,53,102,99
"Mrc1",0,1,16,6,13,7,4,5,3,7,3,3
"Nsun6",6,1,13,15,20,23,24,24,19,13,26,22
"Arl5b",55,28,127,79,164,186,169,175,89,100,123,130
"Plxdc2",450,312,1581,1496,1628,1788,1644,1827,930,910,1515,1413
"Gm17762",1,3,15,7,6,12,4,6,8,3,5,12
"Mllt10",54,32,81,75,157,159,134,164,122,98,128,131
"Dnajc1",68,45,354,252,364,402,309,409,248,187,318,305
"Commd3",87,63,435,416,363,450,328,413,214,158,293,337
"Bmi1",28,17,98,76,65,53,45,54,42,31,44,39
"Pip4k2a",21,14,75,63,64,64,46,68,33,41,69,51
"Armc3",0,1,0,7,1,8,3,6,2,2,4,0
"Msrb2",15,10,52,51,39,72,49,40,19,24,55,32
"Otud1",49,22,134,163,112,122,138,164,80,85,122,107
"Etl4",10,10,69,58,40,53,42,23,29,26,37,40
"Arhgap21",59,58,268,204,265,283,174,261,122,131,179,177
"Gm13375",5,4,35,11,21,21,24,23,13,8,21,24
"Enkur",12,6,28,14,37,38,28,30,23,26,22,27
"Thnsl1",3,2,9,11,8,14,9,5,7,7,16,8
"Apbb1ip",48,30,259,205,190,224,210,283,121,95,183,171
"Pdss1",9,2,22,21,29,34,35,23,23,16,22,19
"Abi1",120,93,441,350,414,509,353,459,236,237,306,347
"Acbd5",21,25,83,97,126,120,77,108,64,42,83,98
"Yme1l1",68,56,272,242,217,262,243,240,138,114,220,229
"Spopl",13,6,42,51,47,48,49,41,30,21,33,42
"Hnmt",16,14,32,36,40,61,72,62,24,21,38,31
"Il1rn",1,1,17,18,8,8,9,11,5,8,7,3
"Ehmt1",23,16,71,58,76,82,70,110,57,39,83,76
"Arrdc1",9,9,33,40,32,42,37,51,26,32,36,34
"Zmynd19",18,2,42,23,22,25,28,36,17,24,20,24
"Wdr85",6,3,20,30,21,20,19,17,11,7,19,18
"Mrpl41",34,23,210,191,165,153,119,131,71,65,128,148
"Pnpla7",3,1,36,14,9,11,10,18,6,5,14,9
"Nelf",40,38,243,168,97,129,90,120,55,69,85,129
"Nrarp",9,0,9,7,6,18,9,17,4,11,7,23
"A830007P12Rik",15,7,31,22,16,65,7,29,37,13,9,23
"Cobra1",38,33,176,143,156,164,109,168,106,80,124,150
"Tubb4b",264,161,1720,1293,1335,1897,1195,1169,713,665,893,1004
"Ndor1",4,4,38,21,18,10,10,30,12,5,24,18
"Tmem203",17,17,122,104,60,54,49,47,32,32,63,52
"Tprn",2,1,10,7,11,7,6,6,3,3,6,7
"Ssna1",53,38,233,210,153,184,139,189,116,91,163,160
"Anapc2",60,38,216,238,212,269,211,251,110,117,203,210
"Man1b1",40,34,168,139,100,116,95,116,62,52,98,96
"Dpp7",43,29,225,242,187,232,168,206,90,76,152,147
"Uap1l1",65,32,278,257,200,300,295,268,152,120,193,182
"Entpd2",462,360,2342,2454,2051,2321,2318,2410,1317,1060,1578,1500
"Npdc1",325,191,1719,1637,923,1008,676,901,486,487,903,892
"Abca2",23,10,104,85,87,60,54,57,33,40,64,79
"BC029214",54,46,219,238,202,203,166,162,89,87,157,180
"Ptgds",4,2,8,4,4,5,8,2,1,8,2,1
"Fbxw5",35,21,121,114,67,59,57,105,38,36,65,76
"Traf2",20,15,125,96,59,93,55,74,61,44,89,64
"Edf1",386,268,2460,1981,1343,1556,1081,1325,719,683,1239,1244
"Phpt1",106,71,540,480,386,444,328,423,220,193,355,409
"B230208H17Rik",48,35,185,119,149,175,108,130,99,86,119,168
"Tmem141",6,4,32,24,24,25,18,28,10,9,15,21
"Bmyc",41,39,179,184,115,147,117,161,67,69,112,156
"Camsap1",19,11,64,49,48,65,41,55,39,38,46,44
"Ubac1",24,11,105,97,62,80,53,70,36,50,69,80
"Nacc2",32,21,63,78,76,99,62,79,47,49,75,85
"C330006A16Rik",47,47,130,112,112,104,78,89,64,40,111,117
"Qsox2",16,8,69,42,51,54,55,52,39,27,51,36
"Gpsm1",27,18,77,87,69,107,87,86,63,55,86,70
"Dnlz",75,38,404,292,196,224,146,141,101,101,214,194
"Snapc4",7,2,32,30,14,19,14,13,11,11,16,14
"Sdccag3",56,44,288,191,203,258,165,187,97,113,188,193
"Pmpca",18,8,72,79,76,79,78,79,44,41,65,77
"Inpp5e",19,4,42,33,33,37,28,43,24,21,23,24
"Sec16a",39,30,200,163,120,110,80,126,93,53,91,100
"Notch1",26,20,51,46,46,66,43,56,32,35,42,36
"Egfl7",43,15,84,63,71,154,79,77,51,101,59,78
"Fam69b",21,8,93,98,61,63,60,80,25,24,64,85
"Snhg7",41,22,138,79,145,158,124,118,103,70,117,89
"Surf6",6,14,75,45,41,47,38,44,21,30,38,29
"Med22",12,12,56,43,38,39,34,44,25,18,38,39
"Rpl7a",1306,959,12733,10299,7054,7985,5593,6510,4217,3539,5561,5463
"Surf1",70,42,341,321,273,313,258,279,164,156,244,263
"Surf2",28,30,247,159,121,166,118,140,84,77,143,115
"Surf4",176,154,1297,1057,634,635,477,595,323,303,545,543
"Rexo4",23,15,96,104,70,86,86,102,56,51,75,85
"5930434B04Rik",33,22,147,131,99,104,94,117,70,47,81,103
"Adamtsl2",6,1,4,4,6,7,3,5,2,2,15,14
"Sardh",13,12,50,38,29,35,21,37,15,9,30,45
"Brd3",49,32,116,89,130,179,141,146,103,71,149,133
"Wdr5",26,20,136,94,74,97,74,70,48,43,67,68
"Rxra",15,12,95,96,64,60,45,67,44,40,62,61
"Col5a1",240,179,1121,1392,741,677,383,510,248,283,920,974
"Olfm1",71,62,230,204,242,276,206,236,124,121,206,219
"Mrps2",3,5,32,23,17,16,6,9,16,13,15,14
"Ralgds",128,101,568,368,295,384,248,304,176,163,221,223
"Gtf3c5",14,6,24,19,23,23,21,21,19,6,24,19
"Tsc1",12,7,35,22,29,25,13,37,15,13,22,14
"Gtf3c4",18,11,51,39,36,41,22,50,17,23,25,34
"Ddx31",6,6,34,28,15,20,20,21,10,13,16,19
"Ttf1",11,15,33,35,42,40,43,36,25,28,31,39
"Setx",15,8,54,63,39,51,48,41,32,32,43,44
"6530402F18Rik",1,3,9,16,8,10,4,6,1,5,7,10
"Med27",43,15,104,97,100,113,98,120,57,44,79,73
"Rapgef1",45,34,212,169,162,154,105,116,60,79,110,113
"Trub2",5,3,34,24,14,21,12,12,12,8,22,18
"Coq4",7,3,39,34,23,30,21,26,14,15,13,12
"Slc27a4",14,6,61,58,41,42,18,25,22,14,33,37
"Urm1",32,24,214,156,121,153,109,128,86,68,127,121
"Cercam",54,38,130,162,123,142,95,127,47,58,172,183
"Odf2",18,16,66,61,66,72,61,82,41,43,63,62
"Gle1",35,19,117,102,61,73,61,69,45,37,75,61
"Spna2",116,89,502,473,416,476,247,336,217,193,314,320
"Wdr34",8,7,46,43,41,44,32,60,27,19,35,28
"Set",247,225,1156,806,908,955,690,890,471,436,707,836
"Pkn3",8,5,7,9,10,8,8,8,7,2,4,5
"Zdhhc12",6,1,22,18,6,4,7,5,5,6,10,9
"Zer1",11,6,43,29,26,17,18,32,18,10,23,15
"Tbc1d13",7,3,28,33,16,17,19,15,7,15,23,18
"Endog",25,23,120,136,86,96,84,96,49,31,75,95
"D2Wsu81e",20,13,98,82,64,72,46,60,41,44,57,54
"Ccbl1",3,6,29,14,9,15,8,22,11,14,17,10
"1700084E18Rik",0,1,5,7,4,1,2,3,2,2,1,6
"Lrrc8a",246,167,671,429,564,548,566,678,376,300,453,503
"Phyhd1",18,10,83,63,51,51,49,55,46,31,55,46
"Dolk",20,19,99,67,68,67,93,93,53,33,66,79
"Nup188",13,12,55,42,36,29,26,30,16,17,25,41
"Sh3glb2",66,42,237,237,185,180,166,189,113,97,162,153
"Fam73b",8,4,49,40,29,29,28,29,22,16,19,23
"Dolpp1",9,5,25,40,21,23,15,30,17,10,27,29
"Crat",30,22,96,107,73,85,78,85,52,58,72,70
"Ppp2r4",82,50,455,366,236,251,216,257,154,142,278,275
"Ier5l",11,8,45,24,21,39,25,23,22,16,23,18
"Mettl11a",57,38,284,210,152,162,181,171,124,85,138,119
"Asb6",13,7,68,58,47,51,43,47,35,29,44,41
"Prrx2",87,86,608,690,349,311,207,338,118,148,324,500
"Ptges",90,93,443,389,413,527,448,340,284,223,333,287
"Tor1b",20,24,140,134,122,124,87,143,84,56,126,128
"Tor1a",55,38,216,185,172,200,207,206,132,84,150,159
"BC005624",63,50,281,253,234,274,226,257,114,118,220,218
"Usp20",4,3,13,11,8,12,11,8,8,4,11,7
"Fnbp1",22,21,83,67,75,78,57,64,51,43,87,62
"D330023K18Rik",11,11,31,38,27,39,32,22,12,14,21,35
"Gpr107",12,15,92,75,53,46,51,57,36,27,85,47
"Ncs1",39,17,130,95,82,101,54,63,28,38,83,96
"Ass1",10,5,20,11,33,27,18,35,14,9,14,13
"Fubp3",43,19,91,83,97,66,76,111,48,44,63,77
"Exosc2",29,16,127,91,80,97,77,81,72,61,49,47
"Abl1",42,36,127,143,106,114,117,137,72,84,90,104
"Lamc3",2,4,38,19,5,5,23,21,11,8,10,7
"Aif1l",50,50,142,122,201,210,121,174,84,86,142,148
"Nup214",13,9,53,31,40,50,45,42,32,22,44,30
"Ppapdc3",6,3,28,36,13,21,19,37,18,12,16,26
"Prrc2b",84,47,373,309,286,301,204,281,168,173,231,202
"Pomt1",9,8,49,33,30,42,32,28,14,15,26,30
"Uck1",27,23,112,116,100,104,80,90,51,38,93,82
"Swi5",333,299,2122,1912,1519,1670,1376,1639,851,741,1175,1245
"Golga2",27,19,92,105,98,82,70,89,49,59,81,95
"Dnm1",101,83,433,473,370,380,279,374,191,192,290,279
"Ciz1",25,21,106,95,102,111,71,111,50,46,80,59
"1110008P14Rik",49,26,303,282,181,214,119,158,74,77,194,194
"Lcn2",36,18,730,240,40,85,200,129,226,84,111,19
"Ptges2",17,16,90,80,54,61,51,59,31,23,56,58
"Slc25a25",76,72,308,256,264,323,236,332,164,165,199,208
"Fam102a",19,20,98,90,41,64,50,56,55,30,43,38
"Dpm2",49,47,315,245,178,216,162,155,105,93,178,182
"St6galnac4",31,17,165,126,85,75,63,106,46,41,71,70
"St6galnac6",51,33,263,226,146,173,123,185,92,86,150,172
"Ak1",55,41,166,172,175,162,102,136,52,62,141,161
"Eng",135,79,716,557,422,540,365,517,259,240,407,414
"Fpgs",28,14,103,105,67,89,64,63,42,41,55,59
"Cdk9",88,56,395,263,257,268,196,209,144,130,130,186
"Sh2d3c",5,3,19,17,13,24,10,8,10,15,7,7
"Tor2a",33,24,224,235,130,149,112,139,77,77,134,135
"Ptrh1",7,5,110,65,42,30,25,35,18,15,32,32
"Stxbp1",45,49,149,134,162,157,105,170,95,86,93,131
"Fam129b",82,55,266,191,156,242,157,168,116,123,140,132
"Lrsam1",9,9,33,32,25,28,21,31,11,18,24,11
"Rpl12",1209,914,25557,17960,9088,9174,5372,7006,6137,4961,6683,6491
"Snora65",2,3,8,2,3,5,0,2,2,3,7,2
"Slc2a8",25,11,106,97,80,104,81,118,46,47,76,85
"Garnl3",2,3,18,13,17,18,17,27,15,7,4,15
"Angptl2",243,152,865,1101,870,912,649,771,335,343,769,988
"Zbtb34",4,4,13,15,14,9,12,14,9,9,11,16
"Zbtb43",18,7,53,16,51,64,35,63,27,25,40,49
"Fam125b",10,6,48,31,39,42,22,35,30,29,42,47
"Pbx3",3,5,9,7,12,17,10,17,9,13,9,11
"Mapkap1",47,43,218,164,172,202,141,168,98,72,172,168
"Gapvd1",31,15,59,45,129,127,103,121,81,51,85,106
"Hspa5",2199,1727,8126,7042,8615,10581,9425,10998,4633,4215,7021,6167
"Rabepk",17,10,92,70,43,43,74,50,32,32,45,39
"Fbxw2",77,52,267,214,220,238,219,259,170,134,186,212
"Psmd5",13,20,62,86,52,66,85,79,38,30,52,58
"Traf1",2,3,11,3,7,9,8,14,8,8,11,8
"Cep110",8,12,23,34,55,54,63,71,36,40,40,41
"Rab14",220,165,786,715,812,878,877,996,546,476,626,665
"Gsn",45665,29683,211397,183802,171321,217773,194592,201374,106099,84817,150594,144798
"Stom",31,31,69,58,73,92,66,89,48,35,68,43
"Ggta1",29,16,100,75,60,85,34,46,39,44,76,86
"Dab2ip",18,14,63,63,64,77,39,59,45,33,64,54
"Ndufa8",118,94,825,685,514,586,458,542,287,241,464,448
"Lhx6",1,0,4,0,5,1,1,2,4,4,3,0
"Rbm18",95,62,317,236,272,335,273,286,211,184,217,199
"Mrrf",32,22,175,135,105,106,88,104,64,55,112,101
"Ptgs1",37,20,67,53,146,188,139,170,41,62,55,59
"Pdcl",22,21,110,100,88,93,69,105,53,48,72,91
"Rc3h2",24,17,110,79,109,99,83,93,69,51,91,89
"Zbtb6",4,4,16,10,19,13,8,11,15,8,9,12
"Rabgap1",20,12,69,48,57,46,44,58,34,24,38,47
"Strbp",17,11,49,32,36,49,19,45,25,21,48,84
"Dennd1a",14,13,101,54,45,62,40,39,35,37,47,41
"Lhx2",1,3,8,13,13,15,7,12,5,5,13,18
"Nek6",25,22,235,145,97,139,93,95,81,61,65,50
"Psmb7",137,91,839,774,671,738,711,776,352,337,542,584
"Nr6a1",3,6,8,7,19,20,12,16,5,6,9,10
"Olfml2a",2,7,14,10,21,21,16,15,4,10,20,11
"Rpl35",5322,3848,26820,20744,18612,21085,15709,17897,10362,8899,14844,14216
"Arpc5l",84,62,404,326,287,286,245,275,152,141,209,253
"Golga1",5,4,17,22,17,21,19,25,13,13,18,22
"Scai",17,9,48,46,53,40,38,52,26,36,28,42
"Ppp6c",49,30,221,201,176,261,275,240,163,107,176,148
"Arhgap15",1,1,9,11,10,3,10,11,10,8,6,5
"Gtdc1",9,2,31,28,27,30,23,25,22,18,19,20
"Zeb2",79,71,309,263,332,377,288,342,188,184,264,246
"Gm13476",7,10,50,47,24,32,21,21,23,9,31,25
"Acvr2a",19,19,81,63,72,102,52,65,49,47,84,73
"Orc4",40,26,110,126,118,137,136,153,85,66,106,103
"Mbd5",4,2,11,11,14,12,14,7,6,6,13,14
"Epc2",40,32,160,116,137,150,125,125,93,66,120,124
"Kif5c",1,3,4,8,10,14,4,9,2,3,10,6
"Lypd6b",2,2,1,2,0,1,0,0,0,0,2,2
"Lypd6",0,1,0,2,1,3,1,2,2,4,2,6
"Mmadhc",76,55,338,246,222,230,221,254,129,130,207,229
"Rnd3",131,141,515,357,441,532,604,643,249,265,327,359
"Rbm43",12,21,112,90,95,87,69,85,37,51,62,66
"Nmi",42,32,210,164,191,222,238,221,129,94,173,167
"Tnfaip6",3404,2751,20013,13226,21878,24204,26307,30852,11053,10684,11649,9680
"Rif1",13,21,46,37,80,79,75,82,44,33,50,63
"Neb",2,2,1,4,4,8,4,5,4,3,6,6
"Arl5a",93,64,375,269,223,235,205,241,136,150,212,261
"Cacnb4",14,12,25,27,35,36,30,54,31,40,47,60
"Stam2",27,19,109,86,87,102,73,91,42,38,76,89
"Fmnl2",38,25,189,134,98,86,87,106,56,61,63,97
"Prpf40a",86,44,86,71,271,285,296,322,163,140,167,220
"Arl6ip6",34,28,128,100,104,118,133,127,57,72,93,91
"Rprm",1,0,10,10,5,2,4,4,0,0,12,15
"Nr4a2",174,79,144,123,497,562,662,659,229,327,290,330
"Gpd2",26,17,68,48,102,125,97,131,76,44,66,68
"Cytip",3,2,14,23,20,13,24,43,21,15,29,12
"Acvr1",29,21,154,139,94,106,74,76,56,57,70,103
"Pkp4",10,11,44,14,30,33,26,23,16,18,26,21
"Tanc1",21,8,52,38,51,44,25,45,43,19,31,46
"Wdsub1",14,20,61,55,55,73,57,49,41,42,42,45
"Baz2b",42,30,95,74,176,211,159,161,98,82,139,138
"March7",16,19,40,18,72,64,73,86,41,42,44,53
"Cd302",556,466,3294,2569,2262,2735,2733,2849,1466,1199,1859,2014
"Pla2r1",12,13,76,48,55,59,35,82,45,29,39,27
"Rbms1",348,302,1100,731,1242,1506,1360,1623,1033,905,1066,1035
"Tank",40,19,134,121,98,113,108,112,91,78,96,79
"Psmd14",52,45,250,243,273,318,254,354,144,128,179,218
"Dpp4",176,118,543,483,644,688,541,769,283,292,398,424
"Gcg",19,1,1,1,32,9,1,1,0,0,9,1
"Fap",127,93,516,505,566,621,566,598,251,190,482,468
"Ifih1",33,26,85,87,101,118,113,148,66,50,94,82
"Gca",8,6,23,12,6,20,39,31,15,12,11,8
"Fign",1,1,18,14,7,17,15,15,13,15,10,8
"Grb14",8,6,4,0,10,11,8,9,5,2,9,1
"Cobll1",7,11,24,24,17,24,29,24,14,11,11,22
"Scn2a1",5,4,6,13,16,15,17,11,11,6,25,14
"Ttc21b",5,1,28,29,18,24,21,20,25,13,18,15
"Scn7a",92,71,769,451,322,370,407,480,330,243,237,235
"B3galt1",7,1,23,13,11,19,11,16,13,8,16,17
"Stk39",31,19,107,80,143,138,91,119,51,67,91,113
"Lass6",6,3,13,9,15,9,13,18,3,3,9,8
"Nostrin",9,1,16,16,24,32,38,21,14,11,20,16
"Spc25",3,2,1,5,0,3,3,1,1,6,2,1
"Bbs5",7,7,34,34,23,42,32,49,26,12,16,27
"Kbtbd10",2,4,0,1,1,1,0,0,1,0,1,2
"Fastkd1",0,3,5,7,4,3,1,1,1,2,5,0
"Ppig",134,108,323,234,508,570,495,551,317,286,393,405
"4930578N16Rik",1,2,11,7,5,15,9,6,5,6,11,9
"Phospho2",7,13,53,60,45,45,46,58,25,21,41,37
"Klhl23",8,4,13,7,5,7,8,8,4,2,10,3
"Ssb",174,131,729,578,926,1071,993,1071,476,423,663,719
"Mettl5",24,14,119,81,108,123,94,99,55,47,76,72
"Ubr3",30,16,107,104,86,77,82,110,49,59,71,95
"Gorasp2",159,111,774,631,428,446,311,394,229,201,361,390
"Tlk1",22,23,76,63,51,64,51,54,39,28,58,56
"Mettl8",6,5,24,20,14,11,7,19,6,6,6,12
"Dcaf17",12,22,34,22,46,39,27,41,18,25,32,35
"Cybrd1",9,8,29,40,21,21,7,9,14,16,30,26
"Dync1i2",126,109,359,331,469,528,374,474,214,193,362,389
"Slc25a12",29,19,89,99,78,92,57,76,44,40,68,72
"Hat1",39,34,172,165,172,230,198,202,109,96,115,129
"Metap1d",15,16,89,82,69,77,52,68,56,39,50,39
"Itga6",20,11,4,10,19,15,16,13,12,19,9,23
"Pdk1",7,10,21,24,29,40,21,35,23,13,20,20
"Rapgef4",17,22,72,42,54,75,30,46,32,45,80,85
"B230120H23Rik",33,29,103,79,82,115,55,90,49,47,71,58
"Cdca7",1,1,15,13,5,4,9,9,3,1,8,6
"Sp3",80,73,269,204,252,297,255,296,174,170,217,247
"1700011J10Rik",37,22,135,81,115,132,88,127,72,54,114,132
"Ola1",30,29,288,314,206,242,225,230,109,107,163,174
"Cir1",28,10,115,116,131,158,159,132,88,73,103,93
"Scrn3",3,2,15,20,17,30,26,27,13,12,23,16
"Gpr155",7,2,14,16,21,17,8,18,12,7,7,12
"Wipf1",106,78,300,347,328,320,254,318,163,182,313,360
"Chn1",5,0,11,12,2,10,14,11,3,6,9,16
"Atf2",37,37,172,141,134,172,150,183,98,91,123,140
"Atp5g3",274,180,1391,1083,998,1024,725,937,509,444,786,765
"Lnp",35,26,100,95,118,129,106,96,59,63,99,131
"Hoxd10",4,0,10,6,6,4,6,3,2,1,11,7
"Hoxd9",13,9,44,48,33,34,19,31,20,19,32,25
"Hoxd8",5,0,6,10,5,4,4,7,6,3,2,2
"1700109F18Rik",0,4,1,3,3,0,1,3,1,5,2,3
"Hoxd4",2,1,8,9,8,11,7,5,5,4,3,4
"Mtx2",36,30,227,200,161,179,160,169,80,64,138,149
"Hnrnpa3",325,272,1383,1169,1368,1454,1257,1457,819,694,895,917
"Nfe2l2",265,179,1143,775,1309,1510,1579,1892,804,732,794,753
"Agps",12,15,47,50,61,48,44,45,33,15,45,41
"Ttc30b",7,1,6,9,17,8,6,11,5,7,6,12
"Rbm45",6,7,11,3,8,12,6,7,8,5,7,4
"Osbpl6",20,8,35,24,31,54,21,28,24,17,40,36
"Prkra",42,23,133,133,126,149,119,164,78,72,115,100
"Fkbp7",248,169,1322,1305,977,1060,1097,1223,564,479,1014,984
"Plekha3",50,21,266,153,96,100,117,145,77,75,90,88
"Ccdc141",1,3,8,3,9,7,11,10,1,2,5,6
"Sestd1",42,36,205,157,163,163,152,196,80,76,122,102
"Zfp385b",11,3,30,18,27,23,13,14,6,13,37,40
"Cwc22",8,12,43,39,39,40,41,39,31,25,27,29
"Ube2e3",135,113,567,497,464,467,452,547,294,259,374,382
"Itga4",4,0,0,3,1,4,0,12,1,4,9,8
"Ssfa2",9,12,69,49,39,63,53,52,33,21,35,52
"Pde1a",16,16,159,92,81,74,102,105,62,45,58,49
"Dnajc10",89,61,352,376,314,344,233,319,178,162,280,318
"Frzb",3,1,8,14,2,8,3,14,2,7,1,4
"Nckap1",12,11,26,16,69,61,43,55,30,35,49,57
"Dusp19",15,7,67,74,48,57,28,31,20,14,52,43
"Nup35",23,16,95,84,80,96,66,87,39,44,71,67
"Zc3h15",153,135,642,424,607,690,570,639,368,338,478,448
"Itgav",84,64,363,319,287,263,225,257,137,121,244,251
"Fam171b",24,21,37,26,95,88,83,108,59,44,77,85
"Calcrl",39,34,123,131,160,196,128,199,82,92,144,169
"Tfpi",38,26,200,147,156,117,145,152,73,64,123,122
"Ctnnd1",55,39,276,188,186,211,135,162,100,107,137,143
"2700094K13Rik",66,43,183,227,202,252,168,186,89,120,176,194
"Tmx2",36,33,165,187,123,158,149,168,88,87,97,136
"Med19",11,22,66,57,85,109,85,97,65,50,61,79
"Zdhhc5",27,25,149,91,98,95,73,97,48,49,78,73
"Clp1",10,6,67,42,44,84,67,71,53,45,45,43
"Serping1",3622,2623,21170,16491,13065,15431,14770,17212,8741,7765,9692,9513
"Ube2l6",91,59,243,252,243,345,242,316,165,160,229,215
"Timm10",66,37,613,267,259,291,171,191,126,90,145,171
"Slc43a1",26,24,236,175,108,127,170,167,132,92,77,71
"Slc43a3",260,213,1440,1064,1046,1188,1739,1800,1253,823,815,722
"Ssrp1",84,73,428,338,289,351,266,343,200,159,228,225
"Tnks1bp1",43,38,226,178,202,213,150,214,118,109,154,163
"Aplnr",0,0,3,8,2,1,3,6,1,2,8,1
"Lrrc55",1,1,6,9,6,6,5,4,1,3,11,21
"Olfr1033",2,1,10,7,9,9,7,11,5,2,4,10
"Ptprj",63,52,197,115,172,147,111,137,74,89,109,91
"Nup160",10,9,35,31,23,28,25,24,16,20,15,26
"Fnbp4",41,26,152,86,134,149,126,147,100,81,92,98
"Mtch2",124,89,660,538,455,514,374,490,297,242,391,371
"C1qtnf4",9,13,47,44,17,38,30,49,23,22,38,39
"Ndufs3",88,69,591,554,433,419,403,474,236,187,322,355
"Kbtbd4",2,2,13,18,16,17,16,17,7,6,17,14
"Ptpmt1",53,46,447,308,212,204,153,218,124,121,162,194
"Celf1",68,51,240,180,275,263,205,240,138,135,195,208
"Rapsn",6,4,15,19,12,19,11,6,6,11,8,14
"Psmc3",174,142,870,763,641,747,658,717,390,331,549,546
"Slc39a13",47,37,187,185,155,133,99,116,75,74,151,169
"Sfpi1",1,3,16,18,8,15,10,15,6,11,4,13
"Madd",3,2,6,8,7,7,6,10,4,7,9,6
"Nr1h3",23,20,180,182,88,109,80,109,59,66,80,79
"Acp2",21,26,103,94,86,94,78,64,37,38,59,72
"Ddb2",7,5,23,26,21,26,31,36,20,12,13,17
"A330069E16Rik",29,28,86,62,72,110,64,81,58,25,42,26
"Pacsin3",20,17,48,57,53,81,56,68,61,43,38,48
"Arfgap2",35,27,198,205,135,158,141,163,100,101,138,135
"1110051M20Rik",26,14,60,79,73,82,58,81,47,34,67,67
"Lrp4",61,34,81,81,83,111,91,79,53,64,62,88
"Ckap5",10,14,48,44,40,61,57,48,29,29,36,52
"Zfp408",3,2,10,7,7,8,6,4,5,3,11,8
"Arhgap1",39,31,208,209,138,129,91,141,74,63,82,110
"Atg13",22,6,85,71,56,43,39,48,24,24,39,46
"Harbi1",3,1,9,10,2,4,8,9,9,6,17,10
"Ambra1",17,6,46,52,34,34,24,40,24,23,46,29
"Mdk",68,73,380,311,230,335,279,339,201,182,247,342
"Dgkz",9,10,71,43,36,48,29,32,22,17,33,41
"Creb3l1",166,125,766,703,357,366,356,466,234,203,422,507
"Phf21a",30,30,128,112,146,148,137,185,99,79,144,131
"Pex16",14,9,101,88,63,63,57,56,36,35,57,57
"Mapk8ip1",39,35,121,119,136,125,85,117,62,76,107,141
"Cry2",74,35,258,183,188,201,252,340,170,134,156,159
"Slc35c1",1,6,46,23,20,11,13,15,8,9,16,17
"Chst1",14,13,45,59,82,77,87,147,75,50,43,47
"Syt13",4,3,5,2,5,11,9,7,1,11,11,23
"Trp53i11",15,18,53,29,36,41,20,39,21,37,37,19
"Tspan18",13,6,15,17,35,32,24,49,16,14,17,26
"Cd82",44,22,154,174,88,104,112,129,100,81,73,70
"Alx4",0,1,1,9,4,2,3,3,1,5,5,5
"Ext2",101,95,479,437,349,397,312,430,167,197,292,326
"Accs",2,2,12,6,9,9,8,5,3,2,7,11
"Gm13889",40,19,143,134,44,81,78,67,116,37,107,216
"Alkbh3",34,18,179,146,91,124,109,120,61,50,82,84
"Hsd17b12",47,46,308,242,234,248,217,300,140,106,133,179
"Ttc17",19,5,63,77,41,53,42,41,21,23,40,35
"2810002D19Rik",7,10,54,58,25,45,39,53,22,25,37,38
"Api5",51,56,282,168,231,213,217,243,115,110,168,160
"B230118H07Rik",33,27,139,140,128,162,128,137,81,54,114,125
"Traf6",11,16,41,31,32,32,34,27,27,16,19,21
"Prr5l",2,0,5,3,7,14,5,11,3,4,11,10
"Commd9",24,11,91,106,62,82,62,52,27,27,65,76
"Ldlrad3",17,36,100,97,76,103,53,85,36,47,85,71
"Trim44",36,30,166,161,127,113,94,122,67,62,117,89
"Fjx1",45,26,139,111,78,60,63,84,44,51,70,69
"Pamr1",183,165,652,790,691,703,540,686,287,294,633,595
"Cd44",444,326,1572,1042,1687,1748,1130,1199,832,777,1186,1021
"Pdhx",11,6,57,37,28,49,51,47,24,28,35,23
"Apip",25,23,115,119,117,130,99,94,75,53,101,91
"Cat",60,33,149,197,179,187,164,170,82,85,174,177
"Abtb2",13,13,63,50,62,69,58,67,47,28,49,41
"Nat10",5,9,50,26,26,30,23,25,13,9,26,14
"Caprin1",107,93,436,359,334,372,274,322,171,150,255,284
"Lmo2",71,46,292,300,380,362,221,282,132,98,268,333
"Fbxo3",24,21,75,89,100,75,69,119,54,44,62,111
"Cd59b",5,3,5,5,13,14,3,8,4,3,10,9
"Cd59a",17,11,39,34,16,40,35,21,18,15,34,40
"D430041D05Rik",2,0,1,1,1,4,2,1,2,2,5,6
"Hipk3",175,110,633,414,509,554,357,406,322,248,381,364
"Cstf3",44,46,149,119,170,221,228,260,186,127,150,103
"Tcp11l1",6,5,12,14,11,10,6,12,8,8,12,8
"Depdc7",3,1,7,9,6,6,3,8,4,5,8,6
"Qser1",21,14,74,71,67,70,39,63,40,38,57,51
"Eif3m",172,116,794,756,713,862,790,794,401,328,565,569
"Wt1",0,3,1,1,9,1,3,2,6,0,2,3
"Rcn1",173,140,905,788,606,630,475,654,302,308,596,562
"Elp4",18,14,61,49,53,56,74,70,28,24,41,46
"Immp1l",104,71,475,426,374,409,295,352,223,191,337,380
"Dnajc24",26,16,134,164,112,119,109,128,65,54,112,102
"Mpped2",5,0,7,10,16,13,9,21,9,6,17,20
"2700007P21Rik",13,12,39,39,30,36,39,50,32,20,36,45
"Mettl15",8,2,19,15,18,30,23,20,8,5,22,16
"Bdnf",13,14,39,17,32,45,16,18,27,15,50,75
"Lin7c",60,43,218,161,203,213,180,183,121,110,175,164
"Lgr4",18,25,91,67,52,67,54,88,46,34,41,58
"Ccdc34",60,57,174,158,223,224,193,226,116,103,167,191
"Fibin",324,230,1297,1120,867,713,567,767,400,499,677,600
"Ano3",1,0,1,0,3,6,3,5,5,5,4,3
"Lpcat4",8,9,55,48,30,44,25,34,22,29,41,25
"Nop10",290,213,1745,1308,1075,1113,822,959,692,497,864,871
"Slc12a6",18,13,101,81,77,73,47,79,31,46,62,44
"Tmem85",93,73,454,382,329,365,295,388,194,166,248,275
"2410042D21Rik",23,33,119,85,104,113,87,93,62,54,77,78
"2900064A13Rik",215,156,1108,911,797,905,872,853,499,423,616,703
"Aven",21,28,130,84,65,69,40,65,25,36,37,42
"Fmn1",3,3,13,20,13,14,9,15,6,6,8,6
"Aqr",14,9,74,54,50,66,54,63,36,22,44,52
"Zfp770",1,0,11,6,11,11,6,11,6,4,6,5
"Atpbd4",10,8,56,35,45,38,32,35,21,23,31,33
"BC052040",0,2,11,12,12,10,7,13,5,4,10,11
"Meis2",31,12,83,47,80,117,101,126,77,56,67,63
"D330050G23Rik",3,0,13,11,3,7,3,9,2,1,12,13
"Spred1",29,30,122,75,74,102,59,86,46,35,90,106
"Fam98b",23,9,59,44,70,71,62,56,30,38,57,56
"Thbs1",1654,970,8066,4803,5383,4842,5308,5047,3672,3415,3597,3087
"Gpr176",3,3,37,16,14,17,9,4,5,4,2,3
"Eif2ak4",7,4,30,22,30,33,28,28,12,15,22,21
"Srp14",269,201,1593,1444,1049,1165,848,1077,600,523,873,890
"Bmf",1,1,21,19,4,13,11,13,9,7,4,15
"5430417L22Rik",7,5,41,25,28,32,28,25,13,13,18,19
"A430105I19Rik",3,0,10,8,6,1,6,7,9,2,3,3
"D2Ertd750e",0,1,6,7,4,9,3,6,4,3,3,4
"Ivd",27,9,51,66,53,64,58,85,48,43,41,51
"Bahd1",19,15,75,55,56,64,53,58,52,40,39,31
"Chst14",15,24,72,102,63,58,41,63,38,35,63,70
"Ccdc32",14,15,71,84,56,61,54,53,44,26,53,58
"Rpusd2",1,3,14,5,13,10,6,8,5,2,2,10
"Rad51",1,2,2,5,2,9,6,3,1,0,4,4
"Fam82a2",29,23,96,84,84,93,71,84,55,40,82,74
"Dnajc17",13,10,54,45,45,51,52,55,42,31,44,37
"Zfyve19",14,10,63,60,51,43,30,42,21,31,27,40
"Vps18",4,3,14,20,25,22,32,34,13,12,25,26
"Dll4",10,1,14,6,17,22,14,11,8,26,5,12
"Chac1",2,2,2,5,0,2,1,2,0,2,0,0
"Ino80",22,14,73,56,68,89,66,91,50,37,65,56
"1500003O03Rik",186,134,694,644,582,645,555,715,368,346,525,459
"1700020I14Rik",40,26,150,133,128,108,84,109,70,63,101,98
"Nusap1",3,1,2,8,6,6,5,5,4,10,4,5
"Ndufaf1",4,5,38,42,18,34,27,38,17,11,27,23
"Rtf1",110,90,278,251,432,457,375,480,228,195,369,369
"Rpap1",2,0,18,14,15,13,10,16,12,3,14,16
"Tyro3",5,2,27,22,15,16,24,23,9,7,19,31
"Mga",46,45,114,86,148,158,138,165,138,98,140,121
"Mapkbp1",11,10,51,36,40,40,26,28,16,22,47,26
"Jmjd7",4,2,26,18,13,22,16,16,14,15,14,14
"Pla2g4b",1,0,6,6,7,4,1,1,1,5,6,2
"Ehd4",88,52,180,106,261,389,263,251,160,160,208,193
"Vps39",6,13,51,44,29,32,33,34,17,24,32,26
"Tmem87a",12,8,15,12,19,31,30,23,18,13,20,29
"Ganc",12,4,9,11,19,30,24,38,19,11,20,25
"Zfp106",68,47,210,162,160,190,137,167,87,95,130,140
"Snap23",65,70,306,298,266,275,188,264,132,141,234,231
"Lrrc57",22,12,81,83,64,84,62,79,41,44,50,70
"Haus2",6,3,5,5,11,13,14,21,9,7,17,11
"Cdan1",2,5,16,13,16,16,17,17,17,5,12,10
"Ttbk2",23,16,46,73,62,74,57,75,41,42,53,61
"Ubr1",26,20,91,63,86,107,89,111,53,50,85,81
"Tmem62",7,3,51,33,22,27,23,36,25,16,25,20
"Ccndbp1",35,21,163,157,168,184,137,168,70,103,125,125
"Lcmt2",17,17,70,71,82,87,111,156,82,43,57,78
"Adal",6,7,14,17,13,13,12,14,15,5,15,15
"Zscan29",5,7,20,24,15,25,21,25,14,9,30,20
"Tubgcp4",2,3,12,9,8,10,8,5,7,3,7,9
"Trp53bp1",6,6,16,40,20,22,16,31,16,14,14,20
"Mtap1a",29,5,41,51,71,74,56,61,33,50,52,71
"Ppip5k1",5,7,10,8,13,9,13,15,6,9,8,11
"Pdia3",808,678,2779,2829,2981,3260,2835,3428,1382,1322,2042,1812
"Serf2",1817,1392,10371,9168,5896,6289,4334,5480,2898,2765,5646,5951
"2310003F16Rik",249,197,1440,1227,915,996,788,1008,464,452,838,838
"Mfap1b",8,4,2,5,12,37,26,21,15,14,25,17
"Mfap1a",27,27,80,55,117,157,152,183,95,100,115,119
"Wdr76",1,0,6,5,8,5,5,8,9,2,4,5
"Casc4",52,47,132,105,147,152,125,145,102,80,104,137
"Ctdspl2",15,14,64,40,87,84,95,96,52,44,64,63
"Gm9781",52,45,63,43,161,201,129,162,74,50,115,126
"Spg11",6,9,39,31,25,26,29,41,12,14,25,22
"B2m",3667,3021,17362,13635,12886,17242,13522,14466,8387,8985,10184,10530
"Trim69",1,0,3,7,4,3,4,8,5,3,1,2
"Sord",56,39,180,136,210,208,151,178,144,107,195,153
"Duoxa1",31,28,56,62,139,123,63,100,30,39,64,69
"Duox1",16,11,48,48,69,79,49,62,23,28,43,32
"Shf",12,10,30,35,22,30,10,23,11,17,24,19
"Slc28a2",5,3,11,9,16,18,4,9,10,11,6,8
"Bambi-ps1",7,3,18,28,15,16,13,16,10,13,15,14
"Gatm",50,78,17,27,82,37,68,10,8,12,3,3
"AA467197",7,3,76,46,51,81,82,118,40,32,14,39
"Slc30a4",24,20,110,95,87,87,67,77,50,57,54,65
"Pldn",11,13,63,49,34,43,23,28,20,27,27,34
"Sqrdl",55,40,238,241,245,344,279,336,143,130,195,173
"Sema6d",12,2,49,46,17,27,20,18,15,14,27,27
"Slc24a5",15,22,56,43,65,72,53,48,43,41,36,51
"Myef2",32,29,69,74,98,99,87,88,70,51,77,66
"Dut",86,52,329,305,208,262,158,197,143,105,215,216
"Fbn1",834,712,4197,4295,3506,2995,2395,3224,880,1237,2713,2585
"Cep152",5,2,5,7,10,8,10,10,6,5,4,10
"Shc4",1,2,3,4,3,8,3,4,0,3,6,4
"Eid1",87,57,303,318,310,328,220,255,122,123,266,313
"Secisbp2l",37,25,86,74,113,124,113,97,73,66,92,89
"Cops2",75,65,307,264,318,303,306,289,181,139,205,260
"Galk2",23,14,102,83,73,99,89,87,52,45,79,63
"Fgf7",53,51,269,167,230,304,202,230,157,133,137,152
"Dtwd1",9,10,44,58,37,35,42,41,30,15,36,21
"Hdc",2,4,21,7,8,12,7,4,8,10,19,5
"Gabpb1",140,98,573,386,523,578,512,571,330,315,445,363
"Usp8",33,28,166,120,145,142,139,153,94,79,117,142
"Trpm7",56,47,164,107,164,190,171,182,112,75,110,127
"2010106G01Rik",59,40,216,136,237,256,164,213,106,129,186,193
"Ap4e1",7,4,32,30,32,29,30,27,15,12,18,22
"Blvra",22,22,126,129,121,145,122,156,76,51,101,91
"Itpripl1",17,14,59,38,38,47,29,30,24,18,23,27
"1810024B03Rik",9,6,28,15,25,15,15,11,10,10,17,20
"Snrnp200",21,16,108,105,80,84,68,84,46,43,69,65
"Ciao1",28,13,94,95,78,102,88,117,53,47,58,65
"Tmem127",31,27,140,110,88,96,55,69,32,40,59,86
"Stard7",19,19,100,91,107,86,83,116,52,53,72,88
"Dusp2",5,2,23,12,33,59,14,29,28,22,40,44
"Fahd2a",7,3,17,11,19,32,7,22,15,11,12,17
"Kcnip3",3,4,19,13,6,7,19,16,8,11,10,3
"Mrps5",44,29,161,129,165,179,146,138,89,72,119,133
"Mal",12,3,2,3,1,1,3,1,0,0,0,1
"Mall",3,2,11,3,8,11,4,10,4,10,6,8
"Nphp1",27,13,105,70,85,80,85,90,44,49,53,76
"1500011K16Rik",37,43,227,254,161,187,129,152,94,62,178,160
"Bcl2l11",20,20,106,72,123,127,104,125,82,80,103,98
"Gm14005",83,55,294,238,290,267,185,224,141,135,231,182
"Anapc1",22,20,112,110,77,86,52,84,45,34,74,78
"Tmem87b",47,30,170,98,152,168,146,186,92,96,117,109
"Fbln7",258,212,1652,1789,901,894,838,807,526,532,893,884
"Zc3h8",3,2,17,14,12,17,9,14,12,6,15,9
"Zc3h6",17,11,74,70,69,91,106,91,47,51,59,53
"Ttl",20,15,86,65,78,105,62,82,37,36,54,65
"Polr1b",5,3,65,21,21,28,21,19,16,8,18,18
"Chchd5",25,17,82,105,93,93,61,90,54,38,72,84
"Slc20a1",32,24,122,93,125,149,96,102,75,69,56,90
"Il1b",3,2,51,31,20,24,40,78,19,17,15,10
"Sirpa",64,55,299,269,254,305,196,312,194,166,199,199
"4932416H05Rik",3,0,22,7,12,12,3,11,3,6,11,13
"Stk35",18,22,122,77,87,93,64,84,57,77,76,58
"Snrpb",488,340,2703,1988,1869,2044,1633,1899,1146,939,1341,1406
"Nop56",184,139,896,495,624,730,715,696,359,354,432,403
"Idh3b",110,77,348,288,342,404,327,409,203,162,290,313
"Ebf4",1,1,5,5,5,5,1,3,7,4,5,7
"Cpxm1",181,162,613,790,563,535,870,1017,303,390,311,502
"Fam113a",10,6,34,54,16,22,13,20,14,12,20,21
"Vps16",17,12,67,64,71,77,73,95,40,38,56,51
"Ptpra",120,91,388,370,388,393,334,403,212,181,311,352
"Mrps26",46,27,340,279,147,193,141,196,118,98,152,155
"Ubox5",6,4,3,3,8,5,6,6,4,2,3,8
"Fastkd5",6,4,24,11,30,13,18,18,12,5,8,8
"Prosapip1",1,2,3,1,4,14,2,7,5,4,6,3
"Ddrgk1",186,158,811,721,609,727,575,716,405,357,567,563
"Itpa",33,18,168,159,131,141,102,112,74,58,109,124
"4930402H24Rik",13,16,25,40,56,50,43,42,29,17,48,49
"Gm14057",5,10,21,19,20,23,22,20,15,18,19,17
"A730017L22Rik",2,1,4,12,6,8,3,3,2,4,11,4
"Atrn",11,5,73,51,36,34,20,28,17,19,33,27
"Adam33",34,15,71,63,69,87,81,120,71,39,52,47
"Hspa12b",7,20,18,30,48,58,27,69,19,22,42,27
"1700037H04Rik",19,15,71,78,55,46,39,32,29,33,45,37
"Spef1",7,3,43,32,35,29,19,22,17,12,29,24
"Cenpb",68,61,334,326,182,156,112,172,93,77,167,177
"Cdc25b",7,4,29,27,25,19,15,11,11,16,15,16
"2310035K24Rik",7,6,38,60,24,28,24,22,13,7,26,22
"Mavs",15,8,39,35,37,49,33,52,22,29,47,41
"Pank2",54,38,210,154,138,184,144,162,98,78,122,140
"Rnf24",21,15,68,69,74,78,54,47,38,27,49,45
"Smox",37,24,141,145,104,122,94,103,66,58,131,142
"Prnp",433,314,1487,1511,1542,1624,1288,1610,744,697,1218,1175
"Rassf2",21,24,60,86,74,80,77,84,56,35,72,67
"Slc23a2",21,23,132,80,82,94,63,65,52,60,59,52
"5730494N06Rik",31,33,191,194,151,169,128,171,81,68,151,122
"Pcna",114,92,605,410,536,683,559,568,334,278,357,340
"Cds2",33,31,159,107,99,117,76,98,84,58,74,76
"Gpcpd1",23,20,140,103,80,111,88,111,50,52,116,119
"1110034G24Rik",8,6,50,39,32,27,29,44,35,18,20,29
"Trmt6",25,18,75,55,71,71,68,66,31,41,49,46
"Mcm8",1,2,3,11,5,5,6,4,4,3,4,2
"Crls1",17,24,100,92,37,44,27,48,20,12,45,64
"Bmp2",362,212,569,478,1309,1369,1011,995,548,560,907,822
"Tmx4",33,20,113,98,128,133,116,111,66,66,106,107
"Plcb1",10,3,9,9,16,25,7,13,7,2,23,24
"Plcb4",20,15,25,27,50,53,42,60,24,27,67,57
"Mkks",26,30,190,228,163,189,112,162,97,71,151,136
"Jag1",35,25,68,101,90,99,104,120,46,42,73,88
"Btbd3",24,15,63,74,75,88,58,77,44,55,83,71
"Ism1",12,19,108,63,61,65,33,49,32,17,57,61
"Tasp1",6,16,45,53,40,28,24,27,23,10,31,40
"Esf1",67,48,169,104,297,294,266,261,154,132,178,198
"2310003L22Rik",21,7,86,66,39,47,42,51,31,18,47,43
"Macrod2",20,11,54,50,61,55,40,50,29,28,59,50
"Flrt3",6,7,30,24,14,24,20,33,23,8,23,22
"Kif16b",13,5,25,17,26,30,17,23,16,19,20,25
"Snrpb2",111,68,338,326,382,420,362,367,182,173,236,324
"C630020P19Rik",2,0,1,3,7,2,2,1,1,0,2,2
"Pcsk2",7,2,12,3,21,15,10,5,8,6,5,4
"Bfsp1",8,3,44,32,22,25,37,42,22,8,19,18
"Dstn",711,512,2320,2313,2717,3152,2184,2348,1324,1169,2446,2061
"Rrbp1",498,390,1736,1435,2187,2248,1774,2180,1132,1064,1888,2029
"Snx5",99,79,456,361,295,388,276,375,221,165,285,290
"8430406I07Rik",19,22,96,74,74,107,62,79,41,47,71,60
"Csrp2bp",11,6,45,48,16,39,24,35,29,15,27,34
"6330439K17Rik",1,1,5,0,0,6,2,9,6,2,5,8
"Polr3f",3,6,21,14,14,24,17,22,14,16,12,20
"Rbbp9",36,23,78,77,65,70,68,75,34,37,61,59
"Sec23b",43,37,244,194,192,197,168,226,110,79,138,123
"Gm561",25,19,157,179,118,162,119,132,85,65,103,109
"Dtd1",58,32,237,350,234,331,293,338,179,135,240,211
"Slc24a3",5,2,1,5,10,9,10,13,4,3,15,15
"Rin2",52,30,133,149,134,132,126,139,103,74,128,142
"Naa20",92,66,332,332,243,278,221,293,149,159,231,237
"Crnkl1",13,12,54,41,73,72,70,67,34,23,50,40
"Ralgapa2",5,4,19,13,12,14,15,16,16,14,18,21
"Plk1s1",25,26,106,118,102,111,112,129,63,58,100,100
"Xrn2",37,37,132,108,194,213,207,202,105,87,150,129
"Pax1",0,4,5,10,12,6,13,3,5,5,7,13
"Thbd",327,214,1949,1252,1662,2036,2036,1828,1526,963,920,826
"Cd93",16,2,35,37,58,53,46,25,18,39,22,25
"Nxt1",22,28,164,135,113,128,103,120,92,62,76,82
"Gzf1",8,6,40,28,40,41,27,48,18,30,32,27
"Napb",0,0,3,6,0,9,3,7,5,3,3,1
"Cst3",8640,5663,48711,34306,30049,39293,29828,31552,21579,17869,25284,25107
"Tmem90b",2,0,64,21,6,10,5,6,3,8,7,5
"Zfp120",5,1,25,20,18,19,17,25,9,10,11,21
"Zfp937",2,1,8,11,16,15,15,15,12,4,26,30
"Zfp442",3,3,9,9,13,22,20,20,12,8,11,18
"2310001A20Rik",16,13,96,78,75,89,88,69,41,43,54,55
"Acss1",3,3,13,4,0,7,7,13,5,8,2,1
"Entpd6",2,3,17,14,1,7,6,9,1,7,1,2
"Pygb",27,20,120,133,91,111,103,157,58,57,91,122
"Abhd12",63,50,277,242,197,224,190,194,135,98,176,206
"Gins1",2,3,6,7,6,4,4,6,3,4,2,1
"Ninl",3,1,2,2,10,3,2,6,2,4,1,2
"Nanp",2,2,16,23,9,17,15,9,6,3,10,15
"Nsfl1c",86,60,315,287,247,346,267,323,159,156,192,229
"Fkbp1a",686,465,3254,2615,2159,2377,1826,2193,1071,1054,1854,1908
"Snph",4,2,8,5,7,9,5,1,5,3,4,2
"Psmf1",23,24,97,103,71,91,80,96,41,40,62,53
"Fam110a",9,5,15,21,9,14,12,12,4,8,13,9
"Srxn1",305,216,1731,937,1002,1196,1025,933,801,753,849,680
"Tcf15",29,15,73,63,62,98,62,51,61,45,35,77
"Csnk2a1",136,91,361,292,446,448,336,397,231,168,331,369
"Tbc1d20",5,3,9,14,11,21,11,14,9,9,14,11
"Rbck1",102,62,431,334,286,340,202,293,159,156,233,224
"Trib3",5,2,17,8,22,28,22,26,18,13,14,13
"Sox12",1,2,2,3,4,5,2,9,3,1,1,6
"Zcchc3",3,3,22,15,12,19,28,30,25,16,29,17
"Defb25",5,7,38,20,23,19,17,19,12,11,14,20
"Rem1",10,5,52,65,33,57,40,55,41,33,39,31
"H13",212,145,1184,952,714,824,724,793,408,366,640,598
"Mcts2",8,9,41,44,35,35,38,28,20,12,31,33
"Id1",115,57,395,278,399,555,239,328,197,272,228,315
"Cox4i2",15,8,20,13,14,12,2,6,1,9,26,17
"Bcl2l1",51,29,109,87,108,89,95,101,60,63,78,92
"Tpx2",2,1,3,6,6,0,7,7,2,7,0,2
"Mylk2",2,5,5,8,5,20,6,5,4,2,10,5
"Foxs1",46,47,118,126,85,110,105,135,52,52,146,169
"Pdrg1",67,45,270,264,209,238,137,197,133,85,167,176
"BC020535",4,2,16,7,3,16,12,8,6,4,4,9
"Hck",0,0,4,6,2,2,2,4,4,4,2,0
"Tm9sf4",44,37,198,177,143,153,123,143,74,88,132,111
"Tspyl3",3,2,13,14,6,9,6,11,2,3,10,7
"Plagl2",6,11,40,23,28,31,23,28,22,20,17,28
"Pofut1",17,18,106,90,78,80,38,50,32,37,51,57
"Kif3b",4,7,22,27,25,37,23,27,13,17,9,26
"2500004C02Rik",1,1,8,12,2,7,1,4,2,5,4,6
"Asxl1",31,27,157,87,116,75,74,100,52,50,90,77
"8430427H17Rik",5,3,13,15,8,6,7,9,5,6,12,5
"Commd7",33,40,183,181,176,188,164,188,109,87,154,154
"Dnmt3b",2,2,13,9,11,16,11,9,9,12,6,8
"Mapre1",366,187,1152,820,1219,1550,1209,1194,811,703,915,879
"Cdk5rap1",5,10,11,23,12,27,14,14,15,5,12,15
"Snta1",50,28,143,152,117,129,112,153,112,64,87,99
"Cbfa2t2",31,19,64,79,62,98,76,87,47,39,68,68
"Necab3",5,8,3,10,28,30,14,39,3,13,19,12
"1700003F12Rik",1,11,10,6,14,33,40,46,13,28,9,9
"E2f1",13,16,35,52,49,55,34,53,16,31,64,45
"Pxmp4",12,11,28,33,41,40,25,28,13,14,42,33
"Zfp341",5,0,8,6,4,5,1,5,4,5,3,6
"Chmp4b",586,436,2851,1933,1939,2190,1696,1908,1102,1026,1491,1473
"Raly",421,251,1701,1249,1382,1639,879,1025,699,656,960,977
"Eif2s2",561,454,1461,1033,2012,2282,1804,1971,995,931,1329,1468
"a",1,2,14,0,1,4,1,2,1,0,1,0
"Ahcy",25,14,161,105,93,100,87,120,65,49,80,83
"Itch",27,20,97,72,70,76,69,69,41,30,55,79
"Dynlrb1",478,326,2501,2076,1768,1899,1354,1720,932,794,1460,1452
"Map1lc3a",659,486,3531,2665,2328,2754,2003,2394,1462,1369,1952,1791
"Pigu",15,4,65,64,40,60,50,66,30,23,48,52
"Trp53inp2",29,23,105,74,67,57,58,74,38,32,58,71
"Ncoa6",13,7,55,70,68,76,44,78,49,42,51,52
"Ggt7",14,5,64,52,29,45,41,57,24,21,19,29
"Acss2",14,5,43,30,40,34,38,41,27,26,16,28
"Gss",7,5,54,46,35,35,33,36,18,15,38,32
"Trpc4ap",62,52,269,252,201,205,178,272,143,102,182,212
"Edem2",38,16,181,206,130,126,139,164,98,73,132,89
"Procr",350,222,4102,2451,1701,2792,3507,4817,2812,2349,1305,1018
"Mmp24",2,2,2,0,2,1,1,1,2,0,3,1
"BC029722",56,41,191,193,108,152,110,145,97,60,136,95
"Eif6",272,178,1632,988,942,1046,873,893,539,452,650,646
"Uqcc",24,13,60,69,42,47,52,66,38,32,42,44
"Cep250",11,2,14,21,19,21,14,19,11,17,31,20
"Ergic3",446,290,2007,1883,1423,1542,1395,1533,786,785,1248,1365
"Cpne1",51,57,234,197,184,168,132,191,103,90,146,155
"Rbm12",13,14,95,72,86,92,77,72,57,41,65,51
"Nfs1",21,20,117,116,102,112,85,109,54,48,90,84
"Romo1",395,271,1973,1615,1386,1476,1083,1273,733,643,1058,1097
"Rbm39",455,361,1415,1091,1830,1806,1891,2133,1226,1028,1380,1414
"Phf20",32,17,91,66,133,135,126,171,67,62,85,111
"Scand1",150,112,938,862,500,561,404,517,311,268,486,554
"4921517L17Rik",7,2,15,5,5,10,10,14,6,5,10,12
"2900097C17Rik",134,118,554,459,418,428,316,417,244,215,363,384
"Epb4.1l1",25,22,212,134,76,94,67,82,38,48,82,79
"0610011L14Rik",18,17,63,48,51,48,48,47,52,36,33,37
"Dlgap4",281,174,905,681,784,942,621,779,445,466,670,584
"Myl9",119,75,194,184,212,227,240,246,129,117,277,338
"Tgif2",38,33,120,98,107,126,100,115,46,65,103,113
"5430405H02Rik",8,3,18,18,10,18,15,27,10,12,8,17
"1110008F13Rik",100,79,655,559,365,395,349,353,188,175,357,441
"Ndrg3",68,38,247,221,193,225,177,210,111,101,219,200
"Dsn1",3,1,4,12,1,5,4,4,2,1,7,6
"9830001H06Rik",53,36,134,135,173,159,129,140,96,78,129,163
"Samhd1",73,61,379,248,265,262,347,441,209,212,216,173
"Rbl1",3,2,14,15,11,9,5,9,4,2,5,10
"Rpn2",415,318,1997,1722,1640,1847,1800,2003,898,790,1374,1387
"Manbal",62,49,376,311,231,254,189,201,127,104,191,206
"Src",19,15,73,61,50,44,49,41,27,41,53,50
"Blcap",29,14,116,110,73,81,82,79,46,48,63,78
"Ctnnbl1",30,21,184,177,174,203,186,178,99,84,119,115
"Tti1",4,4,13,15,14,13,10,19,5,4,11,9
"Rprd1b",13,10,62,56,52,54,48,64,38,25,51,49
"Tgm2",151,123,1214,815,422,518,524,671,419,344,407,387
"D630003M21Rik",4,6,32,52,26,39,29,34,25,23,39,23
"Lbp",297,176,1645,1362,1463,1306,1107,1372,538,553,1125,972
"9430008C03Rik",21,17,157,85,63,83,51,71,51,37,58,57
"Snhg11",16,8,12,12,23,35,47,49,30,21,11,24
"Ralgapb",10,14,71,58,49,33,42,47,31,30,34,37
"Adig",5,0,5,4,14,15,3,4,2,4,33,8
"Actr5",8,6,33,29,28,44,42,27,26,12,24,23
"Ppp1r16b",4,5,5,4,6,8,4,12,8,7,4,7
"Fam83d",6,3,1,6,2,8,6,10,2,0,7,8
"Dhx35",3,3,7,13,9,10,7,12,2,3,4,4
"Gm826",2,0,2,0,2,6,8,2,3,2,1,2
"Mafb",98,83,455,478,524,620,576,533,429,344,392,546
"Top1",397,263,1064,587,1596,1814,1457,1567,993,901,1262,1188
"Zhx3",7,10,43,38,43,42,47,56,18,28,39,50
"Lpin3",11,7,92,70,30,33,32,44,30,19,43,49
"Emilin3",0,3,1,4,2,2,1,8,0,2,4,5
"Chd6",35,25,88,84,138,160,121,139,81,77,93,135
"Ptprt",2,0,1,0,2,0,0,1,2,0,9,4
"Srsf6",218,144,806,568,658,765,525,630,391,344,511,585
"L3mbtl1",4,2,7,4,4,5,1,0,4,4,5,8
"Ift52",14,14,86,83,55,78,70,81,56,43,53,61
"3230401D17Rik",130,102,487,312,356,523,418,442,265,232,342,365
"Fitm2",2,1,14,12,6,6,1,2,4,9,4,10
"Ttpal",22,12,134,74,72,71,58,98,69,31,59,53
"Serinc3",428,317,1625,1132,1272,1649,1318,1395,945,767,1168,800
"Pkig",139,126,825,599,465,524,437,466,332,283,394,430
"Ada",16,7,51,50,32,41,38,33,24,21,25,46
"Wisp2",96,43,591,440,359,309,369,322,150,116,395,264
"Ywhab",288,221,1256,1071,1081,1032,871,1022,562,502,824,938
"Pabpc1l",2,2,4,6,7,7,5,4,1,3,2,2
"Tomm34",65,43,263,183,194,260,227,264,137,137,181,168
"Stk4",10,12,33,39,37,39,23,37,21,16,39,38
"Slpi",9,20,50,28,10,21,7,27,11,6,3,13
"Matn4",62,46,81,95,115,109,121,132,66,71,163,219
"Sdc4",1472,1085,4494,2696,2940,2796,2428,2608,1663,1193,2357,2458
"Sys1",86,75,492,412,268,375,294,348,192,174,315,365
"Dbndd2",64,40,228,250,194,196,125,159,84,92,175,189
"Pigt",77,51,332,310,236,239,185,256,100,102,246,270
"Wfdc2",3,12,8,5,6,16,5,7,2,4,4,17
"Dnttip1",34,31,161,112,85,103,78,98,65,48,80,95
"Ube2c",11,0,17,7,4,2,4,9,1,14,0,0
"Tnnc2",73,53,37,44,101,159,95,136,57,47,61,42
"Snx21",36,31,126,173,99,123,91,126,75,54,96,119
"Acot8",5,7,49,68,32,63,38,41,32,31,55,44
"Zswim3",1,0,4,4,7,14,3,6,2,4,6,3
"Zswim1",0,4,18,19,6,12,10,9,6,2,4,7
"Neurl2",0,0,12,9,7,9,7,2,4,3,2,3
"Ctsa",140,81,553,523,346,459,459,452,222,211,404,381
"Pltp",107,83,428,325,359,495,499,556,290,267,169,135
"Pcif1",52,39,213,159,164,188,136,166,109,86,194,181
"Zfp335",9,3,48,48,27,40,34,23,21,18,35,32
"Ncoa5",18,11,124,70,64,81,71,67,60,51,67,51
"Cd40",0,5,11,12,22,24,19,25,10,9,10,5
"Slc35c2",14,25,130,121,65,71,42,63,29,44,88,75
"Elmo2",15,24,88,84,69,86,58,84,44,42,59,68
"Zfp334",0,2,6,6,3,5,7,3,2,6,3,3
"2810408M09Rik",12,16,63,54,35,52,36,43,36,25,39,37
"Slc2a10",15,7,42,41,37,48,38,39,13,23,44,35
"Eya2",47,42,313,233,109,135,126,157,131,81,95,113
"Zmynd8",25,15,49,62,63,87,47,67,33,30,80,56
"Ncoa3",117,47,177,160,190,204,175,190,125,109,203,195
"Sulf2",114,78,377,410,352,349,265,314,159,149,264,320
"Prex1",17,10,44,45,35,38,16,25,18,14,45,67
"Trp53rk",7,6,15,11,13,20,18,26,12,5,12,9
"Arfgef2",16,11,96,59,41,45,46,37,38,27,45,35
"Cse1l",25,26,141,118,117,142,85,127,77,54,99,115
"Stau1",97,74,401,312,309,402,282,356,227,186,291,282
"Ddx27",33,23,184,104,136,164,124,160,77,61,102,106
"Znfx1",25,23,92,72,57,86,49,74,63,56,51,45
"1500012F01Rik",174,106,1357,810,716,860,547,604,469,390,620,605
"Kcnb1",3,0,5,4,8,2,2,4,5,7,4,7
"Ptgis",255,170,1384,1183,981,829,573,682,424,341,936,947
"B4galt5",138,110,722,367,388,457,278,297,227,192,323,299
"Slc9a8",10,2,58,30,29,33,20,37,13,18,24,21
"Spata2",23,22,99,78,82,81,58,89,55,41,57,64
"Rnf114",53,38,168,176,136,175,140,185,95,125,140,135
"Snai1",35,39,174,192,121,168,139,139,139,115,128,137
"Ube2v1",200,159,746,643,523,665,517,679,371,328,531,527
"Tmem189",13,9,46,44,25,28,30,26,21,18,30,38
"Cebpb",3916,2682,15227,10263,5702,7535,14827,20361,6840,5944,6251,9402
"A530013C23Rik",7,2,20,16,11,11,10,9,6,8,5,6
"Ptpn1",125,92,545,320,400,463,433,518,288,256,342,372
"Adnp",39,36,160,119,108,121,84,107,50,59,97,106
"Dpm1",75,69,505,377,364,419,375,393,235,162,288,292
"Mocs3",4,2,35,25,22,26,20,21,19,11,24,25
"Nfatc2",25,9,94,108,76,64,37,58,32,27,49,82
"Atp9a",27,16,79,75,52,40,33,49,18,28,63,58
"Zfp64",13,8,40,49,32,48,28,42,27,12,39,44
"Tshz2",39,33,203,179,163,146,118,129,106,82,110,121
"Zfp217",31,13,109,86,83,91,70,102,73,41,76,64
"Bcas1",4,4,1,0,0,1,2,4,0,0,1,2
"Pfdn4",73,48,305,253,251,262,240,257,148,108,196,239
"Dok5",2,2,15,25,5,2,12,13,2,3,13,10
"2010011I20Rik",13,11,41,33,33,42,28,37,23,19,31,17
"Cstf1",5,8,31,31,21,23,29,31,17,10,16,26
"2410001C21Rik",37,29,170,163,142,158,167,159,99,78,117,119
"Bmp7",12,7,18,25,28,55,20,43,17,20,35,31
"Rae1",39,34,229,166,141,157,165,162,101,76,112,153
"Rbm38",14,17,30,22,37,52,37,27,22,23,26,21
"Zbp1",35,29,187,89,62,132,63,114,46,61,92,63
"Pmepa1",313,260,628,574,1141,1121,637,782,489,383,811,923
"Ppp4r1l-ps",3,2,10,9,7,9,7,7,10,6,19,10
"Rab22a",43,54,201,164,208,199,139,174,86,93,171,176
"Vapb",173,113,703,598,570,612,387,524,281,269,477,548
"Stx16",38,30,166,107,107,136,85,120,83,59,106,122
"Npepl1",63,54,225,207,193,220,179,258,105,104,141,147
"Gnas",2550,1870,11665,10297,9895,11008,6947,8761,5115,4828,7959,8335
"Th1l",6,16,54,54,33,46,41,66,15,28,30,59
"Ctsz",517,386,2338,2069,1665,1875,1494,1779,852,840,1661,1637
"Atp5e",681,497,5111,4568,2819,2967,1844,2450,1471,1284,2437,2604
"Slmo2",79,49,277,232,199,221,182,234,104,115,185,170
"Edn3",1,3,3,0,4,5,2,6,2,4,6,1
"Gm14391",4,3,6,8,8,13,6,7,6,2,6,11
"100043387",16,9,46,41,34,27,26,30,13,14,22,23
"Gm14295",47,42,161,130,146,134,135,138,86,67,113,106
"Gm14420",16,17,47,36,57,59,46,57,35,16,56,47
"Gm14403",14,11,33,42,28,29,15,24,23,11,22,27
"Gm14322",32,34,116,88,95,85,75,66,48,50,80,72
"Gm14325",11,5,44,35,32,46,29,39,23,16,24,43
"Gm14327",5,5,11,7,9,6,6,11,13,3,7,6
"Gm14326",20,20,57,43,51,60,33,46,27,19,40,49
"Etohi1",19,18,56,61,46,67,57,40,37,18,41,45
"Zfp931",5,7,15,17,10,14,11,3,4,6,18,5
"Ppp1r3d",5,4,20,6,12,11,15,19,9,8,13,11
"9030418K01Rik",1,1,10,7,7,11,10,8,8,7,9,15
"Taf4a",1,8,46,33,28,39,24,36,15,16,22,30
"4921531C22Rik",14,4,14,19,25,31,14,19,11,6,20,15
"Lsm14b",18,15,93,75,58,69,54,81,30,28,40,66
"Psma7",300,244,1500,1304,1165,1259,1027,1250,642,588,850,976
"Ss18l1",1,3,8,8,5,12,6,8,4,6,7,2
"Gtpbp5",8,4,62,58,41,49,32,48,26,20,35,43
"Osbpl2",31,17,95,97,72,90,65,75,44,54,78,72
"Adrm1",154,87,610,487,485,552,435,548,249,233,356,390
"Lama5",11,11,18,11,13,21,7,13,9,11,4,6
"Rps21",1728,1177,24633,19256,11857,12804,6928,8952,7762,6139,8590,8428
"Cables2",17,12,69,64,45,43,41,32,25,23,39,42
"Ogfr",75,67,380,304,221,350,250,265,161,175,251,211
"Col9a3",0,4,4,0,3,6,3,1,1,1,6,1
"Dido1",26,29,130,79,132,130,90,103,77,73,109,86
"2310003C23Rik",10,8,85,117,66,62,57,66,39,26,71,72
"Ythdf1",76,52,346,207,262,264,225,249,155,147,172,235
"Nkain4",15,12,9,7,30,24,16,13,3,4,5,11
"Arfgap1",42,27,171,154,99,101,85,128,64,53,129,130
"Col20a1",0,3,9,31,4,10,3,5,3,4,8,6
"Ppdpf",98,96,482,503,376,421,257,355,175,175,371,422
"Ptk6",7,1,1,2,7,9,5,4,8,3,4,2
"BC006779",98,62,348,226,250,404,226,251,189,213,228,186
"Gmeb2",11,15,67,44,52,54,38,51,25,24,26,40
"Stmn3",7,7,11,15,52,54,10,8,2,6,20,40
"Rtel1",3,1,15,19,13,12,10,9,8,8,12,6
"Arfrp1",34,49,215,211,150,213,155,196,107,93,150,152
"Zgpat",5,5,36,33,29,29,23,22,23,12,23,22
"Lime1",4,7,36,35,20,23,30,36,19,18,24,29
"Slc2a4rg-ps",3,1,3,8,4,3,2,2,5,4,7,7
"Zbtb46",14,4,9,9,19,16,13,15,7,7,7,10
"Tpd52l2",125,98,583,564,380,503,418,489,289,241,400,461
"Dnajc5",47,29,129,86,169,189,167,158,95,111,128,112
"Uckl1",28,23,78,85,58,100,87,89,56,45,65,74
"Znf512b",10,2,37,33,17,29,20,37,12,6,24,29
"Prpf6",24,23,104,100,94,125,111,98,90,68,74,77
"Sox18",0,0,10,6,8,23,3,11,12,6,14,3
"Tcea2",6,6,16,15,9,12,15,14,9,5,10,12
"Rgs19",4,14,103,111,41,36,25,36,32,13,45,57
"Pcmtd2",19,12,91,87,85,96,99,102,54,45,78,62
"Polr3k",29,30,92,125,83,86,79,94,48,38,83,88
"2700069I18Rik",9,5,12,12,5,8,13,15,11,6,9,14
"Zfhx4",108,87,404,310,477,546,387,462,289,227,369,374
"Pxmp3",45,26,189,186,140,159,133,136,103,74,164,144
"Pkia",28,30,72,67,75,96,44,55,31,54,57,68
"Fam164a",51,30,82,84,127,136,120,144,84,73,88,120
"Il7",5,5,19,9,18,18,13,9,8,3,7,3
"Stmn2",24,17,57,29,77,97,27,30,12,14,57,61
"Hey1",3,4,23,28,17,33,11,18,3,11,11,24
"Mrps28",103,79,651,536,387,478,404,403,243,192,389,427
"Tpd52",28,27,58,57,66,69,47,56,37,32,56,52
"Zbtb10",47,25,118,119,93,108,69,89,50,58,78,83
"Zfp704",28,20,73,65,93,82,67,95,41,49,64,63
"Pag1",2,2,18,7,6,16,11,7,9,4,14,13
"Fabp5",29,9,184,140,73,126,86,113,60,69,60,84
"Fabp4",377,134,1561,1016,1051,1610,864,1104,919,795,693,940
"Impa1",29,25,111,141,99,124,138,137,64,51,101,114
"Zfand1",13,11,32,34,31,39,40,38,27,9,20,41
"Snx16",24,24,55,45,75,89,61,79,39,33,42,71
"Lrrcc1",7,5,20,21,42,31,33,36,20,15,30,26
"E2f5",52,38,203,120,141,157,127,159,113,82,107,118
"1810022K09Rik",76,49,825,686,485,545,326,451,263,205,347,350
"Car13",18,17,127,95,84,119,82,112,71,44,58,33
"Car3",1,1,18,1,6,7,2,5,13,0,2,5
"Car2",2,2,3,0,0,2,1,0,0,0,2,0
"Ythdf3",48,42,210,155,153,150,139,142,105,78,119,124
"Bhlhe22",3,1,9,1,4,3,1,4,2,2,2,0
"Cyp7b1",3,0,31,10,16,11,10,14,4,9,13,3
"Armc1",47,29,144,166,165,147,175,188,109,82,133,170
"Mtfr1",29,21,97,81,73,75,76,92,45,44,69,55
"Pde7a",5,2,23,11,18,23,12,24,14,10,18,18
"4632415L05Rik",2,3,9,19,6,19,11,17,10,11,20,11
"Cp",147,116,792,362,429,483,616,759,429,326,330,273
"Hps3",2,5,25,26,28,23,18,19,11,12,7,19
"Hltf",10,3,30,31,35,43,35,33,34,15,40,25
"Gyg",31,22,102,117,81,118,82,113,54,32,70,81
"Cpb1",1,1,0,0,1,1,0,1,11,8,1,1
"Tbl1xr1",22,19,134,113,71,85,61,88,43,45,75,85
"Nceh1",20,7,42,36,59,75,53,63,29,34,39,52
"Tnfsf10",0,2,4,5,1,8,3,3,1,3,4,1
"Fndc3b",194,135,716,609,663,605,476,521,339,308,493,523
"Pld1",14,8,88,49,48,40,36,55,39,25,52,43
"Tnik",2,3,3,13,21,16,13,22,12,12,9,22
"Eif5a2",5,3,24,10,22,23,18,25,14,9,20,19
"Rpl22l1",1384,988,6193,4937,4527,5309,3886,4523,2716,2306,4264,3994
"Mecom",2,5,10,11,18,23,22,22,10,6,16,8
"Mynn",16,10,37,36,38,53,46,57,34,19,32,34
"Sec62",464,361,1559,1360,1878,2082,1781,1966,1066,902,1519,1713
"Phc3",26,16,64,61,82,81,70,71,57,46,60,58
"Prkci",43,19,103,92,82,96,57,84,45,52,74,72
"Skil",423,296,1097,814,1376,1495,1174,1226,825,722,1225,1048
"Cldn11",15,2,2,7,16,32,2,2,0,2,25,20
"Slc7a14",1,2,4,3,5,5,3,3,4,2,4,5
"Kcnmb2",0,0,9,1,3,3,5,4,5,7,7,9
"Zmat3",18,12,61,72,49,56,23,40,20,21,43,67
"Pik3ca",36,27,116,110,106,123,86,112,58,59,85,93
"Zfp639",21,24,98,94,103,108,100,110,77,61,77,78
"Mfn1",16,21,89,75,78,91,86,91,52,40,78,78
"Gnb4",39,37,194,157,162,214,113,164,109,82,189,199
"Actl6a",26,16,138,114,129,123,97,139,46,62,73,82
"Mrpl47",7,7,45,29,30,38,23,30,21,20,27,19
"Ndufb5",210,148,1087,960,815,860,706,787,452,345,673,699
"Usp13",3,0,7,5,16,11,5,6,2,9,6,14
"Ttc14",29,32,114,76,137,140,124,172,98,93,133,103
"Ccdc39",3,0,4,3,10,9,9,14,6,1,4,2
"Fxr1",51,31,142,117,185,217,167,220,91,88,151,128
"Dnajc19",115,75,546,413,388,328,285,302,183,145,233,270
"Atp11b",21,24,102,94,69,86,66,68,42,42,65,60
"Dcun1d1",51,30,187,121,136,179,125,166,78,59,148,140
"Mccc1",15,21,62,49,60,63,62,66,45,30,44,53
"Acad9",11,11,53,56,92,72,77,71,29,33,56,58
"D3Ertd254e",20,15,26,33,41,50,25,55,22,27,33,33
"Anxa5",1359,916,8086,7162,6358,7166,5909,6130,2909,2433,5230,4869
"1810062G17Rik",10,6,35,29,31,36,31,27,22,18,27,21
"Exosc9",13,11,78,93,70,91,61,82,41,28,55,53
"Ccna2",3,1,5,3,1,0,4,1,0,4,0,0
"Bbs7",12,8,27,22,25,22,26,39,13,10,16,19
"Trpc3",0,0,10,7,5,5,2,7,4,5,3,7
"4932438A13Rik",41,35,126,111,151,174,167,173,121,123,121,138
"Cetn4",13,14,43,37,27,48,28,55,20,13,44,29
"Bbs12",2,1,8,6,7,5,6,4,2,2,3,4
"Nudt6",6,4,40,40,19,22,21,19,6,16,28,13
"Spata5",6,8,43,24,34,46,34,49,12,15,21,36
"Spry1",75,66,526,393,255,336,380,464,239,259,310,298
"Gm5148",3,5,6,1,7,7,3,2,4,3,6,7
"Ankrd50",14,10,48,65,43,38,44,35,29,26,49,39
"Fat4",20,22,48,43,46,65,61,61,29,52,40,45
"Intu",0,3,7,7,6,4,8,7,2,1,4,9
"Hspa4l",5,17,24,26,23,38,23,34,13,15,36,35
"Plk4",4,5,10,13,12,15,17,21,7,10,10,10
"Mfsd8",10,6,28,28,39,19,20,16,4,10,18,19
"Larp1b",32,28,139,71,48,77,68,82,48,30,55,81
"Pgrmc2",54,45,214,220,157,162,102,155,96,94,136,146
"Phf17",43,26,194,174,121,138,149,143,112,74,91,106
"Sclt1",5,11,45,37,52,69,51,73,48,47,49,45
"D3Ertd751e",2,1,7,4,8,21,16,19,11,10,11,12
"Pcdh10",2,0,9,8,10,8,14,13,6,6,17,8
"Pabpc4l",0,2,1,4,2,13,7,5,1,2,6,4
"Pcdh18",12,22,86,120,72,89,75,81,64,48,61,70
"Slc7a11",3,3,10,6,9,27,5,21,12,16,4,11
"Ccrn4l",196,113,1154,686,570,659,472,502,323,272,577,547
"Elf2",64,36,149,94,174,223,186,216,114,117,139,137
"4930583H14Rik",8,9,37,40,23,22,25,43,9,13,15,34
"Ndufc1",227,155,1168,1036,778,821,573,647,421,341,701,730
"Naa15",60,65,222,141,294,327,254,291,140,130,177,210
"Rab33b",23,27,100,100,91,109,92,113,65,51,76,84
"Setd7",44,35,184,153,158,183,133,150,95,77,160,142
"5031434O11Rik",0,0,2,5,6,11,1,2,2,1,7,4
"Mgst2",3,11,36,32,17,29,30,27,16,16,40,43
"Maml3",11,8,19,11,30,36,30,49,25,22,22,34
"Foxo1",100,76,374,353,314,309,302,407,199,215,352,356
"Cog6",13,10,46,49,36,48,25,35,20,16,34,44
"Lhfp",565,382,2660,2277,1490,1650,1554,1673,979,975,1605,1442
"Nhlrc3",4,0,6,0,5,8,4,5,4,5,7,6
"2810046L04Rik",5,5,37,19,19,23,10,15,15,8,15,15
"Ufm1",111,96,662,594,430,415,309,390,240,190,370,412
"Postn",218,238,1459,1564,719,524,366,527,376,345,1181,1606
"Fam48a",5,3,4,3,7,12,8,9,5,4,13,12
"Exosc8",43,25,198,142,166,189,187,175,99,69,99,122
"Alg5",58,38,300,296,233,237,251,279,132,113,190,210
"Rfxap",32,40,141,123,77,99,79,102,62,51,75,90
"Spg20",39,22,121,117,122,121,93,133,63,49,100,104
"Dclk1",120,92,409,349,451,396,296,402,192,178,381,407
"Nbea",11,6,50,48,55,54,45,49,37,24,42,49
"Mab21l1",6,8,32,25,24,27,16,31,25,14,19,26
"Tm4sf1",737,457,3523,2312,2675,3569,2207,1976,1725,1504,2665,1925
"Wwtr1",187,120,718,552,625,668,484,536,318,321,570,583
"Commd2",31,37,175,181,135,162,132,149,86,70,114,126
"Rnf13",159,129,508,512,571,621,530,647,332,273,458,445
"Pfn2",42,32,200,214,161,165,129,180,73,79,149,131
"Tsc22d2",133,90,495,372,414,515,449,456,330,321,427,314
"Serp1",356,288,1597,1269,957,1031,805,970,581,550,959,921
"Eif2a",86,72,334,284,376,385,363,344,202,153,296,281
"2810407C02Rik",189,148,782,596,622,662,588,668,416,339,581,536
"Siah2",71,58,320,250,226,270,233,283,133,156,204,206
"Gpr171",1,0,0,4,2,1,6,10,5,4,7,3
"P2ry14",33,18,83,67,50,95,103,101,53,52,68,70
"Igsf10",62,32,203,227,215,183,126,178,70,94,193,215
"Mbnl1",344,245,984,905,1077,1014,761,909,555,487,810,716
"P2ry1",19,16,86,90,37,59,52,65,45,24,63,62
"Rap2b",30,48,101,122,136,193,121,162,94,68,152,120
"Arhgef26",9,3,30,27,15,16,9,24,10,20,20,17
"Dhx36",21,23,77,59,110,114,99,90,62,37,75,93
"Mme",28,17,174,120,97,103,119,119,72,64,86,82
"E130311K13Rik",9,13,33,38,41,39,26,45,19,18,32,28
"Slc33a1",13,13,107,110,65,77,60,103,45,31,62,66
"Gmps",38,14,122,100,139,134,152,184,73,63,89,96
"Kcnab1",3,3,55,19,7,9,29,28,25,13,16,12
"A730090N16Rik",0,6,4,7,6,10,3,7,6,1,3,5
"Ssr3",361,245,1530,1293,1114,1153,1043,1101,659,533,909,935
"4931440P22Rik",15,7,19,18,26,32,25,27,25,16,14,19
"Tiparp",466,301,1064,768,1838,2084,2766,3016,1284,1288,1138,1266
"Lekr1",4,2,14,13,17,15,16,18,9,9,21,14
"Ccnl1",764,522,1796,1394,2797,3558,3577,3891,1969,1808,2142,2110
"Ptx3",2476,1898,14586,7051,11684,11329,15114,18087,6437,5940,7248,6991
"Shox2",19,16,17,17,79,61,54,63,22,28,71,55
"Rsrc1",65,59,233,231,378,389,304,373,221,153,299,337
"Mlf1",9,6,27,17,67,67,26,20,25,16,38,48
"Gfm1",14,13,79,62,51,74,62,82,23,32,39,47
"Lxn",44,27,158,169,123,125,99,104,54,52,124,131
"Rarres1",4,6,17,15,17,16,19,18,9,6,16,11
"Mfsd1",51,36,218,185,160,199,127,172,95,78,115,120
"Il12a",1,3,18,19,5,14,13,18,7,5,14,13
"Ift80",9,4,29,34,33,49,31,27,20,16,36,38
"Smc4",18,15,70,65,89,79,75,105,56,65,107,114
"Trim59",3,6,10,5,14,9,4,6,7,5,5,9
"Kpna4",88,74,325,259,282,418,285,338,200,188,250,261
"Ppm1l",3,3,11,8,17,16,14,16,14,11,23,20
"B3galnt1",50,27,90,99,105,122,118,131,58,73,72,86
"Nmd3",49,33,241,154,200,227,182,173,105,77,123,135
"Bche",2,3,6,14,9,7,3,2,0,8,5,6
"Pdcd10",115,87,373,312,374,474,387,392,216,183,299,333
"Serpini1",3,1,2,7,7,6,9,3,4,0,8,7
"Golim4",97,80,311,260,325,363,265,315,147,141,292,322
"Rapgef2",26,19,82,68,59,74,51,58,37,37,39,55
"Fnip2",17,11,71,44,51,59,36,40,26,22,32,35
"Ppid",80,67,312,257,273,366,349,342,141,144,169,197
"Etfdh",26,28,65,71,65,97,96,95,50,33,71,62
"4930579G24Rik",6,5,27,22,27,31,30,25,14,17,20,24
"Fam198b",51,35,288,238,172,168,229,201,126,114,210,195
"Glrb",8,7,10,13,26,20,11,10,11,5,10,13
"Pdgfc",27,17,59,68,62,68,65,59,37,21,56,55
"Ctso",65,52,303,302,241,299,307,361,219,173,199,213
"Tdo2",0,0,16,4,10,4,9,10,4,4,9,2
"Gucy1b3",5,2,15,11,16,13,13,20,6,7,22,22
"Gucy1a3",3,4,3,2,3,8,8,5,7,10,10,5
"Mtap9",3,1,6,10,8,9,12,16,12,12,8,19
"Plrg1",21,15,61,82,82,93,107,92,47,40,62,58
"Sfrp2",412,333,321,363,980,678,586,404,209,221,502,614
"Tlr2",74,47,208,160,192,163,118,202,86,79,198,165
"D930015E06Rik",4,1,16,17,6,12,14,16,9,9,13,4
"Mnd1",7,10,54,42,51,58,53,45,38,26,38,42
"Trim2",9,12,37,27,54,41,52,56,29,18,35,39
"Gm6525",4,2,4,7,6,12,1,0,1,2,5,5
"Fhdc1",0,3,7,7,5,5,5,9,4,2,9,4
"Arfip1",41,38,166,172,153,146,162,158,102,64,162,158
"Tmem154",1,2,9,9,9,8,4,7,4,1,8,5
"Fbxw7",11,9,24,25,34,29,25,41,23,18,20,33
"Pet112l",8,4,18,17,11,13,13,23,14,4,16,14
"Fam160a1",2,3,4,5,11,11,9,9,2,1,6,9
"Glt28d2",6,2,1,4,6,7,10,8,4,4,6,7
"Sh3d19",55,51,260,269,207,230,148,210,120,112,221,179
"Rps3a",3339,2397,28484,22071,18591,20384,13570,17172,10587,9539,14809,14218
"Lrba",28,18,64,54,64,76,59,57,40,36,51,51
"Mab21l2",3,6,16,13,22,21,16,24,12,9,16,17
"Dclk2",2,1,6,8,4,2,2,5,2,1,1,4
"Cd1d1",8,11,46,40,39,35,33,49,29,27,14,28
"Kirrel",27,18,85,72,84,70,58,68,29,38,70,49
"Fcrls",4,2,4,4,4,9,4,11,1,3,4,2
"Etv3",18,17,65,39,57,55,50,56,31,23,33,46
"Arhgef11",6,7,23,22,19,19,13,23,9,13,23,17
"Pear1",22,17,117,78,46,64,62,65,54,43,65,49
"Prcc",22,15,84,60,50,71,47,67,46,20,61,57
"Hdgf",306,206,1239,994,1047,948,652,1011,507,501,763,910
"Mrpl24",105,87,592,521,359,419,413,454,261,204,369,336
"Rrnad1",13,8,35,23,14,30,23,31,16,23,17,23
"Isg20l2",28,26,138,94,98,111,86,103,66,52,77,91
"Crabp2",30,44,55,74,85,73,30,58,11,11,115,72
"Nes",6,4,3,2,11,13,7,13,7,13,3,13
"Gpatch4",24,18,123,62,67,63,56,69,34,31,43,39
"Apoa1bp",126,112,570,602,526,577,496,536,271,246,368,401
"Mef2d",8,6,15,6,15,16,24,20,15,16,20,10
"1700113A16Rik",2,3,12,16,4,11,9,13,7,4,6,17
"1700021C14Rik",6,2,20,15,24,13,12,15,8,7,10,13
"Cct3",118,106,836,672,636,735,597,679,341,257,428,438
"0610031J06Rik",111,68,474,426,279,374,349,405,177,163,316,366
"Smg5",17,17,84,45,54,70,54,63,34,27,53,42
"Paqr6",27,11,17,18,23,35,26,19,22,23,19,29
"Bglap2",0,0,0,40,1,0,1,14,0,0,8,89
"Bglap",0,2,0,16,1,1,1,2,0,0,8,92
"Pmf1",7,4,32,27,19,17,17,24,14,15,24,15
"Slc25a44",12,5,27,31,33,39,33,30,16,25,30,23
"Sema4a",11,4,9,6,20,31,19,18,14,11,21,13
"Lmna",1945,1350,7098,6040,6701,7926,6019,5644,3415,3279,4888,4534
"Mex3a",1,3,8,5,10,9,12,7,5,2,8,4
"Lamtor2",157,108,791,790,641,719,536,622,331,275,541,568
"Ubqln4",27,27,121,86,79,83,70,86,68,43,69,66
"Ssr2",236,188,1766,1659,846,915,778,990,448,411,958,975
"Arhgef2",45,34,159,193,191,208,157,183,125,103,171,169
"2810403A07Rik",38,21,141,78,110,114,87,109,47,49,65,73
"Rit1",33,40,220,200,130,171,118,140,81,75,160,148
"Syt11",26,20,103,93,96,95,63,85,55,41,69,95
"5830417I10Rik",8,5,34,31,17,23,26,24,22,17,25,23
"Gon4l",7,4,26,22,17,17,17,13,11,14,12,19
"Msto1",10,9,47,49,33,37,24,29,18,14,35,38
"Dap3",58,46,300,284,229,280,197,247,128,116,205,210
"Ash1l",104,74,242,155,430,498,385,461,268,244,345,303
"Rusc1",25,17,91,97,64,85,87,108,44,55,76,64
"Fdps",86,88,179,336,424,460,394,634,145,177,250,271
"Clk2",9,12,33,36,32,29,31,30,22,21,28,30
"Scamp3",78,63,409,327,265,356,228,285,160,118,240,231
"Fam189b",27,18,79,89,70,76,32,52,44,25,63,73
"Gba",46,24,271,240,131,149,131,168,66,71,130,120
"Mtx1",41,32,213,180,121,114,136,143,73,77,115,109
"Thbs3",196,121,506,588,709,814,672,821,291,307,567,577
"Muc1",1,1,3,6,1,7,1,2,5,1,5,8
"Trim46",6,4,9,10,9,10,2,5,3,8,8,19
"Krtcap2",430,333,2927,2647,1795,1866,1275,1663,893,805,1522,1695
"Dpm3",269,225,1371,1279,1117,1182,929,984,573,524,965,922
"Slc50a1",122,98,722,636,479,595,428,540,343,260,426,459
"Efna1",24,13,29,33,25,42,19,27,14,18,32,25
"Efna4",0,2,3,7,6,4,2,3,5,4,5,4
"Adam15",103,87,460,439,323,383,311,402,206,214,238,317
"Zbtb7b",19,9,47,63,44,47,40,49,34,20,40,52
"Gm15417",50,33,236,256,183,175,158,198,99,80,140,151
"Lenep",1,5,6,6,4,4,7,4,6,1,5,9
"Flad1",6,1,28,19,17,23,21,14,15,12,18,11
"Cks1b",141,55,483,442,372,320,282,378,170,180,268,310
"Shc1",79,62,332,319,275,305,239,347,185,194,224,199
"Pygo2",17,15,61,53,41,50,36,50,26,26,32,32
"Pbxip1",92,70,297,236,297,368,306,351,173,195,235,242
"Pmvk",38,30,101,150,101,126,154,228,108,101,62,82
"Kcnn3",4,1,2,0,9,4,4,8,1,3,6,12
"Adar",18,13,89,47,36,47,36,42,34,23,30,27
"Ube2q1",41,21,165,159,89,94,80,80,48,55,90,84
"She",2,2,11,2,13,6,11,9,3,4,4,9
"Il6ra",49,31,103,50,177,252,143,193,115,103,114,109
"Atp8b2",13,15,41,52,47,63,28,42,21,23,39,31
"Hax1",57,54,362,326,249,261,194,242,132,131,195,219
"Ubap2l",78,69,288,236,321,398,294,348,195,167,272,250
"4933434E20Rik",61,44,228,150,126,169,147,148,110,68,172,127
"1700094D03Rik",11,7,34,33,27,31,29,29,35,20,31,36
"Tpm3",897,637,3010,2198,3277,4662,3586,3645,2513,2086,2929,2465
"Nup210l",18,11,8,7,33,43,44,35,17,16,50,21
"Rps27",4123,2936,13635,10024,11639,13972,9134,10771,8975,7341,8890,8322
"Rab13",35,12,130,145,151,156,111,134,65,64,111,114
"Jtb",128,96,819,575,417,475,355,453,264,224,429,462
"Slc39a1",353,305,1094,846,812,931,550,712,443,402,709,731
"Crtc2",58,37,230,158,141,149,113,113,91,100,135,115
"Dennd4b",13,1,33,22,26,27,21,26,9,16,19,25
"Gatad2b",23,25,32,35,95,90,77,97,59,63,84,95
"Slc27a3",24,13,58,61,54,82,49,56,22,25,50,49
"Ints3",10,19,71,76,51,50,34,82,39,40,57,49
"Npr1",59,58,310,250,231,313,203,320,137,126,171,179
"Ilf2",90,63,309,256,302,359,387,375,222,178,232,244
"Snapin",104,83,364,313,281,342,340,375,203,161,258,277
"2500003M10Rik",138,114,690,477,505,621,443,538,338,288,399,393
"S100a1",176,118,1081,866,519,629,508,582,384,326,530,576
"S100a13",619,470,5466,4315,3280,3837,2489,3172,1679,1439,2486,2296
"S100a14",2,1,6,1,5,2,2,4,3,2,4,9
"S100a16",611,537,2878,2458,2347,2581,1587,2071,952,918,2022,1871
"S100a3",0,2,48,26,10,11,9,16,5,6,14,10
"S100a4",479,205,7257,7259,2454,1866,1317,1393,1050,896,2017,1810
"S100a5",76,44,258,572,407,91,130,115,120,121,136,95
"S100a6",7782,5368,69243,55897,40997,42816,31713,33987,21573,17352,28519,27392
"S100a8",21,16,637,134,31,25,607,116,246,30,23,8
"S100a9",5,9,757,133,37,24,545,89,238,30,18,10
"Lor",0,1,6,5,8,7,5,5,4,1,6,9
"Sprr1a",2,8,9,17,13,0,0,2,0,24,2,5
"Tchh",5,3,26,13,24,23,20,30,17,14,27,14
"S100a11",1941,1369,10406,8432,8630,9940,6999,8077,3988,3914,7115,6641
"S100a10",2334,1530,13074,12089,10354,10660,6956,8257,4308,3955,8971,8986
"Them4",9,10,61,55,28,43,37,51,32,16,41,37
"Tdrkh",4,5,17,19,18,15,12,8,16,7,11,15
"Mrpl9",34,20,177,146,133,154,117,132,102,73,114,104
"Riiad1",4,5,17,19,36,37,17,23,9,10,20,18
"Snx27",36,22,94,95,137,149,115,130,79,59,106,101
"Tuft1",5,7,16,21,9,15,16,11,7,10,11,8
"Pogz",16,8,62,43,54,52,40,36,35,30,26,40
"Psmb4",212,167,1540,1273,989,1117,933,1064,532,483,778,812
"Selenbp1",74,51,155,187,259,414,351,438,196,152,259,203
"Rfx5",8,7,61,45,27,44,25,59,22,22,37,31
"Pi4kb",9,10,34,42,39,47,51,44,22,19,36,41
"Zfp687",25,23,140,95,95,102,88,93,53,69,86,113
"Psmd4",168,105,913,718,671,762,606,766,380,312,565,538
"Pip5k1a",34,13,89,75,114,123,109,141,55,61,108,125
"Vps72",47,41,226,217,145,204,137,154,101,88,135,157
"Scnm1",27,28,116,141,96,110,112,117,52,39,94,92
"Lysmd1",3,2,16,26,9,14,6,12,9,4,10,12
"Tnfaip8l2",0,0,4,3,5,1,2,15,0,6,8,1
"Gabpb2",11,9,81,62,76,74,66,83,53,37,53,52
"Mllt11",11,9,37,47,32,34,26,64,25,27,26,34
"Cdc42se1",88,55,310,249,289,320,269,297,175,148,260,252
"Prune",8,2,45,34,22,22,33,29,16,17,32,25
"Fam63a",27,26,132,118,85,67,57,82,38,36,59,72
"Anxa9",0,2,6,7,5,7,3,5,1,1,3,1
"Lass2",137,108,670,619,534,590,491,629,321,300,437,467
"Setdb1",7,3,33,26,34,24,24,22,12,12,22,18
"Arnt",68,54,357,271,228,261,210,262,169,163,199,230
"Ctsk",397,330,2363,2166,1220,1226,1470,1563,665,702,1248,1390
"Ctss",2,2,42,54,28,23,26,69,35,15,24,20
"Golph3l",8,6,48,66,35,53,38,38,23,14,33,44
"Ensa",65,45,254,229,222,263,191,214,146,130,200,165
"Mcl1",462,350,2562,1776,1651,1818,1290,1567,987,950,1441,1330
"Adamtsl4",76,54,193,199,249,291,178,280,109,123,171,179
"Ecm1",949,670,5187,4856,3291,4377,4683,5543,2331,1968,2260,2437
"Tars2",8,6,32,37,23,30,22,33,14,15,21,28
"Rprd2",32,12,61,44,55,66,49,60,40,27,64,63
"Prpf3",13,10,50,39,47,55,38,56,21,19,36,44
"Mrps21",197,150,1001,909,656,743,507,679,318,298,666,685
"Gm129",2,3,6,2,3,2,6,9,2,2,0,1
"BC028528",0,0,1,5,2,8,4,2,2,9,13,6
"Aph1a",81,56,353,319,217,240,204,268,154,131,207,222
"Anp32e",93,66,376,301,404,430,452,443,222,187,266,310
"Plekho1",10,6,31,21,20,18,11,21,13,3,17,24
"Vps45",10,13,36,54,41,56,43,50,23,16,40,38
"Otud7b",39,33,117,103,154,148,117,155,92,76,122,144
"Mtmr11",77,49,206,171,204,213,151,200,127,99,177,169
"Sf3b4",89,63,347,270,300,358,278,323,176,156,186,214
"Sv2a",2,2,3,1,4,3,3,4,3,2,4,5
"Bola1",39,21,223,180,117,129,118,120,68,62,104,107
"Hist2h2ac",2,0,3,4,10,6,2,1,1,1,2,5
"Hist2h3c2",2,0,3,4,7,1,2,4,0,2,5,7
"Hist2h2aa1",62,48,168,132,127,162,99,141,67,56,190,159
"Hist2h3c1",3,2,5,5,2,11,2,6,5,3,10,5
"Gm15441",0,0,16,6,6,9,5,4,3,4,7,5
"Txnip",303,215,1511,1301,1014,1231,1336,1596,965,647,979,1228
"Polr3gl",45,48,175,185,179,181,164,190,117,83,171,144
"Lix1l",44,43,330,286,156,160,99,155,95,87,167,179
"Rbm8a",196,156,886,705,771,919,819,790,469,428,523,623
"Pex11b",17,33,115,142,79,78,88,103,54,52,71,84
"Itga10",16,15,112,83,31,28,22,24,29,22,45,34
"Ankrd35",7,9,20,15,12,19,20,23,12,8,18,22
"Pias3",24,10,61,86,61,66,72,81,45,37,54,72
"Nudt17",1,3,7,9,9,5,3,2,3,0,9,8
"Polr3c",8,3,16,11,9,16,11,9,11,11,11,10
"Rnf115",59,47,154,135,158,231,140,194,115,115,124,131
"Gpr89",11,7,57,42,28,56,28,32,23,17,36,43
"Acp6",17,14,45,43,41,59,58,51,45,30,42,42
"Chd1l",10,4,54,31,29,35,36,55,23,23,33,35
"Fmo5",17,15,54,57,82,82,76,91,51,28,55,32
"Prkab2",26,12,66,41,94,108,76,97,50,64,89,84
"Pde4dip",12,7,60,58,39,39,25,56,20,20,45,59
"Sec22b",73,73,459,452,345,397,317,344,193,164,314,385
"Notch2",153,165,323,388,400,471,350,442,269,262,312,359
"Hmgcs2",18,8,65,40,25,25,73,51,43,23,30,18
"Phgdh",51,30,308,278,168,197,198,196,109,65,163,176
"Zfp697",0,1,15,10,0,3,4,5,6,1,2,2
"Wars2",4,1,20,18,22,28,16,24,17,19,21,20
"Tbx15",87,59,298,231,224,364,308,294,193,175,237,202
"Wdr3",14,10,53,42,41,33,34,51,24,19,33,35
"Gdap2",18,14,56,58,44,61,53,61,22,29,35,45
"Fam46c",2,3,16,21,16,24,43,36,27,19,11,29
"Man1a2",58,44,178,158,186,241,197,231,118,97,175,203
"Trim45",2,1,8,6,4,8,12,10,6,1,10,12
"Ttf2",7,2,19,12,12,10,6,13,8,1,2,6
"Ptgfrn",126,96,668,641,473,453,278,370,169,137,335,425
"Cd2",1,3,3,4,7,10,2,16,10,14,22,8
"Igsf3",100,59,123,95,194,284,190,214,107,124,266,221
"Atp1a1",232,162,1150,826,780,955,751,751,524,398,623,558
"Slc22a15",7,4,32,25,26,44,31,32,26,25,22,29
"Casq2",6,7,3,0,3,0,4,4,4,2,2,3
"Vangl1",12,7,25,25,34,41,32,43,32,12,43,30
"Ngf",73,55,310,217,415,329,268,261,111,154,176,132
"Tspan2",9,10,21,25,43,42,13,24,14,30,46,55
"Sike1",27,31,118,127,96,107,84,108,75,49,100,84
"Csde1",251,190,882,744,803,934,764,851,478,426,671,648
"Nras",191,172,715,492,532,712,509,553,351,316,535,528
"Ampd1",4,4,3,6,8,14,4,10,8,3,9,6
"Dennd2c",3,1,5,5,7,7,3,9,4,4,2,3
"Bcas2",111,82,490,426,432,474,366,408,253,208,328,359
"Trim33",20,14,52,38,64,47,40,45,31,20,43,45
"Atg4a",12,18,18,29,32,45,33,33,16,14,19,31
"Olfml3",401,320,1938,2123,1101,1251,1215,1475,678,646,1532,2035
"Hipk1",83,48,337,234,240,201,187,199,120,109,201,184
"Dclre1b",12,12,47,43,25,23,18,22,27,14,18,28
"Ap4b1",7,6,35,35,28,35,27,35,22,17,21,22
"Ptpn22",0,1,2,4,3,4,2,6,7,3,6,2
"Rsbn1",52,41,174,137,217,201,229,289,130,131,161,183
"Phtf1",13,26,62,84,75,67,64,76,31,35,67,80
"Magi3",35,30,56,39,80,90,71,72,62,45,74,82
"Lrig2",13,5,41,36,40,50,28,52,27,20,32,35
"Slc16a1",129,98,667,341,421,464,363,421,236,241,404,383
"Ppm1j",4,3,16,9,11,14,6,12,1,12,12,8
"Rhoc",628,453,3776,2721,2641,3185,2637,3191,1531,1535,1954,2054
"Mov10",4,3,21,22,12,17,14,23,11,5,15,16
"Capza1",81,57,319,278,228,291,178,245,125,133,195,240
"St7l",35,26,140,111,110,139,96,114,70,62,90,114
"Cttnbp2nl",36,23,163,119,105,140,123,166,77,70,123,93
"Ddx20",8,2,15,21,12,23,22,30,20,15,19,16
"Rap1a",372,256,1274,1189,1463,1649,1540,1703,815,729,1172,1303
"Atp5f1",265,206,1394,1327,1181,1357,1196,1298,766,560,997,1014
"Wdr77",22,21,160,101,75,101,67,65,35,29,57,54
"Chi3l3",0,0,18,13,0,1,25,4,7,0,3,1
"Cept1",57,29,191,201,152,172,169,193,87,85,147,155
"Dram2",38,31,147,147,107,139,96,140,82,78,134,117
"4933421E11Rik",19,20,34,27,55,60,40,55,41,44,34,50
"Cd53",2,5,19,24,11,23,22,32,16,13,28,18
"Kcna2",2,0,5,8,3,9,5,12,11,2,14,14
"Hbxip",145,99,798,712,535,578,490,551,305,226,494,551
"Slc16a4",2,0,5,0,2,2,0,0,3,0,2,9
"Rbm15",35,39,116,61,91,114,97,83,62,54,79,88
"Fam40a",26,22,71,66,59,57,55,62,35,32,49,76
"Ahcyl1",97,71,513,373,315,334,252,307,157,148,273,252
"Csf1",373,280,2140,1138,1077,1360,1153,1185,664,701,995,775
"4933431E20Rik",4,1,10,18,4,9,5,7,3,3,15,3
"Gstm5",164,75,498,507,505,558,397,493,218,205,390,417
"Gstm7",3,2,20,17,9,18,15,17,11,12,17,19
"Gstm6",2,2,7,12,13,16,8,14,4,5,7,16
"Gstm2",214,145,870,785,801,972,715,916,475,420,611,576
"Gstm1",1186,829,5378,4503,5359,6901,5847,6650,3388,2735,4049,3191
"Gstm4",15,14,76,72,69,69,52,62,27,37,52,45
"Ampd2",19,14,102,90,55,70,57,68,30,36,54,57
"Gnai3",174,123,599,570,530,577,488,609,315,300,467,397
"Amigo1",9,7,56,43,31,37,29,29,10,19,23,35
"Cyb561d1",1,1,14,11,3,8,6,11,1,3,9,2
"Atxn7l2",8,3,13,7,12,12,12,21,7,6,11,15
"Psma5",148,112,783,666,549,635,629,692,335,294,453,474
"Sort1",6,6,35,27,11,22,19,36,15,9,16,24
"Psrc1",4,2,4,3,1,1,0,1,2,2,2,7
"Celsr2",3,3,2,2,1,3,1,1,5,1,3,3
"Sars",71,39,256,270,240,274,265,263,123,112,235,237
"Tmem167b",49,56,197,164,141,186,136,144,103,85,133,133
"Taf13",47,33,130,138,146,196,149,146,71,67,148,134
"Wdr47",5,2,13,21,15,18,15,14,12,8,10,15
"Clcc1",44,30,152,167,189,202,207,231,117,88,155,152
"Gpsm2",14,17,70,79,68,79,65,77,28,33,67,56
"Stxbp3a",44,26,139,131,164,189,177,189,93,84,136,129
"Prpf38b",81,62,274,202,331,322,298,373,171,160,216,244
"Fam102b",150,98,831,474,451,528,367,478,304,251,388,462
"Slc25a24",50,27,118,130,152,149,131,146,83,55,107,112
"Vav3",9,8,53,31,27,39,43,42,17,34,36,36
"Ntng1",21,7,8,5,14,20,12,16,8,10,30,26
"Prmt6",10,5,62,33,40,44,33,37,22,26,36,27
"Amy1",14,13,201,177,65,105,221,251,88,89,74,74
"Rnpc3",26,21,94,82,83,94,92,124,63,46,57,70
"Col11a1",107,64,191,239,175,119,96,100,61,81,374,394
"S1pr1",20,13,60,38,48,64,42,40,24,36,36,35
"A930005H10Rik",12,9,43,34,15,28,38,29,20,16,23,28
"Dph5",10,6,71,30,33,39,30,49,13,11,30,26
"Slc30a7",31,20,155,123,97,96,89,114,56,60,84,77
"Extl2",17,16,105,78,78,67,79,84,32,34,51,67
"Vcam1",130,71,406,319,376,390,346,454,215,192,381,269
"Cdc14a",12,10,45,39,18,28,34,42,35,15,23,11
"Rtcd1",47,36,177,134,157,137,122,133,74,54,80,141
"Dbt",11,14,50,46,52,51,27,38,24,22,30,39
"Ccdc76",9,3,14,12,25,20,18,21,12,12,15,22
"Sass6",4,1,3,10,8,10,4,9,9,2,6,12
"Hiat1",110,83,310,207,296,348,282,314,178,169,207,226
"Slc35a3",3,2,14,9,12,16,10,13,6,3,7,13
"Agl",15,15,48,40,32,39,34,50,18,59,31,32
"Frrs1",8,4,37,28,23,28,31,25,13,13,17,14
"Palmd",34,9,48,41,69,65,31,38,27,34,40,27
"D3Bwg0562e",2,2,4,3,1,1,4,5,2,1,17,15
"Snx7",85,57,339,288,260,293,243,293,164,122,237,225
"Dpyd",12,2,77,47,26,35,57,60,30,43,19,15
"Ptbp2",24,13,82,55,81,69,55,49,35,44,52,42
"Rwdd3",3,0,2,7,5,7,12,8,4,6,6,6
"Tmem56",8,14,18,16,23,24,20,17,11,11,34,19
"Alg14",18,23,110,107,81,88,53,79,27,32,61,76
"Cnn3",472,359,1610,1414,1177,1363,1278,1405,899,749,1333,1239
"Slc44a3",1,1,5,3,7,7,2,4,3,4,5,0
"A730020M07Rik",7,6,34,24,30,32,31,20,4,16,20,18
"F3",415,261,1303,1403,1442,1650,1993,2361,1072,864,1102,1274
"Abcd3",30,19,107,104,82,91,78,98,44,35,87,99
"Arhgap29",29,29,154,126,137,135,145,163,75,69,113,120
"Gclm",80,48,157,121,242,339,264,230,212,218,211,203
"Dnttip2",125,85,444,231,466,624,621,628,359,247,391,406
"Bcar3",2,3,3,2,12,5,10,7,3,5,6,24
"Fnbp1l",5,10,35,26,28,35,21,36,17,16,34,34
"Pde5a",6,4,15,19,24,23,12,16,8,13,21,16
"1810037I17Rik",385,268,2255,1481,1435,1764,1371,1604,1020,891,1209,1153
"Usp53",4,3,8,6,12,12,19,17,13,8,16,13
"Synpo2",0,4,19,8,8,11,9,11,6,9,5,6
"Sec24d",106,86,471,424,328,319,284,337,165,159,295,283
"Mettl14",3,2,28,14,16,18,6,19,14,14,9,10
"Prss12",64,49,151,198,258,262,145,154,49,78,230,270
"Snhg8",285,213,1568,1207,1436,1597,1039,1166,965,719,1032,965
"Arsj",8,11,37,32,33,35,30,41,16,17,38,30
"Camk2d",84,65,332,211,230,280,248,330,236,174,215,201
"Ank2",37,35,97,108,143,144,99,123,51,57,131,137
"Larp7",61,44,209,188,281,302,261,275,177,154,191,195
"4930422G04Rik",1,0,2,2,5,6,4,7,4,3,3,2
"Alpk1",3,4,7,4,6,9,11,12,6,0,2,7
"Tifa",71,35,255,161,259,406,397,347,373,221,181,140
"Ap1ar",23,16,52,40,70,48,51,72,44,34,55,48
"5730508B09Rik",17,13,60,47,23,36,34,43,16,23,21,25
"Enpep",33,34,244,168,198,214,156,164,87,64,136,96
"Elovl6",47,39,149,89,95,95,62,104,38,39,92,112
"Gar1",90,63,553,283,262,326,247,240,166,142,188,206
"Pla2g12a",75,42,313,245,193,218,193,218,108,105,185,209
"Casp6",8,5,50,56,47,52,36,51,22,16,38,37
"Ccdc109b",46,18,184,176,115,196,138,184,78,71,81,122
"Sec24b",29,19,145,93,99,123,89,92,69,54,83,75
"Ostc",200,170,1529,1551,965,973,807,920,363,389,858,912
"Rpl34",180,143,246,194,258,335,182,201,199,136,259,191
"Rpl34-ps1",402,272,249,212,347,500,188,234,292,208,396,345
"Hadh",71,49,244,256,252,280,326,317,165,161,227,212
"Cyp2u1",2,1,4,2,2,8,4,4,4,1,8,4
"Sgms2",98,48,265,203,248,300,155,141,115,99,234,222
"Papss1",69,40,235,234,234,300,227,288,114,133,199,213
"Dkk2",154,114,222,200,354,244,196,268,141,127,306,249
"Aimp1",61,32,399,387,301,420,294,311,197,160,269,267
"Tbck",3,1,2,0,10,8,4,4,6,1,4,5
"Gstcd",3,0,7,0,4,5,9,3,3,4,7,3
"Ints12",21,15,77,69,54,70,66,72,48,28,60,55
"Ppa2",60,30,252,228,206,238,163,202,120,113,164,161
"Tet2",17,18,57,40,58,44,32,48,12,20,32,41
"Cxxc4",1,1,1,2,8,6,5,4,3,1,3,9
"Bdh2",75,46,231,228,275,325,261,293,162,133,233,227
"Nhedc2",9,3,15,18,13,8,5,5,9,7,8,6
"Cisd2",107,89,691,566,425,449,348,474,236,237,352,397
"4930539J05Rik",1,0,10,4,2,9,4,5,6,0,3,1
"Ube2d3",1182,853,4476,2957,3531,4348,3461,3678,2445,2172,2810,2697
"Manba",23,18,82,97,79,78,56,90,47,32,58,51
"Nfkb1",330,254,1602,878,1318,1360,946,1099,758,692,803,634
"Slc39a8",8,6,28,20,18,30,30,24,17,12,21,13
"Bank1",0,0,1,2,0,4,2,5,4,2,8,3
"Ppp3ca",134,93,324,237,424,424,337,335,192,179,337,397
"Emcn",22,10,60,37,45,96,49,49,29,47,45,45
"Ddit4l",3,3,14,19,20,23,24,25,6,6,24,43
"H2afz",824,508,3484,2412,2783,3694,2711,2724,1722,1666,2271,2221
"Dnajb14",16,12,60,60,68,64,55,61,35,26,36,66
"Lamtor3",121,97,637,490,402,457,332,384,206,210,305,368
"Dapp1",3,0,12,9,6,16,11,15,5,2,19,14
"Mttp",5,2,10,8,11,13,10,8,5,5,17,19
"Rg9mtd2",6,12,64,32,46,50,40,43,12,18,35,26
"Adh7",11,9,88,76,57,90,64,105,49,39,37,41
"Adh1",106,67,764,436,290,464,352,362,261,199,360,251
"Adh5",58,34,290,292,291,301,277,298,139,118,192,217
"Metap1",20,18,132,108,108,126,104,138,53,59,65,71
"Eif4e",277,206,1262,772,1030,1275,1045,1204,609,560,774,681
"Tspan5",58,37,239,201,162,241,199,241,109,109,139,143
"Rap1gds1",30,16,162,117,111,98,69,85,72,65,90,92
"Bmpr1b",6,4,22,6,13,11,2,13,5,9,18,20
"Pdlim5",98,65,288,248,338,288,272,346,160,168,221,229
"Gbp5",36,37,49,43,72,100,122,188,63,97,63,96
"Gbp7",46,34,147,93,132,158,143,187,99,126,127,149
"Gbp3",38,38,133,81,99,116,81,132,56,104,113,86
"Gbp2",208,212,517,286,619,867,743,862,409,511,499,376
"Ccbl2",0,0,10,19,11,16,8,17,9,5,5,13
"Gtf2b",46,34,206,164,168,238,262,243,125,99,130,170
"Pkn2",107,85,281,219,423,443,396,433,242,237,345,316
"Lmo4",349,236,956,626,933,1051,805,953,616,527,573,665
"Hs2st1",31,20,133,114,77,72,89,101,44,38,75,84
"Sep15",998,726,4989,4548,3949,4203,3558,4123,2180,2032,3191,3544
"Sh3glb1",405,322,2099,1626,1717,2016,1562,1861,1170,961,1482,1347
"Clca2",4,1,0,0,0,1,0,0,0,0,12,0
"Odf2l",4,4,25,16,28,27,22,29,19,10,17,19
"Col24a1",3,1,8,5,1,2,2,1,5,2,6,2
"Znhit6",28,28,187,135,101,114,93,137,81,80,106,112
"Cyr61",1438,1176,4005,5563,3448,5273,5459,7263,3494,3432,3928,3571
"Ddah1",20,10,34,40,50,48,26,46,48,37,106,88
"Bcl10",338,217,1392,940,1053,1322,1140,1187,700,670,1038,1020
"2410004B18Rik",48,32,222,168,144,161,124,164,96,90,128,139
"Syde2",14,6,49,36,37,39,31,47,32,25,22,40
"Mcoln2",34,26,353,131,155,156,115,184,115,95,74,65
"Lpar3",6,6,47,27,17,26,13,21,23,8,36,40
"Ssx2ip",14,8,62,43,50,58,48,60,38,27,41,49
"Ctbs",12,10,39,46,57,54,64,60,45,32,27,44
"Spata1",3,1,7,1,8,11,9,14,11,5,6,13
"Gng5",734,499,4757,3645,2879,3008,2128,2697,1579,1485,2244,2358
"Rpf1",33,29,163,111,120,152,168,143,78,79,113,105
"Prkacb",39,40,152,154,158,169,119,153,80,69,120,133
"Ttll7",1,2,1,1,3,5,5,5,5,3,0,2
"Lphn2",25,11,71,67,58,72,43,49,33,35,67,73
"Eltd1",9,7,59,40,30,65,27,22,23,31,14,34
"Ifi44",1,2,15,5,7,11,3,5,1,8,8,8
"Ptgfr",6,10,35,37,29,42,34,44,27,17,40,25
"Dnajb4",218,175,901,906,973,1076,1130,1247,546,501,663,800
"Fubp1",103,61,319,257,348,364,250,355,248,168,256,260
"Nexn",19,20,30,25,65,50,55,60,28,24,52,58
"Fam73a",1,2,6,6,10,13,2,8,4,5,2,6
"Usp33",29,24,92,92,92,90,81,84,38,52,64,69
"Zzz3",28,33,139,111,134,157,107,121,86,58,101,114
"Ak5",2,6,1,4,3,10,1,4,1,4,6,7
"Pigk",53,49,228,234,206,230,197,244,99,97,183,205
"St6galnac5",0,1,12,7,2,5,10,8,6,6,3,1
"Rabggtb",63,46,447,326,286,302,263,329,189,164,241,310
"Acadm",60,53,212,219,238,310,260,290,154,129,233,218
"Lhx8",4,1,4,7,2,2,0,4,2,3,16,7
"Tyw3",0,1,5,10,6,10,3,8,4,0,4,1
"Cryz",21,13,79,99,66,57,62,74,43,38,35,48
"Fpgt",5,3,23,25,31,30,33,41,19,13,23,20
"4930570G19Rik",1,0,8,9,1,8,8,5,1,2,13,8
"Negr1",18,10,24,33,72,79,57,65,21,28,56,62
"Zranb2",60,60,245,199,249,293,238,279,176,174,214,186
"Ptger3",3,1,11,6,13,11,10,6,9,4,11,4
"Ankrd13c",20,22,119,84,75,79,59,66,40,49,63,70
"Srsf11",191,155,646,504,732,802,847,879,479,409,610,604
"Lrrc40",13,8,26,27,20,35,23,31,23,22,18,38
"Wls",130,112,407,438,502,526,485,550,263,223,371,390
"Tmem68",27,10,77,71,58,64,70,88,42,49,70,71
"Tgs1",15,13,47,36,68,95,77,109,42,34,66,76
"Lyn",6,7,30,48,35,34,28,39,33,19,29,26
"Rps20",2057,1536,32228,22885,14883,15700,9048,12052,9115,7417,10910,10561
"Chchd7",98,55,468,294,293,352,234,273,180,164,183,188
"Penk",133,84,1425,872,390,636,1646,1586,1058,837,324,400
"Impad1",23,15,68,47,63,81,60,82,44,34,57,62
"Fam110b",10,9,41,52,40,46,55,53,35,24,40,43
"Ubxn2b",11,8,56,37,31,46,39,53,34,29,38,29
"Sdcbp",396,311,2054,1541,1406,1614,1321,1553,964,775,1109,1037
"Nsmaf",41,20,137,101,127,120,102,86,83,66,83,73
"Tox",16,11,22,12,35,28,27,36,25,31,30,21
"8430436N08Rik",0,4,13,8,14,11,12,12,4,4,16,12
"Car8",47,41,205,162,263,362,282,360,164,181,175,170
"Rab2a",389,309,1908,1640,1460,1553,1340,1584,781,753,1326,1363
"Chd7",10,6,12,8,9,13,15,17,11,6,7,14
"Asph",82,59,309,253,261,285,277,303,166,134,210,205
"4930412C18Rik",3,1,3,3,5,6,4,4,4,3,3,1
"Gdf6",3,1,13,9,4,14,6,29,6,3,4,5
"2610301B20Rik",15,7,39,61,38,45,39,54,34,25,35,41
"Plekhf2",39,27,101,91,111,131,109,131,85,73,102,114
"2310030N02Rik",15,4,46,28,23,36,29,43,12,11,20,30
"Trp53inp1",6,10,59,40,21,28,11,29,16,21,20,21
"Ints8",17,14,46,58,61,90,82,106,50,39,53,50
"Dpy19l4",1,5,6,3,10,15,6,8,3,4,11,11
"1110037F02Rik",8,10,55,47,62,85,41,48,34,29,56,38
"Gem",1108,750,4808,4003,3892,5193,5028,5259,3060,2701,3729,3681
"Pdp1",12,12,59,46,30,46,46,45,33,22,32,37
"1700123M08Rik",0,2,6,4,7,7,11,9,3,5,2,4
"Tmem67",11,7,23,28,24,27,41,29,15,10,21,21
"C430048L16Rik",7,5,41,23,30,26,23,35,20,11,23,22
"Rbm12b",5,3,23,21,21,21,12,12,8,8,12,15
"Fam92a",81,48,527,386,323,339,277,313,154,146,268,294
"Gm11818",17,10,52,67,61,76,83,84,36,37,67,51
"Runx1t1",80,75,227,217,188,278,233,308,171,154,251,203
"Otud6b",25,14,95,83,66,98,61,86,45,48,54,68
"Tmem55a",43,19,156,152,124,138,93,111,71,80,101,138
"Gm11837",21,13,39,31,37,52,64,53,34,23,24,32
"Necab1",3,7,7,9,12,15,11,10,9,8,14,20
"Tmem64",25,23,99,84,84,96,82,80,61,42,93,86
"Decr1",41,37,169,189,174,171,194,199,91,70,137,123
"Nbn",23,9,55,41,49,54,43,76,28,27,43,38
"Osgin2",13,15,54,36,44,55,50,51,32,24,43,42
"Ripk2",33,20,89,47,93,90,68,92,61,57,66,60
"Mmp16",3,5,5,8,14,17,11,5,10,7,21,33
"Cpne3",81,79,227,189,284,364,296,323,193,154,245,262
"Fam82b",12,4,43,50,43,46,31,47,26,22,42,35
"Wwp1",46,27,60,64,138,132,105,136,65,77,111,109
"Ggh",161,130,631,570,616,678,660,697,357,314,459,564
"Ccnc",16,18,77,87,80,79,66,67,57,37,66,79
"2610029I01Rik",3,4,30,22,13,32,25,37,12,10,11,23
"Usp45",11,6,65,50,26,34,42,49,30,18,29,43
"Sfrs18",94,68,239,177,379,407,430,500,264,248,330,359
"Coq3",12,2,19,30,17,17,16,14,11,8,10,19
"6230409E13Rik",5,0,24,21,5,10,5,12,7,4,16,6
"Fbxl4",21,13,53,43,58,57,60,61,30,28,59,43
"Mms22l",2,2,3,3,5,6,4,0,3,1,2,3
"Ndufaf4",45,30,204,127,148,167,132,159,89,82,107,131
"1810074P20Rik",30,14,90,94,135,123,143,157,69,45,91,103
"Manea",16,18,69,65,64,63,44,65,32,26,63,66
"Epha7",4,3,15,8,22,14,11,10,10,14,24,34
"Map3k7",30,16,124,107,90,91,78,73,30,40,79,71
"Bach2",7,9,31,20,28,32,22,25,16,14,23,18
"Casp8ap2",16,11,41,23,59,81,67,54,39,40,60,64
"Mdn1",13,16,61,50,50,45,33,30,30,25,38,37
"Lyrm2",39,27,179,166,113,130,97,120,58,55,101,138
"Ankrd6",1,2,3,0,5,5,2,6,1,4,0,1
"Rragd",6,4,21,8,21,10,16,20,5,10,22,8
"4933421O10Rik",15,8,59,54,33,32,38,28,19,29,35,44
"Ube2j1",153,113,687,475,533,651,488,543,323,298,407,403
"Gabrr2",0,1,8,2,1,2,6,1,4,4,3,1
"Pnrc1",876,581,2761,2176,3018,3704,3079,3440,2020,1831,2462,2549
"Rngtt",20,8,70,63,50,72,73,80,35,26,52,55
"Cnr1",11,6,69,41,11,55,43,39,32,31,38,14
"Spaca1",2,2,18,21,3,8,14,11,3,3,2,8
"Akirin2",102,77,372,351,251,291,236,312,163,163,297,349
"Orc3",17,5,64,62,57,53,52,63,37,29,48,39
"Rars2",6,5,33,41,23,27,24,36,16,6,29,27
"Slc35a1",36,28,196,173,138,177,144,184,77,90,132,181
"1810030N24Rik",22,12,90,74,68,78,74,74,31,33,65,68
"Zfp292",16,12,37,40,63,68,60,98,48,31,57,73
"Mob3b",5,4,8,11,8,12,12,13,8,3,18,15
"3110043O21Rik",17,6,55,49,38,39,47,41,23,18,28,34
"Aco1",16,15,96,89,91,91,89,119,43,42,73,71
"Ddx58",19,15,84,65,83,111,76,82,64,51,102,70
"Topors",65,53,148,117,174,257,209,198,111,92,164,169
"2010003O02Rik",106,64,420,357,303,354,218,254,159,146,316,277
"Ndufb6",164,128,944,693,737,777,634,682,358,286,565,603
"Aptx",18,9,64,76,45,54,50,72,24,31,57,57
"Dnaja1",1314,1031,5370,4335,4648,7147,6518,6817,2878,2884,3790,4367
"Smu1",54,31,205,221,239,228,278,307,139,109,170,189
"B4galt1",202,150,609,482,500,599,430,536,314,261,395,464
"Bag1",256,219,1501,1216,983,1060,871,1070,495,509,756,835
"Chmp5",132,77,516,518,477,523,442,525,253,221,417,414
"Nfx1",19,10,32,32,57,52,49,50,37,29,48,62
"Aqp7",8,4,19,24,16,34,24,26,14,17,8,20
"Nol6",5,4,62,39,27,39,15,19,19,12,15,24
"Ube2r2",230,153,917,814,706,697,468,691,331,358,571,596
"Ubap2",25,19,95,83,98,90,55,73,50,41,75,78
"Dcaf12",59,46,267,230,212,145,176,184,93,93,157,162
"Ubap1",64,56,293,244,236,317,258,291,164,155,207,192
"Nudt2",12,10,101,112,74,83,54,94,36,49,71,69
"AI464131",6,4,21,20,12,22,15,26,9,8,18,25
"2310028H24Rik",2,3,21,9,15,11,3,11,4,9,19,6
"Enho",11,12,47,29,42,47,35,35,29,25,46,52
"Cntfr",133,104,448,342,286,378,317,432,228,228,330,341
"2810432D09Rik",21,13,162,143,90,88,90,106,70,60,89,91
"Dctn3",123,102,705,600,503,528,460,501,241,229,394,365
"Sigmar1",57,45,447,369,249,289,243,271,137,121,180,188
"Galt",36,18,114,81,85,106,74,114,55,51,66,69
"Il11ra1",862,536,3876,3227,2812,3158,2537,3325,1772,1556,2532,3072
"Ccl27a",38,25,129,94,86,105,69,82,36,47,90,81
"Gm13308",2,1,21,12,15,5,9,6,5,5,4,1
"Gm13298",2,7,11,24,20,14,15,11,6,12,11,0
"Ccl19",168,134,2619,1038,925,688,1247,970,632,1024,444,395
"Dnajb5",33,26,123,112,78,119,85,96,52,40,85,81
"Vcp",262,229,1139,1036,1125,1375,1083,1333,591,503,887,929
"Fancg",3,5,4,6,4,11,5,8,8,5,9,13
"Pigo",3,5,15,18,15,15,8,20,9,7,9,7
"Stoml2",77,47,349,333,227,214,190,231,122,123,197,201
"B230312A22Rik",29,22,72,76,80,84,54,68,40,37,91,79
"Unc13b",2,2,7,3,3,8,3,7,3,2,1,5
"Rusc2",45,31,239,206,148,186,116,150,94,95,116,103
"Tesk1",20,19,117,74,57,81,43,46,23,38,54,50
"Cd72",0,0,2,3,8,3,3,11,6,2,8,5
"Sit1",6,1,10,4,10,9,7,11,8,3,13,10
"Ccdc107",74,67,316,271,244,282,243,239,121,126,236,224
"Tpm2",100,82,292,257,159,214,190,180,144,111,222,166
"Tln1",87,76,385,284,353,408,280,343,157,173,246,275
"Creb3",50,46,241,250,214,219,175,194,100,94,191,198
"Gba2",7,1,14,19,16,11,10,14,11,10,13,9
"Rgp1",7,6,37,26,30,25,19,30,13,11,30,25
"Npr2",34,24,116,125,107,107,65,108,46,55,89,92
"Hint2",58,48,228,203,176,173,187,192,118,94,163,160
"Tmem8b",4,3,11,9,14,11,6,10,9,5,14,8
"Hrct1",22,11,56,52,43,59,43,39,31,41,65,50
"5430416O09Rik",9,2,20,23,16,19,16,9,9,9,17,19
"Reck",75,72,221,201,249,244,182,157,116,109,170,186
"Glipr2",113,95,408,446,397,414,371,485,179,210,373,437
"Clta",326,221,1890,1716,1444,1607,1237,1436,786,697,1076,1161
"Gne",12,13,37,55,34,36,28,39,22,12,37,43
"Gm12504",24,30,53,49,81,104,52,60,50,35,95,80
"Rnf38",18,11,68,59,59,63,31,33,25,35,62,70
"Zcchc7",36,20,99,88,150,168,169,163,102,84,114,123
"Grhpr",16,17,71,84,70,87,67,75,51,36,63,62
"Zbtb5",6,3,14,14,13,16,6,11,3,5,13,3
"Polr1e",1,1,31,25,19,20,12,19,7,3,12,9
"Fbxo10",4,9,27,28,20,15,16,17,13,3,13,12
"Tomm5",147,104,1054,842,587,588,413,474,284,234,465,490
"Rg9mtd3",3,3,24,25,19,13,17,28,16,12,18,23
"Exosc3",34,30,160,138,127,117,124,136,61,75,99,95
"Dcaf10",40,21,134,102,103,98,90,106,69,36,87,92
"Mcart1",42,48,271,242,160,173,122,181,102,99,163,160
"Shb",67,51,210,152,154,141,123,171,117,93,107,121
"Tdrd7",21,17,73,71,91,101,82,83,57,44,67,54
"Tmod1",3,0,4,6,8,14,6,2,4,4,12,8
"Tstd2",9,6,30,35,31,27,20,33,20,20,27,32
"Ncbp1",16,15,79,67,56,75,57,69,31,21,37,47
"Xpa",24,21,141,133,137,136,110,172,82,60,81,103
"5830415F09Rik",5,3,9,5,5,12,10,15,10,6,6,6
"Anp32b",218,168,1464,990,890,945,638,857,486,419,650,759
"Nans",63,43,296,308,199,199,140,219,95,105,193,173
"Anks6",2,1,7,12,11,25,10,9,5,2,6,9
"Galnt12",2,1,10,12,17,25,22,28,12,15,12,21
"Col15a1",229,214,1126,1560,751,869,705,741,281,324,1229,1221
"Tgfbr1",112,73,449,298,398,375,336,365,221,196,264,274
"Alg2",18,10,48,54,44,54,36,38,20,26,37,45
"Sec61b",437,336,3064,2912,1611,1575,1172,1434,704,624,1481,1465
"Nr4a3",3,2,7,0,6,9,7,7,7,4,3,3
"Stx17",11,12,39,59,52,49,48,55,30,32,56,52
"Erp44",164,134,800,755,606,674,669,708,325,302,567,558
"Invs",3,5,22,22,20,22,7,11,13,6,20,9
"Tex10",14,10,55,28,44,58,33,55,30,29,35,34
"5730528L13Rik",19,13,78,84,75,79,50,78,38,29,48,65
"Tmeff1",7,4,5,11,10,19,2,19,7,10,30,26
"Mrpl50",44,45,244,190,167,201,182,167,104,67,132,152
"Zfp189",5,2,17,7,6,17,17,16,7,1,8,10
"2810432L12Rik",4,6,24,26,21,32,8,26,10,10,15,30
"Rnf20",33,20,71,82,103,111,77,111,63,40,82,85
"Smc2",11,15,24,25,26,42,34,35,14,21,30,20
"Nipsnap3b",49,47,195,207,216,230,212,251,97,124,154,146
"Abca1",66,52,390,257,166,205,162,169,126,113,173,152
"Slc44a1",74,57,200,203,253,230,252,278,141,124,186,178
"Fsd1l",9,10,26,31,57,76,32,46,24,31,37,40
"Fktn",14,5,23,20,26,25,35,31,21,15,38,32
"Tmem38b",36,34,210,109,117,115,108,121,86,79,79,95
"Zfp462",52,41,71,62,154,165,107,141,94,64,135,116
"Rad23b",174,120,727,570,607,648,515,606,331,284,502,453
"Klf4",1696,1252,5114,4320,5632,7533,6701,7092,4295,3898,5521,5761
"Ikbkap",7,8,38,30,21,29,36,28,15,11,26,30
"BC026590",6,1,20,20,13,11,13,16,11,4,13,20
"Ctnnal1",13,12,9,13,32,30,25,21,20,5,21,26
"D730040F13Rik",7,3,12,9,23,19,12,10,19,14,16,26
"Epb4.1l4b",9,1,43,17,21,20,16,20,10,14,18,12
"Ptpn3",6,5,51,34,28,28,20,29,16,12,22,19
"Akap2",143,107,940,485,354,416,789,743,551,389,402,382
"Txn1",933,663,9035,6531,5821,6501,5098,5350,3908,3066,4369,4161
"Svep1",138,104,1546,1045,491,495,493,722,352,371,439,423
"Musk",7,3,50,37,17,16,30,40,17,18,11,10
"Lpar1",369,279,1034,888,1304,1373,1030,1281,668,651,1084,1210
"AI314180",26,30,125,105,103,124,90,141,92,72,111,95
"Ptgr1",24,16,157,116,92,142,85,97,38,34,79,98
"Dnajc25",102,69,392,304,344,320,286,362,170,159,279,304
"Gng10",265,169,1377,1226,920,914,793,970,522,483,883,943
"Ugcg",90,85,435,222,312,349,155,193,112,123,244,209
"Rod1",101,63,354,301,394,438,287,341,206,235,294,342
"Hsdl2",31,22,103,92,116,131,125,152,93,63,95,77
"E130308A19Rik",5,5,18,15,21,21,9,17,9,11,13,22
"1110054O05Rik",6,4,41,19,9,15,10,13,12,12,12,19
"Snx30",3,3,20,21,17,28,18,24,19,8,23,17
"Zfp37",6,7,26,27,16,19,16,38,20,20,12,23
"Slc31a2",28,26,128,130,137,128,96,131,77,69,95,72
"Fkbp15",7,6,46,31,33,29,19,28,28,15,28,24
"Slc31a1",53,37,298,196,230,241,195,229,121,116,175,174
"Cdc26",71,40,364,306,244,249,236,230,140,113,247,241
"Prpf4",13,11,54,52,48,54,63,69,35,37,41,50
"Hdhd3",3,3,5,6,3,2,6,5,1,1,2,5
"Alad",13,20,76,77,67,71,58,72,40,34,37,67
"Pole3",10,7,126,94,51,58,60,60,40,18,49,49
"Rgs3",79,61,343,232,192,235,122,154,129,94,198,220
"Zfp618",2,3,5,8,9,11,14,30,15,9,10,9
"Col27a1",39,31,206,137,106,127,70,135,62,82,94,112
"Akna",14,5,43,38,23,29,27,24,22,23,25,26
"Whrn",3,7,10,8,5,7,6,15,7,5,13,15
"Atp6v1g1",317,247,1686,1394,1243,1331,1214,1412,736,640,986,1001
"6330416G13Rik",3,5,21,18,13,10,9,11,5,12,10,7
"Tnfsf15",2,2,2,5,8,14,8,4,7,2,4,5
"Tnfsf8",4,4,5,20,11,2,1,4,4,6,5,5
"Tnc",169,146,777,702,539,478,257,321,162,253,559,559
"Pappa",13,13,63,29,59,63,43,35,22,32,50,57
"Astn2",8,6,26,20,35,33,25,30,21,16,30,44
"Trim32",13,9,37,42,44,48,53,65,32,17,37,43
"Tlr4",23,12,83,83,72,76,61,72,39,37,66,64
"Cdk5rap2",11,10,29,22,36,48,28,36,14,12,38,21
"Megf9",4,3,8,1,11,15,10,19,4,11,13,19
"Tle1",25,22,86,76,58,64,67,87,58,36,60,58
"C630043F03Rik",3,5,28,20,9,17,16,13,19,10,18,17
"Kdm4c",13,18,39,45,40,46,35,46,21,21,53,50
"3110001D03Rik",49,40,377,347,203,230,180,204,133,97,207,196
"Ptprd",49,53,205,168,143,149,155,184,162,105,120,134
"D4Bwg0951e",56,37,119,175,171,195,171,208,99,97,148,133
"Mpdz",57,38,232,181,178,225,153,175,111,80,150,161
"Nfib",334,272,901,766,1322,1379,994,1270,782,687,1119,1074
"Zdhhc21",25,14,51,64,55,53,36,45,14,32,49,42
"Frem1",3,5,11,16,9,3,4,5,1,3,11,19
"Ttc39b",25,20,115,87,106,90,101,93,66,43,75,66
"Snapc3",9,7,29,44,32,47,38,39,17,18,30,28
"Psip1",59,42,142,134,277,258,244,256,152,139,214,235
"4930473A06Rik",2,0,4,3,12,12,9,11,11,3,8,7
"Bnc2",35,26,113,80,122,117,98,120,78,77,82,106
"Cntln",34,23,53,51,114,132,112,122,66,59,101,91
"Sh3gl2",0,6,11,11,7,11,7,7,6,12,13,13
"Adamtsl1",68,51,335,274,241,264,180,250,145,142,266,263
"Rraga",100,65,351,336,368,401,391,397,193,171,265,273
"Haus6",1,1,6,4,4,11,9,3,5,5,6,4
"Plin2",59,57,407,280,241,290,549,560,254,197,201,177
"Dennd4c",23,17,101,86,76,80,66,92,48,46,64,62
"Rps6",3725,2704,20972,15963,15530,17387,13143,15266,9137,7625,12257,11515
"Acer2",5,2,9,3,6,5,6,10,3,6,2,8
"Mllt3",12,6,35,33,42,41,25,39,27,22,36,33
"BC057079",5,8,33,35,29,24,16,21,17,9,21,21
"Ptplad2",9,8,32,24,50,66,57,76,24,28,37,40
"Klhl9",51,38,181,158,140,153,153,131,86,57,155,134
"Mtap",23,15,107,117,85,90,56,73,53,45,48,56
"Cdkn2a",2,2,9,5,7,10,8,19,12,7,2,4
"Cdkn2b",2,3,26,14,9,20,19,21,22,6,14,5
"Tusc1",15,14,70,63,47,32,23,38,23,17,21,36
"5830433M19Rik",12,8,44,43,46,45,35,54,22,25,43,44
"Plaa",27,16,159,112,120,102,117,136,70,38,90,105
"Gm12657",6,6,25,21,40,40,21,31,25,19,89,71
"Ift74",14,13,62,58,76,84,58,76,48,23,71,72
"Tek",78,68,270,255,274,273,250,313,142,147,260,206
"Mysm1",22,20,64,53,73,75,86,108,62,57,65,68
"Jun",3330,1877,8441,9547,8134,12845,15328,15102,9255,7888,10581,10228
"Fggy",2,1,29,26,17,23,11,12,18,10,16,10
"Cyp2j6",25,11,98,81,82,108,124,124,57,47,59,65
"Cyp2j9",12,2,35,45,40,44,84,67,47,31,22,20
"E130114P18Rik",9,5,41,38,31,45,43,34,19,5,44,44
"Nfia",451,328,1047,970,1289,1297,1056,1215,781,631,1173,1147
"Tm2d1",131,100,596,433,410,509,404,441,264,202,347,399
"Kank4",6,6,3,12,7,11,10,1,6,4,6,8
"Usp1",29,30,118,99,106,105,106,111,79,78,79,109
"Dock7",43,37,203,124,175,195,140,157,85,77,120,105
"Atg4c",11,15,55,61,33,44,58,67,31,25,40,40
"Alg6",18,11,44,38,23,28,42,44,26,26,37,24
"Itgb3bp",20,14,81,95,69,90,68,66,32,41,71,55
"Efcab7",4,1,10,12,6,7,14,15,13,3,9,4
"Pgm2",37,38,136,124,118,151,130,135,63,61,110,105
"Ror1",4,1,8,4,2,11,8,5,10,12,7,20
"Cachd1",24,6,52,35,46,56,40,53,35,44,44,32
"Raver2",5,5,26,28,18,15,14,13,5,15,11,20
"Jak1",410,298,1346,927,1508,1574,1389,1590,831,797,1159,1116
"E130102H24Rik",10,2,26,18,29,25,19,30,23,13,22,28
"0610043K17Rik",13,7,13,6,33,45,30,39,39,31,30,33
"Ak4",8,10,47,26,26,46,22,33,16,14,30,28
"Leprot",143,111,564,562,497,563,486,564,225,216,433,447
"Lepr",54,33,97,93,175,191,129,142,113,96,80,50
"Pde4b",549,261,989,732,1414,1605,1448,1600,840,796,1289,1248
"Sgip1",3,5,28,8,26,40,30,34,29,24,21,14
"Wdr78",3,0,3,5,7,6,6,10,1,5,10,8
"Mier1",63,60,222,156,259,273,241,251,164,140,184,221
"Slc35d1",3,3,13,8,13,21,18,24,7,7,13,31
"Oma1",12,7,23,33,28,26,24,38,27,20,31,25
"Prkaa2",2,6,19,13,23,25,14,26,20,14,12,18
"Ppap2b",1321,948,6392,4477,5021,6438,6596,8261,4776,3605,3859,3709
"Usp24",25,26,136,93,86,96,68,97,52,40,68,59
"Dhcr24",23,22,42,63,55,72,42,81,33,34,42,54
"Ttc4",19,9,65,55,39,64,51,57,30,35,47,52
"Acot11",3,1,8,12,5,4,3,8,2,1,6,9
"Ssbp3",82,59,189,201,212,257,140,208,107,127,172,199
"Mrpl37",37,21,105,133,62,88,56,67,36,31,83,70
"Cyb5rl",0,3,4,8,5,3,4,3,4,4,6,2
"2210012G02Rik",10,11,32,37,36,35,19,41,21,17,23,26
"Tmem59",749,483,2995,2740,2537,2951,2826,3023,1520,1288,2280,2400
"Lrrc42",13,3,51,46,37,49,29,44,17,23,39,41
"Hspb11",42,38,164,183,170,194,157,175,73,85,168,126
"Yipf1",41,31,254,257,201,239,207,233,122,88,175,165
"Tmem48",6,6,20,15,8,10,18,9,5,3,10,11
"Magoh",103,81,612,514,588,730,558,592,388,298,381,377
"0610037L13Rik",71,74,378,378,337,341,265,309,153,145,306,265
"Cpt2",6,6,34,36,31,31,24,43,23,11,26,26
"Podn",204,152,1459,1086,712,874,912,813,520,489,757,1021
"Scp2",159,114,799,695,598,698,521,569,373,302,522,552
"Echdc2",20,10,141,99,100,104,76,71,53,55,98,89
"Zyg11b",36,17,99,72,118,99,96,112,64,67,71,67
"2010305A19Rik",6,4,36,41,19,25,20,27,20,10,18,20
"Gpx7",103,87,492,580,347,357,258,380,128,128,470,471
"Zcchc11",27,24,70,62,103,125,91,118,62,59,84,94
"Prpf38a",53,28,160,164,168,259,248,262,152,132,136,177
"Cc2d1b",14,12,65,59,71,57,65,69,41,36,35,43
"3110021N24Rik",7,8,6,10,6,17,10,34,17,4,16,4
"Btf3l4",81,78,382,313,294,314,267,364,175,140,264,221
"Txndc12",55,35,251,271,157,214,199,199,104,98,168,194
"Kti12",33,26,278,101,110,132,87,111,76,42,93,84
"Nrd1",75,51,257,190,212,311,209,325,155,153,201,227
"Osbpl9",111,63,334,319,327,364,326,358,199,152,272,276
"Eps15",50,33,175,168,187,198,154,165,118,101,147,160
"Rnf11",97,80,150,150,245,280,226,272,123,130,232,307
"Cdkn2c",34,5,76,96,36,58,46,75,40,48,45,54
"Faf1",30,30,198,190,155,197,138,185,98,78,121,129
"Dmrta2",3,0,3,4,5,8,3,7,3,3,2,7
"Bend5",11,1,6,13,14,16,10,9,7,8,8,12
"Spata6",56,25,144,128,109,121,89,132,96,73,115,125
"Gm12824",31,12,77,75,91,90,46,68,28,40,61,68
"Foxd2",2,3,4,10,5,9,5,8,1,4,3,7
"9130206I24Rik",8,7,17,26,26,44,23,24,17,15,21,39
"Cmpk1",107,88,507,510,386,345,304,393,177,188,393,399
"Cyp4b1",22,10,100,69,68,101,72,46,26,30,44,31
"4732418C07Rik",70,41,218,211,210,253,211,236,129,131,160,167
"Atpaf1",4,4,30,32,20,22,28,25,14,12,17,14
"Mob3c",104,78,260,175,292,440,386,450,256,229,274,269
"Mknk1",22,10,70,54,49,65,61,74,33,39,50,43
"Nsun4",11,9,44,47,48,43,41,47,33,25,41,44
"Uqcrh",681,420,3605,3028,2611,3072,2242,2526,1367,1253,2298,2477
"Lrrc41",81,51,248,171,193,206,179,203,96,95,147,159
"1520402A15Rik",2,0,2,8,5,3,2,4,1,2,3,1
"Pomgnt1",23,14,118,113,59,46,39,53,37,31,47,59
"Pik3r3",1,4,6,11,6,11,6,11,4,5,12,13
"Mast2",30,24,192,157,106,109,55,71,39,43,82,74
"Ipp",2,4,3,3,6,5,6,12,2,2,3,4
"Tmem69",5,3,7,9,4,14,4,7,3,6,7,12
"Gpbp1l1",22,22,95,88,108,101,107,103,55,49,82,99
"C530005A16Rik",2,1,9,4,2,5,2,9,0,1,6,5
"Ccdc17",3,3,11,6,6,6,5,6,2,2,4,5
"Nasp",66,58,298,213,311,414,349,345,197,178,248,233
"Akr1a1",470,365,2358,2318,1834,2142,1502,1866,1009,991,1477,1590
"Prdx1",1167,858,5348,4158,4120,5091,4488,4616,2195,1862,2977,3212
"Mmachc",2,2,16,13,13,10,6,9,9,2,12,8
"Ccdc163",18,11,79,68,60,67,60,65,41,36,59,56
"Tesk2",7,1,11,8,4,11,3,9,8,3,6,10
"Toe1",6,12,60,43,50,47,51,47,32,25,31,55
"Mutyh",3,0,9,14,7,10,11,15,14,5,6,4
"Urod",43,29,172,186,179,221,167,195,99,83,162,143
"Hectd3",7,4,31,37,22,34,30,41,22,14,26,25
"Eif2b3",18,17,107,98,114,107,108,122,85,47,76,83
"Btbd19",4,6,28,28,13,31,28,33,22,12,25,38
"Plk3",81,49,237,170,194,313,239,267,167,171,162,168
"Rps8",3678,2658,32056,24728,20647,22720,14509,17929,11513,10269,17556,16930
"Tmem53",26,10,94,85,69,80,85,74,39,41,68,61
"Rnf220",36,18,181,153,96,105,70,99,60,45,88,84
"Eri3",123,88,415,413,294,334,294,374,191,165,352,343
"Dmap1",14,9,55,63,47,41,60,43,22,33,40,34
"Slc6a9",6,5,24,31,19,28,12,22,25,20,23,17
"Ccdc24",2,4,4,6,3,1,4,8,0,3,5,3
"B4galt2",20,11,95,91,32,52,26,56,24,17,35,48
"Atp6v0b",295,217,1363,1122,978,1145,851,1050,640,549,847,880
"Dph2",10,2,34,20,17,19,15,14,13,6,6,11
"Ipo13",7,13,64,37,43,52,29,41,19,21,35,49
"Artn",0,2,8,9,7,7,3,4,2,3,6,5
"St3gal3",11,11,76,55,44,46,45,55,30,30,25,44
"Kdm4a",14,10,28,36,33,41,32,35,19,28,39,40
"Ptprf",21,10,31,32,34,34,17,33,20,20,37,36
"Hyi",75,52,286,278,225,302,210,267,128,135,195,206
"Szt2",0,1,24,21,6,17,8,15,9,6,12,13
"Med8",27,20,178,145,99,104,96,108,52,42,78,92
"Elovl1",121,82,509,461,385,474,318,405,215,176,394,354
"Cdc20",12,3,13,24,9,20,14,22,10,9,10,14
"Tie1",13,10,32,28,37,55,33,26,14,29,21,24
"Ebna1bp2",98,60,633,430,409,441,370,416,215,210,282,284
"Slc2a1",99,49,347,262,320,308,217,227,166,121,169,179
"Zfp691",7,1,11,10,10,4,4,10,7,6,13,7
"Ccdc23",151,106,759,647,464,529,352,476,240,220,427,420
"AU022252",10,3,39,37,12,17,10,18,11,7,22,20
"Lepre1",57,27,260,313,181,202,166,201,84,71,209,233
"Cldn19",6,4,0,1,0,0,1,0,0,0,2,2
"Ybx1",1388,1014,5470,4286,4403,4942,3517,4261,2322,2139,3343,3516
"Ppih",6,14,93,88,54,62,45,81,43,33,52,59
"Ppcs",4,4,21,43,17,18,17,19,9,6,20,28
"AA415398",3,2,18,6,11,6,8,13,8,1,9,10
"Foxj3",20,22,88,64,75,58,50,65,46,42,58,61
"Hivep3",2,6,7,3,17,23,18,10,9,3,10,16
"Foxo6",4,3,2,3,0,4,1,2,1,5,5,10
"Scmh1",39,13,92,93,93,98,64,93,54,41,79,79
"Ctps",50,40,452,204,204,224,205,250,124,106,138,118
"Cited4",5,1,6,10,3,6,11,13,11,3,10,7
"Nfyc",45,29,176,177,131,138,111,146,75,81,122,109
"Dem1",1,4,14,15,9,7,13,7,4,9,10,13
"Smap2",24,13,99,78,71,89,62,70,50,45,63,81
"Col9a2",1,5,31,18,2,17,12,30,8,14,21,20
"Zmpste24",45,24,190,179,132,171,143,151,90,71,117,162
"Rlf",28,13,60,68,93,103,93,105,40,43,68,94
"Ppt1",127,90,475,443,379,400,361,438,231,225,358,354
"Cap1",28,19,77,78,146,172,125,171,67,62,85,98
"Mfsd2a",7,2,13,12,21,21,8,9,4,9,13,9
"Trit1",5,4,34,35,26,17,24,23,16,10,21,13
"Ppie",48,33,193,189,151,210,168,193,111,70,124,131
"Heyl",12,2,14,17,36,32,28,30,12,15,49,44
"Pabpc4",72,53,403,229,233,255,155,197,115,100,189,190
"Bmp8a",6,5,3,8,10,17,12,12,3,7,8,9
"Macf1",92,62,260,246,307,313,215,310,161,184,236,263
"D830031N03Rik",6,5,4,5,29,30,29,43,17,13,34,33
"Ndufs5",49,51,28,28,80,74,50,38,78,52,122,69
"Akirin1",79,66,268,231,269,310,282,299,174,165,200,220
"Mycbp",14,18,81,83,78,59,48,49,27,24,63,66
"Rragc",91,61,327,279,271,300,235,260,146,119,206,244
"Pou3f1",25,18,56,57,29,25,41,37,35,12,16,33
"Utp11l",60,51,253,220,235,246,203,255,155,124,171,193
"Fhl3",5,9,10,10,5,6,5,4,5,4,9,7
"Sf3a3",23,22,115,117,128,117,129,131,80,70,82,113
"Inpp5b",6,6,44,60,28,45,24,43,20,17,28,40
"Mtf1",29,17,60,47,70,83,53,67,39,33,46,63
"1110065P20Rik",51,42,308,317,161,187,129,135,78,69,156,187
"Yrdc",121,83,580,308,341,386,298,311,197,201,213,239
"Maneal",0,2,3,3,5,6,6,3,2,1,0,2
"9930104L06Rik",5,6,18,19,14,12,14,15,3,8,14,10
"Rspo1",16,4,14,18,22,25,12,17,17,8,14,10
"Gnl2",54,31,180,114,164,199,150,172,96,51,132,90
"Snip1",13,16,75,48,60,41,47,42,32,24,33,32
"Meaf6",34,25,153,152,126,141,103,136,94,74,92,129
"Zc3h12a",235,171,940,604,739,983,907,983,632,532,690,648
"Mrps15",74,63,404,339,246,291,179,231,120,118,212,188
"Oscp1",7,11,22,33,33,49,47,59,25,28,34,29
"Lsm10",26,23,88,104,63,87,66,74,49,40,66,86
"Stk40",157,142,681,441,579,654,411,467,341,292,435,497
"Fam176b",138,91,649,772,359,420,343,423,204,221,538,580
"1700029G01Rik",6,5,16,14,25,26,21,15,26,15,24,26
"Thrap3",63,46,232,186,240,289,262,277,172,138,202,168
"Mtap7d1",383,252,1018,843,974,1261,895,1037,610,628,904,1005
"Trappc3",86,65,391,352,347,350,314,347,216,172,268,308
"Col8a2",124,101,174,298,229,234,154,238,109,119,373,392
"Adprhl2",15,15,22,24,29,37,27,29,37,15,46,35
"Tekt2",6,0,8,12,10,15,9,13,4,9,15,4
"Eif2c3",10,5,29,22,31,37,26,41,18,24,35,35
"Eif2c1",16,12,76,74,42,47,39,38,30,26,53,59
"Eif2c4",7,2,12,10,16,29,16,18,17,10,15,16
"Clspn",4,2,11,4,10,17,14,6,7,3,12,10
"5730409E04Rik",11,7,19,42,29,39,28,27,11,18,27,31
"Psmb2",273,168,1298,1114,994,1146,1045,1203,595,481,771,791
"Ncdn",15,18,73,93,55,65,42,71,28,31,50,45
"AU040320",7,4,37,43,25,41,27,32,15,13,32,32
"Zmym4",16,13,45,39,63,66,42,72,22,32,60,58
"Sfpq",252,184,903,666,1013,1339,926,889,623,546,715,677
"Zmym1",23,32,112,54,89,96,101,82,53,56,70,71
"Zmym6",3,3,19,21,12,13,13,18,14,12,12,10
"Gm12942",8,9,45,38,27,38,26,40,17,21,39,29
"BC003266",25,17,137,123,50,84,52,63,46,38,49,63
"Gja4",3,2,15,3,8,20,9,14,8,6,8,6
"Gjb4",0,4,6,1,0,1,1,0,0,2,41,0
"Gjb5",4,4,12,27,11,19,22,11,16,1,11,19
"Phc2",54,36,243,187,86,98,77,98,58,65,78,74
"Zfp362",5,7,26,31,15,20,13,29,15,9,12,17
"Trim62",5,3,16,9,6,14,6,9,1,5,7,13
"Adc",9,8,15,16,33,31,37,36,12,21,28,16
"Ak2",97,86,462,297,355,320,257,311,183,199,284,272
"Rnf19b",375,232,1888,1215,980,1237,662,805,662,660,719,836
"Tmem54",2,2,2,1,3,3,1,1,1,1,1,1
"Fndc5",15,9,29,32,28,30,10,23,14,13,24,26
"S100pbp",2,1,6,5,10,14,9,24,4,5,7,6
"Yars",32,42,197,153,115,142,121,141,95,71,123,130
"C77080",4,3,17,13,11,17,7,12,15,9,17,12
"Rbbp4",103,72,317,271,351,426,441,436,255,181,286,309
"Zbtb8os",23,14,105,110,66,74,60,69,37,32,58,80
"Zbtb8a",3,3,33,31,17,26,26,22,21,18,22,25
"Bsdc1",29,15,132,131,84,138,80,120,85,56,112,117
"Marcksl1",103,60,171,191,158,315,172,165,110,103,213,186
"Hdac1",102,77,327,320,382,447,386,457,267,188,277,373
"Lck",1,3,4,1,3,4,3,0,7,1,5,3
"Eif3i",195,136,1226,1073,849,960,780,900,420,380,683,701
"2510006D16Rik",100,66,217,169,339,364,371,378,187,163,296,332
"Iqcc",1,1,11,14,9,13,14,10,7,6,18,16
"Ccdc28b",27,15,95,120,67,89,74,73,57,49,83,95
"Txlna",62,44,244,165,197,199,161,174,116,95,164,157
"Kpna6",16,7,78,56,53,47,46,63,32,32,51,47
"Tmem39b",11,14,45,55,67,73,64,83,36,31,54,46
"Khdrbs1",110,95,436,360,476,467,369,478,276,206,355,345
"Ptp4a2",346,250,848,765,1000,1012,634,890,441,422,702,933
"Col16a1",139,113,374,411,259,229,147,198,87,124,433,402
"Pef1",17,20,128,142,82,113,90,113,70,62,107,90
"Tinagl1",45,27,135,101,77,157,53,83,33,98,52,61
"Serinc2",2,4,0,8,1,2,3,1,1,0,4,2
"Fabp3",16,10,18,6,13,24,17,34,14,10,21,26
"Zcchc17",50,41,205,168,156,191,149,198,95,89,189,200
"Snrnp40",37,25,146,134,129,162,132,142,106,73,94,103
"Nkain1",9,6,30,13,14,9,6,11,3,3,11,8
"Pum1",82,60,289,232,312,357,261,314,154,160,217,244
"Sdc3",21,23,44,54,34,49,39,36,25,18,51,85
"Laptm5",2,7,21,33,19,27,14,56,39,25,31,21
"Ptpru",9,8,50,38,28,26,23,29,28,20,20,18
"Mecr",22,13,94,90,87,67,60,75,30,32,54,70
"Srsf4",57,53,271,224,205,240,229,274,160,143,187,176
"Epb4.1",15,6,63,50,54,47,37,57,22,29,40,23
"Ythdf2",94,67,341,190,258,375,282,318,165,150,219,257
"Rps15a-ps4",1661,1222,2179,1726,3000,3950,1591,2076,3262,2335,3854,2585
"Gmeb1",15,11,79,50,50,40,37,47,41,30,36,38
"Taf12",36,27,177,190,113,128,114,93,94,68,123,137
"Snhg12",104,70,960,696,489,606,357,466,380,284,372,385
"Trnau1ap",79,46,368,279,252,271,196,234,150,137,180,180
"Rcc1",12,14,60,35,41,46,40,43,19,15,30,40
"Snhg3",117,74,478,303,386,412,362,343,221,188,256,287
"Phactr4",9,8,56,35,44,29,35,48,20,21,36,26
"Med18",3,4,6,8,1,7,8,7,7,3,6,7
"Sesn2",2,0,3,4,5,8,12,6,3,7,13,10
"Atpif1",272,200,1382,1388,1025,1176,855,983,538,504,913,961
"Dnajc8",138,87,569,456,514,540,553,621,321,264,441,452
"Eya3",6,5,27,25,17,24,22,38,10,7,31,23
"Xkr8",3,5,8,21,8,11,17,15,7,6,15,11
"Smpdl3b",7,2,35,11,32,22,18,24,12,12,24,35
"Rpa2",22,14,63,102,73,88,73,81,59,46,66,90
"Ppp1r8",24,12,106,79,91,74,91,76,61,41,77,66
"Stx12",97,82,422,357,388,417,376,496,262,223,320,344
"Fam76a",70,52,254,205,226,291,262,304,189,179,209,224
"Ahdc1",27,34,47,85,103,114,81,92,61,67,73,86
"Wasf2",64,58,83,73,301,318,253,326,162,146,237,244
"Map3k6",48,35,253,168,158,151,136,159,88,102,108,103
"Tmem222",47,32,177,169,104,111,93,145,88,79,95,115
"Wdtc1",18,19,111,105,60,98,41,80,52,43,82,72
"Slc9a1",38,37,140,115,85,124,81,106,53,66,77,82
"Fam46b",20,8,33,48,54,58,68,81,54,45,17,14
"Trnp1",28,19,131,104,67,77,54,105,49,39,29,28
"Nudc",143,119,949,765,616,670,593,660,389,300,501,505
"Gpatch3",2,3,22,10,6,12,10,16,8,6,7,9
"Gpn2",12,6,56,37,29,40,24,22,23,15,24,20
"Sfn",31,68,18,9,12,22,13,21,6,8,39,12
"Zdhhc18",20,15,51,61,30,39,27,39,22,24,33,48
"Pigv",13,7,15,20,18,21,25,26,14,13,22,15
"Arid1a",53,50,215,185,209,212,158,223,129,90,194,151
"Rps6ka1",3,2,2,7,2,6,3,1,4,3,6,4
"Hmgn2",211,150,507,515,515,603,512,642,335,364,427,593
"Dhdds",21,15,124,113,51,82,64,78,47,35,75,51
"Cd52",4,0,53,45,31,39,38,83,53,36,84,34
"Ubxn11",2,1,11,11,7,8,6,13,4,4,9,6
"Sh3bgrl3",308,238,3129,2810,1145,1220,812,1233,553,484,1312,1322
"Ccdc21",10,4,40,25,33,35,28,34,20,19,34,21
"Cnksr1",2,1,5,2,7,4,0,2,1,2,0,2
"Zfp593",47,28,353,189,188,232,149,167,97,82,113,121
"Grrp1",25,11,59,30,48,66,26,41,30,29,21,20
"Pdik1l",5,2,8,9,7,9,12,20,4,8,10,9
"Pafah2",2,3,24,18,10,16,14,14,16,12,12,15
"Stmn1",39,15,44,62,35,72,47,57,30,40,37,33
"Paqr7",4,4,19,28,16,26,21,17,16,5,22,27
"Fam54b",99,75,376,402,305,342,271,350,209,181,263,258
"Sepn1",84,53,383,330,229,201,152,267,118,123,166,286
"Man1c1",55,42,357,246,149,178,95,140,83,88,150,179
"Ldlrap1",14,11,51,71,43,58,45,57,26,29,43,45
"Tmem57",39,34,114,77,119,150,84,135,64,70,90,138
"Tmem50a",333,289,2203,1857,1425,1779,1400,1747,955,754,1285,1259
"D4Wsu53e",456,344,1575,1369,1582,1932,1810,1944,1230,964,1254,1227
"Syf2",119,94,579,507,468,556,477,564,331,254,382,423
"Clic4",1078,800,3809,2255,3606,3960,2781,3380,2395,2255,2939,2485
"Srrm1",148,125,410,318,665,642,784,790,456,390,469,525
"A330049M08Rik",6,8,3,3,1,5,2,22,1,1,16,10
"Rcan3",9,6,36,28,23,40,26,30,18,17,27,21
"Nipal3",2,2,5,12,9,11,10,11,9,7,10,8
"4930555I21Rik",3,2,1,1,1,1,1,1,1,0,3,0
"Srsf10",151,132,525,374,500,586,480,546,302,287,384,390
"Pnrc2",187,126,554,495,532,569,452,560,330,273,467,472
"Fuca1",307,215,1293,1191,970,1027,1007,1176,538,488,840,902
"Hmgcl",48,33,159,211,139,164,159,184,107,100,131,139
"Gale",6,6,11,21,11,8,14,18,6,7,13,15
"Lypla2",30,17,141,148,72,98,68,80,65,48,67,85
"1110049F12Rik",27,15,85,101,91,101,80,76,56,54,72,87
"Tceb3",38,18,153,117,160,183,166,198,94,87,141,129
"Rpl11",2512,1696,17773,14696,11442,12907,9689,11523,7013,5907,9682,9566
"Id3",3949,2697,14024,11538,15672,18282,15082,16794,10739,10523,13108,13242
"Asap3",89,66,198,174,273,333,251,340,171,176,258,198
"Tcea3",61,40,92,141,172,205,137,165,90,76,196,174
"Zfp46",28,18,113,163,124,165,121,207,86,67,130,154
"Hnrnpr",78,69,344,271,318,354,289,349,188,146,223,256
"Luzp1",82,68,206,151,393,462,397,454,239,226,290,352
"Kdm1a",63,35,172,127,184,165,156,177,107,108,115,138
"Ephb2",7,6,19,22,8,20,13,16,2,13,24,31
"C1qb",15,5,92,93,51,66,27,75,22,28,52,34
"C1qc",5,3,60,46,27,41,21,39,10,15,43,21
"C1qa",11,3,79,72,45,45,26,82,23,16,44,24
"Zbtb40",1,3,15,10,9,6,6,8,7,4,6,5
"Wnt4",16,7,41,39,47,54,25,28,24,16,41,38
"Cdc42",695,427,2749,2601,2637,2978,2452,2663,1421,1230,2059,2207
"Cela3b",2,1,0,0,0,0,0,0,6,1,0,0
"Hspg2",533,379,3163,2873,1552,1415,940,1077,577,654,1840,1768
"Usp48",22,20,89,118,113,122,100,122,65,54,75,97
"Rap1gap",5,4,6,12,9,5,8,9,5,4,5,2
"Alpl",22,27,127,92,91,97,93,126,55,63,74,71
"Ece1",164,108,620,497,601,636,440,533,275,269,473,404
"Eif4g3",114,75,474,390,429,478,336,446,251,214,421,422
"Hp1bp3",88,58,318,312,327,380,267,328,209,166,326,288
"Sh2d5",2,0,3,2,2,0,2,0,0,0,6,4
"Ddost",347,309,1611,1490,1214,1408,1188,1379,741,638,1125,1133
"Pink1",268,179,715,664,597,811,705,638,450,376,670,547
"Cda",12,5,27,20,31,18,20,27,12,11,40,39
"Mul1",32,31,185,127,121,117,129,122,90,77,103,101
"Camk2n1",448,327,1636,1534,1794,2064,2152,2522,1292,1161,1233,1680
"Pla2g2d",3,0,51,22,4,1,3,2,7,4,2,4
"Pla2g5",17,6,24,37,19,29,10,14,8,13,27,40
"Pla2g2e",0,3,59,28,6,3,5,20,11,4,4,3
"Otud3",16,5,56,48,38,45,41,52,30,26,33,26
"Tmco4",7,17,78,54,39,39,33,44,34,21,31,42
"Nbl1",2186,1598,3469,4213,6149,6933,3130,3784,2026,2057,4538,4833
"Minos1",459,302,2183,1979,1813,1816,1193,1322,713,658,1442,1546
"Gm16287",4,5,10,4,15,20,10,21,10,4,14,11
"Capzb",357,260,1364,1251,1266,1304,1044,1242,699,576,951,1069
"Pqlc2",2,3,11,11,5,6,16,6,4,4,6,6
"Akr7a5",37,42,212,228,173,192,165,168,80,61,177,172
"Mrto4",62,45,442,227,227,267,201,225,125,95,177,193
"C230096C10Rik",31,25,189,120,110,123,95,99,50,46,93,61
"Ubr4",50,41,243,167,194,169,115,138,85,99,129,137
"Iffo2",18,16,70,46,64,73,49,63,43,33,48,61
"Aldh4a1",4,6,10,18,12,18,9,16,12,11,11,12
"Arhgef10l",25,14,73,52,50,67,40,56,30,33,41,39
"Rcc2",40,28,180,126,141,146,84,131,77,69,80,100
"Sdhb",170,152,639,619,637,686,660,663,372,317,527,494
"Atp13a2",3,11,35,25,29,33,38,39,23,8,31,42
"Mfap2",185,160,834,952,501,596,551,659,253,312,648,800
"Crocc",4,0,6,5,10,10,6,8,3,5,6,4
"Necap2",57,62,288,253,202,248,205,224,101,116,226,191
"D4Ertd22e",91,67,388,296,236,320,217,222,134,143,208,247
"Fbxo42",5,3,54,43,44,48,41,42,18,21,39,37
"Arhgef19",7,0,4,12,12,3,6,6,1,2,18,17
"Epha2",23,15,28,29,18,30,17,32,11,16,27,30
"Hspb7",18,7,20,25,11,8,11,7,9,4,5,11
"Gm694",2,2,14,6,3,5,5,3,3,6,4,7
"Zbtb17",14,14,67,44,47,44,36,45,23,25,37,36
"Spen",20,27,86,54,93,100,86,116,72,71,70,72
"B330016D10Rik",5,3,34,21,14,11,18,16,12,7,21,9
"Fblim1",7,4,34,13,7,11,22,27,12,11,12,9
"Slc25a34",4,5,6,2,13,15,10,7,21,12,22,10
"Plekhm2",43,35,225,141,113,112,100,123,76,75,84,74
"Casp9",5,3,28,25,17,16,17,24,13,8,10,13
"Cela2a",2,3,0,0,0,0,0,0,18,21,0,0
"Efhd2",96,76,459,331,287,337,274,346,185,190,203,171
"Tmem51",20,17,118,56,50,62,75,67,41,36,54,50
"Gm10565",3,1,13,4,6,11,9,6,4,6,12,6
"Kazn",30,25,80,56,77,86,71,62,36,42,76,89
"Prdm2",70,47,211,130,238,288,226,247,130,124,196,229
"Pdpn",609,517,3747,2163,1975,2532,2044,2407,1680,1461,1645,1384
"Pramef8",15,10,46,32,36,74,44,52,28,23,45,53
"Pramef12",3,0,7,10,13,14,3,5,4,7,9,5
"Dhrs3",93,88,233,425,349,404,500,525,229,141,384,468
"Vps13d",10,5,7,5,12,13,4,12,10,9,20,9
"Tnfrsf1b",47,48,246,165,203,224,170,210,112,143,153,133
"Smarca5-ps",4,2,4,2,12,18,14,17,8,11,20,12
"Gm13139",3,3,0,4,3,4,2,5,1,0,4,4
"1700029I01Rik",3,2,5,7,8,6,11,5,5,5,11,10
"Gm13152",1,2,4,8,2,2,5,1,0,3,4,1
"2610305D13Rik",8,1,10,10,14,21,15,7,3,7,12,16
"Gm13157",8,9,49,34,43,25,31,45,25,23,22,26
"Rps19-ps3",34,40,74,64,79,81,44,72,51,32,111,86
"Zfp933",6,1,15,9,11,8,17,7,7,5,6,7
"Miip",9,5,66,42,25,36,27,45,30,29,24,27
"Mfn2",24,22,105,75,94,98,78,104,54,50,87,72
"Plod1",86,55,455,482,205,228,196,221,124,105,279,289
"2510039O18Rik",29,17,153,116,78,76,66,81,40,43,76,125
"Mthfr",14,16,49,55,38,52,39,58,40,21,30,20
"Agtrap",42,25,190,133,122,151,123,158,80,84,132,133
"Mad2l2",39,21,175,130,98,129,110,135,89,63,100,113
"Fbxo6",64,43,390,311,213,261,206,267,169,118,215,200
"Fbxo44",2,0,8,10,4,7,7,7,6,3,5,2
"Fbxo2",6,7,43,36,9,22,54,39,27,26,10,23
"Ubiad1",4,1,22,31,14,15,11,16,9,7,3,9
"Mtor",18,13,79,64,48,35,51,47,36,20,31,47
"Angptl7",1258,720,3972,4036,2232,2208,3235,3030,2469,1635,3277,2042
"Exosc10",32,19,86,98,87,89,70,67,55,53,69,64
"Srm",131,103,1149,759,471,437,281,365,220,176,350,368
"Tardbp",92,52,364,276,325,342,226,299,164,159,241,219
"Pex14",34,36,145,135,107,113,125,163,73,75,124,120
"Dffa",16,7,15,15,47,43,33,36,25,24,30,38
"Pgd",58,39,327,268,232,232,248,274,116,121,132,164
"Kif1b",90,60,223,207,338,340,251,319,200,152,259,250
"Ube4b",21,22,164,119,108,128,87,106,58,49,79,85
"Rbp7",2,3,34,8,10,12,8,14,8,4,10,11
"Nmnat1",3,3,3,4,1,6,8,7,2,6,8,11
"Lzic",16,12,54,60,36,62,39,39,15,22,47,42
"Ctnnbip1",48,40,157,142,148,173,103,162,86,78,180,184
"Clstn1",7,3,15,9,13,8,10,16,4,4,8,19
"Pik3cd",2,1,8,8,7,15,11,7,9,4,6,8
"Tmem201",6,11,41,32,21,29,16,26,16,15,24,23
"Slc25a33",56,29,166,62,127,171,105,102,76,59,83,106
"Spsb1",213,126,520,358,530,614,447,477,291,311,510,532
"H6pd",41,32,470,228,134,145,155,169,129,75,89,102
"Gpr157",4,6,5,3,8,12,12,10,12,8,3,7
"Rere",43,41,255,199,165,193,150,164,102,110,137,157
"Errfi1",2047,1293,6614,4605,5368,5060,7066,8291,4192,3828,3909,5166
"Park7",316,231,1377,1208,1166,1340,1186,1311,702,646,933,999
"Tnfrsf9",0,0,1,2,1,11,1,4,4,3,2,0
"Per3",12,10,26,15,24,31,31,31,28,25,22,21
"Vamp3",67,50,297,257,249,308,210,237,128,145,246,267
"Camta1",69,42,311,248,205,202,256,200,118,118,137,199
"Dnajc11",19,18,78,79,45,63,46,74,32,26,48,46
"Thap3",29,26,148,125,109,156,140,164,96,79,138,104
"Phf13",54,48,149,143,154,221,186,229,144,143,130,156
"Klhl21",53,56,263,135,144,193,154,172,97,93,110,93
"Zbtb48",4,4,25,25,12,13,16,19,13,13,6,8
"Nol9",17,8,95,46,41,68,36,49,24,19,38,38
"Plekhg5",8,6,21,31,23,36,16,25,22,21,20,37
"Espn",3,0,2,5,9,13,17,18,11,10,9,9
"Acot7",22,10,70,63,55,48,30,57,25,21,45,60
"Gpr153",41,49,436,372,222,190,169,265,127,119,148,257
"Icmt",23,9,97,88,60,64,61,59,34,36,55,64
"Rpl22",1005,761,11143,9162,6068,6617,4187,5302,3611,3141,4597,4637
"Kcnab2",1,2,4,1,5,7,2,6,1,3,5,7
"A430005L14Rik",37,32,125,118,86,107,109,83,58,63,67,93
"Dffb",3,0,6,9,7,13,8,4,8,3,10,11
"BC046331",2,3,11,8,14,13,22,13,15,15,21,15
"Lrrc47",24,12,102,77,61,67,59,80,48,34,48,55
"1190007F08Rik",34,22,153,188,88,121,111,130,74,67,124,125
"Wdr8",4,6,37,52,25,37,25,36,16,11,19,34
"Tprgl",315,190,1041,1010,850,893,702,868,495,471,850,841
"Prdm16",5,2,11,8,4,10,11,11,8,6,6,14
"2810405K02Rik",21,12,101,59,57,92,63,69,52,41,50,47
"Pank4",17,6,51,38,43,57,49,67,27,28,32,28
"Pex10",14,6,25,28,28,20,40,21,18,13,28,32
"Rer1",313,222,1662,1413,1141,1253,927,1224,628,562,1032,998
"Morn1",0,3,5,4,10,8,12,13,3,4,11,9
"Ski",170,150,714,680,712,661,459,562,355,301,580,662
"2610002J02Rik",53,37,205,179,120,153,95,148,83,66,146,169
"Prkcz",5,1,8,6,17,8,10,6,7,4,12,9
"2010015L04Rik",2,2,9,13,8,10,7,2,5,0,4,9
"Tmem52",12,6,8,10,12,11,6,4,2,0,6,13
"Gnb1",761,553,2160,1781,1733,1968,1417,1701,988,850,1394,1456
"Nadk",85,62,410,354,309,343,236,320,197,170,295,275
"Slc35e2",13,8,32,30,20,22,15,30,9,7,14,18
"Cdk11b",47,26,186,148,206,222,178,234,115,96,170,167
"Mmp23",75,70,509,549,326,439,431,560,192,220,359,350
"Mib2",22,17,87,73,84,89,61,80,59,34,77,55
"B930041F14Rik",6,3,40,32,12,10,12,17,10,11,10,16
"Ssu72",101,71,458,421,384,360,322,345,192,161,232,285
"Gm5151",3,1,11,9,9,9,11,9,5,8,9,14
"Atad3a",29,20,201,132,103,129,85,88,49,55,61,87
"2610204G22Rik",5,7,10,13,13,19,13,8,5,10,11,8
"Vwa1",129,67,645,697,352,489,645,719,360,318,378,393
"Mrpl20",131,112,888,732,509,502,417,511,264,253,397,438
"Ccnl2",118,99,506,353,381,495,395,435,293,233,392,319
"Aurkaip1",108,74,528,511,301,390,324,354,238,159,291,310
"Mxra8",557,472,1961,2274,1660,1928,1744,2103,1036,1020,1608,1730
"Dvl1",32,17,132,102,63,61,54,70,46,40,61,83
"Gltpd1",4,3,14,21,8,23,8,21,11,6,12,12
"Cpsf3l",28,18,102,121,78,91,67,96,63,36,60,85
"Pusl1",25,22,208,115,83,111,46,62,42,37,62,65
"Acap3",33,16,122,114,94,132,72,104,55,54,96,93
"Ube2j2",104,68,347,215,268,343,247,296,157,137,220,186
"Fam132a",53,44,334,298,181,177,118,181,87,71,167,179
"B3galt6",8,9,81,73,36,34,25,38,20,26,31,33
"Sdf4",343,201,1975,1694,1158,1249,1110,1308,749,709,1170,1119
"Tnfrsf4",1,1,3,2,4,5,1,9,8,4,8,4
"Tnfrsf18",0,0,6,2,5,5,4,4,10,4,9,6
"9430015G10Rik",3,2,16,7,3,7,6,12,3,6,10,7
"Agrn",13,12,70,55,35,58,24,36,19,21,23,31
"Isg15",215,141,627,373,478,1264,778,957,470,556,454,332
"AW011738",2,1,1,8,3,4,4,1,2,3,1,1
"Klhl17",9,9,37,37,15,25,16,35,11,9,22,26
"Noc2l",28,21,229,109,84,91,68,83,64,54,47,57
"Dhrsx",36,27,258,188,162,168,123,149,94,79,150,120
"Fam133b",57,56,170,125,212,238,194,213,130,85,177,180
"C030048B08Rik",18,9,59,33,47,73,74,76,46,38,47,45
"Pex1",1,2,3,7,8,16,6,16,4,11,13,14
"Gatad1",111,72,456,405,283,315,235,301,163,139,273,262
"Ankib1",23,13,88,59,75,84,47,56,36,28,46,61
"Krit1",27,21,104,66,99,84,91,95,51,45,71,74
"Akap9",67,48,123,103,272,308,244,328,161,170,240,253
"Cyp51",64,53,206,205,254,320,265,359,167,158,227,243
"Fzd1",61,57,239,176,119,155,130,161,82,85,112,128
"Cdk14",36,21,109,96,100,106,87,110,50,59,109,79
"Cldn12",11,10,77,52,64,64,48,77,42,29,43,47
"Gtpbp10",5,10,18,22,13,10,20,20,13,11,19,17
"Gm8773",3,4,10,7,20,19,5,12,10,3,11,11
"A330021E22Rik",2,1,7,1,0,5,2,3,5,4,2,1
"Steap2",30,10,158,78,54,42,65,89,51,51,54,36
"Steap1",6,3,52,25,16,28,16,17,17,21,12,10
"Steap4",227,163,2695,1344,775,988,1434,1437,887,648,738,694
"Sri",301,218,1247,1120,1035,1143,928,1064,546,458,911,841
"Adam22",15,13,32,20,30,31,23,23,16,18,30,29
"Dbf4",5,2,14,12,14,20,15,17,11,10,9,16
"Slc25a40",9,5,32,24,26,47,34,31,20,19,34,25
"Abcb1a",20,5,30,30,32,46,21,24,25,22,14,23
"Abcb1b",46,15,161,90,123,129,63,80,75,66,96,67
"Abcb4",2,1,7,5,4,9,4,2,3,3,4,3
"Crot",21,19,76,92,90,86,74,93,42,35,92,67
"4930420K17Rik",39,19,142,82,74,101,78,99,62,63,47,57
"Dmtf1",35,31,99,92,111,119,92,105,81,64,82,100
"Sema3d",29,17,23,37,55,51,27,23,8,18,64,49
"Sema3a",23,18,41,37,62,40,22,36,26,17,81,67
"Sema3e",5,4,31,23,25,43,38,56,23,22,3,13
"Cacna2d1",68,39,138,153,214,195,137,137,81,76,176,226
"Hgf",0,2,4,3,6,2,3,7,2,6,0,6
"Sema3c",246,190,538,629,918,930,632,837,324,427,738,683
"Cd36",88,40,351,173,191,263,157,184,150,156,106,110
"Gnai1",26,26,78,50,58,75,43,49,40,50,107,97
"Magi2",9,8,28,30,16,23,16,18,14,16,13,22
"Phtf2",8,5,26,21,16,14,20,21,16,10,14,15
"Tmem60",32,22,149,143,106,111,88,121,65,60,100,87
"Rsbn1l",41,34,126,127,189,207,176,220,126,110,165,168
"A630072M18Rik",13,10,34,36,42,63,26,64,20,27,37,48
"Ptpn12",172,130,574,371,480,569,377,496,290,266,336,315
"Pion",7,5,24,14,10,15,13,18,11,13,16,12
"Ccdc146",3,0,10,8,9,20,6,8,6,9,8,7
"Fgl2",1911,1510,9717,5280,6440,8234,8869,8664,4861,4696,5911,5227
"Fam185a",6,1,20,16,21,21,9,11,7,3,8,17
"Fbxl13",0,1,7,10,4,2,6,7,4,5,6,6
"Lrrc17",42,40,150,213,133,141,174,255,109,67,97,145
"Armc10",10,16,75,49,54,60,48,51,43,33,47,49
"Napepld",1,0,4,9,2,11,6,6,2,1,1,4
"Pmpcb",46,35,199,184,192,243,180,206,100,87,169,144
"Dnajc2",20,29,147,115,128,121,100,125,79,59,106,100
"Psmc2",74,72,383,393,338,378,371,414,191,154,242,313
"Reln",19,24,38,35,21,32,34,40,8,13,46,69
"Orc5",7,12,34,28,17,27,27,25,18,13,24,25
"Gm15421",435,425,665,549,820,1063,502,788,436,301,877,721
"5031425E22Rik",26,16,117,76,72,104,101,111,56,58,86,62
"Mll5",127,89,223,211,474,526,475,545,328,322,395,452
"Srpk2",39,35,96,84,164,186,171,170,97,101,131,137
"Pus7",20,18,97,54,69,57,58,70,45,29,33,40
"Rint1",11,4,35,38,24,33,30,29,16,21,41,28
"Tomm7",417,297,2349,2064,1875,2099,1265,1460,985,879,1587,1575
"2700038G22Rik",50,49,218,105,247,209,217,247,199,159,169,171
"Fam126a",60,29,174,131,146,177,170,160,92,91,92,96
"Klhl7",43,11,125,114,112,137,102,136,78,76,89,97
"Nupl2",1,1,24,6,9,9,8,11,10,7,7,11
"Nos3",14,7,30,12,18,36,16,20,12,10,12,11
"Abcb8",13,7,34,32,27,24,23,35,15,10,36,32
"Cdk5",43,21,160,127,107,113,79,109,69,59,93,101
"Slc4a2",33,23,134,123,111,118,72,114,49,49,86,101
"Fastk",72,46,311,292,154,193,165,188,120,95,162,187
"Tmub1",8,8,38,37,18,35,17,22,13,24,43,36
"Agap3",29,20,98,98,59,52,53,83,40,31,61,62
"Abcf2",43,31,176,134,131,137,138,149,81,64,74,98
"Chpf2",34,15,143,122,85,74,77,105,46,39,72,94
"Smarcd3",18,10,44,50,58,62,47,56,27,38,32,59
"Nub1",27,21,120,108,84,118,94,104,72,68,104,101
"Wdr86",1,1,7,0,4,1,4,8,3,3,7,4
"Crygn",3,4,8,4,8,10,12,4,6,3,11,5
"Rheb",559,404,2553,1848,1852,2264,1781,1949,1280,1079,1479,1406
"Prkag2",17,15,49,45,62,82,54,60,39,27,51,43
"2900005J15Rik",2,3,11,13,8,13,10,18,13,6,10,12
"Galnt11",25,12,130,115,115,99,101,113,60,49,99,116
"Mll3",54,43,121,139,214,237,224,207,130,107,183,198
"4831440E17Rik",5,3,15,13,19,24,16,17,12,6,7,13
"1700096K18Rik",13,3,24,32,31,29,21,31,13,11,28,20
"Xrcc2",5,1,4,12,6,10,6,6,10,0,3,6
"Actr3b",0,6,8,8,4,3,3,7,2,1,4,5
"Dpp6",3,2,5,3,8,5,5,3,2,1,1,1
"Paxip1",14,14,53,42,36,32,40,36,23,11,39,26
"Insig1",167,137,400,425,552,663,531,742,354,277,511,400
"Rbm33",26,16,132,107,115,98,69,106,65,64,73,85
"Lmbr1",30,19,105,85,87,106,109,119,72,63,96,74
"Nom1",17,25,91,60,98,84,107,100,55,50,65,69
"Ube3c",22,17,104,69,65,75,49,58,36,31,63,73
"Dnajb6",220,203,916,621,765,847,809,896,492,464,621,631
"Il6",1053,786,9119,5183,8401,8780,10954,10004,6488,5502,4445,3469
"Tyms",21,18,95,102,52,93,72,82,78,46,60,77
"Hadha",40,32,210,216,220,194,181,193,96,96,173,177
"Hadhb",77,66,378,351,287,416,341,355,141,164,303,297
"Ept1",12,6,49,40,30,34,25,31,16,14,23,30
"4930471M23Rik",16,6,63,72,32,53,33,45,21,24,34,26
"Cenpa",10,1,15,26,6,9,9,23,12,11,7,9
"Mapre3",34,32,194,189,157,203,150,173,113,120,146,153
"Tmem214",59,40,229,230,157,166,143,147,81,87,183,200
"Ost4",471,384,2811,2527,1897,2060,1446,1688,944,913,1525,1624
"Emilin1",113,56,335,440,292,230,200,287,134,128,327,436
"Khk",38,23,105,83,100,167,122,125,91,60,82,70
"Cgref1",30,21,68,83,65,75,35,26,29,25,136,120
"Abhd1",2,1,6,12,12,9,12,17,5,7,5,8
"Preb",62,47,305,231,160,179,172,171,120,98,153,182
"Slc5a6",10,8,16,16,18,26,16,22,18,15,12,11
"0610007C21Rik",268,192,1141,1106,901,1067,967,1061,526,465,937,966
"Cad",8,7,110,76,40,34,31,44,17,19,38,50
"Mpv17",79,69,277,314,276,361,244,289,202,155,268,225
"Gtf3c2",43,31,106,97,122,121,106,157,75,80,107,127
"Eif2b4",19,21,77,75,46,63,43,64,31,37,50,68
"Snx17",89,61,347,372,269,322,267,320,197,148,257,251
"Zfp513",16,15,89,76,54,71,50,72,44,26,43,72
"Ppm1g",51,39,297,226,185,207,189,214,117,98,166,163
"Nrbp1",73,51,282,290,194,264,192,238,138,121,186,249
"Ift172",22,21,65,55,69,80,60,77,32,43,60,43
"Fndc4",57,48,341,224,153,177,147,171,101,113,144,165
"Zfp512",7,12,39,41,28,43,34,54,33,20,43,29
"Gpn1",15,14,87,61,55,52,36,55,33,32,42,54
"Supt7l",7,1,27,17,20,15,13,17,4,10,13,18
"Slc4a1ap",2,8,21,26,29,41,30,44,17,23,31,18
"Mrpl33",389,273,2271,1754,1437,1516,1203,1392,759,671,1111,1079
"Rbks",5,6,12,14,13,24,12,19,6,9,11,9
"Bre",28,19,156,132,116,169,161,184,90,69,105,111
"Fosl2",685,396,2371,1610,2067,2081,2202,2636,1482,1369,1155,1169
"Ppp1cb",230,186,924,786,799,968,709,804,513,400,650,675
"Yes1",16,13,55,43,50,57,41,42,22,26,40,38
"Pisd",48,38,221,166,140,157,119,174,79,70,126,121
"C330019G07Rik",13,4,33,25,24,34,25,23,14,13,18,14
"Depdc5",2,5,21,17,7,26,10,14,11,6,22,8
"Ywhah",285,200,1111,913,933,1091,839,878,639,525,683,866
"Spon2",174,146,520,1661,837,598,436,500,103,143,841,1076
"Ctbp1",230,179,940,931,772,872,581,739,407,383,743,771
"Maea",66,46,196,200,175,197,155,200,120,109,149,216
"4933407H18Rik",21,23,48,46,69,82,80,97,61,53,66,57
"Fam53a",38,32,255,181,95,123,113,160,78,69,103,93
"Slbp",140,100,439,368,450,605,631,642,326,287,345,371
"Tmem129",18,17,62,78,55,51,43,46,35,26,68,70
"Tacc3",5,3,13,13,9,12,11,21,3,10,4,8
"Fgfr3",9,6,18,8,14,17,10,7,8,3,10,9
"Letm1",56,34,184,144,163,165,142,170,100,73,133,154
"Whsc1",22,12,75,42,54,40,46,41,35,34,45,46
"Whsc2",15,17,77,78,61,81,63,92,43,42,71,71
"Gm1673",28,30,115,126,87,105,45,88,32,50,94,85
"Haus3",7,9,30,24,33,33,51,27,23,18,32,37
"Mxd4",36,31,183,170,124,142,94,98,59,53,146,140
"Rnf4",68,55,326,205,198,202,166,204,122,103,149,177
"Fam193a",27,21,57,53,79,121,73,96,47,45,76,72
"Tnip2",46,27,147,124,130,165,156,129,92,74,115,101
"Sh3bp2",11,4,37,17,14,33,19,22,9,16,12,13
"Add1",91,72,402,371,308,352,200,266,150,136,239,240
"Mfsd10",64,49,292,270,241,309,238,285,166,114,178,178
"Nop14",76,64,238,142,423,518,535,624,314,201,257,261
"Grk4",4,4,5,11,22,18,24,19,8,11,19,22
"Htt",17,7,84,45,49,48,40,61,33,21,39,36
"Rgs12",6,9,31,22,30,17,28,29,10,15,14,28
"Lrpap1",221,145,848,800,656,809,755,806,399,372,624,688
"Adra2c",4,0,4,4,1,7,1,1,5,3,3,1
"Cpz",51,30,44,38,38,40,43,53,11,20,37,52
"2310079F23Rik",2,3,8,7,7,8,5,8,4,4,2,3
"Acox3",3,3,30,31,19,30,20,33,15,13,29,21
"Htra3",1066,784,4804,4210,3461,3952,2923,3356,2103,1514,3719,3423
"Sh3tc1",4,0,11,4,4,5,5,8,0,5,4,3
"Ablim2",1,0,4,2,6,5,4,6,2,6,3,6
"Afap1",61,40,167,183,196,231,187,245,159,132,165,161
"Sorcs2",9,12,60,59,36,41,30,35,20,25,37,42
"Grpel1",102,72,472,344,292,381,294,324,168,155,262,233
"Tada2b",10,8,29,34,30,28,38,43,15,15,22,30
"Tbc1d14",12,5,49,36,25,24,14,21,22,24,19,24
"D5Ertd579e",15,12,52,28,41,52,32,51,35,17,30,50
"Cno",31,32,199,137,156,179,121,142,91,73,94,100
"Mrfap1",604,407,3949,3165,2496,2844,2259,2539,1607,1432,2025,2165
"Man2b2",103,83,282,227,227,287,244,310,159,134,169,193
"Wfs1",10,15,79,72,47,45,45,61,30,16,31,54
"Evc",27,20,106,123,124,133,108,104,75,73,90,125
"Evc2",43,33,121,136,117,131,113,124,66,85,109,110
"Stk32b",7,2,16,21,24,17,19,18,19,3,11,13
"Cytl1",24,10,139,34,163,82,65,63,24,7,133,31
"Msx1",58,65,279,342,215,262,293,315,165,147,232,219
"Msx1as",3,5,1,0,4,1,3,3,1,3,2,6
"Stx18",35,24,137,149,84,122,109,96,73,49,85,99
"Nsg1",113,80,471,329,429,548,413,519,267,179,222,258
"Zbtb49",5,2,15,10,10,16,7,10,8,4,4,7
"Lyar",74,71,389,227,295,333,266,264,163,141,224,242
"Tmem128",41,25,254,170,187,209,189,173,113,104,149,118
"Slc2a9",1,1,13,10,18,12,10,13,8,12,14,5
"Wdr1",128,98,417,370,396,416,332,414,178,170,286,329
"Zfp518b",7,2,10,9,7,12,9,17,4,7,9,8
"Hs3st1",16,15,59,56,93,90,155,107,43,30,56,40
"Rab28",138,102,493,448,400,484,346,428,254,212,378,405
"Bod1l",51,44,115,98,211,269,226,266,133,117,171,215
"Cpeb2",29,17,84,53,89,133,78,87,53,43,63,49
"C1qtnf7",18,13,140,89,117,138,122,101,66,63,88,89
"Cc2d2a",32,7,52,41,78,90,81,108,56,64,89,75
"Fbxl5",48,41,198,146,156,166,159,158,81,75,132,139
"Cd38",5,7,48,34,20,26,32,34,13,18,30,21
"Prom1",2,4,2,5,3,0,1,5,0,1,3,1
"Tapt1",24,12,103,66,79,80,59,93,31,50,51,50
"Ldb2",66,32,51,50,143,156,58,76,65,67,95,108
"Qdpr",58,43,169,191,186,212,133,164,99,91,162,139
"Lap3",47,43,346,263,176,202,151,184,82,102,168,155
"Med28",185,134,754,746,619,670,542,667,321,279,515,492
"Lcorl",8,1,12,7,7,20,10,18,5,10,17,12
"Gm3414",0,2,1,0,7,7,7,7,2,2,9,0
"Slit2",1,2,8,6,2,11,1,4,6,5,1,13
"Pacrgl",10,6,46,46,26,31,45,40,16,15,32,30
"Kcnip4",8,1,13,8,12,8,5,14,17,8,4,3
"Gpr125",51,37,129,112,107,107,84,106,60,46,113,152
"Ppargc1a",5,9,7,3,4,9,14,13,11,4,4,6
"Dhx15",121,61,476,338,442,477,351,379,258,229,291,265
"9230114K14Rik",7,4,16,10,28,20,17,14,10,10,18,24
"Sod3",585,353,3119,2685,1927,2008,1112,1445,758,768,1595,1574
"Ccdc149",9,4,40,39,21,36,17,33,13,16,17,23
"Lgi2",29,18,108,64,101,96,92,132,55,46,40,44
"8030423F21Rik",2,1,3,8,7,12,10,5,4,2,4,5
"Pi4k2b",45,39,230,134,196,220,192,212,121,119,139,158
"Anapc4",28,16,84,88,91,89,110,115,46,40,74,84
"Sel1l3",7,1,12,11,10,6,5,9,3,2,16,14
"1810013D10Rik",24,14,155,124,79,66,62,64,46,43,54,76
"Rbpj",138,110,698,488,553,656,465,578,351,345,442,428
"Tbc1d19",25,14,92,97,92,134,107,118,43,60,77,80
"Stim2",58,49,136,121,140,201,125,182,101,84,133,152
"Pcdh7",63,52,222,168,221,219,179,261,111,100,267,228
"Arap2",3,4,9,6,10,10,6,15,6,6,8,9
"Rell1",101,64,353,259,270,354,248,325,204,203,246,264
"Pgm1",44,24,180,145,158,189,136,152,86,101,125,130
"Tbc1d1",7,15,67,26,49,42,30,32,17,22,25,22
"Klf3",49,46,131,119,207,265,244,253,190,183,192,183
"Fam114a1",100,89,376,401,361,443,322,374,226,195,423,378
"Klhl5",22,11,65,62,59,57,46,63,41,33,53,48
"Wdr19",3,4,37,33,7,13,13,17,8,11,7,9
"Rfc1",28,18,67,65,125,159,119,147,72,66,94,116
"Rpl9",3075,2214,24567,18996,14675,16870,11469,14045,9016,7929,12281,12085
"Lias",12,7,54,54,63,74,56,77,39,37,59,66
"Ugdh",1794,1386,4401,3116,6498,8553,7644,10115,4292,4253,4428,4544
"1110003E01Rik",643,387,2064,1834,1963,2192,1819,2092,1096,952,1710,1465
"Ube2k",179,139,700,546,593,647,589,722,352,325,473,508
"Pds5a",3,5,17,17,37,41,31,49,20,18,17,29
"N4bp2",6,6,6,2,20,19,12,17,11,15,21,24
"Rhoh",8,9,12,13,7,11,9,15,6,3,24,17
"Apbb2",61,46,234,143,157,178,183,203,132,106,151,174
"Uchl1",48,30,230,233,260,335,210,269,114,126,137,137
"Limch1",53,46,106,97,188,208,185,225,102,110,148,142
"Tmem33",92,53,374,339,285,362,329,340,176,182,253,245
"Slc30a9",33,30,208,140,126,169,138,145,97,80,109,129
"Bend4",4,0,4,4,5,9,5,8,1,3,2,6
"Shisa3",17,9,17,17,11,28,28,34,16,13,21,7
"Atp8a1",11,14,30,43,34,24,29,38,38,22,21,21
"Guf1",8,12,44,45,45,49,58,38,39,24,37,39
"Gnpda2",27,34,124,127,151,159,166,195,86,74,101,112
"Gabra2",3,5,0,0,6,5,7,4,0,3,4,2
"Commd8",44,23,190,178,137,160,143,142,88,79,139,129
"Atp10d",1,2,18,6,7,8,14,19,18,7,11,9
"Nfxl1",13,2,40,62,36,24,30,31,18,20,23,31
"Nipal1",10,9,50,31,20,42,51,47,23,21,26,26
"Tec",3,4,10,6,9,17,9,5,9,5,4,9
"Slain2",75,52,195,197,216,234,159,199,140,107,194,182
"Fryl",24,12,55,44,54,72,45,69,36,49,56,44
"Ociad1",151,132,759,647,543,662,548,633,375,339,461,547
"Ociad2",1,6,55,28,12,11,11,10,11,6,23,25
"Dcun1d4",6,8,32,28,34,22,20,20,13,13,13,18
"Sgcb",50,53,281,256,231,245,218,207,127,129,214,219
"Usp46",4,6,20,29,19,26,27,22,11,9,25,25
"2700023E23Rik",23,10,124,57,81,82,57,89,49,31,77,70
"Rasl11b",47,44,166,149,141,209,195,207,133,82,137,223
"Scfd2",6,6,33,33,17,19,26,28,6,12,20,28
"Fip1l1",51,42,189,179,222,256,258,289,124,121,147,166
"Lnx1",22,16,75,61,58,82,60,58,21,23,31,41
"Chic2",323,192,1402,1035,945,999,847,973,516,520,851,942
"Pdgfra",326,219,1738,1418,1317,1241,1030,1293,789,565,1101,1070
"Kit",2,0,0,0,3,9,2,2,0,0,0,0
"Kdr",8,6,7,9,36,34,10,13,9,19,7,13
"Srd5a3",35,26,231,189,160,175,163,199,94,87,159,173
"Tmem165",102,79,339,333,297,303,300,330,179,147,239,342
"Clock",42,15,78,65,100,75,74,84,52,48,67,83
"Exoc1",25,17,79,67,63,68,81,90,39,34,54,61
"Cep135",7,4,15,10,12,20,14,8,10,10,11,9
"Aasdh",5,3,8,7,2,10,6,6,2,3,8,9
"Ppat",7,5,49,31,38,51,47,43,22,20,25,21
"Paics",106,81,400,353,358,419,292,321,192,178,252,283
"Srp72",59,61,312,259,323,331,285,292,170,133,229,265
"Hopx",3,1,7,6,4,3,2,0,5,3,5,8
"Rest",48,31,35,23,149,196,116,198,87,89,112,127
"Noa1",9,10,60,54,34,41,18,47,17,23,47,37
"Polr2b",10,16,58,41,64,54,62,58,39,25,55,49
"Igfbp7",4057,2732,21778,18598,11581,12038,10023,12027,5988,6403,12219,13645
"Cenpc1",12,8,36,25,38,38,29,59,18,20,29,34
"Uba6",2,6,25,15,25,29,26,26,16,12,18,18
"Ythdc1",144,124,397,285,409,461,463,589,271,246,362,275
"Sult1e1",0,0,212,152,0,0,555,335,236,67,0,0
"Igj",1,826,1,5,90,44,27,30,54,47,17,43
"Utp3",43,45,224,167,226,269,236,223,126,137,153,155
"Rufy3",9,11,40,23,61,40,45,58,29,17,18,39
"Grsf1",22,15,99,91,60,87,68,79,48,29,54,75
"Mob1b",7,6,24,19,31,36,24,26,15,13,21,19
"Dck",1,6,14,14,11,18,12,14,8,8,4,7
"Slc4a4",25,18,81,60,107,111,103,122,64,54,62,60
"Adamts3",18,14,75,54,50,35,19,27,16,14,69,86
"Cox18",10,14,76,85,51,62,46,54,33,34,39,45
"Ankrd17",78,60,271,178,291,290,252,265,151,135,211,229
"Alb",2,2,0,0,10,18,0,0,0,0,19,3
"Cxcl5",15,16,516,82,117,138,202,107,251,68,25,108
"Pf4",8,4,100,85,64,85,37,71,25,23,53,57
"Cxcl3",2,20,87,59,37,52,31,52,6,14,43,37
"Cxcl1",7178,4428,55096,32401,37519,45046,45732,45272,32695,27546,28825,21841
"Cxcl2",678,459,2866,1942,4022,4396,3296,4425,1882,2022,1924,1799
"Mthfd2l",12,6,32,36,41,35,26,36,16,17,29,34
"Ereg",2,1,20,4,0,7,7,8,12,20,7,2
"Areg",0,2,5,2,3,3,2,19,0,4,6,6
"Btc",3,3,9,10,15,24,13,21,9,10,5,4
"Rchy1",51,33,179,152,157,179,156,174,120,108,128,148
"Thap6",9,4,4,13,2,9,9,6,8,2,7,4
"Cdkl2",16,15,27,30,57,55,46,61,27,16,35,48
"G3bp2",70,58,197,209,242,274,365,386,167,156,220,256
"Uso1",62,52,265,262,237,261,211,256,120,111,181,225
"Naaa",61,60,228,245,329,350,246,342,139,150,262,269
"Sdad1",17,11,84,37,74,66,70,80,35,31,60,46
"Cxcl9",47,55,127,96,113,176,99,152,35,187,206,156
"Art3",25,11,83,75,64,87,115,106,48,44,52,50
"Cxcl10",364,428,1191,1665,1218,1594,1265,2436,778,1355,1448,1361
"Nup54",55,24,170,135,149,223,187,188,128,75,108,124
"Scarb2",45,30,219,216,107,153,164,158,84,70,117,93
"Stbd1",26,3,18,13,15,26,41,37,5,7,15,31
"Shroom3",5,2,12,5,6,21,10,19,6,5,7,6
"Sept11",85,60,303,227,241,314,226,241,146,121,227,210
"Ccni",254,182,1229,928,757,854,629,717,418,419,684,621
"Ccng2",42,32,144,127,94,130,126,110,93,71,85,81
"Cxcl13",58,29,3086,696,214,478,341,742,1007,185,205,189
"Cnot6l",22,20,62,37,70,78,71,129,52,59,73,79
"Mrpl1",17,13,46,40,46,69,61,69,30,25,51,41
"Anxa3",579,424,2418,2074,2732,3088,2712,3648,1410,1297,1881,1597
"Bmp2k",10,6,5,6,19,25,31,18,11,11,10,20
"Antxr2",242,173,883,906,809,932,749,1061,523,512,766,693
"Prdm8",13,17,87,109,95,119,102,99,60,59,70,64
"Mir703",248,210,806,778,1064,1317,656,1064,483,356,700,662
"Bmp3",28,9,11,24,21,51,36,41,14,22,33,43
"Prkg2",5,5,47,29,17,8,20,23,21,19,9,19
"Rasgef1b",13,7,26,34,35,27,22,37,15,19,34,48
"Hnrnpd",120,92,492,355,468,437,404,504,282,241,298,318
"Hnrpdl",269,194,1057,792,912,1023,887,1031,567,524,766,752
"Enoph1",12,13,69,73,58,55,42,50,24,22,49,58
"Tmem150c",0,2,4,2,4,7,5,7,1,7,15,20
"Sec31a",152,115,761,705,493,508,403,544,296,262,504,503
"5430416N02Rik",24,15,183,99,82,101,75,82,62,49,41,72
"Lin54",15,12,44,34,33,45,40,38,31,20,19,22
"Cops4",88,60,354,322,308,369,320,394,184,175,272,284
"Plac8",129,63,1117,621,298,570,337,531,288,227,976,548
"Coq2",73,52,358,245,215,220,155,211,116,115,180,140
"Hpse",20,15,65,54,76,74,53,109,47,42,35,32
"Helq",1,2,9,5,5,8,2,8,9,2,5,7
"Mrps18c",61,52,312,279,243,259,241,279,142,135,190,198
"Fam175a",3,8,17,20,16,13,19,22,7,13,17,12
"Agpat9",4,4,39,19,27,48,34,29,19,30,15,18
"Cds1",4,1,2,2,2,3,3,4,6,0,2,5
"Wdfy3",20,21,125,104,81,101,71,100,59,64,72,89
"Arhgap24",41,28,270,253,116,148,239,200,154,115,116,105
"Ptpn13",33,22,94,78,73,90,71,80,48,60,73,72
"Slc10a6",295,178,1672,1126,695,820,1148,1365,864,777,649,512
"Aff1",68,46,259,173,191,231,160,246,137,137,128,158
"Klhl8",8,4,23,33,18,25,17,31,15,11,19,31
"Hsd17b11",54,54,243,223,191,210,204,248,121,118,200,149
"Nudt9",70,44,484,423,252,287,230,314,172,136,209,217
"Sparcl1",773,593,3171,3037,3424,3939,3288,3570,1936,1906,3324,2892
"Ibsp",19,0,0,8,0,0,0,0,4,0,32,16
"Spp1",545,138,806,795,129,271,228,77,99,48,788,297
"Pkd2",161,121,520,530,429,463,342,366,240,217,442,439
"BC005561",90,48,239,132,328,352,380,400,229,200,292,312
"D930016D06Rik",19,18,69,48,62,70,65,61,40,33,58,61
"Zfp951",5,2,7,6,8,5,7,7,8,3,7,8
"Gbp9",3,3,11,5,13,35,18,17,11,20,10,11
"Gbp4",6,6,8,8,5,20,17,18,10,35,5,17
"Gbp6",40,37,97,58,104,151,104,118,120,116,90,72
"Lrrc8c",16,12,36,32,33,36,35,50,26,16,24,30
"Lrrc8d",22,16,62,49,47,62,56,64,22,30,38,50
"Zfp326",52,37,137,100,223,234,217,268,144,101,165,178
"Zfp644",29,25,43,39,116,99,149,143,78,52,102,98
"Cdc7",1,1,10,8,14,13,9,10,8,8,9,10
"Tgfbr3",268,220,1758,1114,825,824,695,858,610,485,652,690
"Brdt",18,24,105,95,78,79,87,66,42,41,75,102
"Ephx4",14,16,16,34,49,45,25,35,18,14,34,69
"A830010M20Rik",3,0,4,5,10,10,8,8,9,6,8,2
"Glmn",8,4,29,31,28,23,26,42,17,16,27,23
"Rpap2",6,4,30,40,21,31,24,36,15,10,20,28
"Evi5",68,55,136,130,230,232,214,282,133,119,183,211
"Rpl5",1088,780,13072,10154,7078,7509,4704,6168,4248,3487,5055,4949
"Fam69a",34,23,116,78,118,153,138,182,89,72,111,122
"Mtf2",28,18,64,37,56,71,85,69,48,51,49,56
"Tmed5",135,88,674,428,598,645,658,725,366,318,411,380
"Dr1",25,13,96,69,59,51,57,62,48,23,63,59
"Atp5k",338,254,1079,917,867,975,589,737,382,301,662,652
"Mfsd7a",9,6,21,13,11,20,22,22,13,16,7,4
"Pcgf3",8,1,25,15,19,24,17,14,14,16,33,22
"Gak",22,18,110,115,73,88,62,93,48,41,63,61
"Tmem175",12,10,57,48,31,40,39,34,24,17,34,34
"Dgkq",9,7,21,22,26,16,13,16,17,10,12,24
"Idua",16,14,47,48,38,46,45,48,26,27,35,28
"Fgfrl1",17,13,85,63,51,50,52,57,31,24,40,50
"Crlf2",55,40,297,256,213,241,157,193,130,109,164,157
"LOC100642166",5,1,32,26,33,28,25,17,9,14,12,10
"Zfp932",15,13,87,67,77,94,67,82,56,37,63,66
"Gtpbp6",26,14,130,102,89,132,71,79,79,50,101,91
"Chfr",9,7,29,19,25,26,21,22,10,14,19,26
"Golga3",9,15,49,51,52,49,40,46,30,12,46,48
"Ankle2",18,11,75,66,57,90,59,71,36,53,68,60
"Pgam5",13,21,95,88,80,63,73,72,54,40,50,72
"Pxmp2",3,1,9,9,3,4,7,6,6,5,10,2
"Fbrsl1",19,10,52,40,43,64,44,47,19,21,35,37
"Noc4l",33,28,166,106,116,144,109,139,66,57,84,106
"Ddx51",7,3,36,21,11,16,16,17,8,9,15,12
"Ep400",41,31,185,110,175,201,137,163,113,87,103,148
"Pus1",38,26,191,119,113,100,95,103,61,56,85,75
"Ulk1",22,17,90,69,52,76,47,58,37,35,45,73
"Hscb",21,7,63,89,53,71,48,62,37,33,58,57
"Chek2",0,0,5,6,6,6,6,13,4,1,8,10
"Ttc28",85,52,168,168,288,266,219,297,146,161,250,226
"Pitpnb",83,57,294,289,276,330,280,337,182,159,217,251
"Mn1",140,91,157,163,294,284,231,207,152,131,283,375
"Miat",8,3,11,13,9,8,6,8,4,5,16,8
"Tpst2",69,59,276,260,235,248,220,259,130,142,208,171
"Tfip11",15,4,61,55,39,39,36,51,19,25,23,30
"Srrd",17,13,51,62,39,53,57,59,33,32,22,52
"Hps4",5,6,29,15,4,19,7,21,10,9,17,13
"Asphd2",5,8,59,45,16,30,20,31,14,12,11,17
"Adrbk2",1,2,3,1,4,11,4,3,3,3,4,2
"Crybb3",9,1,10,9,18,25,10,10,9,7,9,10
"2900026A02Rik",12,12,43,43,71,68,29,65,40,37,45,48
"Wscd2",4,4,1,5,6,3,1,4,2,1,2,8
"Cmklr1",73,51,222,244,201,255,192,258,180,117,265,205
"Ficd",4,4,18,17,19,15,9,14,18,7,19,14
"Sart3",17,12,77,51,44,51,41,72,30,38,43,50
"Iscu",156,107,862,738,570,579,472,587,296,289,513,548
"Tmem119",68,58,169,281,207,232,118,167,56,42,207,283
"Selplg",0,3,6,4,4,6,12,12,6,11,14,4
"Coro1c",78,58,252,215,235,281,221,257,155,162,179,220
"Ssh1",2,4,7,4,7,6,9,10,0,6,9,3
"Usp30",9,2,20,16,23,15,10,20,15,10,19,13
"Alkbh2",4,10,52,60,28,36,37,52,28,31,26,33
"Ung",3,0,18,10,8,5,5,17,5,6,7,8
"Acacb",6,3,11,13,6,10,5,13,7,6,7,4
"Myo1h",10,7,13,5,7,13,8,9,12,7,12,3
"Kctd10",115,96,572,398,413,511,552,627,402,343,357,346
"Ube3b",22,21,135,82,59,73,64,70,29,31,54,44
"Mmab",3,0,9,24,8,7,2,10,9,9,11,10
"Mvk",20,27,76,98,57,57,53,60,40,36,64,67
"BC057022",0,4,11,3,3,16,10,11,8,3,2,8
"Trpv4",9,6,11,9,17,28,22,21,8,10,18,8
"Gltp",86,75,345,341,284,344,225,315,163,160,247,270
"Tchp",5,3,12,26,12,10,26,10,7,11,21,11
"Git2",32,15,91,100,71,76,67,78,39,47,68,57
"Ankrd13a",28,26,157,127,90,106,82,102,56,72,84,97
"1500011B03Rik",10,9,30,43,18,28,17,19,22,8,16,14
"2610524H06Rik",18,9,81,93,48,52,51,45,18,27,52,64
"Oasl2",39,37,177,114,96,198,114,169,75,95,166,120
"Oasl1",4,3,18,35,12,22,16,23,4,19,18,10
"2210016L21Rik",36,20,167,162,179,211,169,197,115,82,141,174
"Sppl3",31,32,121,144,108,100,52,86,57,61,87,120
"Acads",24,13,82,113,77,76,59,75,40,54,64,64
"Unc119b",27,22,153,122,102,143,88,106,84,70,93,103
"Mlec",97,90,629,517,362,356,215,322,150,179,331,321
"Cabp1",2,2,4,3,10,7,2,6,1,4,6,6
"Pop5",43,19,220,202,144,154,147,162,83,86,131,125
"Rnf10",196,172,929,758,739,824,635,747,482,420,342,339
"Coq5",24,19,77,69,84,100,81,85,59,46,46,73
"Dynll1",1017,790,4734,4361,3965,5116,3395,3920,2211,2031,3313,3661
"Srsf9",93,68,373,380,271,284,215,288,167,113,217,258
"Gatc",13,19,43,43,33,57,45,38,21,18,41,33
"Triap1",16,18,86,94,43,52,44,56,35,30,61,71
"Cox6a1",798,548,3748,3087,2699,2943,2396,2522,1456,1292,2285,2250
"Sirt4",7,3,29,29,22,33,31,22,22,17,12,21
"Pxn",207,121,833,586,613,724,641,767,515,471,486,440
"Rplp0",6382,4700,40805,27940,22941,25622,17418,21550,13498,12280,20116,19401
"Gcn1l1",22,18,122,90,76,54,47,64,44,37,52,54
"1110006O24Rik",0,3,7,5,6,2,2,3,0,1,3,8
"Rab35",57,48,247,175,176,247,178,213,146,97,142,174
"Cit",2,0,1,1,1,4,2,3,2,0,7,2
"Prkab1",39,18,89,83,86,87,74,76,57,46,53,62
"Hspb8",309,241,1349,985,1111,1271,1357,1599,894,793,774,744
"Suds3",96,78,434,341,276,306,214,263,150,173,274,217
"Taok3",50,40,78,73,181,216,176,196,112,98,157,152
"Pebp1",349,243,2504,2002,1408,1522,1179,1474,795,697,1142,1170
"Vsig10",10,11,90,70,48,60,48,67,37,39,48,54
"Wsb2",63,53,335,248,201,185,162,192,99,100,174,198
"Rfc5",7,3,28,33,20,24,33,21,16,10,13,20
"Fbxo21",10,7,50,53,32,44,33,48,38,32,38,30
"Tesc",0,2,4,0,3,7,3,0,2,3,6,2
"Fbxw8",48,36,253,225,117,119,104,147,79,64,144,114
"2410131K14Rik",4,4,26,15,7,22,13,15,12,6,6,12
"Med13l",87,60,264,220,293,325,237,305,161,135,204,193
"AW549542",2,2,3,3,6,12,5,7,5,7,10,4
"Tbx3",28,17,72,49,81,71,70,82,45,42,49,59
"Tbx5",7,3,17,20,22,32,36,45,18,18,20,25
"Rbm19",13,6,46,43,43,40,29,46,23,18,31,34
"Plbd2",97,77,354,353,272,306,245,307,137,148,292,313
"Slc24a6",44,25,73,91,122,167,114,115,90,76,142,113
"Tpcn1",54,33,138,111,137,161,137,128,88,81,123,142
"1110008J03Rik",9,12,31,31,24,35,19,38,13,8,21,24
"Ddx54",46,27,233,145,157,166,103,144,77,64,84,115
"Oas2",3,0,21,19,7,13,4,10,4,7,27,8
"Oas1b",8,3,29,16,16,24,16,24,13,13,30,13
"Oas1a",9,4,38,25,25,46,19,51,18,15,45,33
"Ptpn11",81,52,247,173,235,265,193,252,136,133,232,191
"Rpl6",3174,2252,18687,14715,13834,15737,11941,14064,8398,7102,10964,11055
"Gm15800",23,16,72,58,52,57,48,53,30,29,48,41
"Trafd1",65,51,299,201,179,254,195,261,143,146,206,166
"Naa25",10,16,75,31,72,84,85,87,26,32,47,41
"Erp29",136,88,962,937,458,510,371,465,243,242,564,644
"Mapkapk5",30,18,126,116,88,118,80,104,61,45,97,87
"Aldh2",488,337,2137,2100,2242,2810,2301,2591,1177,977,1734,1711
"Acad10",1,1,9,4,4,5,13,9,3,1,11,4
"Brap",39,27,148,126,103,107,93,120,62,80,89,96
"Atxn2",44,38,154,118,157,183,105,132,95,64,116,160
"Sh2b3",12,6,62,48,45,39,34,45,27,21,45,26
"Fam109a",9,19,82,74,59,81,44,65,39,42,57,55
"Myl2",2,1,3,3,2,11,2,5,3,5,4,13
"Ppp1cc",427,348,1473,1080,1503,1747,1504,1625,1145,1011,1214,1043
"Hvcn1",14,14,36,54,50,64,47,84,31,41,41,42
"Tctn1",5,5,25,21,19,31,27,21,13,5,23,17
"Pptc7",40,44,191,144,142,138,122,133,81,71,97,105
"Vps29",132,122,756,635,605,643,567,642,286,287,423,424
"1500011H22Rik",21,14,109,108,75,93,74,83,56,52,66,80
"Gpn3",17,11,65,68,54,60,49,62,45,40,66,56
"Arpc3",343,236,2297,1591,1587,1872,1697,1913,1090,878,1095,1004
"Anapc7",34,24,165,138,105,133,125,117,90,74,113,96
"Atp2a2",171,132,956,651,610,651,453,583,334,332,442,499
"Ift81",6,10,35,46,36,49,54,70,34,27,36,55
"P2rx7",3,5,40,39,23,33,27,37,23,19,31,23
"P2rx4",83,52,308,216,225,245,195,218,161,148,171,156
"Camkk2",72,53,280,204,205,270,172,177,124,90,227,188
"Anapc5",363,235,1054,929,1019,1173,903,1124,621,588,898,862
"Rnf34",24,16,109,98,88,137,75,108,69,50,93,69
"Kdm2b",22,19,57,49,44,69,34,61,39,28,33,41
"Orai1",31,34,120,115,123,136,100,146,55,60,86,135
"Tmem120b",5,7,26,34,22,12,14,15,14,6,24,24
"Rhof",2,0,5,7,8,10,1,6,4,4,7,7
"Psmd9",32,46,257,221,170,205,193,248,109,107,128,148
"Bcl7a",8,4,17,15,22,29,24,30,20,9,16,23
"Mlxip",40,23,126,80,87,97,69,60,52,53,64,76
"Diablo",67,56,354,303,270,290,227,270,144,153,252,241
"Vps33a",8,6,55,40,27,40,37,37,25,17,38,33
"Clip1",46,43,102,74,249,251,306,329,152,117,180,173
"Zcchc8",10,9,56,65,38,50,48,60,29,20,52,44
"Rsrc2",187,129,604,505,686,767,766,861,508,410,620,646
"Denr",76,80,539,437,391,414,261,310,201,185,304,336
"Ccdc62",1,1,12,7,5,5,11,11,8,3,4,9
"Hip1r",5,3,12,21,15,19,18,20,16,19,8,9
"Vps37b",33,18,90,85,81,94,82,94,74,50,77,75
"Abcb9",2,5,5,11,8,10,8,9,10,6,10,8
"Ogfod2",18,14,74,75,42,62,45,63,35,26,39,53
"Arl6ip4",51,41,258,221,157,159,149,175,100,77,136,152
"Pitpnm2",14,7,35,44,38,37,14,40,16,13,20,30
"Mphosph9",4,2,10,7,7,11,6,6,4,3,5,10
"2810006K23Rik",8,10,32,32,41,47,36,36,27,23,26,38
"Cdk2ap1",124,102,415,442,196,182,123,262,106,96,194,409
"Sbno1",74,58,174,128,241,269,228,222,146,129,202,214
"Setd8",37,33,97,95,100,90,66,107,37,41,95,117
"Rilpl2",21,17,87,109,54,54,54,73,33,42,74,65
"Snrnp35",11,12,46,47,35,43,36,59,16,21,34,21
"Rilpl1",28,28,122,104,91,128,108,148,68,70,91,110
"Tmed2",782,569,3605,2852,2387,2729,2422,2706,1593,1432,2147,2204
"Ddx55",5,8,28,26,34,33,30,33,17,7,22,16
"Eif2b1",17,14,114,86,65,94,69,77,41,33,69,75
"Gtf2h3",8,11,75,66,41,54,41,56,31,30,49,50
"Tctn2",18,9,48,54,37,39,44,53,24,24,26,39
"Atp6v0a2",2,3,26,14,20,23,16,18,8,11,16,22
"Ccdc92",1,0,8,5,3,5,3,10,0,2,5,7
"Zfp664",14,25,100,73,99,103,55,101,42,43,74,81
"Fam101a",2,3,10,7,5,4,3,8,3,2,14,15
"Ncor2",69,45,330,263,230,236,158,225,153,133,184,228
"Scarb1",32,15,59,44,45,61,43,44,40,34,28,53
"Ubc",4855,3285,16066,15467,17725,25484,26322,26880,10930,11374,13897,15002
"Dhx37",7,1,16,17,19,13,7,16,5,8,10,7
"Bri3bp",21,22,148,127,81,77,44,68,44,23,70,68
"Aacs",26,15,72,78,85,91,67,107,44,49,66,86
"Tmem132c",6,8,18,18,28,34,25,36,13,12,29,20
"Slc15a4",20,19,109,78,75,92,63,101,50,53,68,70
"5930412G12Rik",21,10,3,1,39,43,0,5,1,2,49,41
"Stx2",38,36,123,173,109,135,96,141,67,71,131,118
"Ran",426,339,3186,2089,1933,2408,1624,1911,1042,917,1130,1267
"Gpr133",139,113,922,681,561,579,460,663,296,293,325,301
"Sfswap",35,22,74,86,81,90,89,82,52,40,64,70
"Mmp17",1,2,7,11,8,11,3,7,7,7,7,5
"Mrps17",80,63,441,344,269,294,227,252,157,113,229,235
"Gbas",56,42,209,191,190,195,182,227,135,112,176,154
"Psph",8,17,83,67,56,52,48,44,13,21,42,53
"Cct6a",12,8,19,9,61,83,62,82,44,38,51,47
"Sumf2",18,11,106,88,64,68,52,70,30,28,63,63
"Phkg1",3,0,7,3,6,10,3,4,3,1,6,8
"Chchd2",1342,1091,8741,6118,5554,6443,4972,5629,3035,2812,4042,4347
"2410018M08Rik",6,5,8,9,5,9,4,7,4,4,22,12
"4930579G22Rik",1,4,6,4,9,6,6,8,7,2,6,3
"Vkorc1l1",4,14,125,65,51,50,33,57,30,19,34,48
"Gusb",38,27,225,194,110,157,112,128,76,81,151,152
"Asl",34,14,75,70,68,84,65,106,49,26,48,65
"Crcp",20,21,92,102,46,80,61,64,44,33,64,54
"Tpst1",193,139,769,571,476,578,468,543,287,319,577,534
"Kctd7",2,1,11,9,5,8,5,7,4,3,8,7
"Rabgef1",128,90,637,374,449,644,564,693,360,301,404,357
"0610007L01Rik",108,83,557,367,357,362,276,343,234,215,298,274
"Sbds",283,182,1015,719,1018,1247,1144,1298,719,698,710,647
"Tyw1",7,6,55,49,40,53,43,45,14,34,34,31
"Wbscr17",30,34,209,212,85,83,127,168,99,106,75,63
"Auts2",34,26,77,59,83,99,70,79,57,37,71,86
"Gatsl2",13,4,58,32,35,29,30,22,18,19,26,31
"Wbscr16",18,13,130,90,56,76,47,62,46,35,54,71
"Gtf2ird2",4,3,10,14,10,15,6,9,4,10,6,5
"Ncf1",0,0,2,1,2,3,6,4,5,2,4,4
"Gtf2i",27,28,187,157,114,128,87,114,102,90,109,121
"Gtf2ird1",14,13,52,46,39,57,53,53,35,32,35,38
"Clip2",25,22,100,97,87,97,71,97,43,55,97,92
"Rfc2",25,16,104,107,73,100,88,89,63,44,66,84
"Lat2",0,2,10,11,9,6,5,12,5,6,9,7
"Eif4h",235,169,1199,1055,811,952,799,942,552,509,702,695
"Limk1",15,18,77,75,51,41,44,65,37,33,31,45
"Eln",252,161,605,773,1237,941,368,588,262,192,1627,1498
"Wbscr27",7,8,51,34,34,44,41,53,23,30,35,35
"Cldn3",3,2,18,21,52,45,72,100,27,35,9,15
"Abhd11",47,39,247,204,202,206,157,205,108,98,123,155
"2010001M06Rik",6,6,33,40,37,37,36,47,15,17,13,25
"Stx1a",4,8,17,18,18,19,12,20,12,6,13,18
"Wbscr22",21,25,163,123,84,85,68,90,53,44,77,103
"Dnajc30",25,16,79,88,68,62,44,57,39,23,63,71
"Vps37d",7,3,15,20,7,12,10,16,9,8,8,10
"Mlxipl",0,1,5,1,4,6,4,1,8,4,2,2
"Tbl2",10,6,52,43,30,37,36,38,22,14,26,30
"Bcl7b",86,58,286,259,257,301,236,266,183,156,219,210
"Baz1b",37,35,144,138,210,216,178,210,129,107,134,145
"Fzd9",2,2,22,7,6,4,8,8,9,5,2,8
"Nsun5",10,12,69,45,31,46,44,42,19,28,23,22
"Pom121",31,29,175,100,104,112,85,94,70,60,70,90
"Hip1",11,12,36,34,56,54,35,40,38,24,51,43
"Ccl24",4,1,5,7,12,13,4,11,7,1,9,4
"Rhbdd2",12,6,36,36,35,30,34,40,14,25,24,23
"Por",112,74,513,315,455,540,509,617,284,248,223,298
"Tmem120a",60,37,220,165,116,180,116,166,128,101,113,116
"Mdh2",236,167,1210,922,824,990,910,974,537,414,681,718
"Hspb1",2281,1301,14529,15173,8125,11724,9980,12937,6330,5239,5800,5985
"Ywhag",181,138,646,528,623,675,521,544,319,284,459,483
"Dtx2",43,35,199,157,162,192,134,179,91,94,133,144
"Rasa4",9,4,19,12,13,32,8,12,16,9,13,12
"Polr2j",60,79,534,496,298,355,296,320,183,145,278,291
"Lrwd1",8,6,59,49,30,42,30,32,31,23,38,31
"Alkbh4",4,4,13,9,14,9,9,17,4,5,9,6
"Orai2",6,5,83,34,13,20,31,32,25,12,23,16
"Prkrip1",23,17,103,94,80,85,67,85,58,36,67,80
"Sh2b2",8,6,32,14,16,14,13,23,22,12,4,15
"Cux1",41,26,158,141,122,151,129,154,77,76,96,124
"Emid2",1,2,10,13,0,7,4,10,3,2,22,27
"Rabl5",19,10,100,113,73,67,75,76,31,37,72,60
"Fis1",202,150,1049,867,692,688,601,750,423,366,568,621
"Cldn15",13,8,85,73,48,76,50,64,39,36,50,73
"Znhit1",116,80,510,496,351,352,256,313,169,181,326,292
"Plod3",70,70,415,361,289,323,219,267,144,96,223,261
"Ap1s1",57,29,333,274,170,169,144,177,84,93,156,166
"Serpine1",584,361,4605,2988,1971,2002,2205,2706,1540,1159,1824,1631
"Trim56",5,5,9,3,17,30,20,36,18,16,28,20
"Ache",2,2,4,4,8,10,12,8,2,4,6,7
"Ufsp1",2,1,10,10,7,15,7,4,5,5,12,7
"Srrt",52,45,210,179,211,298,233,243,150,128,161,168
"Trip6",107,71,603,365,384,483,376,436,283,275,261,299
"Slc12a9",15,8,36,42,28,27,33,40,22,21,15,27
"Ephb4",26,14,74,60,57,74,37,56,32,38,54,61
"Pop7",26,6,107,76,63,76,69,57,35,28,66,53
"Gigyf1",10,15,44,51,73,73,72,61,45,32,63,60
"Gnb2",593,458,2800,2685,2177,2609,1917,2320,1275,1189,1926,1977
"Tfr2",2,2,4,11,7,13,6,3,5,4,7,5
"Mospd3",56,54,258,266,165,191,137,182,91,93,195,212
"Pcolce",2386,1710,9766,10712,7487,7882,6693,8097,3090,2903,7480,8494
"Fbxo24",4,1,37,37,17,29,15,26,8,11,29,14
"Lrch4",1,1,7,1,11,3,6,3,4,5,4,6
"Sap25",4,1,2,4,7,4,7,4,1,3,2,2
"Irs3",7,1,15,24,20,13,20,20,14,9,16,11
"Agfg2",19,16,33,52,59,76,69,86,48,32,68,71
"6430598A04Rik",3,1,1,1,3,7,2,5,1,3,3,10
"Tsc22d4",75,62,188,200,181,197,156,188,136,111,203,197
"Ppp1r35",28,18,116,165,95,143,115,140,76,53,107,101
"Mepce",22,16,119,82,86,98,57,87,62,62,50,64
"Zcwpw1",3,2,6,5,7,6,3,5,4,3,3,3
"Pilra",1,2,8,8,6,9,4,14,2,5,9,7
"Pilrb1",2,2,1,2,4,6,3,4,1,1,7,1
"Cyp3a13",3,2,9,5,13,10,16,14,5,4,8,8
"Zkscan1",15,17,49,52,43,43,56,46,20,22,41,52
"Zscan21",14,7,32,34,28,33,43,52,20,30,19,30
"Zfp113",1,0,7,7,7,11,12,7,7,4,8,7
"Cops6",112,91,715,545,414,466,412,434,248,191,342,384
"Mcm7",12,9,61,49,36,42,34,41,33,25,35,36
"Ap4m1",4,5,23,17,9,10,12,15,15,9,9,5
"Taf6",15,13,67,50,30,38,26,34,18,14,34,40
"Cnpy4",45,19,174,154,155,161,130,161,76,76,115,144
"Mblac1",0,2,15,6,5,5,1,6,2,0,7,6
"0910001L09Rik",78,65,499,551,408,430,329,358,211,176,346,362
"BC037034",5,7,37,30,11,21,15,32,8,14,17,16
"6330418K02Rik",4,1,24,23,15,11,5,12,10,5,11,9
"Gal3st4",5,10,15,29,29,24,23,27,12,9,35,19
"Gpc2",0,2,2,3,0,5,4,7,2,5,2,1
"Zfp157",2,0,10,15,3,3,13,7,5,3,7,7
"Zfp68",38,24,110,107,94,121,99,104,68,58,80,88
"Fam20c",41,29,185,175,93,101,126,136,67,62,96,122
"Pdgfa",32,20,38,49,62,90,65,67,46,38,90,130
"Prkar1b",20,7,54,59,59,61,45,48,28,34,32,43
"Heatr2",1,4,12,10,16,18,15,14,6,7,10,11
"Sun1",45,29,133,121,123,164,108,122,76,89,119,104
"Get4",77,55,276,237,176,194,146,159,127,112,130,144
"Cox19",36,23,204,156,144,173,124,128,79,86,119,119
"3110082I17Rik",9,7,68,49,37,33,35,31,20,21,38,30
"Gpr146",19,13,75,44,45,71,34,70,43,39,44,41
"C130050O18Rik",1,1,4,1,4,0,3,2,1,2,6,6
"Zfand2a",22,8,63,45,35,62,34,34,27,31,29,50
"Micall2",2,0,4,2,5,4,5,7,3,5,5,7
"Ints1",10,16,65,63,34,41,29,38,19,18,34,36
"Mafk",274,215,1082,763,905,1212,994,1056,734,706,854,835
"Tmem184a",0,2,0,3,6,2,3,4,4,1,2,1
"Psmg3",21,9,89,80,47,61,44,52,32,30,41,44
"Mad1l1",9,7,50,44,31,37,27,34,38,13,32,39
"Ftsj2",2,2,10,10,3,12,4,8,3,1,8,2
"Nudt1",4,7,42,44,26,21,19,25,10,8,25,31
"Snx8",15,11,58,60,41,50,41,57,24,31,37,35
"Eif3b",143,94,806,509,406,497,319,446,242,193,321,316
"Chst12",75,40,238,307,225,268,181,264,121,99,274,259
"Lfng",6,0,17,14,26,22,16,24,8,12,15,17
"Ttyh3",20,15,75,73,63,57,31,63,21,28,47,63
"Iqce",2,3,23,11,12,14,14,10,7,11,15,10
"Baat1",3,0,9,8,6,11,7,10,6,1,8,7
"Sdk1",14,12,63,45,63,52,46,61,34,21,51,45
"Foxk1",13,8,66,54,44,65,47,49,37,32,44,44
"C330006K01Rik",5,1,18,21,5,10,12,10,8,9,5,11
"Radil",19,14,78,70,76,95,88,89,51,47,78,78
"Papolb",0,3,3,0,4,2,4,2,6,5,1,5
"Wipi2",30,16,85,57,66,82,60,55,45,45,76,73
"Tnrc18",43,33,89,81,142,181,91,139,69,62,110,99
"Fbxl18",3,2,7,7,6,1,2,5,3,2,5,6
"Actb",5774,5556,21679,16260,17731,20045,14666,18035,10508,8148,13849,14745
"Fscn1",134,85,245,286,230,344,265,300,150,168,349,377
"Rnf216",21,19,120,74,93,134,80,137,71,62,97,98
"Rbak",4,2,17,17,12,19,18,12,8,4,16,11
"Zfp12",2,3,21,20,12,22,18,10,7,7,17,10
"Zfp316",2,2,14,9,8,12,7,10,5,4,8,10
"E130309D02Rik",18,26,79,59,71,58,55,73,29,30,39,60
"Zdhhc4",37,17,170,141,83,113,100,115,69,63,104,109
"0610040B10Rik",1,0,19,8,5,6,2,9,0,4,3,2
"Kdelr2",508,419,2059,1916,1474,1545,1321,1434,868,650,1270,1345
"Daglb",19,41,96,102,216,198,109,118,43,59,178,178
"Rac1",461,384,2276,1878,1665,1879,1401,1692,955,863,1395,1425
"2810453I06Rik",114,63,494,406,364,440,401,499,363,269,266,299
"Cyth3",152,116,788,520,527,509,443,507,328,251,456,450
"Usp42",10,14,39,38,66,63,64,70,38,46,46,52
"Eif2ak1",7,6,37,35,26,46,38,38,24,14,30,32
"Aimp2",36,28,199,153,142,140,126,129,55,65,95,91
"Pms2",2,1,6,5,6,12,6,13,3,9,10,7
"Ccz1",48,48,265,175,188,197,161,175,96,107,135,168
"Lmtk2",6,0,40,25,23,34,12,33,16,14,13,19
"Tecpr1",19,21,47,53,50,60,41,49,36,39,44,58
"Bri3",367,264,2208,1669,1253,1412,1058,1347,795,757,1067,1103
"Baiap2l1",1,5,0,7,4,6,3,8,2,6,3,5
"Gm15708",24,16,48,22,56,78,72,73,45,52,62,44
"Nptx2",9,13,88,52,59,87,43,53,50,36,27,35
"Trrap",21,10,85,72,71,89,67,94,53,35,61,74
"Smurf1",40,37,128,106,123,139,95,132,67,81,74,99
"Arpc1a",251,169,1184,851,787,883,651,802,477,427,750,683
"Arpc1b",1247,904,6901,5248,3708,4190,3015,4133,2106,2063,3446,3389
"Pdap1",123,123,747,597,580,643,462,533,312,238,464,519
"Bud31",100,65,609,465,439,499,395,452,300,226,373,377
"Ptcd1",8,3,29,34,19,38,26,33,21,16,27,25
"Cpsf4",16,7,58,45,41,36,38,41,15,31,28,27
"Atp5j2",447,352,2564,2303,1872,2060,1534,1704,922,801,1559,1589
"Zkscan14",1,2,4,6,1,7,6,5,3,4,10,2
"Zkscan5",1,5,14,17,10,11,12,11,12,1,8,11
"Zfp655",84,52,369,254,259,273,263,268,144,139,233,216
"Rnf6",58,52,179,166,200,224,163,207,124,113,164,191
"Cdk8",28,22,167,147,67,92,72,122,71,47,67,75
"Wasf3",2,1,7,2,3,5,7,8,0,1,1,4
"Usp12",20,18,87,64,77,87,60,67,55,52,60,68
"Rpl21",3391,2433,27774,21692,18463,20690,13961,17557,11860,10361,14097,13991
"Rasl11a",51,24,138,75,116,199,154,204,116,56,137,90
"Gtf3a",50,30,306,277,164,178,121,161,94,91,130,163
"Mtif3",3,4,21,31,18,27,16,25,7,9,11,16
"Lnx2",7,6,34,18,25,22,18,24,17,16,20,19
"Polr1d",359,239,2096,1524,1330,1512,1176,1344,827,674,1089,1047
"D5Ertd605e",0,0,9,10,7,3,3,4,1,1,7,2
"Pan3",44,31,99,74,97,90,65,83,60,53,74,73
"Flt1",15,5,36,26,48,71,55,33,31,32,20,37
"Pomp",233,161,1267,1125,851,990,722,813,481,395,747,775
"Slc46a3",2,1,8,8,4,14,19,10,9,7,6,5
"Mtus2",0,3,9,10,8,16,6,7,4,4,6,6
"Slc7a1",63,44,166,111,191,152,110,103,57,65,119,122
"Ubl3",137,102,432,372,405,425,410,436,245,221,352,399
"Katnal1",7,7,35,29,22,36,18,27,24,11,25,34
"Hmgb1",939,657,3131,2637,3230,3708,3309,3591,2030,1753,2702,2719
"Uspl1",19,13,64,35,52,36,44,46,30,20,34,36
"Alox5ap",3,4,22,22,9,13,13,30,7,6,11,21
"6330406I15Rik",368,272,1350,1294,1328,1335,1351,1713,748,735,1231,1228
"4930588N13Rik",10,1,8,14,20,18,18,32,14,7,16,12
"Wdr95",2,0,3,5,5,7,4,5,4,1,9,2
"Hsph1",616,349,1693,1828,1401,1872,1714,2106,798,780,1316,1252
"B3galtl",44,24,128,107,129,103,97,111,70,49,96,122
"Fry",12,5,12,14,24,29,18,22,21,11,20,18
"Brca2",4,3,5,6,3,3,9,10,6,6,3,5
"N4bp2l1",3,1,24,21,15,25,23,26,8,14,11,12
"N4bp2l2",62,37,171,127,273,341,281,305,165,149,210,224
"Pds5b",27,26,99,90,122,125,117,132,68,74,101,116
"Stard13",19,16,102,77,53,88,66,83,45,47,62,53
"Rfc3",10,9,28,38,29,44,31,45,21,12,24,24
"Samd9l",30,22,71,61,117,141,98,102,70,80,110,101
"Ccdc132",13,9,51,35,34,58,52,43,28,13,29,33
"Tfpi2",145,113,931,596,599,765,682,820,443,236,584,531
"Gng11",252,172,1294,1270,915,1145,839,1082,581,547,949,1007
"Bet1",65,33,373,403,221,232,207,242,119,122,199,206
"Col1a2",8734,5047,17444,22951,10820,8208,7729,10894,3073,4567,23493,26587
"Casd1",25,11,62,62,47,48,42,55,26,32,51,53
"Sgce",254,158,907,803,899,1091,1004,1160,516,499,646,732
"Peg10",16,6,46,25,36,53,47,46,47,42,63,50
"Ppp1r9a",9,5,26,27,40,37,41,36,13,20,46,43
"Pon3",17,12,138,126,68,98,127,121,52,45,66,81
"Pon2",93,64,325,333,305,347,248,300,152,154,306,374
"Asb4",15,13,75,44,52,100,56,67,56,35,106,51
"Pdk4",3,6,26,14,4,21,13,19,19,5,10,4
"Dync1i1",5,2,1,4,5,4,5,5,5,7,2,8
"Shfm1",751,546,4106,3438,2998,3088,2247,2590,1423,1271,2269,2360
"Dlx5",2,0,3,4,14,6,6,9,4,3,11,20
"Acn9",11,8,51,34,29,26,35,25,9,26,26,24
"Tac1",336,239,1273,1031,1758,1729,1308,1002,901,597,898,339
"Asns",11,18,113,78,82,125,87,85,54,27,66,67
"C1galt1",15,11,65,35,34,33,22,37,21,13,26,24
"Col28a1",0,2,5,11,4,7,3,5,0,3,17,8
"Mios",11,10,57,42,44,31,46,46,22,13,40,31
"Rpa3",54,21,215,212,163,180,157,181,84,97,126,140
"Gm16039",19,15,55,64,49,70,51,65,49,27,45,45
"A430035B10Rik",2,6,12,10,5,7,12,7,7,13,11,5
"Glcci1",23,19,57,52,71,91,65,73,40,35,72,65
"Ica1",3,2,6,10,5,10,5,5,4,4,8,6
"Ndufa4",311,248,2144,1728,1305,1418,1049,1173,655,499,1175,1181
"Phf14",32,15,67,58,66,106,66,75,41,40,70,80
"Thsd7a",20,18,143,99,75,90,175,201,106,85,68,43
"Tmem106b",59,42,329,291,196,257,170,191,100,99,205,186
"Tmem168",18,22,95,78,84,92,59,102,37,48,88,67
"B630005N14Rik",19,18,96,58,76,74,47,82,44,39,71,60
"Gpr85",7,2,11,14,26,21,28,22,20,13,14,15
"2610001J05Rik",132,118,725,647,494,524,448,442,219,240,509,431
"1110019D14Rik",2,4,15,21,9,8,4,11,2,10,20,10
"Foxp2",13,10,11,11,26,32,22,18,12,22,31,38
"Mdfic",49,29,155,160,105,131,109,119,80,68,106,114
"Tes",7,10,18,7,16,26,17,30,9,11,16,10
"Cav2",80,56,189,199,164,241,206,170,119,106,159,197
"Cav1",354,165,1622,1255,725,684,553,627,388,399,604,581
"Met",30,21,36,33,54,77,21,32,25,18,62,59
"Capza2",228,183,775,587,735,822,698,794,443,392,620,685
"St7",31,22,134,132,108,92,69,87,48,53,80,92
"Wnt2",47,24,139,135,114,143,74,88,19,31,94,98
"Cttnbp2",8,1,3,3,10,13,8,8,2,7,12,5
"Naa38",57,44,341,313,280,274,232,289,160,149,192,242
"Tspan12",24,21,43,33,71,72,54,72,27,27,55,66
"Ing3",36,21,80,67,110,136,129,116,88,57,86,80
"A430107O13Rik",93,80,119,75,273,328,206,269,154,166,306,252
"Wnt16",0,0,0,2,4,4,4,9,0,1,3,8
"Fam3c",131,73,374,335,346,297,267,288,144,148,306,342
"Ptprz1",2,1,5,6,13,9,2,6,3,3,4,3
"Aass",7,1,4,5,14,15,11,14,13,7,12,6
"Cadps2",4,3,16,12,11,20,12,9,8,8,16,12
"Ndufa5",243,182,1283,1135,960,1095,881,1058,622,464,759,781
"Wasl",132,103,487,406,560,582,563,618,353,304,426,481
"Pot1a",9,4,44,27,33,33,39,20,28,16,38,21
"Grm8",6,2,9,7,8,14,16,13,4,6,8,22
"Zfp800",32,20,53,39,83,99,104,144,45,52,70,90
"Gcc1",76,41,199,156,154,260,241,272,210,137,188,158
"Arf5",577,397,3512,3024,2244,2383,1854,2231,1344,1133,2079,1997
"Snd1",47,39,281,245,148,173,153,214,81,99,160,132
"Rbm28",31,18,156,112,141,167,196,183,98,71,120,122
"Prrt4",4,10,4,22,26,17,35,37,3,8,8,3
"Impdh1",28,20,126,91,59,75,46,76,43,39,71,55
"Hilpda",55,33,288,211,168,186,183,180,99,52,138,136
"Fam71f2",2,2,2,4,1,5,0,2,0,0,2,3
"Calu",472,392,2377,2203,1736,1841,1479,1823,870,807,1399,1554
"Ccdc136",3,4,7,9,24,15,9,8,4,4,20,18
"Flnc",102,79,369,305,321,335,203,325,173,155,281,233
"Atp6v1f",315,225,1459,1289,1292,1403,1049,1298,626,602,943,963
"Kcp",21,21,48,49,54,62,48,56,15,34,60,42
"Irf5",24,15,40,34,41,33,30,46,18,20,28,27
"Tnpo3",53,44,158,115,200,236,147,169,93,93,133,143
"Smo",51,30,131,143,102,143,92,129,61,64,115,125
"Ahcyl2",18,11,106,60,47,60,59,55,35,36,58,57
"Nrf1",14,12,75,58,72,100,68,96,59,40,67,61
"Ube2h",115,83,376,334,340,380,286,325,202,192,312,290
"Zc3hc1",28,18,87,86,85,105,84,133,63,67,78,81
"Klhdc10",18,12,119,75,65,57,54,62,32,19,47,44
"Tmem209",9,7,44,30,19,21,13,27,12,13,17,13
"Cpa1",0,2,0,0,0,0,0,0,8,2,0,0
"Tsga14",4,1,8,10,8,11,2,10,4,5,8,14
"Mest",51,67,169,259,205,184,133,175,57,100,273,321
"Copg2",0,1,2,5,2,3,4,2,2,1,6,7
"Klf14",2,4,0,1,1,6,2,3,2,2,12,9
"2210408F21Rik",22,20,130,96,72,86,85,71,62,55,54,56
"Mkln1",49,43,147,141,160,200,186,224,96,86,147,128
"Podxl",14,10,38,33,32,45,19,27,16,31,22,26
"Plxna4",5,5,5,3,20,14,10,10,4,1,15,11
"Chchd3",70,62,467,400,301,378,262,354,180,159,272,298
"Exoc4",9,14,28,32,41,62,59,79,29,28,46,38
"Slc35b4",13,11,69,60,35,39,22,37,29,23,33,28
"Akr1b8",47,37,293,223,182,264,236,232,107,88,137,152
"Akr1b10",7,10,28,34,45,45,56,63,21,25,31,36
"Bpgm",10,12,52,53,54,52,46,67,37,28,49,53
"Cald1",424,340,1541,1090,1658,1796,1499,1871,896,864,1520,1468
"Agbl3",2,3,19,9,13,18,21,14,11,6,16,11
"Tmem140",54,46,237,215,135,249,177,199,128,139,169,172
"3110062M04Rik",7,7,52,55,30,50,35,32,29,17,44,38
"Wdr91",14,10,97,79,45,30,64,68,49,25,36,36
"Cnot4",100,61,231,134,323,430,418,438,234,191,315,304
"Nup205",14,8,55,48,31,36,28,30,23,14,19,24
"1810058I24Rik",118,86,879,840,405,427,322,366,210,181,472,493
"Fam180a",36,47,285,154,90,122,70,112,57,61,112,120
"Mtpn",109,93,682,500,429,399,341,352,191,183,322,343
"Ptn",8,7,13,16,22,23,33,38,26,15,48,76
"Creb3l2",25,27,130,90,98,124,111,133,58,82,126,109
"Trim24",19,12,56,58,82,83,63,77,39,34,49,82
"Svopl",1,0,3,6,3,4,6,5,2,2,9,7
"Atp6v0a4",18,10,46,35,49,53,25,43,34,28,70,63
"D630045J12Rik",4,3,19,12,13,7,8,10,5,10,15,10
"Zc3hav1l",10,7,34,21,30,32,16,23,21,10,21,18
"Zc3hav1",35,25,115,73,128,162,102,182,110,90,94,77
"Ttc26",0,2,7,11,7,4,6,7,3,1,5,8
"Ubn2",49,44,176,153,187,178,155,216,94,115,145,193
"1110001J03Rik",139,85,604,603,543,606,438,562,315,261,420,439
"Luc7l2",215,166,628,532,684,846,699,774,476,425,617,620
"Klrg2",3,3,11,5,5,9,7,5,4,3,4,7
"Hipk2",18,14,36,22,57,52,31,61,34,26,44,33
"Parp12",31,28,120,83,104,141,100,132,79,73,78,80
"4930599N23Rik",3,0,5,4,6,7,7,4,2,2,2,7
"Jhdm1d",55,43,323,217,215,254,265,326,185,197,156,202
"Slc37a3",21,14,87,99,72,69,64,71,42,45,93,88
"Mkrn1",39,24,156,160,135,142,142,178,91,76,115,127
"Dennd2a",56,35,222,163,158,178,105,158,79,78,123,137
"Adck2",4,6,39,48,28,53,36,46,42,17,34,33
"Ndufb2",214,196,1417,1191,924,1116,819,897,514,479,797,842
"Braf",51,31,126,94,121,110,111,117,68,61,88,115
"Mrps33",121,104,671,608,419,460,428,500,245,218,373,432
"Agk",21,9,90,89,74,77,63,81,42,36,65,67
"Ssbp1",45,31,270,257,197,179,180,217,113,86,145,155
"Mgam",3,1,14,24,10,7,8,14,1,4,11,23
"2210010C04Rik",3,1,0,0,1,2,0,0,8,7,0,0
"Try4",1,3,0,0,1,1,0,0,7,1,0,0
"Try5",1,2,0,0,2,0,0,0,10,2,0,0
"Prss2",4,3,0,0,3,3,0,0,11,9,0,0
"Ephb6",6,6,18,12,11,20,17,19,6,10,21,16
"Gstk1",18,17,52,41,76,82,61,64,63,28,49,49
"Casp2",8,3,10,34,13,12,13,15,19,11,20,24
"Fam131b",7,8,13,10,15,15,11,19,11,15,16,14
"Zyx",269,212,1059,938,841,831,655,844,428,442,602,604
"Epha1",2,2,7,10,6,11,11,11,9,7,7,4
"Fam115c",5,3,23,33,35,34,28,28,15,10,13,16
"Fam115a",13,2,4,10,19,28,32,49,18,9,23,28
"Arhgef5",2,5,3,7,7,13,3,7,6,7,6,7
"Tpk1",5,1,12,11,7,10,8,11,7,4,17,17
"Cul1",74,70,341,271,362,380,342,399,212,181,288,262
"Ezh2",59,38,113,87,199,221,201,215,119,98,155,144
"Pdia4",172,150,763,861,542,606,541,581,236,210,541,531
"Zfp398",2,0,7,3,4,7,4,5,6,1,8,0
"Zfp282",3,3,40,28,29,19,27,27,17,15,19,25
"Zfp212",14,9,58,43,32,51,52,60,23,23,39,47
"Zfp783",1,1,11,9,2,4,3,9,2,2,5,4
"Zfp956",2,1,16,11,7,13,6,14,11,8,10,12
"Zfp777",7,2,43,22,12,17,6,18,9,13,17,13
"Zfp746",18,6,50,51,37,25,33,42,25,14,22,37
"Krba1",1,2,11,18,8,14,21,21,9,8,14,11
"Zfp467",15,14,52,37,73,79,42,72,43,34,49,64
"Zfp862",3,1,14,19,8,6,6,9,4,4,19,7
"Atp6v0e2",39,39,77,86,111,148,92,105,77,69,118,127
"Lrrc61",14,15,24,18,16,31,12,13,11,7,30,19
"Rarres2",1389,1014,7668,5673,5773,7083,5776,6334,3661,3092,4872,4823
"Repin1",10,11,51,35,39,37,33,37,30,16,30,35
"Zfp775",5,1,18,19,8,17,15,14,12,13,10,12
"AI854703",2,1,8,4,4,5,6,2,4,2,2,1
"Gimap9",0,3,11,6,7,12,1,8,2,6,8,3
"Gimap4",5,1,6,13,9,13,5,12,12,15,19,9
"Gimap6",17,12,56,53,65,90,58,74,42,58,54,56
"Gimap1",5,0,6,13,6,15,8,10,12,3,10,10
"Gimap5",8,6,1,2,6,9,8,7,3,7,3,12
"Gimap3",0,0,2,0,2,4,1,2,7,2,7,3
"Tmem176b",255,220,2532,1411,1090,1453,1185,1220,883,697,724,692
"Tmem176a",91,109,1229,625,472,692,448,482,326,265,319,319
"Gpnmb",238,152,1700,1119,688,799,934,842,673,544,458,350
"2410003K15Rik",95,80,638,498,386,490,459,448,271,249,384,418
"Igf2bp3",101,69,401,346,273,339,449,392,296,211,289,317
"Tra2a",102,76,377,248,376,425,389,379,259,243,221,193
"Ccdc126",15,12,42,39,40,44,29,49,33,24,32,45
"D330028D13Rik",3,3,8,12,12,15,16,17,14,9,9,12
"Npy",179,2,3,65,31,24,7,1,5,2,21,2
"Mpp6",37,28,131,76,74,92,73,87,48,52,72,82
"Dfna5",6,2,25,19,17,24,22,19,8,4,12,16
"Osbpl3",13,5,41,33,34,56,30,34,18,15,30,38
"Cycs",446,329,2173,1417,1504,1799,1338,1412,902,743,1072,1172
"Nfe2l3",2,2,9,6,11,15,7,4,10,9,10,7
"Hnrnpa2b1",794,552,3452,2570,2995,3631,2978,3343,1835,1539,2139,1881
"Cbx3",255,202,532,579,543,586,471,538,313,259,492,510
"Snx10",60,54,230,144,185,186,212,229,161,112,154,124
"Skap2",13,11,79,62,109,106,85,100,55,37,41,44
"Hoxa3",0,0,14,10,5,5,5,4,5,4,5,5
"Hoxa5",5,6,30,11,11,10,9,26,6,7,12,15
"Mira",6,8,27,15,8,9,10,14,8,7,2,10
"Hoxa7",10,6,39,39,41,54,45,56,39,35,29,37
"Hoxa9",2,1,3,1,5,10,7,7,4,8,3,6
"Hoxa10",29,14,104,122,82,108,82,111,57,61,107,89
"Hoxa11",1,0,11,21,23,16,9,13,8,6,20,8
"Hoxa11as",8,3,25,35,26,20,15,16,5,5,28,4
"Hibadh",104,69,468,377,354,425,358,445,261,195,303,290
"Tax1bp1",162,116,436,341,707,746,719,806,375,335,515,557
"Jazf1",5,5,50,49,24,17,25,29,10,10,18,29
"9430076C15Rik",9,12,14,23,39,55,32,35,21,19,38,27
"Creb5",116,107,214,194,624,644,503,682,359,345,453,499
"Tril",30,21,87,130,95,94,90,116,70,46,118,113
"Chn2",4,4,17,13,11,15,5,13,5,7,24,13
"Wipf3",1,1,16,10,5,3,4,3,2,2,0,2
"Scrn1",13,7,60,52,51,59,39,54,23,23,43,44
"Fkbp14",40,44,174,238,210,148,173,212,98,87,180,202
"Plekha8",9,4,44,29,27,31,20,19,10,14,28,30
"2410066E13Rik",9,1,31,31,38,66,41,32,25,16,39,41
"Znrf2",10,6,73,38,32,39,30,32,15,12,24,30
"Nod1",22,19,146,93,74,86,73,95,61,42,50,50
"Ggct",21,11,182,115,121,127,122,119,74,64,87,77
"Gars",66,57,362,306,281,267,246,297,143,129,198,224
"Inmt",223,119,2531,1478,1058,1658,3453,2668,2887,1143,871,509
"Fam188b",10,5,61,48,32,55,46,54,26,26,30,35
"Aqp1",350,178,1454,1062,708,1219,719,549,504,505,471,576
"Adcyap1r1",2,6,101,64,27,36,29,35,27,27,28,33
"Pde1c",1,3,0,1,2,6,3,0,4,1,2,1
"Lsm5",100,80,440,364,381,395,323,318,231,181,287,314
"Avl9",5,10,37,36,31,31,28,32,23,11,22,13
"Kbtbd2",32,28,148,100,101,150,87,108,47,57,73,70
"Fkbp9",534,368,1947,1875,1452,1553,1304,1586,845,791,1444,1608
"Nt5c3",25,30,183,139,142,153,140,136,89,59,111,127
"Ppm1k",19,4,26,34,28,36,22,25,23,15,23,27
"Herc6",16,12,45,37,50,70,52,67,29,41,38,38
"Pigy",27,20,124,99,97,100,64,84,49,36,80,96
"Lancl2",10,8,35,31,37,39,35,28,22,24,31,35
"Vopp1",23,19,108,89,91,95,70,95,45,46,57,78
"Abcg2",27,23,106,100,83,97,84,100,54,49,57,58
"Herc3",3,2,8,5,3,7,7,5,3,1,7,8
"Nap1l5",3,2,2,3,5,10,20,16,5,7,2,3
"Fam13a",1,2,14,9,7,10,14,13,7,6,8,5
"Tigd2",30,16,115,80,85,91,90,102,66,47,79,91
"A730020E08Rik",1,1,4,9,3,1,1,7,0,2,1,1
"Smarcad1",9,9,34,29,27,32,24,36,19,12,22,24
"Tnip3",0,1,4,5,6,10,8,11,3,4,5,5
"A930038C07Rik",8,4,2,5,21,16,15,7,7,7,30,14
"Prdm5",22,12,62,53,40,41,43,45,27,16,37,37
"Mad2l1",4,3,9,15,9,8,12,7,11,9,16,14
"Gng12",180,134,1043,661,613,643,414,572,284,305,399,434
"Gadd45a",379,351,2248,1661,1655,1941,1995,2331,1493,1178,1536,1681
"E230016M11Rik",1,5,6,7,6,9,8,7,3,4,3,4
"Serbp1",387,295,2005,1421,1691,1884,1500,1717,902,761,1203,1312
"Rpia",36,19,165,119,121,135,112,149,73,70,102,106
"Eif2ak3",14,8,53,36,32,40,37,36,27,21,37,44
"Thnsl2",14,13,54,50,56,56,65,48,24,12,29,24
"Krcc1",102,84,380,378,330,383,324,384,222,179,262,321
"Rmnd5a",45,29,148,145,114,126,80,100,68,80,122,88
"Rnf103",58,39,211,150,181,215,180,171,110,87,142,140
"Chmp3",162,92,671,579,533,551,477,531,322,214,416,423
"Kdm3a",27,21,90,63,82,83,86,85,62,47,67,57
"Mrpl35",42,39,271,223,194,202,166,200,93,82,148,169
"Immt",61,44,220,228,228,283,253,305,129,114,180,213
"Ptcd3",18,10,66,57,50,51,39,59,38,21,33,61
"Polr1a",12,6,51,29,24,35,16,25,8,13,28,26
"St3gal5",20,28,66,101,58,62,72,85,61,42,66,71
"Atoh8",9,7,28,21,19,37,29,31,21,20,26,17
"Usp39",16,12,102,57,81,86,64,76,41,29,57,53
"0610030E20Rik",36,19,75,52,97,116,95,105,80,60,96,80
"Tmem150a",43,43,353,250,166,183,152,157,105,105,153,139
"Rnf181",34,28,187,223,124,147,115,138,79,83,115,108
"Vamp5",33,17,128,130,75,100,63,82,66,49,89,74
"Vamp8",120,93,528,499,409,482,371,389,234,193,366,387
"Ggcx",32,33,165,188,143,182,124,142,71,65,127,125
"Mat2a",711,526,2070,1223,2820,3527,3337,3579,1960,1728,1867,1925
"4930414L22Rik",4,5,26,27,13,28,15,23,14,8,16,12
"Capg",377,284,2467,2390,1840,2125,1894,1927,874,767,1327,1259
"Elmod3",11,3,73,54,35,59,34,58,33,31,43,26
"Retsat",9,0,62,41,31,43,54,40,22,14,23,25
"Tgoln1",192,153,858,655,622,676,647,695,444,380,570,542
"Tcf7l1",62,35,172,161,174,192,115,176,114,102,162,176
"Kcmf1",178,118,608,463,452,475,401,473,279,271,322,422
"Tmsb10",6409,4723,27162,23448,20660,24243,15605,19457,11845,11286,19931,18808
"Suclg1",85,50,465,390,318,359,321,296,139,144,255,283
"Reg3g",2,2,189,1,14,37,0,12,0,3,3,3
"AW146020",4,5,13,12,7,8,13,18,13,3,8,7
"Mrpl19",23,15,78,70,50,72,60,76,48,30,53,53
"Fam176a",7,3,13,12,14,16,6,14,5,7,11,10
"Pole4",214,140,936,654,768,827,668,723,460,416,499,543
"Hk2",849,701,3777,2277,3345,4397,2892,3716,2626,2190,2501,2341
"D6Mm5e",8,5,45,41,30,22,14,18,5,7,45,47
"Dok1",56,63,254,250,216,180,141,222,99,120,238,253
"Loxl3",85,79,393,422,268,287,205,329,117,136,306,355
"Htra2",68,52,483,381,245,254,197,268,115,113,214,219
"Aup1",107,85,592,416,258,325,216,265,186,163,232,248
"Dqx1",19,0,5,8,3,17,5,5,3,8,4,4
"Pcgf1",8,10,71,62,39,48,59,41,39,38,45,55
"Mrpl53",42,56,299,271,183,205,158,197,113,105,174,193
"Mogs",20,23,148,99,57,46,57,85,39,33,42,28
"Wbp1",33,18,175,165,100,113,108,112,50,69,113,111
"Ino80b",25,14,141,128,76,112,69,76,56,45,82,100
"Rtkn",21,15,68,87,59,75,32,51,35,30,85,70
"Wdr54",1,4,17,16,20,26,17,20,16,11,11,8
"Dctn1",70,59,257,250,223,243,197,222,134,115,185,193
"Mthfd2",35,18,86,82,79,77,54,61,47,38,69,107
"Mob1a",1,4,6,10,11,15,9,11,6,7,16,5
"Bola3",88,90,725,573,387,394,322,377,242,179,274,326
"Tet3",24,13,44,49,63,75,44,58,35,38,82,64
"Dguok",57,35,258,270,213,235,213,239,145,109,195,190
"Actg2",4,1,1,1,0,3,1,0,1,3,17,1
"Stambp",18,15,61,65,52,83,55,70,35,38,54,61
"Vax2os1",0,1,5,3,3,4,9,5,9,10,6,4
"Vax2",4,7,8,15,17,13,11,20,4,6,16,9
"Tex261",71,56,353,275,286,332,291,357,202,180,234,247
"Nagk",42,49,220,223,150,188,154,213,85,77,127,127
"Paip2b",23,14,66,50,53,68,36,42,31,26,46,46
"Zfml",41,28,99,87,129,163,129,148,107,61,133,127
"Dysf",2,2,10,19,8,13,16,8,4,2,6,7
"Cyp26b1",7,20,81,107,117,148,158,110,53,33,84,107
"Exoc6b",25,10,89,78,62,76,78,89,49,38,58,60
"Npm3-ps1",54,48,89,68,110,154,75,110,50,54,109,93
"Spr",97,62,490,436,369,364,358,394,234,197,277,322
"Sfxn5",4,8,11,9,10,12,19,13,12,5,11,23
"Rab11fip5",49,35,183,163,148,203,148,161,103,94,149,138
"Smyd5",3,1,51,35,18,17,10,24,14,4,13,23
"1700040I03Rik",23,18,88,105,74,73,56,86,39,28,71,61
"Cct7",181,127,1053,844,714,879,790,843,391,347,548,610
"Alms1",2,1,5,10,12,26,13,17,10,7,15,7
"Cml3",6,3,19,22,17,20,11,32,19,23,24,31
"Alms1-ps2",2,0,0,2,2,8,1,3,3,2,2,3
"Cml1",10,7,20,15,33,19,15,23,8,9,24,21
"Tprkb",22,15,77,77,87,86,99,89,56,48,78,76
"Dusp11",79,54,306,288,229,338,222,262,178,144,230,224
"Fam136a",11,17,111,83,52,67,48,62,41,32,45,59
"Snrpg",612,402,3479,2889,2312,2550,1935,2103,1314,1141,1812,1836
"Pcyox1",42,36,148,153,133,143,114,158,83,76,128,142
"Tia1",28,22,64,62,69,94,95,109,70,46,61,82
"C87436",16,15,69,58,63,81,49,55,54,44,59,38
"2310040G24Rik",4,1,5,5,9,3,3,11,4,2,4,4
"Pcbp1",374,298,1708,1268,1198,1351,962,1263,698,613,952,1069
"1600020E01Rik",30,14,118,83,72,97,76,86,60,49,64,62
"Mxd1",22,7,77,45,32,51,46,39,22,31,37,42
"Snrnp27",112,92,389,397,280,390,290,340,180,159,271,271
"Gmcl1",24,14,49,57,44,45,35,56,29,23,40,73
"Anxa4",124,95,530,539,482,553,433,535,266,229,361,344
"2610306M01Rik",6,3,18,30,13,22,6,20,7,7,17,16
"Aak1",32,24,105,97,91,124,67,114,61,42,95,105
"Nfu1",46,28,244,243,173,190,199,200,117,109,154,150
"Gfpt1",46,37,151,144,137,160,98,122,76,55,120,130
"D6Ertd527e",3,0,2,3,9,0,2,3,0,1,4,0
"Antxr1",235,190,733,782,813,767,439,604,326,328,720,776
"Prokr1",3,6,11,19,22,18,18,30,19,15,31,10
"Aplf",8,5,24,29,22,33,25,30,14,17,17,29
"Ccdc48",7,3,18,12,78,44,37,57,25,21,37,70
"Rab43",50,27,187,132,139,134,155,172,99,98,98,110
"Isy1",37,31,204,136,133,140,112,145,89,79,94,120
"Cnbp",925,652,3292,2428,2995,3471,2941,3361,2149,1837,2127,2183
"Copg",75,79,405,375,340,366,335,375,182,136,299,284
"8430410A17Rik",31,25,93,74,76,120,96,95,65,47,81,71
"H1fx",22,10,79,66,21,40,34,43,26,27,25,56
"Rab7",1,4,4,6,12,13,23,24,14,8,11,8
"Rpn1",162,125,834,794,616,624,501,613,255,246,480,458
"Gata2",5,1,13,12,6,16,13,12,5,16,12,13
"Eefsec",16,12,76,51,37,48,56,79,34,21,38,38
"Ruvbl1",38,23,240,203,190,195,180,196,116,73,119,142
"Sec61a1",153,96,840,650,391,392,308,347,182,178,311,366
"Mgll",105,55,278,187,364,377,278,388,149,143,261,317
"Abtb1",9,6,36,38,32,35,36,16,21,18,32,24
"Podxl2",33,34,98,94,87,113,78,80,45,56,133,140
"Mcm2",6,3,10,19,10,11,12,11,6,4,12,10
"Tpra1",15,20,99,90,48,73,46,70,45,29,63,56
"Plxna1",29,24,89,96,108,104,62,110,48,48,85,111
"Chchd6",48,21,166,146,140,159,119,138,84,77,129,110
"Txnrd3",14,15,36,17,45,68,39,52,27,30,27,22
"Zxdc",21,9,61,42,48,74,59,92,41,35,35,74
"Klf15",13,6,65,34,16,37,20,32,35,14,12,17
"Aldh1l1",4,3,10,10,5,14,12,14,5,7,2,24
"Slc41a3",36,13,73,101,104,113,102,92,51,47,60,93
"Iqsec1",45,39,133,137,110,110,82,113,65,48,99,82
"Hdac11",6,2,26,35,34,36,25,27,12,34,30,26
"Fbln2",995,727,5594,4387,4116,4569,3728,4220,2213,1887,3139,3098
"1810044D09Rik",2,0,16,17,7,8,6,6,3,4,8,3
"Chchd4",46,28,191,100,83,100,71,82,50,53,71,86
"Tmem43",115,76,426,447,385,384,309,350,181,154,306,320
"Xpc",8,6,40,37,42,45,34,38,24,18,29,41
"Lsm3",60,31,251,248,198,233,208,228,142,131,178,165
"Slc6a6",102,71,219,214,367,383,380,421,224,234,204,239
"C130022K22Rik",45,33,176,161,164,250,229,222,117,132,130,173
"Fgd5",11,8,35,45,43,54,49,40,28,32,29,45
"Nr2c2",21,13,61,55,64,58,62,74,34,34,45,51
"Mrps25",39,31,277,243,154,223,121,215,95,101,148,153
"Zfyve20",14,17,58,46,65,45,58,69,31,20,54,46
"Prickle2",24,19,80,57,59,83,38,51,38,23,67,46
"Adamts9",13,7,14,20,27,21,14,16,11,14,32,19
"9530026P05Rik",5,1,11,9,9,11,5,3,8,6,8,2
"Magi1",13,7,20,9,24,28,14,23,14,9,30,26
"Slc25a26",3,3,31,23,17,21,15,15,9,9,14,18
"Lrig1",31,27,156,149,114,110,77,129,70,68,72,94
"Suclg2",74,44,136,135,162,177,167,182,96,102,118,143
"A130022J15Rik",1,3,29,25,17,19,15,26,16,11,24,15
"Tmf1",90,82,148,140,236,215,205,260,110,105,160,201
"Uba3",41,29,149,136,158,187,149,154,69,89,130,119
"Arl6ip5",349,276,1229,1061,1094,1211,908,1062,515,515,917,887
"Frmd4b",49,34,99,71,108,122,64,73,37,45,103,94
"Mitf",35,38,197,110,134,167,116,165,102,94,120,96
"Gm765",6,0,4,7,16,12,2,8,2,4,6,7
"Foxp1",147,94,390,273,448,530,460,479,289,264,348,366
"Eif4e3",34,27,116,87,130,133,120,148,103,79,134,135
"Prok2",1,8,3,5,2,6,0,5,3,4,1,2
"Rybp",74,53,207,143,211,213,157,171,120,105,172,201
"Shq1",4,5,24,10,15,14,19,17,5,4,12,6
"Gxylt2",8,12,78,56,29,33,31,36,26,20,34,36
"Ppp4r2",101,85,429,257,341,416,335,341,238,175,240,254
"Pdzrn3",26,31,101,89,67,65,50,69,39,39,76,89
"Chl1",2,0,7,16,1,2,0,0,0,0,2,2
"Trnt1",48,33,200,160,127,147,131,130,69,66,113,128
"Crbn",29,17,115,81,77,95,89,113,62,30,58,59
"Lrrn1",10,4,5,11,11,7,17,11,28,14,6,2
"Setmar",0,0,2,5,1,3,6,0,2,1,0,9
"Sumf1",70,59,236,248,230,256,210,230,135,110,198,216
"Itpr1",42,29,104,70,99,133,76,79,49,74,99,98
"Bhlhe40",828,477,2276,2223,1947,2513,2259,2573,1327,1363,2092,2123
"Arl8b",95,78,427,321,261,309,226,264,173,141,211,244
"Edem1",47,42,347,282,180,191,163,176,123,117,190,178
"Lmcd1",100,82,281,240,266,222,105,137,101,112,258,245
"Cav3",2,2,4,2,2,4,1,0,0,0,1,4
"Rad18",4,4,15,16,20,22,24,30,15,15,24,9
"Srgap3",16,5,26,34,20,35,27,27,18,14,39,39
"Thumpd3",8,11,49,56,45,42,41,35,20,20,23,40
"Gt(ROSA)26Sor",77,50,223,164,234,270,215,201,120,104,165,152
"Setd5",66,48,174,141,230,256,265,241,141,128,186,183
"Lhfpl4",5,2,12,8,11,23,16,11,7,7,7,6
"Mtmr14",6,8,67,51,45,45,35,57,24,23,35,39
"Brpf1",16,11,47,36,41,42,34,65,35,26,25,42
"Ogg1",10,7,72,61,41,40,49,58,31,18,28,39
"Camk1",129,120,490,525,452,522,407,539,254,249,397,379
"Tada3",25,19,74,79,73,85,67,65,54,37,63,73
"Arpc4",151,114,835,770,622,689,496,567,348,349,488,547
"Ttll3",6,2,4,2,14,14,14,25,9,11,6,14
"Rpusd3",1,1,19,13,6,4,7,8,10,6,7,7
"Jagn1",37,25,170,148,122,128,86,100,65,57,104,114
"Il17rc",46,41,234,233,196,191,185,183,105,85,115,151
"Creld1",56,38,242,314,187,181,168,235,65,101,192,161
"Tmem111",83,68,471,454,372,363,321,322,155,173,293,326
"6720456B07Rik",183,144,1281,1165,737,797,568,771,466,397,771,752
"Vhl",15,15,70,60,48,55,39,61,31,28,44,53
"Irak2",8,7,24,28,33,45,42,45,30,21,16,15
"Tatdn2",33,17,147,74,74,73,67,81,55,55,44,52
"Sec13",147,97,591,599,522,583,486,590,278,243,450,527
"Hrh1",10,3,4,10,12,14,9,8,6,8,8,8
"Atg7",23,20,93,90,80,110,81,94,49,47,68,75
"Vgll4",32,29,63,59,138,154,192,197,67,92,130,127
"1500001M20Rik",5,7,33,34,42,43,48,40,19,28,27,27
"Syn2",3,2,2,6,14,9,9,7,4,5,6,14
"Timp4",18,9,179,131,55,108,25,53,74,32,31,43
"Pparg",4,0,20,11,25,23,13,25,9,9,16,18
"Tsen2",7,3,52,45,35,42,32,33,20,21,18,28
"Mkrn2",18,12,80,67,60,64,67,55,30,27,45,58
"Raf1",78,87,292,220,227,314,229,309,212,166,243,225
"Cand2",4,2,12,9,15,16,22,21,18,7,10,16
"Rpl32",4048,2795,29714,22062,17726,19270,14451,16486,10634,8704,14161,13468
"Mbd4",2,1,7,10,12,12,13,8,5,4,4,11
"Ift122",9,11,21,33,35,32,30,44,16,14,17,30
"Plxnd1",14,14,65,52,41,68,22,32,32,32,19,42
"Tmcc1",21,15,59,65,55,81,45,58,48,28,60,56
"D6Wsu116e",37,26,96,84,106,138,104,157,62,61,89,99
"March8",24,19,87,79,76,76,61,47,32,28,61,58
"Zfp422",29,17,99,85,58,85,88,93,51,41,71,76
"Rassf4",2,2,1,6,2,6,3,9,3,3,2,2
"8430408G22Rik",25,13,83,87,56,86,34,73,35,50,24,51
"Cxcl12",535,359,3104,1797,1950,2369,1919,2200,1424,1281,1419,1771
"Zfp637",34,20,111,185,98,106,84,113,73,78,107,121
"Hnrnpf",707,468,3039,2094,2420,2911,2404,2620,1588,1413,1764,1680
"Rasgef1a",10,4,8,13,28,34,15,23,20,19,11,11
"Csgalnact2",92,85,409,368,356,360,261,303,185,158,261,264
"Ret",17,21,116,141,82,96,66,82,35,41,104,127
"Bms1",15,7,89,87,64,61,50,68,40,39,46,45
"Zfp248",3,3,6,11,9,11,8,15,14,4,13,5
"Zfp9",22,18,97,91,93,82,67,106,57,38,65,85
"Ankrd26",9,9,2,9,42,45,37,42,29,16,19,22
"Cacna1c",5,2,17,17,7,8,6,6,5,2,15,2
"Dcp1b",16,5,35,26,27,32,20,35,20,17,23,17
"Adipor2",44,32,209,144,166,175,143,165,99,82,161,134
"Wnt5b",9,6,32,22,14,29,36,43,13,20,23,30
"Fbxl14",7,12,62,57,57,49,36,47,27,24,29,39
"Erc1",26,18,77,60,82,94,72,78,49,49,87,83
"3110021A11Rik",3,2,14,6,10,8,12,10,4,4,3,6
"Rad52",31,11,93,49,64,80,41,47,31,25,64,42
"Wnk1",149,121,463,382,657,647,492,626,306,313,457,542
"Ccdc77",5,0,27,17,11,13,13,21,13,6,16,15
"Kdm5a",56,35,130,86,146,215,155,188,90,83,148,143
"Il17ra",168,134,774,389,612,726,694,851,490,436,421,386
"Cecr5",5,1,9,25,11,14,8,14,10,5,9,8
"Cecr2",0,1,11,6,2,5,1,4,6,2,2,1
"Atp6v1e1",111,79,537,493,419,509,406,543,238,202,326,344
"Bcl2l13",15,13,75,58,76,57,57,62,35,38,50,45
"Bid",2,3,10,10,6,7,14,6,5,4,6,3
"Mical3",2,2,9,2,6,8,9,7,4,4,11,5
"Pex26",2,3,5,10,8,5,11,6,4,6,5,7
"Usp18",24,20,93,65,78,125,116,152,59,66,104,57
"Slc6a13",16,6,18,28,8,21,45,45,14,14,20,8
"Slc6a12",3,0,71,36,5,4,17,40,11,17,8,8
"M6pr",78,58,369,237,284,309,209,286,163,125,204,222
"Phc1",14,17,72,70,45,45,38,39,30,30,38,37
"Mfap5",1919,1422,9895,8676,8290,8789,7263,8550,2447,3022,6837,6071
"Apobec1",12,15,53,55,57,73,65,63,26,38,55,36
"Slc2a3",15,4,55,52,26,49,49,70,36,32,18,23
"Foxj2",40,16,81,93,76,88,49,71,38,34,75,61
"C3ar1",3,1,8,13,7,10,5,9,3,4,8,3
"Necap1",19,14,102,97,69,85,73,78,52,44,55,79
"Clec4a1",1,0,13,10,3,1,2,10,0,2,2,3
"Clec4d",2,2,38,29,4,2,4,10,5,3,5,1
"Clec4e",0,5,9,31,2,3,6,17,3,3,3,4
"Pex5",50,36,194,146,156,189,153,159,104,114,112,135
"Clstn3",7,2,2,4,4,7,3,4,1,1,2,2
"C1rl",16,14,59,64,50,58,55,71,37,41,30,38
"C1ra",560,402,3514,2815,2395,2734,2941,3562,1483,1416,1698,1626
"C1s",796,613,4283,3271,3132,3582,3009,3793,1784,1580,1916,1934
"C1rb",2,4,3,3,8,8,12,11,9,1,10,7
"Gm5077",2,0,4,3,4,11,6,3,1,1,9,3
"Lpcat3",32,23,116,108,85,90,74,101,54,45,73,91
"Emg1",148,107,777,628,538,554,498,558,319,284,445,476
"Phb2",147,115,873,748,524,565,452,572,282,269,476,455
"Ptpn6",0,0,3,6,11,5,3,5,6,5,8,7
"Grcc10",346,278,1478,1543,1267,1504,1044,1237,729,622,1209,1179
"Atn1",56,56,263,216,208,247,128,169,115,114,137,149
"Eno2",12,14,61,40,42,44,31,42,27,24,26,28
"Spsb2",19,12,79,104,94,112,85,98,47,51,73,65
"Tpi1",187,132,1131,1009,761,990,739,848,503,400,644,645
"Usp5",31,28,142,154,122,182,129,171,66,69,109,117
"Cdca3",7,0,3,13,0,3,1,6,3,11,0,1
"Leprel2",282,208,926,887,751,897,661,770,405,400,883,956
"Lag3",23,13,60,79,53,97,45,72,41,27,53,47
"Ptms",675,514,3763,3743,2430,2546,1622,2124,1249,1274,2187,2323
"Mlf2",214,167,1104,945,628,698,501,650,364,353,600,680
"Cops7a",89,53,401,352,254,291,223,301,134,152,210,244
"C530028O21Rik",21,11,42,43,61,64,71,67,39,33,27,36
"Zfp384",9,4,15,19,23,25,11,17,13,5,14,10
"Ing4",17,13,84,128,60,93,61,77,37,33,79,102
"Acrbp",4,2,7,7,9,6,8,7,4,5,10,8
"Chd4",217,135,520,397,729,899,680,790,448,496,594,523
"Nop2",33,21,198,72,106,105,93,111,58,41,67,65
"Iffo1",10,13,39,58,31,30,30,33,19,27,34,27
"Gapdh",644,466,4778,4211,3100,3575,2445,3119,1802,1498,2258,2532
"Ncapd2",1,2,6,11,7,7,4,5,13,3,5,7
"Mrpl51",62,44,520,423,236,277,227,285,166,146,250,269
"Tapbpl",32,29,51,50,64,77,63,97,58,44,57,44
"Ltbr",56,56,493,359,246,273,212,216,191,118,254,253
"Tnfrsf1a",456,275,2436,1659,1435,1711,1389,1539,1048,966,1202,1170
"Cd9",2146,1331,8136,7440,8163,9779,9260,8796,4433,3717,5903,5652
"Vwf",13,12,37,10,13,63,9,24,15,27,41,12
"Ntf3",31,24,83,103,119,130,101,129,71,56,130,143
"Kcna5",11,2,16,13,15,20,10,8,12,9,5,8
"Kcna1",26,12,6,6,0,6,4,1,1,1,0,1
"Ndufa9",49,35,269,246,254,281,267,301,134,107,188,225
"D6Wsu163e",4,6,23,32,21,28,24,29,9,6,15,18
"9630033F20Rik",3,1,9,13,7,3,2,3,4,4,5,7
"Ccnd2",160,124,224,177,401,513,504,626,307,304,660,747
"9330179D12Rik",5,2,15,9,13,10,5,9,4,6,10,23
"Parp11",6,7,23,21,16,28,13,19,11,10,21,8
"Tspan11",18,14,135,114,91,100,68,84,56,36,60,80
"Tspan9",34,23,146,175,100,139,101,109,58,70,97,139
"Tulp3",14,11,75,83,50,61,45,78,37,29,62,55
"5930416I19Rik",21,23,119,96,51,60,36,70,27,50,65,76
"Foxm1",4,0,6,6,2,3,2,4,1,6,0,3
"Itfg2",15,7,53,62,44,46,40,53,30,35,36,57
"Fkbp4",108,97,621,585,502,523,343,493,255,243,448,457
"Clec2d",62,73,202,147,259,274,231,261,130,127,221,253
"2310001H17Rik",7,4,74,35,11,26,13,24,16,12,19,17
"Cd69",0,1,1,0,1,2,4,2,8,1,11,8
"Clec1a",34,22,99,82,150,166,181,180,90,87,138,107
"Clec7a",2,0,7,12,2,1,4,6,2,2,11,1
"Gabarapl1",275,252,1961,1571,1001,1171,762,1008,657,556,845,781
"Magohb",21,16,116,104,118,119,111,101,63,52,77,73
"Csda",252,167,1414,1019,767,818,538,650,363,358,618,714
"2700089E24Rik",134,111,474,446,500,490,482,509,296,266,459,479
"Etv6",17,21,101,66,54,73,57,65,46,48,59,44
"Lrp6",93,62,228,198,261,260,174,219,139,126,254,194
"Mansc1",3,3,5,10,14,18,17,16,8,5,16,12
"Loh12cr1",12,11,65,89,54,56,41,51,28,26,50,42
"Dusp16",23,30,114,107,87,107,89,96,70,54,80,61
"Crebl2",0,0,5,5,6,2,5,11,4,1,1,2
"Gpr19",9,5,31,40,20,27,21,15,20,16,21,23
"2810454H06Rik",0,0,3,7,13,14,7,11,9,3,4,5
"Cdkn1b",36,32,95,88,107,133,118,137,79,67,113,102
"1190002F15Rik",11,3,24,27,10,10,11,11,8,24,9,13
"Apold1",37,20,95,59,118,143,93,109,50,84,60,91
"Ddx47",34,25,135,136,114,148,136,150,65,57,106,125
"Gprc5a",47,22,86,81,126,230,150,174,84,80,82,79
"Hebp1",34,30,222,192,175,236,194,224,115,85,169,158
"8430419L09Rik",4,5,20,14,9,11,8,13,6,9,13,10
"Pbp2",4,0,3,8,1,2,1,4,0,1,4,2
"Emp1",3557,2264,10968,9194,9597,11094,6490,7334,4824,4563,9095,7533
"Grin2b",2,1,0,0,6,9,0,2,1,4,1,1
"Gm8994",2,3,10,5,9,9,6,15,3,2,15,11
"Atf7ip",9,7,53,43,40,50,48,52,34,24,43,41
"Plbd1",0,1,1,2,5,8,11,10,3,2,6,2
"Hist4h4",4,3,8,6,13,20,12,9,17,12,10,18
"H2afj",146,99,901,719,436,467,358,425,293,226,468,420
"Wbp11",73,45,273,230,267,270,224,279,185,109,191,220
"Mgp",3401,3647,96810,51694,24061,29290,12513,16521,11701,12677,32871,34093
"Arhgdib",51,30,104,99,144,132,116,136,70,83,101,87
"Rerg",15,12,15,18,41,44,14,9,4,7,16,20
"Eps8",55,38,380,198,181,181,171,235,128,122,173,126
"Strap",243,158,1266,886,880,1021,855,882,582,487,656,678
"Dera",7,11,53,54,33,36,40,57,17,23,40,37
"Mgst1",534,426,3553,2594,2398,3089,2794,3108,1769,1309,1951,1681
"Plekha5",25,20,78,54,111,96,106,114,54,44,91,100
"Aebp2",48,49,166,133,160,174,129,133,84,102,113,140
"Slco1c1",7,0,9,4,8,3,6,1,1,1,0,0
"Iapp",2,2,0,0,4,4,0,0,0,0,0,0
"Pyroxd1",7,2,30,24,24,21,27,25,24,11,26,26
"Recql",12,8,49,44,49,32,44,41,24,12,36,37
"Golt1b",132,80,402,338,298,299,247,285,163,129,272,317
"Ldhb",44,43,142,118,131,155,150,158,90,68,97,85
"Kcnj8",6,6,26,11,11,15,18,11,11,6,16,32
"Abcc9",15,13,23,6,26,31,14,13,17,8,21,26
"Cmas",35,26,161,174,93,96,94,134,63,51,88,107
"5730419I09Rik",8,5,36,25,23,26,31,41,25,12,25,24
"Etnk1",68,36,212,132,183,184,166,201,110,120,154,128
"Sox5",28,17,53,41,84,89,71,69,33,35,56,57
"Bcat1",9,3,43,44,12,16,6,8,2,3,11,27
"Lyrm5",19,12,110,79,62,75,73,55,52,43,81,75
"Kras",141,88,380,297,497,529,464,468,321,305,304,354
"Gm15706",7,1,19,24,33,18,23,23,19,13,16,12
"Rassf8",3,6,18,18,20,21,9,12,5,12,12,17
"Bhlhe41",3,0,11,13,8,3,13,15,10,12,8,13
"Sspn",53,39,151,162,165,168,155,185,70,80,172,205
"Itpr2",23,16,32,34,80,82,56,61,45,32,62,62
"4933424B01Rik",44,36,145,95,114,142,103,132,65,61,81,90
"Fgfr1op2",96,71,512,473,365,347,270,362,198,181,334,339
"Tm7sf3",110,65,417,387,295,354,338,384,199,195,358,363
"Med21",64,41,377,337,225,281,214,261,135,120,238,226
"Gm6654",132,114,181,156,244,276,86,153,79,68,264,198
"Stk38l",14,6,43,50,62,51,33,35,22,30,33,38
"Ppfibp1",90,71,250,240,291,304,228,248,129,154,261,240
"Rep15",4,1,4,1,6,6,3,7,4,4,5,3
"Mrps35",15,16,93,86,63,100,78,78,42,38,60,60
"Gm5887",6,0,1,2,4,3,3,4,1,4,2,3
"Klhdc5",11,3,23,28,18,16,11,14,10,3,20,22
"Pthlh",31,18,41,131,116,139,140,142,47,93,94,127
"Ccdc91",31,23,89,97,99,129,80,107,70,59,89,111
"Ergic2",143,94,433,367,449,501,480,472,282,247,368,380
"Tmtc1",21,14,90,50,51,70,45,58,42,38,42,34
"Rps4y2",62,34,385,382,286,288,353,381,121,127,201,188
"Ipo8",15,7,57,56,54,61,32,38,19,23,31,38
"Caprin2",5,2,23,14,17,40,30,28,8,10,11,16
"Fam60a",2,4,11,3,4,7,6,9,5,4,7,6
"Dennd5b",52,40,99,82,109,131,91,136,69,60,87,87
"4833442J19Rik",10,11,46,39,34,43,36,44,20,14,21,30
"Amn1",16,10,66,69,49,68,57,55,30,38,66,58
"2810474O19Rik",23,24,76,64,130,162,118,153,60,58,99,101
"Bicd1",8,4,8,19,20,11,25,17,17,14,12,13
"Myadm",240,187,745,896,952,948,536,673,326,333,777,550
"Prkcc",0,2,0,2,3,8,1,4,3,3,3,4
"Ndufa3",362,247,1418,1368,990,1168,746,1063,543,480,984,942
"Tfpt",23,12,119,107,72,103,59,88,51,63,54,64
"Prpf31",8,4,63,43,41,49,37,39,20,12,31,28
"Cnot3",40,23,113,100,94,111,80,111,60,48,91,106
"Leng1",49,36,198,157,154,194,208,239,123,125,148,154
"Tmc4",5,2,14,25,16,16,10,22,10,10,9,10
"Mboat7",38,17,158,156,95,99,62,83,52,43,70,89
"Tsen34",149,125,616,679,611,672,601,726,346,304,523,506
"Rps9",3073,2099,19217,15352,13259,14868,10851,12724,8069,6847,10684,10333
"Lilrb3",0,0,12,8,3,1,2,8,0,1,2,2
"Leng8",41,17,159,122,127,163,110,142,78,73,121,102
"Leng9",3,2,22,20,26,40,28,38,23,19,31,22
"Cdc42ep5",72,48,250,278,236,281,200,253,126,129,225,244
"Rdh13",22,17,54,36,61,52,53,40,24,22,32,40
"Eps8l1",0,4,17,4,8,12,15,3,11,8,19,12
"D630041G03Rik",3,1,7,5,6,10,7,5,4,3,7,6
"Ppp1r12c",66,46,317,270,196,175,144,204,123,103,140,145
"Tnnt1",3,4,14,11,20,15,25,20,27,8,16,19
"Tnni3",2,1,3,11,6,11,2,5,8,4,2,8
"6030429G01Rik",3,1,10,9,6,4,4,6,8,1,8,6
"Tmem86b",2,3,1,1,2,4,6,3,2,2,6,3
"Ppp6r1",3,7,26,24,22,19,13,21,8,12,18,21
"Hspbp1",25,20,163,130,135,112,95,124,65,68,95,95
"Brsk1",4,5,40,25,19,22,19,18,16,13,16,18
"Suv420h2",13,7,43,43,31,38,27,26,15,18,35,34
"Cox6b2",21,19,28,48,91,68,36,43,23,39,39,35
"Il11",5,5,30,13,15,32,23,26,15,20,16,20
"2210411K11Rik",31,25,130,132,68,91,48,77,27,33,105,110
"Rpl28",1815,1339,24064,18961,11554,12538,7612,9529,6728,5895,9111,9051
"Ube2s",524,431,2109,1420,1696,2155,1650,1772,1012,1026,1261,1504
"Isoc2b",24,12,87,101,73,75,69,57,34,23,73,86
"Isoc2a",26,23,36,44,61,70,54,80,36,22,19,28
"Zfp628",13,6,57,45,34,42,37,49,28,29,28,44
"Nat14",11,14,33,40,27,25,26,28,17,14,22,24
"A430110N23Rik",247,167,771,1019,521,406,299,328,160,187,614,662
"Zfp579",10,3,67,68,43,52,36,29,21,25,45,40
"Fiz1",24,14,82,45,53,70,52,65,43,31,49,47
"Zfp524",11,10,63,77,30,51,35,44,27,18,48,32
"Zfp865",8,4,30,21,25,18,11,32,18,9,15,18
"Zfp784",2,2,4,5,6,8,4,2,6,2,3,7
"Zfp580",18,16,71,78,43,69,61,50,41,33,48,52
"U2af2",148,73,555,421,419,556,380,488,242,241,332,349
"Epn1",84,73,541,415,303,351,256,316,187,168,306,262
"Zfp787",26,24,143,116,105,98,109,90,73,56,102,94
"Zfp444",14,4,44,28,27,36,27,36,17,16,24,17
"Zfp667",7,1,10,14,14,16,23,25,19,13,11,13
"Zfp583",3,0,5,4,6,5,10,3,3,4,6,5
"Zfp28",2,2,7,8,5,6,9,4,1,2,7,12
"Peg3",10,8,4,2,23,39,30,23,24,8,45,45
"Zfp954",45,25,171,134,170,204,159,166,107,97,143,130
"Zfp772",2,2,27,14,8,15,18,13,11,11,10,14
"Vmn2r29",3,4,24,15,13,11,18,8,10,7,13,7
"Clcn4-2",123,82,392,359,489,476,373,448,192,237,384,430
"Zfp606",10,1,11,13,13,13,10,20,9,10,19,15
"Zscan18",2,2,1,2,1,2,0,1,2,1,5,0
"Zfp329",7,3,14,13,20,35,17,26,13,9,17,19
"Zfp110",11,8,29,44,32,40,45,53,31,24,35,27
"Zscan22",1,0,3,3,5,2,8,2,4,5,9,6
"Rps5",4618,3272,25825,19920,19055,21632,15515,18337,11181,9816,14571,14297
"2310014L17Rik",1,1,9,9,9,12,5,6,6,5,8,11
"Zfp324",2,1,5,5,4,1,5,3,4,5,4,5
"Zfp446",4,1,7,8,7,7,3,11,5,7,6,12
"Zbtb45",6,1,22,27,18,16,15,21,15,9,17,15
"Trim28",86,69,437,362,316,365,305,373,239,161,246,275
"Chmp2a",272,206,1410,1223,1210,1318,1147,1215,717,528,919,899
"Ube2m",103,78,654,545,252,252,204,259,126,139,217,264
"6330408A02Rik",3,4,4,14,14,18,9,9,9,4,8,8
"Lig1",16,6,26,21,56,56,38,55,29,19,19,31
"Sepw1",1352,1089,6350,5765,4368,4821,3331,4153,2324,2156,4038,3997
"Gltscr2",404,293,1616,1439,1456,1832,1552,1702,1058,965,1317,1258
"Ehd2",129,81,368,471,334,378,309,416,228,199,237,213
"Napa",152,136,896,692,512,621,565,630,391,296,493,473
"Kptn",4,3,37,34,32,57,33,38,26,14,49,34
"Meis3",35,28,164,133,92,123,111,103,78,67,75,94
"Dhx34",2,7,21,21,13,27,13,10,9,9,16,12
"C5ar1",2,2,13,15,10,6,10,14,2,4,4,9
"Prr24",35,20,124,97,78,85,84,88,61,54,72,76
"Ccdc9",36,35,165,130,130,158,112,135,81,81,100,140
"Bbc3",20,15,48,55,47,89,54,53,38,53,68,72
"Sae1",61,43,359,374,220,273,201,241,148,109,191,216
"Zc3h4",11,6,84,54,41,57,34,48,21,22,34,31
"Tmem160",153,125,969,771,558,557,418,555,296,246,517,475
"Grlf1",27,28,134,106,92,109,76,105,70,76,98,78
"Ap2s1",111,83,641,753,390,495,335,461,240,211,462,488
"Slc1a5",298,203,1196,855,804,996,817,1012,539,450,724,630
"Fkrp",17,13,97,71,49,57,51,54,30,28,53,55
"Strn4",60,53,275,212,165,188,157,170,115,106,155,166
"Prkd2",19,19,36,36,38,57,36,61,46,41,47,38
"Dact3",30,30,40,70,70,65,49,61,31,27,70,102
"Gng8",21,9,18,25,44,52,28,48,16,23,33,50
"Ptgir",18,13,101,73,70,107,78,86,63,62,66,58
"Calm3",303,222,1077,1058,812,1012,630,914,502,464,822,866
"Pnmal2",2,1,1,8,2,8,8,6,4,2,12,9
"Ppp5c",49,38,222,234,175,188,147,180,84,78,136,164
"Mill2",8,3,6,10,10,16,15,17,13,9,18,9
"Pglyrp1",3,4,12,4,1,9,15,9,4,1,3,3
"Ccdc61",9,9,36,43,26,34,38,41,28,14,25,26
"Nova2",4,1,5,2,4,3,3,6,1,4,1,0
"Mypop",33,16,93,111,67,74,54,69,35,53,72,67
"Irf2bp1",20,15,99,85,47,68,61,83,42,33,56,53
"Sympk",32,21,157,116,99,118,82,117,66,51,87,97
"Dmwd",25,24,120,98,54,53,42,62,32,41,44,75
"Dmpk",48,45,94,90,111,113,88,143,55,67,100,126
"Six5",9,6,28,31,23,22,14,27,15,12,27,25
"Fbxo46",3,2,18,17,11,13,11,15,3,7,6,10
"Qpctl",10,5,42,24,17,17,18,24,16,19,11,22
"Snrpd2",229,169,1506,1294,963,978,784,851,498,435,796,782
"Eml2",25,10,30,36,55,67,43,51,30,20,50,58
"Gpr4",3,5,6,13,12,25,11,6,8,22,6,5
"Opa3",16,17,47,35,96,129,129,135,102,99,70,75
"Vasp",64,57,244,270,231,266,217,260,153,129,229,197
"Rtn2",18,10,48,75,39,55,33,36,26,21,54,65
"Fosb",1336,949,3906,3394,3957,5515,3088,3116,2331,2557,4700,4310
"Ercc1",39,24,247,225,155,198,162,163,105,84,132,150
"Cd3eap",24,16,150,68,81,113,76,71,69,57,78,54
"Ppp1r13l",19,7,31,42,33,21,18,19,15,15,17,23
"Ercc2",7,7,27,27,14,21,27,27,10,14,22,12
"Klc3",7,3,16,10,10,22,14,11,12,9,17,10
"Ckm",65,64,34,62,76,125,69,103,49,31,49,49
"Mark4",2,1,2,2,10,4,5,9,10,4,17,14
"Bloc1s3",6,0,22,26,11,24,19,21,14,6,14,18
"Trappc6a",57,43,341,251,228,291,225,224,107,113,202,197
"Ppp1r37",40,22,118,109,71,98,69,102,52,64,87,125
"Gemin7",71,71,434,417,303,340,225,317,162,147,300,273
"Zfp296",5,3,3,4,12,10,6,6,4,3,3,8
"Clasrp",22,17,88,63,54,70,54,69,41,38,50,57
"Relb",159,90,704,447,467,606,434,481,347,295,383,337
"Clptm1",112,91,497,447,338,396,341,385,198,173,277,307
"Apoc1",1,12,10,3,3,4,3,3,1,3,18,4
"Apoe",1128,861,3908,2758,3257,5191,5241,5162,3914,2761,2920,2688
"Tomm40",77,45,402,268,242,262,194,238,124,108,147,181
"Pvrl2",29,22,41,56,42,81,91,79,44,61,44,46
"Bcam",110,30,80,68,72,90,64,70,55,67,88,58
"Bcl3",354,236,1278,984,970,1227,901,1164,811,684,836,727
"Pvr",119,86,456,278,378,471,378,408,224,236,265,190
"Zfp180",1,0,2,2,5,6,3,2,4,2,3,7
"Zfp235",3,2,9,9,5,8,3,9,5,0,10,3
"Zfp111",2,2,9,19,11,5,13,20,8,9,7,12
"Zfp93",0,1,7,8,1,1,4,8,4,0,5,7
"Zfp61",4,11,32,43,16,25,18,27,26,12,21,22
"Zfp94",1,0,3,7,2,2,2,6,4,0,1,4
"Kcnn4",12,9,9,16,11,13,7,6,6,3,19,8
"1500002O20Rik",19,24,73,90,77,76,71,64,43,28,51,59
"Plaur",133,87,496,248,425,519,426,477,235,252,248,218
"Cadm4",10,2,13,13,10,9,9,16,5,8,11,9
"Zfp428",5,15,29,22,27,19,10,20,8,11,13,19
"Irgq",10,15,73,62,49,39,34,49,21,30,48,44
"Xrcc1",31,17,104,104,87,100,66,87,57,51,80,65
"Zfp575",10,1,9,5,10,16,8,18,4,8,15,19
"Ethe1",49,30,178,167,176,200,165,155,89,89,122,137
"Phldb3",2,1,6,2,2,6,8,6,1,4,2,10
"Rps19",5801,4159,35184,26259,21286,24211,18178,21314,14446,11889,16621,16027
"Cd79a",1,1,4,3,13,18,9,28,35,72,67,14
"Arhgef1",63,64,202,221,198,250,156,249,141,105,214,190
"Rabac1",692,504,4542,3916,3037,3504,2781,3104,1977,1625,2690,2501
"Atp1a3",1,0,8,9,3,4,10,9,5,3,2,3
"Grik5",25,20,49,64,57,61,36,44,46,28,55,41
"Zfp574",16,9,63,59,50,72,49,76,36,32,45,38
"Pou2f2",1,1,0,2,5,12,5,11,6,4,4,4
"Dedd2",11,5,42,43,29,57,32,38,39,27,33,39
"Gsk3a",91,65,387,277,277,339,178,271,147,157,191,218
"9130221H12Rik",3,2,10,10,13,9,6,12,9,4,5,7
"Erf",233,181,756,630,675,891,595,740,530,458,530,579
"Cic",42,35,189,197,133,161,99,117,104,73,125,103
"Pafah1b3",20,19,78,91,57,76,44,95,26,36,50,49
"Megf8",19,17,120,88,75,85,51,58,37,36,58,56
"Lipe",9,10,45,34,32,33,22,31,21,21,39,24
"Ceacam1",4,0,7,6,14,22,16,15,11,14,11,9
"Atp5sl",7,5,32,21,25,28,16,15,8,10,30,20
"B3gnt8",11,5,28,42,29,31,17,25,12,18,34,35
"Bckdha",33,23,136,147,138,152,119,137,70,68,123,114
"Exosc5",27,17,213,147,85,104,86,79,42,49,88,94
"Tmem91",4,2,15,7,13,9,3,8,5,1,5,5
"B9d2",24,22,114,101,84,99,89,82,52,60,110,94
"Tgfb1",143,96,613,572,361,416,299,355,231,217,379,413
"Ccdc97",28,14,87,71,69,66,43,66,37,36,50,76
"Hnrnpul1",21,8,24,24,55,59,59,89,48,36,73,64
"Axl",930,706,4446,3741,3116,3283,2518,3175,1742,1557,2293,2369
"Cyp2s1",4,0,4,9,3,11,6,11,4,0,2,10
"Cyp2f2",9,16,40,19,27,31,43,72,44,20,27,44
"Egln2",69,65,296,215,192,237,180,243,145,122,171,183
"Rab4b",89,62,311,276,223,265,181,242,127,110,197,255
"Mia1",2,9,1,0,1,1,0,2,0,0,7,5
"Snrpa",66,42,449,369,263,305,235,291,126,133,205,219
"BC024978",0,2,10,7,5,3,4,3,3,2,3,3
"Itpkc",220,133,769,703,726,684,604,673,431,421,669,663
"Adck4",34,20,203,120,118,126,108,110,65,61,103,104
"Numbl",91,57,404,372,261,273,219,290,163,183,245,249
"Ltbp4",1076,845,2775,2738,3729,4348,2077,2575,1327,1411,3365,3316
"Shkbp1",11,11,48,44,47,43,27,33,24,18,31,34
"Blvrb",183,98,774,922,815,973,760,953,401,369,637,658
"Sertad3",25,11,39,73,55,76,74,59,45,43,57,51
"Sertad1",356,291,1534,1076,1215,1776,1354,1247,933,823,1033,1029
"Prx",10,3,7,9,12,8,9,7,7,8,4,5
"Pld3",65,54,379,392,228,307,261,315,137,118,257,257
"2310022A10Rik",7,3,52,26,21,21,26,26,14,12,27,18
"Akt2",150,97,597,455,383,464,277,395,247,248,369,344
"Map3k10",16,22,91,66,45,37,24,33,24,20,49,48
"C030039L03Rik",13,5,48,27,25,29,18,24,16,12,17,20
"Zfp60",2,0,5,4,3,8,4,5,4,3,1,4
"Zfp59",2,0,4,5,4,3,9,5,4,10,1,4
"Zfp607",1,5,17,14,8,14,12,18,10,6,7,15
"1700049G17Rik",1,0,5,5,5,2,5,6,4,3,2,6
"Zfp780b",3,8,15,14,15,27,15,22,10,5,16,14
"Psmc4",94,69,530,481,363,463,372,470,221,170,286,325
"Fbl",226,169,1100,753,790,915,742,795,381,381,500,510
"Dyrk1b",4,7,30,28,10,21,14,16,8,9,12,18
"Eid2",16,6,60,47,11,13,15,28,9,9,10,43
"Eid2b",8,3,22,30,9,22,16,20,10,10,18,14
"Timm50",45,21,153,141,101,129,90,120,66,61,103,99
"Supt5h",80,39,273,200,187,233,132,161,99,104,152,148
"Rps16",3943,2774,33246,24877,18990,21003,14720,18118,12442,10587,15161,14991
"Plekhg2",56,40,162,186,126,137,119,166,95,90,131,116
"Zfp36",2761,1716,11601,12052,9232,12022,12174,13293,9305,8821,9896,9605
"Med29",26,23,196,183,120,135,109,137,87,60,112,145
"Paf1",52,44,172,142,149,170,134,155,94,80,143,120
"Samd4b",197,140,810,575,756,797,569,715,518,411,556,494
"Gmfg",0,0,14,10,10,14,12,21,12,10,18,15
"Sycn",2,2,0,0,1,0,0,0,8,8,0,0
"Pak4",19,22,41,47,45,57,35,62,19,21,51,33
"Fbxo27",3,1,11,17,11,7,4,13,6,5,6,10
"Fbxo17",18,6,60,69,41,42,41,48,22,28,39,43
"Mrps12",52,45,390,339,176,222,156,171,111,110,174,187
"Sars2",4,1,15,11,9,6,10,9,3,3,8,9
"Nfkbib",125,89,588,373,431,510,354,474,286,234,275,321
"Sirt2",145,115,603,570,456,547,431,514,278,269,448,409
"Rinl",1,0,10,10,7,4,6,6,3,3,5,2
"Hnrnpl",107,94,357,278,300,376,378,413,232,178,292,272
"Ech1",162,118,687,568,593,661,783,732,326,320,533,414
"Lgals4",5,8,15,12,10,16,17,20,6,11,14,13
"Lgals7",11,18,13,21,7,10,10,13,4,8,66,13
"Capn12",5,3,1,0,3,9,2,3,2,1,1,7
"Actn4",184,164,696,598,584,709,567,603,316,373,403,477
"Eif3k",458,266,2123,1948,1630,1732,1416,1610,890,803,1365,1379
"Fam98c",44,23,119,127,115,148,146,188,83,86,107,105
"Spred3",3,3,8,10,11,9,4,7,3,2,4,7
"Psmd8",232,142,1280,1086,911,1066,989,1090,635,508,699,792
"Kcnk6",2,3,13,16,16,11,7,12,5,6,13,18
"Yif1b",125,84,813,713,503,567,449,560,236,214,447,462
"2200002D01Rik",25,24,96,69,67,77,42,39,38,36,41,46
"Spint2",17,13,28,9,13,25,10,18,17,8,37,13
"Ppp1r14a",14,7,34,48,47,53,47,48,20,28,43,55
"Sipa1l3",12,8,51,46,41,51,19,29,17,19,31,15
"Zfp84",6,9,26,23,34,28,21,31,18,12,22,36
"Zfp30",1,0,7,12,4,7,8,7,7,6,10,6
"Zfp790",5,4,17,15,14,17,15,18,7,16,14,11
"Zfp420",3,1,14,9,6,8,6,12,7,8,6,10
"Zfp27",0,3,9,14,8,12,12,11,10,2,7,4
"Zfp383",11,13,41,38,35,51,48,55,18,22,40,47
"Zfp74",5,4,17,19,28,21,12,27,12,10,28,27
"Zfp568",4,3,16,12,9,12,10,25,3,14,14,10
"Zfp14",1,0,5,7,5,6,7,9,1,5,6,7
"Zfp82",1,0,7,8,2,9,6,4,1,1,2,6
"Zfp566",4,5,19,12,8,11,9,17,10,6,11,14
"Zfp260",32,18,82,98,71,94,90,116,48,39,93,89
"Zfp382",7,1,10,10,6,18,17,14,6,10,11,10
"Cox7a1",9,12,18,19,37,36,23,21,16,14,24,23
"Capns1",561,465,2266,2353,2056,2379,1866,2297,983,917,1620,1769
"Tbcb",138,99,688,664,606,602,427,603,271,239,447,454
"Polr2i",69,70,393,367,273,286,199,275,140,127,229,294
"Clip3",43,36,287,238,176,189,138,173,102,100,165,144
"Alkbh6",20,15,90,94,60,92,75,94,44,52,63,60
"Sdhaf1",21,11,106,113,43,46,63,60,31,27,56,41
"Lrfn3",4,1,17,20,8,10,9,15,9,2,10,12
"Tyrobp",12,8,146,116,37,42,59,113,39,45,34,31
"Hcst",0,0,2,3,2,2,2,8,4,1,5,2
"Nfkbid",14,8,4,9,21,21,17,26,25,34,22,10
"Aplp1",4,11,27,29,17,29,15,19,14,13,36,36
"Arhgap33",5,1,7,6,3,4,6,5,5,9,6,5
"BC053749",2,1,6,4,11,5,3,8,4,6,7,4
"Hspb6",7,4,15,10,10,20,16,14,16,11,11,10
"Lin37",21,14,85,82,88,82,46,69,48,36,63,72
"Psenen",232,165,1215,1119,862,1029,711,919,488,417,768,775
"U2af1l4",50,26,206,207,171,170,143,131,64,66,129,148
"Tmem149",5,5,18,29,24,30,19,24,14,14,21,13
"Wbp7",9,5,58,59,32,46,32,40,24,19,32,33
"Cox6b1",550,396,3075,2461,1996,2272,1650,1837,1008,862,1673,1725
"Rbm42",112,80,547,501,468,531,386,451,268,200,310,342
"Haus5",7,3,22,19,17,20,21,23,13,17,11,13
"Tmem147",114,69,909,704,493,516,351,465,241,198,409,434
"Sbsn",66,48,605,523,250,357,653,913,277,414,215,253
"Dmkn",54,14,658,421,147,217,582,781,236,451,33,84
"Krtdap",87,31,200,236,175,235,585,652,244,282,65,159
"Hamp",6,1,0,0,2,2,0,0,2,0,12,0
"Usf2",74,66,328,384,222,235,142,216,126,106,254,247
"Lsr",6,3,19,5,4,3,3,6,4,1,7,10
"Fxyd5",101,69,991,881,514,546,372,526,278,202,499,463
"Fxyd7",4,0,6,12,10,16,9,15,9,10,4,8
"Fxyd1",628,410,3079,2761,2092,2527,1943,2466,1336,1129,1830,1970
"Lgi4",28,22,137,157,91,109,97,136,49,50,75,103
"Fxyd3",18,27,4,6,4,4,6,3,5,0,26,1
"Hpn",5,2,1,6,5,5,1,7,5,3,2,2
"Scn1b",109,69,567,550,302,292,225,365,167,156,183,341
"Gramd1a",110,100,425,332,305,324,302,401,242,205,278,275
"Wtip",22,11,101,72,41,53,38,51,24,28,30,36
"Uba2",76,58,290,262,253,271,281,336,138,135,207,225
"Pdcd2l",16,17,69,53,57,72,66,76,44,37,45,42
"Gpi1",167,121,968,867,697,780,691,751,380,318,582,531
"4931406P16Rik",25,16,70,53,68,82,53,68,31,41,56,73
"Lsm14a",77,56,347,319,300,301,253,280,196,164,259,233
"Kctd15",6,2,36,30,22,21,16,17,24,11,14,28
"Chst8",0,1,1,1,13,10,7,3,6,3,5,12
"Pepd",29,14,94,115,125,123,79,100,40,40,77,72
"Cebpg",150,108,460,343,495,567,423,483,351,333,411,444
"Cebpa",37,23,267,168,125,242,153,164,139,108,100,129
"Lrp3",11,6,53,48,51,41,16,32,18,15,25,41
"Gpatch1",5,9,32,38,38,39,37,51,27,20,35,30
"Rhpn2",2,2,9,4,5,14,6,4,7,3,6,10
"C230052I12Rik",6,4,18,22,12,16,9,10,14,8,9,13
"Ccdc123",6,11,27,37,19,31,19,31,20,17,20,25
"Nudt19",23,28,187,142,108,103,84,109,60,48,107,106
"Ankrd27",16,14,70,54,48,69,42,82,32,27,56,50
"Pdcd5",141,138,926,756,630,696,550,551,314,325,477,486
"Dpy19l3",7,6,13,21,14,26,14,21,16,20,25,25
"Zfp507",4,1,48,25,8,26,16,18,12,10,15,12
"Tshz3",21,25,103,85,99,104,126,135,79,62,70,95
"C80913",36,28,103,106,105,134,107,127,71,64,91,101
"Ccne1",8,3,7,7,5,10,9,10,4,0,7,9
"1600014C10Rik",14,6,74,47,28,31,26,31,17,19,25,35
"Plekhf1",221,159,782,821,703,775,844,1022,447,468,828,753
"Pop4",30,19,142,122,112,147,134,125,78,76,107,83
"Zfp939",2,2,2,3,4,5,4,6,1,1,1,0
"Vstm2b",9,5,1,4,27,21,12,15,1,4,28,38
"AI987944",10,9,28,21,33,50,46,54,18,26,48,28
"AW146154",2,4,12,15,11,22,13,12,7,10,13,11
"Zfp788",5,3,22,37,28,28,26,31,13,7,18,29
"Gm5595",2,1,5,7,6,8,5,6,4,2,6,5
"Zfp715",10,11,23,22,21,26,22,34,17,18,24,27
"Nkg7",0,0,0,6,0,0,1,2,12,7,3,2
"Etfb",134,110,678,556,524,631,695,598,295,266,527,416
"Iglon5",3,4,48,51,19,21,9,18,13,8,10,17
"Zfp658",1,1,1,6,1,2,2,7,3,1,7,1
"Zfp719",12,11,53,46,53,40,36,50,27,24,31,46
"Ctu1",2,3,16,13,7,15,7,9,9,5,7,15
"Klk10",0,2,2,4,8,8,3,2,0,0,4,3
"Klk8",2,3,8,9,8,11,5,14,9,8,7,5
"Klk1",2,2,0,1,2,0,3,3,3,2,3,8
"2410002F23Rik",39,31,238,143,122,158,128,146,105,75,113,122
"Clec11a",212,136,432,473,402,441,249,373,133,168,604,728
"Syt3",5,1,9,5,4,10,4,9,8,1,6,8
"Josd2",72,45,344,321,174,215,140,187,103,114,202,226
"2310044H10Rik",290,239,1501,1384,962,1167,878,1095,551,517,952,936
"Fam71e1",2,1,8,1,1,2,2,5,2,4,5,7
"Mybpc2",2,2,1,1,4,6,9,5,0,0,1,0
"Spib",0,0,1,0,3,2,1,3,5,7,3,5
"Pold1",11,7,46,38,35,47,25,37,17,18,26,26
"Nr1h2",88,72,379,337,284,332,256,349,199,177,237,284
"Napsa",2,1,2,4,5,10,3,10,7,8,6,2
"Vrk3",25,19,138,100,87,98,106,98,65,51,81,76
"Atf5",312,233,2120,2046,1621,1816,906,1183,824,684,1413,1557
"Nup62",107,89,384,332,347,415,284,340,219,183,262,234
"Tbc1d17",45,33,212,190,167,171,156,163,102,80,156,159
"Akt1s1",65,41,260,242,158,189,141,172,116,99,160,155
"Pnkp",17,11,79,90,59,66,57,69,38,29,58,51
"Ptov1",229,165,910,972,715,852,711,842,441,463,659,745
"Med25",49,35,182,173,139,171,116,158,102,81,115,130
"Fuz",24,14,94,88,94,89,66,94,36,36,73,77
"Ap2a1",44,49,180,187,136,146,83,132,85,69,137,128
"Cpt1c",27,20,71,65,45,75,71,66,32,26,46,55
"Prmt1",106,92,539,461,496,572,541,578,294,231,339,394
"Bcl2l12",19,21,50,80,57,67,60,76,44,36,50,59
"Irf3",50,31,201,169,151,168,167,178,124,90,128,132
"Scaf1",46,22,115,103,97,121,81,130,72,75,96,96
"Rras",190,160,727,736,550,623,459,609,263,271,461,452
"Prr12",11,8,32,54,32,46,27,29,17,13,38,32
"Prrg2",18,7,56,53,41,50,31,45,22,13,34,41
"Nosip",36,10,135,126,89,99,115,94,74,52,93,72
"Rcn3",587,438,2376,2761,1749,1888,1522,1872,850,818,1924,2115
"Fcgrt",590,397,2553,2272,1869,2149,1971,2417,1147,1107,1924,1833
"Rps11",2839,1969,21359,16833,13005,14638,10508,12736,7534,6758,10625,10335
"Rpl13a",4326,3168,34787,27218,21091,23039,16383,20015,13312,11841,16632,16484
"Flt3l",22,27,89,110,92,102,92,118,57,75,95,106
"Aldh16a1",14,12,31,28,31,38,45,41,24,17,28,20
"Pih1d1",49,21,219,193,167,179,164,196,71,106,152,161
"Tead2",10,8,37,26,46,55,35,36,24,27,29,41
"Cd37",1,0,9,6,9,11,13,18,19,10,21,11
"Trpm4",7,10,39,39,23,26,21,25,21,17,26,27
"Snrnp70",170,116,643,547,569,706,584,715,343,311,478,473
"Ruvbl2",23,15,120,96,77,90,84,84,65,39,68,96
"Gys1",2,1,12,10,15,7,8,11,10,3,8,8
"Ftl1",10859,8818,73184,46045,36593,46066,34129,39681,26650,22778,25282,23505
"Bax",138,98,868,655,624,637,448,530,306,269,490,532
"Dhdh",0,0,10,7,4,10,8,11,6,7,8,4
"Nucb1",243,196,1120,963,805,898,740,948,407,382,689,700
"Ppp1r15a",788,555,2244,1752,2158,3040,2975,3106,1880,1635,1940,2012
"Plekha4",36,29,146,139,120,109,73,115,41,63,100,98
"Hsd17b14",2,1,5,5,4,8,5,9,4,7,5,5
"Bcat2",29,21,117,163,93,111,88,106,58,42,96,83
"Rasip1",23,12,52,27,69,80,40,42,35,61,42,31
"Mamstr",2,1,7,9,9,9,6,2,3,1,7,4
"Car11",8,9,26,24,28,41,23,30,12,11,54,51
"Dbp",18,17,46,77,55,67,60,76,35,38,45,60
"Sphk2",13,10,35,43,25,32,32,27,25,15,30,32
"Rpl18",2195,1567,17784,12934,10930,12514,8717,10506,6895,5868,8752,8404
"Cyth2",120,85,430,373,418,512,406,451,269,234,282,351
"Grwd1",28,26,183,74,95,124,93,95,69,38,78,65
"Kdelr1",238,174,1417,1426,906,941,750,875,498,447,849,925
"Tmem143",8,3,30,27,14,35,29,23,17,18,19,25
"Emp3",689,504,4164,3790,3222,3825,2630,3158,1424,1362,2506,2581
"Ccdc114",2,2,3,4,2,0,1,4,1,1,4,6
"Nomo1",38,32,208,140,115,113,69,100,48,55,102,85
"Myod1",6,7,13,11,20,18,3,1,10,12,16,17
"Sergef",18,17,90,82,58,49,53,57,34,33,36,40
"Saal1",10,10,72,56,52,65,60,63,39,35,50,57
"Saa3",0,10,468,19,404,147,7,165,111,23,61,0
"Saa1",96,16,540,169,306,172,86,82,134,11,108,55
"Saa2",5,3,235,30,8,15,1,36,6,0,1,1
"Hps5",5,1,40,33,20,24,30,22,19,21,25,22
"Gtf2h1",34,24,124,87,94,119,80,94,62,53,77,104
"Ldha",747,546,4076,2482,2640,3420,2526,2941,1533,1375,2021,2150
"Tsg101",96,63,383,311,272,409,316,351,183,152,236,266
"Uevld",4,4,29,26,22,15,10,20,13,10,19,22
"Spty2d1",66,60,232,182,269,336,273,277,147,135,213,281
"Tmem86a",7,5,20,21,15,16,14,14,6,9,24,18
"Zdhhc13",9,6,46,24,22,22,16,31,16,12,14,16
"Nav2",7,6,12,7,12,8,5,1,5,2,7,4
"Htatip2",40,37,298,293,216,227,202,231,116,94,146,144
"Prmt3",24,19,119,111,72,86,74,80,54,37,46,57
"Fancf",8,1,14,18,11,7,7,14,8,11,11,7
"Gas2",71,56,141,177,180,183,134,185,93,120,132,198
"Svip",11,9,13,15,29,30,17,22,22,11,9,19
"Tubgcp5",5,7,38,23,27,30,24,33,22,13,21,19
"Cyfip1",44,49,190,169,219,228,192,231,109,118,171,168
"Nipa2",31,38,192,153,141,160,158,165,80,75,123,120
"Nipa1",24,11,69,65,53,48,40,50,20,20,37,54
"Herc2",43,26,139,131,172,167,131,176,97,96,112,136
"Atp10a",21,18,131,90,94,93,60,80,47,40,53,66
"Ube3a",92,61,224,168,331,342,346,371,205,155,287,307
"Ndn",197,148,952,981,787,914,968,1200,561,431,585,682
"Peg12",4,0,9,9,8,7,7,5,6,2,8,2
"Klf13",320,262,783,617,824,822,681,869,433,459,677,881
"Mtmr10",7,6,40,26,32,34,20,29,8,8,35,30
"Mphosph10",27,24,122,63,154,168,170,181,101,91,88,105
"Mcee",63,47,340,304,226,300,240,256,117,117,249,215
"Ndnl2",55,35,274,239,209,262,212,288,171,112,162,185
"Tjp1",60,29,162,164,128,157,109,126,69,75,117,120
"Tarsl2",1,2,6,7,11,7,3,10,3,5,0,5
"Tm2d3",43,25,150,149,98,130,95,124,63,57,88,123
"Pcsk6",269,238,1280,1232,1105,1077,714,968,461,468,767,933
"Snrpa1",68,57,450,302,312,318,221,294,153,143,208,241
"H47",295,213,1443,1309,1072,1133,872,1067,565,447,837,1014
"Chsy1",9,10,75,72,49,48,32,45,23,19,33,67
"Lrrk1",29,22,141,116,98,111,82,87,71,68,107,81
"Aldh1a3",32,14,124,55,72,113,92,160,50,74,84,66
"Asb7",8,3,13,17,17,24,11,14,13,12,18,27
"Lins",7,3,18,24,15,17,15,9,16,12,16,19
"Lysmd4",3,1,7,13,7,5,6,15,5,4,10,8
"Mef2a",25,21,16,32,110,121,125,141,68,53,102,107
"Lrrc28",7,12,49,44,42,47,24,32,25,17,36,41
"Ttc23",15,12,54,61,35,46,22,44,25,19,45,38
"Synm",15,15,58,69,62,87,82,86,33,60,86,75
"Igf1r",85,45,239,151,300,320,222,290,166,175,217,182
"Arrdc4",28,34,257,158,133,119,164,141,75,76,106,91
"Nr2f2",57,34,106,79,78,145,86,107,86,44,71,87
"A730056A06Rik",7,7,32,47,25,33,17,30,9,16,26,27
"Rgma",62,56,224,260,192,178,158,199,88,102,207,201
"Chd2",45,43,109,70,159,215,182,238,103,113,138,122
"1810026B05Rik",87,86,403,322,228,263,243,354,143,138,179,224
"Fam174b",8,12,36,40,18,22,14,15,9,21,32,24
"St8sia2",1,3,11,6,6,16,5,6,1,9,6,7
"Slco3a1",69,77,360,273,303,328,329,382,136,167,210,242
"Akap13",198,156,544,419,644,700,615,746,380,356,547,564
"Klhl25",5,3,31,30,32,24,17,30,13,16,15,20
"Ntrk3",8,6,5,7,13,21,10,12,11,12,9,14
"Mrpl46",18,12,84,62,45,78,43,59,38,38,47,44
"Mrps11",34,18,149,174,102,119,95,118,68,39,104,126
"Det1",2,4,24,19,12,18,12,16,5,4,15,8
"Aen",29,28,216,118,124,136,90,107,73,45,88,97
"Isg20",58,44,204,179,184,254,200,234,156,142,180,143
"Mfge8",534,399,2113,2086,1428,1489,1318,1466,817,865,1386,1406
"Abhd2",5,3,15,16,8,20,13,15,7,8,11,7
"Polg",31,26,124,88,65,75,57,72,63,43,72,65
"Kif7",2,1,10,7,8,12,10,11,9,7,11,9
"Anpep",130,117,343,363,554,582,369,475,211,207,396,397
"Ap3s2",14,5,57,59,38,49,37,40,27,24,43,48
"2610034B18Rik",30,26,112,125,92,101,63,98,51,60,102,90
"Zfp710",3,2,17,25,13,18,14,19,18,12,8,13
"Idh2",75,50,195,233,179,214,238,277,107,121,197,215
"Sema4b",3,2,12,7,8,5,8,5,7,8,3,7
"Cib1",50,25,233,226,200,205,142,169,120,76,158,184
"Ngrn",9,7,61,67,37,57,26,32,28,32,44,34
"Vps33b",4,4,34,28,26,26,23,24,15,7,19,16
"Prc1",5,0,1,9,0,2,1,2,1,8,1,1
"Unc45a",40,32,127,101,148,172,100,127,103,86,91,88
"Hddc3",1,4,19,22,7,21,11,10,11,9,10,18
"Man2a2",23,10,154,108,91,56,52,71,51,45,56,68
"Fes",12,4,31,43,34,43,33,50,25,16,30,28
"Furin",55,45,314,233,181,209,131,172,128,108,136,161
"Blm",1,1,6,3,5,2,9,6,3,1,6,3
"Crtc3",41,33,195,144,175,172,175,196,141,90,154,165
"Iqgap1",138,109,588,481,620,625,439,541,304,282,468,475
"Zscan2",0,0,1,10,5,5,5,0,4,0,3,2
"Wdr73",8,5,43,45,30,29,30,47,28,15,27,25
"Nmb",116,82,1448,1171,591,623,1126,962,907,492,365,398
"Sec11a",181,136,1207,1106,834,864,790,917,461,366,670,706
"Zfp592",48,41,202,158,126,145,98,150,99,76,106,111
"Pde8a",34,23,46,31,127,138,99,146,75,60,100,88
"Rps17",2163,1600,24276,18360,13488,14358,9523,11703,8113,6774,9829,9503
"Cpeb1",25,31,144,87,103,122,79,110,69,66,70,57
"Ap3b2",1,2,2,2,9,4,3,3,1,2,3,2
"2900076A07Rik",9,2,24,35,24,21,18,14,7,14,15,20
"Whamm",16,19,66,53,47,56,58,86,34,33,44,43
"Homer2",24,19,36,32,32,40,37,49,15,24,39,64
"Fam103a1",75,67,334,320,286,302,270,300,165,133,251,231
"3110040N11Rik",25,18,117,85,71,99,68,86,44,35,77,99
"Btbd1",92,62,340,295,309,366,278,324,158,162,234,310
"Tm6sf1",3,0,11,5,7,17,5,11,2,12,4,10
"Hdgfrp3",59,54,144,123,231,265,205,272,127,136,195,178
"Sh3gl3",3,3,15,12,8,5,7,4,8,3,3,24
"Adamtsl3",65,52,171,155,239,269,201,262,119,147,177,173
"Fam154b",4,4,7,7,5,8,4,4,7,3,10,3
"Eftud1",8,8,23,30,25,35,33,23,8,17,19,21
"Mex3b",10,7,19,12,31,35,21,21,15,7,18,21
"Stard5",15,24,87,61,52,66,79,71,51,43,56,60
"Il16",10,9,27,26,35,46,18,23,13,14,43,40
"Mesdc1",87,71,359,276,302,394,250,323,175,187,287,320
"Mesdc2",104,71,432,327,340,345,277,367,181,156,317,301
"Fam108c",16,15,92,78,38,41,31,64,26,16,36,56
"Fah",10,16,57,73,52,70,55,60,40,24,50,57
"Zfand6",129,94,431,403,453,541,401,549,270,260,388,403
"Folh1",1,0,3,7,15,12,6,13,6,2,5,2
"Nox4",70,39,385,232,218,224,148,197,117,102,178,117
"Ctsc",18,7,99,63,41,57,51,62,35,21,31,33
"Rab38",3,4,6,5,7,4,6,9,4,1,12,9
"Tmem135",16,20,60,76,73,75,60,75,32,49,59,57
"Fzd4",17,17,46,29,50,37,48,58,18,24,45,49
"Prss23",655,381,2678,1928,1612,1680,1699,1991,551,764,1534,1487
"Me3",4,6,24,14,15,23,31,23,10,10,23,17
"Ccdc81",2,1,10,7,2,1,5,3,0,2,9,7
"l7Rn6",82,60,569,484,380,402,336,378,182,161,294,304
"Eed",52,32,168,173,181,187,192,210,115,88,148,138
"2310010J17Rik",37,19,96,63,69,73,51,58,38,35,52,43
"Picalm",183,121,689,526,534,640,387,484,271,296,443,415
"Sytl2",22,12,52,77,75,74,61,126,45,45,66,70
"Crebzf",30,23,128,101,90,94,55,98,66,64,68,62
"Tmem126a",59,49,365,328,228,237,156,198,133,116,200,206
"Tmem126b",4,6,36,34,26,37,20,34,9,13,21,14
"Dlg2",1,0,9,6,4,3,8,7,2,2,0,2
"Ccdc90b",51,28,158,179,193,180,137,175,89,84,146,136
"Ankrd42",1,0,1,3,7,6,1,4,2,3,6,4
"Pcf11",123,86,295,219,364,479,375,434,260,231,285,306
"4632427E13Rik",2,2,5,6,4,7,7,9,5,0,5,4
"Rab30",25,10,44,59,45,73,65,67,25,38,74,55
"Prcp",37,25,180,158,124,122,84,124,56,47,85,119
"Fam181b",1,1,7,6,6,6,5,7,3,3,1,6
"Nars2",2,8,20,6,9,14,13,12,10,7,16,15
"Gab2",23,11,148,128,93,94,72,106,65,65,90,68
"Usp35",4,3,14,13,14,18,17,14,13,7,12,17
"Kctd21",1,4,7,4,3,4,7,6,5,4,3,1
"Alg8",2,8,55,35,26,24,15,22,9,13,17,20
"Ndufc2",149,113,1027,947,708,806,674,760,368,341,597,642
"Thrsp",4,3,25,27,7,29,9,29,10,14,20,24
"Ints4",7,1,43,43,30,35,37,35,13,13,35,37
"1810020D17Rik",70,33,285,280,184,211,161,173,101,86,210,195
"Rsf1",21,21,62,58,94,116,122,124,42,42,90,94
"Clns1a",37,33,273,264,171,176,147,184,91,85,117,149
"Pak1",15,13,132,88,53,84,65,68,43,38,46,39
"Myo7a",13,8,27,26,30,28,17,10,6,13,31,29
"Capn5",17,12,41,55,59,62,36,52,26,33,62,61
"Acer3",66,32,151,93,182,201,169,216,108,107,137,107
"Tsku",41,40,138,114,124,147,146,146,82,67,82,59
"Lrrc32",87,78,506,255,245,382,290,419,241,196,185,180
"2210018M11Rik",15,19,46,47,62,66,57,76,37,32,42,55
"Prkrir",45,44,224,161,188,202,126,179,81,72,146,188
"Wnt11",75,55,143,108,203,249,196,205,112,120,146,143
"Uvrag",38,23,112,80,80,122,96,149,85,68,95,78
"Dgat2",9,5,30,27,28,25,39,37,24,22,25,30
"Mtap6",29,20,120,120,99,87,59,56,36,38,82,73
"Serpinh1",2446,1855,12344,13841,7310,8024,6026,7883,3320,3521,8954,8797
"Gdpd5",9,3,15,18,30,38,21,29,19,16,25,26
"Rps3",2787,2050,22692,17810,13603,15349,10202,12746,7988,7007,11180,10830
"Arrb1",14,10,88,77,45,61,35,46,30,31,56,46
"Gm4980",18,11,31,32,49,36,31,47,20,14,43,63
"Slco2b1",42,33,168,154,126,151,171,200,152,101,126,94
"Spcs2",271,211,1388,1346,955,1063,968,1107,564,465,785,808
"Rnf169",8,6,31,39,28,19,21,36,15,20,26,24
"Chrdl2",0,1,3,4,12,5,4,13,3,0,5,4
"Pold3",13,7,39,38,37,47,40,68,33,31,36,31
"Lipt2",1,1,13,15,8,11,6,10,3,3,5,8
"Pgm2l1",19,8,24,20,51,60,38,31,35,20,32,35
"P4ha3",12,6,44,39,47,50,17,14,6,11,37,41
"Ppme1",100,69,371,256,263,307,200,236,139,138,240,248
"C2cd3",12,5,31,24,20,19,15,26,17,19,24,23
"Ucp2",27,16,169,153,67,53,74,125,38,55,106,97
"Chchd8",0,3,10,10,4,8,2,4,2,1,1,7
"Mrpl48",126,85,789,621,424,491,406,485,252,255,412,401
"Rab6a",368,285,1211,862,1148,1206,1205,1523,858,776,919,983
"Plekhb1",17,13,17,16,14,35,15,23,14,13,25,16
"Fam168a",37,32,146,144,153,180,138,138,113,85,131,148
"Relt",5,5,17,10,23,35,18,23,9,18,10,15
"Arhgef17",20,14,67,75,59,41,50,49,34,38,37,46
"P2ry6",2,0,13,15,3,10,10,10,11,6,5,6
"P2ry2",24,21,173,105,96,102,116,157,79,100,74,85
"Fchsd2",15,8,48,21,42,38,43,51,35,31,50,36
"Atg16l2",8,3,49,52,39,53,32,39,30,16,29,34
"Stard10",1,6,20,18,11,21,10,12,15,7,17,13
"Arap1",57,39,162,223,218,221,137,183,87,90,170,158
"Pde2a",6,1,18,10,15,19,16,19,18,10,19,15
"Clpb",24,21,126,97,107,105,90,112,47,49,93,91
"Inppl1",17,13,61,64,51,56,34,68,37,31,59,63
"Folr2",2,2,10,9,10,3,4,9,1,5,2,1
"Folr1",2,2,13,9,3,5,3,5,4,4,14,18
"3200002M19Rik",6,11,59,49,38,39,26,22,18,19,17,26
"2400001E08Rik",57,60,409,361,251,219,211,256,150,125,276,263
"Lrrc51",4,3,26,18,10,17,15,7,5,11,18,18
"Numa1",36,25,160,138,109,134,79,97,73,71,117,106
"Il18bp",0,9,43,25,15,33,23,28,18,15,15,12
"Rnf121",11,7,48,38,30,44,50,34,18,11,22,31
"Nup98",14,8,61,34,51,64,62,47,40,35,33,37
"Pgap2",4,6,10,8,10,30,21,22,12,12,18,18
"Rhog",107,84,445,334,361,395,323,419,209,271,283,317
"Stim1",13,12,34,27,62,65,68,90,46,47,42,57
"Rrm1",22,20,129,76,120,139,142,167,94,78,70,66
"Trim21",0,1,9,3,8,13,5,5,5,6,3,2
"Trim68",3,2,17,17,13,17,14,11,16,11,6,13
"Hbb-b1",2,2,0,0,1,0,0,4,0,11,0,1
"Beta-s",30,52,22,39,133,76,73,163,10,557,22,89
"Trim34a",8,8,28,25,18,30,13,19,13,18,22,22
"Trim12a",8,11,50,44,44,75,48,41,33,45,44,34
"Trim12c",21,14,31,30,39,63,32,41,24,31,42,46
"Trim30a",61,48,153,114,175,258,208,299,135,119,155,127
"Trim30d",14,11,47,51,51,43,45,81,40,52,38,41
"Fam160a2",9,9,43,49,45,40,31,38,20,18,30,37
"Prkcdbp",616,457,2545,2615,2334,2377,1610,1934,758,855,1936,1934
"Smpd1",57,39,209,251,165,200,122,170,81,74,175,196
"Apbb1",24,12,51,51,45,62,36,50,30,41,52,54
"Trim3",30,26,101,102,78,97,66,82,51,55,72,69
"Arfip2",27,19,201,208,96,107,91,114,71,52,118,122
"Fxc1",103,74,731,645,373,405,319,343,212,156,357,357
"Rrp8",28,22,114,95,91,94,65,95,51,45,58,60
"Ilk",193,138,704,720,658,662,525,660,301,357,597,629
"Taf10",79,68,1043,691,287,280,213,310,147,128,254,272
"Tpp1",59,46,281,176,194,223,166,196,118,97,184,179
"Dchs1",13,6,70,84,77,80,40,53,26,28,66,88
"Mrpl17",99,70,667,580,378,383,333,359,254,202,347,351
"Syt9",2,2,6,6,9,3,2,7,2,5,4,11
"Olfml1",32,29,98,94,103,128,105,127,75,70,131,136
"Ppfibp2",15,18,48,53,96,122,51,67,63,74,93,127
"Cyb5r2",6,1,16,9,9,10,3,14,4,13,21,15
"Eif3f",822,617,3576,3240,2802,3225,2745,3177,1734,1497,2477,2517
"Tub",1,1,8,7,7,7,5,4,4,3,10,11
"Ric3",3,0,10,13,7,12,9,16,10,5,6,9
"Lmo1",35,36,318,257,177,198,119,190,76,68,155,141
"Stk33",3,2,2,4,3,7,3,8,4,3,3,4
"Trim66",0,0,4,2,5,9,8,6,6,7,1,4
"Rpl27a",2963,1976,28574,22414,14265,16034,11145,13502,9288,7987,11414,11334
"St5",45,41,230,149,112,119,103,106,80,60,141,133
"D930014E17Rik",35,22,129,117,73,74,85,79,42,32,61,88
"Tmem9b",114,84,497,460,322,295,274,366,214,183,301,337
"Nrip3",1,2,9,5,5,13,12,16,4,2,5,6
"Scube2",19,19,29,46,35,48,40,52,23,35,91,103
"Dennd5a",77,57,382,315,274,277,208,240,144,125,215,226
"Tmem41b",47,45,147,150,133,158,121,143,85,89,112,126
"Ipo7",6,3,7,5,26,18,9,18,18,7,17,11
"Zfp143",4,11,36,29,18,33,30,22,15,14,19,19
"Wee1",47,32,75,106,97,113,63,101,43,51,102,188
"Swap70",54,50,235,173,166,268,219,247,122,93,125,162
"Sbf2",46,34,167,133,154,135,132,117,77,66,121,116
"Adm",267,161,1545,979,766,937,870,1453,557,522,669,697
"Ampd3",40,24,213,108,58,98,76,123,90,49,76,54
"Rnf141",4,1,6,6,8,10,8,9,7,2,8,6
"Lyve1",5,1,24,7,5,8,5,11,2,6,8,18
"Mrvi1",4,1,10,4,6,6,3,5,3,1,1,4
"Ctr9",21,17,64,50,63,73,57,68,36,33,39,47
"Eif4g2",618,500,2366,1576,1980,2263,1796,1881,1122,998,1544,1605
"Galntl4",18,19,85,81,52,64,65,67,24,38,90,87
"Usp47",37,28,152,104,132,126,118,152,81,62,112,127
"Dkk3",62,33,79,80,121,124,79,87,61,53,105,119
"Mical2",16,11,40,37,47,51,15,31,17,16,53,26
"Parva",129,80,530,516,420,425,271,388,215,226,375,365
"Tead1",54,26,178,117,96,139,103,133,83,82,97,92
"Arntl",64,63,155,170,226,283,183,238,117,113,190,218
"Btbd10",34,21,78,85,96,114,98,99,58,48,85,80
"Far1",36,28,99,69,147,147,146,136,72,72,105,102
"Spon1",86,50,256,340,210,258,242,240,198,105,278,113
"Rras2",47,52,176,128,133,160,108,147,76,62,119,99
"Copb1",99,75,344,340,425,447,412,478,187,169,312,292
"Psma1",125,105,579,557,482,564,513,567,259,230,396,441
"Pde3b",4,2,16,23,20,25,17,16,14,15,27,27
"Insc",21,16,88,124,60,61,57,55,44,55,122,168
"Sox6",3,1,5,0,5,9,4,8,8,1,17,13
"1110004F10Rik",148,94,689,669,519,528,562,600,359,268,399,447
"Rps13",2096,1531,21014,15807,12103,13299,9113,11106,7552,6305,8917,8977
"Pik3c2a",31,25,110,65,83,104,61,88,58,51,61,52
"Nucb2",149,124,682,682,623,624,581,688,243,279,475,483
"Xylt1",6,4,15,13,7,7,9,8,5,3,14,15
"Rps15a",2999,2116,25551,20137,15955,17862,11575,14592,9698,8064,12614,12040
"Arl6ip1",148,105,569,487,665,901,773,856,435,365,519,557
"Smg1",73,40,160,143,153,200,136,161,108,94,147,134
"Itpripl2",58,40,348,308,251,203,163,234,120,100,218,233
"Coq7",26,19,115,128,103,108,84,112,64,55,73,97
"Tmc7",2,1,2,3,1,8,3,3,3,2,8,2
"Gde1",73,59,494,410,241,283,237,295,161,140,249,306
"6330503K22Rik",3,1,24,21,14,15,12,25,18,5,9,17
"9030624J02Rik",26,25,119,111,98,113,107,126,61,56,80,79
"2310008H09Rik",21,22,111,55,108,127,126,122,64,55,69,84
"Iqck",5,3,10,5,13,17,11,21,6,9,6,9
"Gprc5b",67,50,222,198,189,216,190,240,148,118,150,124
"Thumpd1",38,24,142,97,115,92,101,96,58,61,70,78
"Eri2",4,1,13,13,7,5,7,4,5,3,7,5
"2610020H08Rik",2,4,7,1,6,4,4,6,2,4,4,3
"Dcun1d3",85,66,393,270,304,304,349,421,209,188,235,234
"Lyrm1",11,15,82,82,62,60,52,45,32,28,46,50
"Tmem159",147,96,1046,800,495,564,624,726,466,363,453,452
"Crym",2,1,51,36,20,32,31,26,22,16,9,8
"Uqcrc2",85,75,419,437,402,455,460,548,244,223,325,369
"BC030336",30,17,125,59,76,71,71,73,39,39,63,80
"Eef2k",19,13,104,81,78,93,67,100,59,53,60,72
"Polr3e",21,10,69,56,35,42,31,45,23,17,36,37
"Cdr2",46,44,299,191,173,135,130,154,110,89,136,175
"Mettl9",110,91,636,601,462,442,358,405,227,220,335,456
"Usp31",19,10,63,39,36,38,14,27,21,21,21,29
"Cog7",21,13,90,80,76,71,92,90,49,45,51,59
"Gga2",38,29,186,214,152,165,132,197,103,86,145,126
"Ears2",3,1,14,12,7,3,8,4,7,4,10,9
"Ubfd1",30,18,168,147,90,120,77,97,53,52,106,93
"Ndufab1",156,94,724,633,548,579,537,562,324,273,458,488
"Dctn5",27,32,128,140,86,95,57,95,52,49,77,88
"2010110P09Rik",1,1,0,0,1,5,6,2,0,2,7,5
"Prkcb",3,5,17,6,15,14,8,13,12,8,21,5
"Rbbp6",172,127,631,407,549,689,544,620,359,354,444,422
"Tnrc6a",76,47,155,184,215,230,198,219,147,107,194,203
"Arhgap17",34,37,182,146,153,177,136,179,94,103,130,124
"Lcmt1",19,14,142,151,113,129,119,160,74,74,108,113
"Jmjd5",2,2,6,2,1,7,10,7,3,1,3,3
"Nsmce1",71,68,359,306,248,319,250,291,144,143,199,206
"Il4ra",297,190,856,432,772,904,519,581,325,314,570,628
"Il21r",0,0,0,0,4,4,4,2,4,0,8,10
"Gtf3c1",17,6,53,62,39,34,38,59,22,26,48,46
"D430042O09Rik",3,3,25,16,19,14,11,16,8,8,20,8
"Xpo6",30,23,123,72,65,89,57,52,50,39,52,62
"Sbk1",4,3,13,12,16,12,7,11,9,6,10,15
"Lat",1,0,0,0,1,4,1,6,4,2,8,2
"Spns1",28,24,180,149,121,120,111,112,58,57,116,123
"Nfatc2ip",13,11,34,27,29,34,28,53,27,30,34,19
"Cd19",0,0,1,1,7,1,0,5,4,5,11,3
"Rabep2",10,11,31,44,29,40,43,47,23,19,40,44
"Atp2a1",6,5,5,8,13,13,17,14,7,3,4,9
"Sh2b1",29,21,106,106,85,110,76,110,53,49,73,86
"Tufm",25,23,162,126,86,104,79,99,49,59,84,97
"Atxn2l",88,57,416,295,292,370,245,281,183,157,231,251
"Eif3c",134,100,476,408,624,698,582,612,295,271,409,438
"Cln3",12,13,77,59,53,65,69,88,32,41,42,51
"Apobr",17,10,30,55,43,38,38,48,32,18,39,41
"Nupr1",1174,982,5675,4654,2904,3971,2873,3040,1916,1728,4393,4095
"Ccdc101",24,14,159,112,107,96,82,96,60,40,65,79
"Sult1a1",28,28,261,147,89,129,133,155,123,82,139,97
"Slx1b",109,123,167,136,233,354,145,246,162,106,138,119
"Bola2",152,113,1068,723,491,586,371,405,277,219,397,345
"Coro1a",1,1,24,25,15,15,10,44,36,23,49,32
"Mapk3",149,116,654,576,434,513,350,483,275,277,336,355
"Ypel3",226,137,1260,1008,640,735,607,740,447,423,860,722
"Tbx6",0,1,11,3,2,8,3,6,6,4,4,3
"Ppp4c",91,78,380,292,293,324,254,270,186,168,209,230
"Aldoa",957,674,4013,3415,2991,3739,3215,3748,1960,1593,2181,2301
"Fam57b",2,1,1,3,1,8,9,8,4,2,5,0
"Ino80e",17,20,154,161,94,117,92,119,68,56,79,75
"Hirip3",9,6,32,25,37,32,32,32,27,26,39,14
"Taok2",26,18,114,103,83,103,89,95,67,54,69,89
"Tmem219",86,72,509,427,329,397,330,385,246,206,315,333
"Kctd13",41,23,158,131,91,98,108,115,74,57,77,89
"Cdipt",46,34,268,209,166,151,125,152,78,89,126,159
"Mvp",96,88,589,458,392,482,431,557,235,248,307,276
"2900092E17Rik",37,38,140,169,143,140,137,134,101,103,134,117
"Prrt2",4,5,13,7,18,18,11,20,10,17,17,13
"Maz",53,39,230,198,136,169,93,150,80,82,145,149
"Kif22",3,1,13,4,3,2,0,1,3,0,3,2
"AI467606",0,0,3,3,3,6,3,5,6,4,3,2
"Qprt",7,5,38,31,36,33,22,31,8,10,30,24
"Cd2bp2",20,15,130,123,94,94,67,76,49,55,61,84
"Tbc1d10b",19,18,78,84,51,56,35,62,33,43,49,49
"Mylpf",45,42,48,61,62,97,66,94,54,29,34,58
"Sept1",29,22,102,103,80,118,74,87,56,55,110,106
"Gm4532",2,1,4,2,3,9,6,8,1,3,3,4
"Zfp553",7,4,6,8,6,9,10,16,7,8,11,8
"Zfp771",67,48,321,328,208,255,172,229,113,122,193,199
"Dctpp1",35,29,226,194,119,125,80,94,45,40,101,98
"Sephs2",29,30,180,83,81,104,90,92,51,59,54,52
"Itgal",0,0,1,7,3,5,3,5,3,4,7,4
"Zfp768",13,5,32,45,29,28,31,30,18,25,21,29
"Zfp747",5,9,36,28,43,48,64,34,29,16,48,25
"9130019O22Rik",6,4,12,8,16,20,11,17,4,5,13,7
"E430018J23Rik",3,1,15,8,7,13,7,8,4,6,8,7
"Zfp764",3,2,26,21,9,23,20,21,15,9,28,10
"Zfp688",9,5,32,29,10,9,31,21,22,4,11,17
"Zfp689",1,2,11,16,8,12,10,12,3,5,6,5
"Prr14",26,19,126,108,74,121,62,70,53,53,77,82
"Fbrs",20,18,105,77,67,79,51,66,41,41,56,82
"1700008J07Rik",4,5,15,9,23,21,10,29,28,10,16,12
"Phkg2",21,9,82,56,49,84,59,72,34,39,60,52
"Gm166",3,4,13,13,9,17,12,7,6,4,14,12
"Rnf40",19,17,78,66,67,66,49,47,39,29,40,48
"Zfp629",3,3,21,14,12,9,9,11,6,10,8,5
"Bcl7c",208,166,1052,899,678,751,481,665,363,352,567,623
"Ctf1",2,3,2,9,6,13,11,8,5,10,13,20
"Fbxl19",0,1,9,19,3,6,2,3,3,5,3,7
"Orai3",19,18,129,129,80,80,70,97,43,60,73,70
"Setd1a",17,10,69,57,57,63,33,52,27,27,31,30
"Hsd3b7",123,66,430,409,361,432,327,410,190,179,347,353
"Stx4a",234,164,1025,833,830,872,673,889,471,416,670,701
"Zfp668",8,4,23,12,19,17,15,21,12,10,15,10
"Zfp646",2,4,37,23,27,16,13,21,11,5,17,19
"Prss53",5,1,17,13,11,10,7,14,8,4,8,9
"Vkorc1",417,268,1700,1709,1223,1448,1132,1340,773,678,1322,1397
"Bckdk",38,41,198,184,101,112,99,114,67,58,134,125
"Myst1",17,13,51,76,43,78,70,67,45,31,31,41
"Prss36",4,1,34,35,21,24,14,14,9,9,21,26
"Fus",270,188,877,684,1074,1415,1195,1306,561,469,710,799
"Pycard",76,39,232,196,204,255,178,192,150,110,177,174
"Cox6a2",0,11,4,9,7,10,10,10,5,1,5,6
"9130023H24Rik",2,3,5,5,5,1,2,3,3,1,3,2
"Armc5",24,12,72,60,68,64,47,54,21,24,46,61
"Tgfb1i1",69,59,218,233,256,286,241,262,172,151,216,241
"BC017158",7,7,27,31,24,23,15,16,19,11,18,14
"Rgs10",73,48,367,452,279,326,215,281,136,104,338,371
"Tial1",83,45,446,384,321,369,300,319,226,193,303,275
"Bag3",881,639,3059,2656,2286,3002,2863,3092,1426,1602,2018,1812
"Inpp5f",17,8,36,37,38,60,40,46,22,20,45,48
"Mcmbp",84,69,216,164,188,255,182,200,146,135,162,203
"Sec23ip",24,20,136,102,87,99,83,107,67,34,85,91
"Wdr11",12,10,45,36,41,36,35,36,18,17,34,32
"Fgfr2",1,7,12,7,8,6,6,12,4,4,7,22
"Ate1",20,19,83,54,78,87,69,79,48,42,54,81
"Nsmce4a",66,52,344,334,287,292,268,309,183,145,253,237
"Tacc2",44,40,170,141,167,187,171,166,114,80,144,116
"Plekha1",17,20,106,76,65,86,52,71,39,53,68,76
"Htra1",628,394,1602,1775,1644,1666,1156,1397,593,635,1668,1962
"2310057M21Rik",5,10,51,38,42,46,49,42,25,18,29,18
"Pstk",15,14,118,92,45,85,67,61,45,37,62,56
"Ikzf5",40,23,138,96,116,135,108,89,70,86,106,108
"Acadsb",82,45,274,252,244,221,240,327,164,150,170,203
"Bub3",66,41,324,290,284,329,274,340,157,153,209,232
"Cpxm2",663,495,1696,1803,1712,1881,1159,1659,627,1058,2121,2125
"Oat",399,272,1644,1479,1584,1911,1703,1901,961,817,1145,1179
"Lhpp",4,5,15,17,12,16,12,5,5,4,6,9
"Fam53b",3,8,36,39,29,30,32,41,34,27,33,31
"Mettl10",45,27,189,143,138,142,136,172,76,70,115,137
"Fam175b",6,10,52,50,37,51,63,52,35,25,56,55
"Zranb1",34,18,77,79,109,122,108,128,69,67,90,109
"Ctbp2",50,48,180,130,182,237,186,208,137,128,156,173
"2700050L05Rik",4,3,25,23,28,29,18,30,14,10,23,15
"Uros",6,3,24,22,21,17,17,24,6,11,22,21
"Bccip",117,83,493,469,473,482,408,475,292,210,376,432
"Dhx32",24,15,60,44,65,75,55,53,28,33,51,82
"Adam12",2,3,76,40,8,3,1,2,4,1,8,12
"Dock1",46,30,140,113,129,112,97,107,53,65,87,94
"Ptpre",14,24,102,63,56,61,93,78,53,63,77,65
"Mki67",6,0,2,4,0,1,2,6,3,6,1,2
"Mgmt",12,9,44,38,36,24,47,41,30,21,19,28
"Ebf3",16,20,142,126,110,119,97,110,76,55,103,98
"9430038I01Rik",29,10,87,60,85,84,79,69,46,33,52,54
"Glrx3",159,126,1152,955,636,710,645,796,413,325,497,519
"Mapk1ip1",19,9,102,54,35,52,57,59,39,33,40,28
"Ppp2r2d",112,91,482,388,360,399,343,426,274,260,260,377
"Bnip3",63,36,245,140,135,203,147,187,97,109,113,114
"Stk32c",20,11,45,31,52,54,32,32,19,29,40,59
"Lrrc27",6,5,19,18,21,17,9,17,8,3,10,20
"Pwwp2b",7,7,16,29,25,47,18,31,20,14,25,26
"Inpp5a",29,31,179,139,143,124,80,92,64,63,76,62
"Nkx6-2",2,1,5,0,4,0,0,6,5,5,4,2
"Adam8",1,0,10,5,8,16,6,6,5,5,4,2
"Tubgcp2",12,14,72,49,68,58,81,68,47,40,46,45
"Zfp511",26,21,145,134,78,113,87,105,61,54,97,110
"1810014F10Rik",23,18,103,96,94,100,60,66,46,30,66,78
"Echs1",63,45,262,266,225,272,205,274,150,129,207,207
"Paox",15,7,47,47,39,43,27,52,25,21,39,39
"Mtg1",11,7,55,38,32,46,37,35,14,17,21,35
"Sprn",2,2,9,13,3,3,3,6,4,2,10,10
"Cyp2e1",9,9,12,5,17,12,9,20,16,15,20,17
"Zfp941",1,0,2,3,1,9,5,8,0,2,9,7
"1190003J15Rik",2,9,0,0,0,1,1,1,0,0,3,1
"Bet1l",52,40,323,241,179,210,161,220,104,106,202,212
"Ric8",31,25,136,176,104,121,123,114,69,69,122,100
"Sirt3",21,20,61,73,75,68,71,80,50,38,82,60
"Psmd13",102,55,368,351,341,373,322,384,173,146,245,267
"Cox8b",17,16,70,67,51,75,53,61,44,37,30,25
"Athl1",31,25,128,117,97,128,77,106,53,60,94,88
"Ifitm5",9,12,36,33,50,29,25,54,24,18,29,33
"Ifitm2",2497,1730,13359,9565,9081,11101,9026,10116,5895,5074,7733,7275
"Ifitm1",24,9,187,86,52,70,42,47,99,45,92,70
"Ifitm3",4336,3039,27096,19040,17211,22194,16668,19050,11414,10463,13853,12023
"Ifitm6",0,1,7,3,4,5,10,6,5,4,3,4
"Pkp3",0,3,0,1,1,1,1,2,1,5,4,1
"Sigirr",3,1,5,11,5,10,4,5,4,7,5,8
"Ptdss2",22,14,105,107,79,89,61,87,43,37,84,81
"Rnh1",366,268,2046,1595,1720,2148,1720,1779,929,826,1204,1150
"Hras1",68,62,469,351,235,268,165,226,148,150,223,261
"Lrrc56",1,2,13,6,8,7,3,5,2,2,5,5
"Phrf1",26,18,80,52,61,88,67,60,46,30,60,51
"Irf7",121,93,447,360,256,527,345,469,221,269,417,273
"Sct",2,1,16,13,10,5,13,20,6,3,2,5
"Deaf1",23,21,112,80,69,68,51,67,42,49,69,64
"Tmem80",13,10,56,39,27,40,38,33,24,19,38,41
"Eps8l2",1,3,3,2,4,6,7,4,4,2,7,3
"Taldo1",110,95,526,576,520,609,451,557,227,216,430,409
"Pddc1",35,28,178,196,98,129,114,115,62,58,113,124
"Slc25a22",14,6,64,44,29,41,30,41,19,14,26,24
"Rplp2",2653,1955,34624,25798,17615,18805,11912,14527,11097,9117,12657,12896
"Pnpla2",62,43,233,155,159,193,154,151,107,96,132,109
"Efcab4a",15,7,26,24,22,40,22,27,16,21,37,39
"Cd151",127,77,513,485,382,441,306,344,212,215,332,353
"Polr2l",357,245,2283,1372,1081,1182,787,955,660,576,923,886
"Tspan4",173,102,1316,743,485,662,438,496,389,353,457,469
"Chid1",19,16,139,121,75,74,59,69,36,36,94,92
"Ap2a2",121,87,392,354,340,377,258,337,166,142,298,301
"Tollip",52,37,233,146,156,198,142,158,104,93,132,131
"Mob2",53,19,221,212,128,168,134,130,94,93,144,88
"Dusp8",71,43,202,194,211,279,195,289,175,143,176,194
"Ctsd",494,368,2427,2306,1634,1924,1559,1832,820,829,1629,2075
"Tnni2",20,18,56,69,55,94,59,90,68,37,49,45
"Lsp1",437,325,1729,1773,1545,1700,1168,1536,769,805,1210,1557
"Tnnt3",83,63,67,58,120,188,95,142,98,42,84,80
"Mrpl23",234,180,1364,1069,897,1041,801,861,525,420,666,700
"H19",38,15,40,87,141,88,8,22,13,9,70,143
"Igf2",21,6,25,18,42,66,74,69,28,16,25,59
"Ins2",36,23,2,3,34,70,3,5,2,2,7,8
"R74862",13,9,47,56,56,53,32,44,31,23,66,49
"Cd81",1843,1326,6464,6653,5742,6885,6745,7157,3089,2849,5393,5417
"Tssc4",33,34,157,145,102,137,121,120,66,53,96,94
"Kcnq1ot1",250,147,462,277,875,823,587,847,484,419,623,614
"Cdkn1c",381,252,848,969,997,1427,2006,1932,1341,865,648,750
"Slc22a18",5,1,8,17,26,29,20,31,11,6,24,8
"Phlda2",5,3,16,13,15,8,14,24,10,9,17,21
"Nap1l4",90,53,291,271,306,301,245,279,166,142,216,208
"Cars",24,15,87,97,95,90,55,68,49,44,78,88
"Tnfrsf23",4,1,20,12,16,7,8,9,4,3,11,13
"Osbpl5",41,33,161,174,129,131,80,140,71,68,115,132
"Mrgprg",9,11,35,18,228,201,20,44,28,25,171,44
"Mrgpre",0,1,6,6,6,12,10,10,2,3,3,5
"Nadsyn1",5,2,14,13,11,10,5,22,8,6,6,14
"Dhcr7",8,6,21,38,23,40,22,38,14,17,31,35
"Cttn",167,117,579,520,472,511,367,480,272,252,408,380
"Ppfia1",17,18,79,66,88,77,72,82,53,43,57,65
"Fadd",6,4,47,42,23,30,15,21,12,10,22,23
"Ano1",1,3,2,2,7,9,4,2,0,2,6,6
"Oraov1",7,2,28,28,26,28,14,26,17,9,16,23
"Ccnd1",36,23,70,95,89,93,58,107,29,55,57,81
"Tpcn2",7,5,34,30,29,27,16,25,13,12,17,28
"Mrgprf",37,30,104,155,106,125,115,140,52,71,109,138
"Insr",18,11,89,47,55,41,29,40,30,18,29,45
"Arhgef18",5,5,43,36,23,38,13,18,8,10,20,16
"Pex11c",1,1,16,27,8,9,7,6,6,3,14,11
"Zfp358",12,12,67,80,48,57,47,52,40,29,43,48
"Mcoln1",28,23,54,46,53,59,48,47,37,23,50,36
"Pnpla6",3,4,16,12,9,8,5,13,5,9,11,11
"C330021F23Rik",10,6,0,4,6,9,0,6,6,0,5,3
"Camsap3",2,3,16,13,14,15,4,17,5,5,14,20
"Xab2",16,11,69,75,73,77,84,91,38,37,62,49
"2900053A13Rik",88,67,451,351,296,350,259,284,180,126,301,274
"Stxbp2",6,1,6,4,2,10,8,11,6,3,8,4
"2400009B08Rik",1,2,12,11,8,6,4,8,5,5,9,5
"Trappc5",10,16,178,180,109,130,84,91,76,51,103,99
"Cd209a",3,1,3,3,12,17,9,14,7,2,3,5
"Cd209f",4,0,3,2,2,8,2,7,2,1,1,2
"Cd209g",3,0,2,1,2,8,2,3,1,0,0,3
"Evi5l",1,5,10,10,11,12,10,6,5,8,11,11
"Map2k7",20,13,89,100,77,79,77,72,41,40,67,73
"Snapc2",15,11,54,57,47,48,45,56,30,32,44,47
"Ctxn1",4,0,8,4,8,12,8,6,2,2,2,7
"Timm44",37,23,150,117,109,117,83,107,66,54,88,85
"Elavl1",149,122,675,583,501,524,513,546,308,275,391,408
"Ccl25",6,4,18,15,10,11,14,17,5,8,8,14
"Lass4",20,26,76,68,102,99,77,111,51,46,64,85
"Zfp958",1,1,10,11,7,9,4,13,5,9,10,6
"Efnb2",16,9,27,28,33,33,30,21,18,14,34,39
"Arglu1",121,77,310,224,313,327,282,394,194,140,295,289
"Fam155a",0,3,6,1,1,5,5,9,6,1,13,6
"Lig4",3,3,7,8,5,5,7,3,3,0,5,8
"Abhd13",19,14,48,29,30,28,30,32,21,23,40,36
"Tnfsf13b",8,8,68,51,57,58,39,89,41,29,40,30
"3930402G23Rik",3,4,25,8,24,32,17,31,16,17,25,10
"Irs2",72,54,181,108,302,327,334,404,213,186,202,198
"Col4a1",662,404,8294,5055,2228,2108,1571,1905,1073,1091,1570,2219
"Col4a2",287,198,5194,3515,950,918,737,924,551,472,2425,1193
"Rab20",3,1,4,2,6,5,4,8,9,4,12,11
"Carkd",79,69,486,436,331,403,294,358,201,162,302,301
"Cars2",15,11,34,42,51,56,46,59,29,21,37,37
"Ing1",62,46,228,195,166,226,157,205,100,125,166,211
"Ankrd10",35,26,112,153,151,165,145,184,92,88,109,127
"Arhgef7",24,18,68,75,53,71,47,79,35,29,58,48
"Tubgcp3",15,10,69,43,53,43,46,51,30,31,37,42
"Atp11a",58,32,185,141,141,156,98,131,67,84,123,114
"Mcf2l",13,4,21,27,44,31,17,27,15,15,25,19
"Pcid2",6,6,9,7,17,13,10,18,11,10,9,8
"Cul4a",57,33,131,164,156,151,156,183,95,77,120,134
"Lamp1",1082,847,4527,3893,3891,4456,3513,4243,2129,1753,3030,3117
"Grtp1",2,3,5,12,15,14,16,8,3,8,9,8
"Dcun1d2",2,6,32,31,31,27,21,23,17,19,14,20
"Tmco3",52,31,157,129,119,138,129,141,79,58,136,130
"Fam70b",19,8,72,50,46,47,17,34,23,21,49,42
"Gas6",741,527,2363,1587,1956,2381,1867,2247,1176,1021,1764,1536
"Rasa3",29,20,239,111,74,86,73,102,79,59,82,64
"Cdc16",42,37,186,201,169,206,151,218,108,82,173,201
"Upf3a",66,32,213,202,185,232,165,200,113,77,165,194
"Zfp828",11,12,76,43,43,56,46,49,38,30,37,51
"2410022L05Rik",9,7,61,49,36,57,38,63,26,25,38,37
"Fbxo25",10,11,29,58,36,33,39,24,19,21,27,36
"2610019F03Rik",4,4,3,8,9,4,7,12,8,8,3,5
"Erich1",13,3,39,39,48,40,54,43,24,30,27,43
"Cln8",17,16,66,47,56,62,41,52,22,23,48,50
"Arhgef10",29,24,72,74,92,106,63,82,51,43,87,58
"Kbtbd11",8,1,13,5,8,11,8,11,21,11,14,9
"Myom2",0,1,1,4,7,0,3,3,3,5,1,1
"Csmd1",1,0,9,5,13,10,12,11,13,9,9,7
"Mcph1",4,0,10,10,10,8,9,8,2,2,15,11
"Angpt2",1,3,5,4,2,13,5,10,1,6,5,2
"Agpat5",22,19,163,103,89,95,80,114,40,40,62,64
"6820431F20Rik",88,68,353,283,316,315,292,336,198,178,256,263
"2610005L07Rik",41,31,50,44,89,114,63,107,77,69,84,115
"Alg11",18,10,56,39,39,44,47,49,21,15,30,36
"Nek3",0,1,9,6,6,11,1,4,3,5,6,7
"Ckap2",1,1,3,2,0,4,3,2,2,7,1,6
"Vps36",51,45,238,241,166,199,178,197,122,91,190,159
"Thsd1",2,4,22,16,12,23,13,18,5,14,14,17
"Slc25a15",10,4,30,26,26,30,21,21,9,9,23,16
"Mrps31",8,10,62,43,39,47,49,45,27,21,25,44
"AI316807",76,50,273,249,225,246,198,210,107,83,206,206
"Slc20a2",8,13,35,30,29,29,20,19,20,14,26,13
"Vdac3",178,128,758,748,669,818,623,713,353,303,587,584
"Polb",59,39,260,224,191,259,180,231,107,115,216,162
"A930013F10Rik",17,14,23,33,50,43,29,41,28,14,43,46
"Ikbkb",21,24,110,86,77,100,50,86,56,50,78,65
"Plat",470,336,1412,1212,1798,2155,1988,2553,909,935,1459,1216
"Ap3m2",14,3,36,37,51,43,42,51,25,12,24,21
"Myst3",35,28,136,110,113,126,102,112,74,52,104,95
"Ank1",3,4,7,8,12,3,0,8,0,5,3,5
"Agpat6",64,57,264,199,196,210,184,213,123,118,149,175
"Gins4",13,11,91,111,71,84,68,78,51,35,68,72
"Golga7",98,72,362,363,291,375,265,346,197,165,310,299
"Sfrp1",68,73,368,267,253,312,503,565,276,277,148,191
"1810011O10Rik",24,6,157,129,111,99,49,79,82,75,69,89
"Adam5",3,1,9,8,10,15,8,13,5,3,13,11
"Adam9",136,103,746,520,438,496,349,406,233,250,399,375
"Tm2d2",271,210,1424,1082,1048,1144,990,1275,678,630,884,846
"Htra4",10,7,168,72,22,38,33,31,19,15,38,49
"Plekha2",45,32,132,154,120,173,141,180,102,86,144,141
"Tacc1",105,72,320,234,259,348,260,311,178,129,229,237
"Fgfr1",616,448,2503,1613,1931,2289,1439,1833,995,972,1571,1530
"Letm2",3,6,21,21,14,23,22,17,13,16,22,18
"Whsc1l1",165,99,223,184,404,542,493,603,305,278,293,304
"Ppapdc1b",56,35,277,248,203,195,150,176,85,95,172,167
"Ddhd2",38,33,58,53,83,101,89,88,66,37,93,65
"Bag4",11,16,21,40,45,41,40,44,16,18,42,40
"Lsm1",61,43,251,224,154,190,135,188,82,88,150,157
"Ash2l",20,20,103,115,86,80,91,109,36,28,74,80
"Hgsnat",45,43,215,211,196,205,219,201,115,82,164,149
"4930444A02Rik",9,3,30,29,19,25,20,16,11,16,26,20
"Fnta",73,73,284,279,308,339,261,278,178,159,256,282
"Hook3",60,57,192,146,284,285,230,258,150,141,207,204
"Rnf170",25,11,72,48,63,56,31,39,29,31,47,45
"Thap1",24,9,75,63,49,44,35,47,28,26,39,45
"Zfp703",108,83,516,364,324,360,223,336,188,175,217,232
"Erlin2",16,14,64,61,56,50,38,42,27,22,37,53
"Prosc",77,64,366,256,299,368,275,295,187,167,220,240
"Gpr124",44,20,158,139,141,129,84,113,48,60,71,105
"Brf2",4,3,16,19,12,12,15,11,7,6,11,19
"Eif4ebp1",117,82,885,669,272,365,237,290,215,170,299,344
"Dusp26",18,7,20,12,17,35,8,20,4,10,15,15
"Rnf122",80,62,574,412,324,392,311,416,299,234,321,309
"Tti2",13,10,59,43,35,24,55,48,32,29,32,30
"Mak16",39,34,217,95,150,150,124,135,96,74,71,94
"Fut10",12,3,51,50,46,50,31,62,32,34,34,33
"Wrn",15,10,40,31,45,50,43,54,26,24,41,50
"Purg",4,0,10,12,6,11,3,14,9,4,12,15
"Ppp2cb",54,47,166,155,150,127,76,97,78,60,109,73
"Ubxn8",17,12,86,68,70,65,68,52,34,25,38,56
"Gsr",31,35,183,130,121,175,146,174,96,63,122,118
"Gtf2e2",32,23,112,134,124,132,135,173,69,64,114,127
"Rbpms",82,64,340,226,282,319,303,303,182,143,201,192
"Dctn6",60,42,260,200,227,282,237,251,128,116,189,192
"Leprotl1",54,47,391,323,209,204,205,235,141,91,206,222
"Tmem66",255,207,1203,1033,956,1146,913,1080,583,561,769,867
"Dusp4",0,2,2,1,4,15,3,8,13,0,1,2
"Tnks",4,6,10,2,13,21,26,21,19,6,13,20
"Eri1",20,17,92,81,100,80,80,108,64,39,73,64
"Mfhas1",32,32,107,79,109,117,108,153,67,62,90,81
"D8Ertd82e",11,7,41,15,24,18,9,11,9,8,15,18
"Lonrf1",11,5,21,23,34,49,20,24,20,29,25,26
"Dlc1",167,106,631,533,563,591,565,602,327,309,435,482
"Tusc3",14,10,19,19,37,42,32,32,28,24,71,54
"Efha2",26,21,48,45,64,76,57,82,47,43,42,61
"Cnot7",9,7,53,26,34,33,25,28,19,16,53,35
"Vps37a",30,20,101,62,88,92,85,85,42,53,83,64
"Mtmr7",2,4,7,2,3,2,0,0,4,3,3,2
"Slc7a2",10,5,25,16,19,22,13,21,7,8,17,14
"Pdgfrl",180,148,489,611,529,537,429,429,299,283,825,959
"Mtus1",34,17,128,104,69,103,76,78,58,42,88,67
"B430010I23Rik",3,4,9,5,4,12,13,10,8,10,9,9
"Pcm1",52,36,122,93,189,219,198,247,116,125,189,171
"Asah1",221,184,888,858,854,985,972,1066,511,435,638,721
"Frg1",83,41,214,220,194,225,224,257,123,118,176,174
"Fat1",36,35,269,219,142,137,91,111,65,59,115,115
"Cyp4v3",14,14,99,91,76,85,101,80,54,41,44,45
"Fam149a",27,26,92,107,87,83,76,90,53,39,68,58
"Tlr3",12,8,28,33,24,30,20,36,17,10,32,21
"Pdlim3",5,3,3,4,14,10,1,9,8,6,12,3
"1700029J07Rik",4,1,5,5,8,8,4,8,5,4,10,12
"Ufsp2",32,30,138,140,112,144,110,131,65,46,128,130
"Ankrd37",8,1,31,18,11,23,17,17,4,7,16,10
"Snx25",6,6,33,20,14,20,13,13,9,8,9,15
"4933411K20Rik",4,2,16,20,16,19,13,35,11,11,13,22
"Slc25a4",713,552,2622,2445,2213,2493,2167,2367,1151,1134,2088,2133
"Acsl1",8,10,18,13,15,18,15,27,14,13,14,12
"Ccdc111",4,2,12,14,11,16,11,19,4,4,10,10
"Casp3",4,3,5,2,8,8,15,13,7,6,5,6
"Irf2",75,59,229,173,216,281,219,304,155,143,202,188
"Stox2",8,12,47,63,40,46,47,55,34,14,63,50
"D030016E14Rik",5,7,35,29,17,23,27,26,19,18,26,28
"Rwdd4a",24,21,108,80,77,86,56,99,62,34,91,77
"Ing2",56,47,225,171,188,257,224,283,138,130,199,181
"Cdkn2aip",36,24,77,69,123,121,106,88,74,63,81,108
"Cldn22",10,1,6,12,15,8,10,16,6,4,14,13
"Wwc2",42,34,76,44,106,109,110,133,73,79,100,115
"Dctd",2,2,29,17,7,5,3,8,0,4,6,6
"Odz3",30,23,69,53,75,95,47,69,38,42,128,125
"Aga",105,60,372,405,408,448,445,500,217,174,355,390
"Vegfc",33,26,117,113,104,127,75,83,46,65,89,79
"Spcs3",70,60,476,465,277,350,233,282,159,113,229,221
"Asb5",2,8,54,24,34,67,48,30,32,24,25,18
"Gpm6a",25,7,6,17,21,16,12,13,4,10,16,10
"Hpgd",46,12,156,129,56,57,154,116,52,53,125,80
"BC088983",4,5,28,26,22,27,35,25,15,11,22,23
"Fbxo8",27,27,121,112,78,89,95,97,61,42,81,74
"Hand2",6,0,18,22,14,28,23,25,10,7,9,10
"Sap30",27,10,57,50,91,118,102,76,44,52,50,56
"Hmgb2",92,39,339,249,265,348,366,408,240,205,175,232
"Galnt7",12,9,37,36,59,59,65,68,33,23,45,37
"AW046200",0,1,5,1,7,1,6,7,0,4,10,3
"Mfap3l",10,4,17,19,26,29,18,20,11,12,14,25
"2700029M09Rik",51,38,235,210,203,211,203,218,118,109,157,166
"Clcn3",7,6,22,18,35,38,38,42,19,21,28,28
"Nek1",7,6,6,7,29,30,37,34,16,11,32,35
"Sh3rf1",6,7,27,13,19,34,33,20,12,14,17,25
"Cbr4",10,9,38,53,30,30,33,28,16,12,23,32
"Palld",46,24,29,25,134,182,96,103,95,70,203,153
"Ddx60",3,5,13,9,21,22,29,31,14,8,20,21
"Spock3",10,9,28,33,20,21,22,28,8,18,67,69
"Cpe",244,119,307,248,396,544,368,369,228,187,248,306
"Sc4mol",72,66,164,240,277,282,333,425,216,138,233,195
"Klhl2",9,10,82,58,17,31,33,37,27,22,17,26
"Tmem192",15,10,110,61,42,65,83,81,45,41,52,41
"1810029B16Rik",42,29,199,93,135,146,124,121,88,82,74,81
"Npy1r",5,7,9,1,13,34,22,18,8,6,13,14
"Naf1",60,37,297,178,207,305,216,218,167,135,158,166
"Nat2",3,1,6,9,6,7,6,13,4,5,9,5
"Psd3",30,28,85,81,106,95,81,79,51,39,83,59
"Sh2d4a",9,8,60,46,33,63,35,49,26,37,43,26
"Csgalnact1",33,23,164,95,111,95,73,70,50,38,67,72
"Ints10",17,5,52,49,48,51,51,44,19,32,39,48
"Lpl",502,343,2482,1819,1513,1624,2392,2588,1107,1105,1572,1997
"Atp6v1b2",77,68,371,233,299,385,259,300,203,151,240,249
"Zfp930",3,5,25,26,22,21,21,13,18,14,22,18
"Gm10033",3,6,12,26,18,16,19,17,12,16,17,17
"Zfp868",4,6,42,15,23,35,18,21,12,15,13,27
"Zfp869",24,18,87,75,74,84,100,89,72,61,65,65
"Zfp963",2,0,4,10,3,4,6,9,5,4,4,7
"Zfp866",4,4,18,13,14,10,12,17,11,7,14,17
"Atp13a1",20,18,118,87,78,110,72,99,43,49,70,75
"Gmip",12,5,21,15,16,29,27,31,21,19,25,20
"Cilp2",625,339,582,966,769,514,296,447,147,221,2246,2581
"Ndufa13",557,425,3021,2658,2089,2316,1841,2076,1127,978,1826,1831
"Gatad2a",78,60,302,188,173,197,123,157,111,93,118,149
"Mau2",18,14,78,65,73,75,80,74,47,40,53,53
"Sugp1",7,12,50,46,33,43,37,52,22,24,33,43
"Rfxank",7,4,31,34,23,33,29,15,17,19,25,17
"Nr2c2ap",23,25,175,117,92,100,80,65,58,45,71,77
"2310045N01Rik",27,12,138,116,68,91,72,81,56,40,94,79
"Mef2b",1,0,1,3,1,2,3,5,4,2,7,2
"Tmem161a",40,25,157,149,127,113,107,139,69,68,132,127
"Slc25a42",2,1,7,5,4,11,4,2,3,2,6,3
"Armc6",12,6,53,52,31,25,20,21,17,16,18,30
"Sugp2",5,5,17,21,20,18,17,26,9,6,16,25
"Homer3",41,26,151,143,80,111,84,108,60,64,78,104
"Ddx49",31,11,128,109,71,93,77,92,56,49,89,82
"Cope",257,195,1204,1203,962,1012,916,1041,471,404,846,876
"Upf1",48,42,171,144,132,139,110,133,74,69,105,103
"Comp",1705,1075,4398,4896,5001,4864,2386,3032,1383,1923,4831,5123
"Crtc1",9,4,51,49,33,29,24,27,14,13,36,27
"Klhl26",17,13,98,61,66,61,51,77,52,40,66,62
"Crlf1",126,80,1168,938,324,393,403,431,184,198,457,446
"2810428I15Rik",165,102,970,840,612,648,458,568,324,289,561,533
"Uba52",3792,2669,25252,19286,15538,17663,12510,15436,9473,8263,12445,12443
"2810422J05Rik",80,63,385,328,246,280,228,271,188,129,223,214
"Fkbp8",235,195,1084,944,787,874,632,818,447,414,658,646
"Ell",47,34,262,162,134,174,162,187,117,112,135,131
"Isyna1",27,18,161,128,92,139,82,128,94,83,81,77
"Ssbp4",90,43,473,318,224,279,228,321,190,142,209,215
"Gdf15",6,10,12,16,9,21,23,91,33,17,9,7
"Pgpep1",18,21,67,75,48,82,58,57,47,29,51,56
"Lsm4",157,99,924,733,538,552,423,505,332,245,460,485
"Jund",5491,4246,21228,17963,15431,19809,16096,17607,11783,10780,17120,19163
"Gm3336",4,2,1,0,10,14,11,10,9,9,5,8
"Pde4c",3,4,6,7,6,3,10,12,7,7,7,6
"Rab3a",12,13,40,51,38,60,80,63,44,26,55,58
"Mpv17l2",56,33,194,182,131,164,135,155,86,70,123,157
"Ifi30",73,51,366,394,230,331,279,241,148,152,280,327
"Pik3r2",63,36,181,212,165,184,143,223,133,112,141,164
"2010320M18Rik",8,6,57,56,27,37,20,25,11,5,34,42
"Mast3",6,4,32,23,19,17,8,15,12,8,12,13
"Arrdc2",6,6,38,46,15,24,24,35,20,11,15,26
"Kcnn1",10,3,26,25,12,16,19,20,15,9,11,5
"Ccdc124",116,76,575,521,389,413,323,387,192,179,364,408
"Rpl18a",5950,4259,34366,26446,22232,25439,18899,22135,14286,12369,18091,17921
"Snora68",5,3,5,3,6,11,2,3,3,2,9,8
"Mtap1s",19,16,74,68,66,64,42,54,26,30,46,34
"Haus8",10,3,48,38,37,45,32,24,25,16,25,23
"Myo9b",22,20,156,110,66,61,36,72,41,41,49,50
"Use1",300,212,1788,1596,1406,1591,1260,1491,841,856,1130,1227
"Ocel1",11,10,57,49,37,36,21,20,13,14,25,34
"Nr2f6",42,34,167,180,124,131,93,142,58,64,98,134
"Ushbp1",13,6,23,14,23,42,20,17,22,25,12,22
"5430437P03Rik",63,53,334,246,206,230,165,240,133,116,162,200
"Abhd8",44,32,134,187,106,128,114,148,49,59,130,148
"Mrpl34",23,21,211,210,115,125,72,97,66,56,114,99
"Dda1",108,96,510,437,356,368,329,409,279,239,294,304
"Ano8",13,3,36,40,22,26,26,36,16,12,24,31
"Gtpbp3",5,7,32,36,18,21,19,16,15,20,16,35
"Plvap",43,33,141,123,80,127,79,48,42,50,176,138
"Bst2",331,231,1603,1244,902,1278,727,982,431,648,986,738
"Fam125a",55,28,326,288,213,241,179,209,135,111,200,207
"Slc27a1",20,7,51,38,34,43,40,28,30,21,45,43
"Pgls",142,80,878,759,564,650,416,558,253,282,535,493
"Fam129c",4,2,7,5,5,2,2,8,5,8,2,1
"Glt25d1",92,96,475,449,372,374,269,340,173,195,306,363
"Jak3",1,1,2,8,10,11,3,5,7,3,3,4
"B3gnt3",6,3,14,10,10,3,3,4,5,10,4,8
"Zfp882",1,0,6,4,2,10,3,5,2,3,6,6
"Zfp617",7,10,25,22,18,14,20,22,14,18,14,25
"Zfp961",3,2,15,16,6,4,8,15,3,4,5,13
"Tpm4",545,428,2628,2200,1974,2116,1622,1866,1035,1013,1443,1496
"Rab8a",69,28,218,236,166,200,137,231,111,110,174,183
"Hsh2d",2,1,1,2,5,2,1,3,2,0,7,3
"Cib3",5,1,11,3,4,9,9,7,1,2,2,6
"Fam32a",83,55,343,335,236,230,160,265,119,134,246,236
"Ap1m1",44,39,168,191,152,191,120,170,104,103,125,130
"Klf2",2518,1684,5164,5634,7402,10841,11989,11222,6781,6500,7047,8317
"Eps15l1",27,18,100,98,67,89,75,99,42,54,69,65
"Calr3",0,2,6,4,4,0,4,2,5,2,5,5
"1700030K09Rik",3,1,19,17,11,15,11,18,7,7,8,14
"Cherp",31,26,113,93,75,95,70,75,54,67,61,54
"Slc35e1",48,40,232,181,128,165,98,140,107,74,113,130
"Med26",29,12,70,37,50,52,37,52,43,34,37,44
"9130011J15Rik",182,143,920,831,655,772,559,638,369,318,625,662
"Tmem38a",14,13,52,45,41,61,30,45,22,18,35,31
"Sin3b",113,78,629,460,465,530,518,512,272,259,340,346
"Large",14,16,62,49,49,37,25,37,11,14,24,41
"Hmgxb4",13,18,32,31,59,58,73,83,45,33,45,50
"Tom1",48,31,161,143,162,186,139,183,96,86,114,124
"Hmox1",355,444,4897,2773,1666,2701,2795,3006,1747,1671,949,934
"Mcm5",3,4,17,20,9,6,7,5,11,9,4,10
"Arhgap10",75,65,248,178,252,269,229,268,134,119,180,198
"Prmt10",7,6,24,27,18,31,20,31,12,4,16,16
"Tmem184c",36,24,82,64,96,84,61,64,41,30,94,87
"Ednra",6,4,9,12,17,19,9,7,3,5,17,21
"Rbmxl1",113,64,529,383,421,526,385,467,272,239,328,304
"Slc10a7",6,11,50,31,29,38,19,30,20,20,36,31
"Lsm6",90,73,442,418,379,334,267,331,167,156,303,310
"Zfp827",5,3,11,17,10,13,5,6,6,4,5,15
"Mmaa",9,5,38,38,23,32,24,35,25,19,24,22
"Gm4890",1,0,5,7,3,1,3,4,3,1,4,7
"Smad1",150,102,444,291,378,424,335,532,229,233,301,356
"Otud4",34,32,145,94,106,91,76,79,48,51,65,68
"Abce1",69,33,286,204,212,219,171,198,118,89,136,171
"Anapc10",44,22,123,152,125,181,153,155,66,67,109,102
"Hhip",4,1,13,3,11,20,16,10,10,13,31,14
"Smarca5",138,97,418,283,518,674,576,711,314,246,366,372
"Gab1",31,30,116,100,67,73,54,71,51,29,66,66
"Usp38",18,5,59,44,55,54,35,55,32,23,38,46
"Il15",30,14,84,83,60,71,42,85,45,32,68,51
"Zfp330",56,40,259,179,177,207,167,194,111,104,140,141
"Rnf150",10,8,70,40,44,32,21,39,21,28,23,21
"Tbc1d9",4,4,19,7,10,18,12,10,10,5,14,9
"Elmod2",18,9,62,51,41,60,37,44,24,20,37,30
"Scoc",73,62,402,305,311,390,400,377,240,189,286,293
"Ndufb7",134,117,873,804,611,624,490,566,312,274,474,497
"Tecr",237,173,878,914,851,1020,849,1026,507,429,666,809
"Dnajb1",2169,1553,6027,5715,3843,6069,5956,6470,2499,2711,5559,4211
"Gipc1",36,28,135,141,93,87,76,82,51,39,92,90
"Pkn1",10,14,77,40,53,45,42,59,34,25,52,52
"Ddx39",25,17,179,143,116,135,104,141,64,47,66,69
"Cd97",22,16,210,253,121,136,71,93,38,63,110,132
"Lphn1",16,9,47,56,49,42,30,39,34,15,58,57
"Asf1b",2,1,1,2,1,5,2,2,4,3,0,1
"Prkaca",86,62,243,323,204,273,215,325,146,139,232,263
"Samd1",4,2,19,29,24,12,3,17,7,15,12,22
"Palm3",0,0,1,5,2,4,6,4,5,0,2,3
"Il27ra",2,0,12,13,1,2,3,6,1,1,6,2
"Rfx1",6,8,38,33,21,19,19,25,21,12,25,24
"Dcaf15",4,3,19,28,15,25,19,17,19,16,20,33
"Cc2d1a",14,9,49,45,34,39,39,48,19,15,39,46
"Zswim4",27,16,117,86,88,90,44,59,46,31,73,87
"D8Ertd738e",345,295,1922,1625,1167,1289,1046,1182,705,627,1058,1079
"Mri1",20,9,193,154,98,114,100,108,72,55,75,83
"Ccdc130",4,3,27,19,11,16,16,20,15,15,21,18
"Cacna1a",24,7,30,31,50,40,26,60,27,17,33,56
"Ier2",1212,856,5672,4637,3279,4328,4939,5668,3549,2870,3809,3332
"Nacc1",18,10,86,49,53,50,37,44,24,23,44,48
"Trmt1",36,32,174,126,106,154,87,108,77,57,110,106
"Lyl1",0,0,4,4,7,5,1,9,6,0,5,2
"Nfix",178,161,193,231,631,776,656,861,376,320,627,658
"Dand5",13,15,36,37,24,43,25,43,27,15,37,31
"Gadd45gip1",73,54,377,254,192,246,188,209,115,95,192,185
"Rad23a",114,89,429,403,393,428,311,425,215,192,355,343
"Calr",688,581,5195,4870,3842,3998,2975,3771,1744,1612,3458,3367
"Farsa",32,21,162,121,102,134,87,136,79,56,91,86
"Syce2",9,3,27,18,23,24,17,14,6,8,9,17
"Gcdh",17,18,73,83,62,83,64,80,45,42,69,57
"Dnase2a",21,16,118,129,104,139,77,125,69,58,69,63
"Rnaseh2a",10,13,111,112,77,88,56,78,39,40,60,44
"Prdx2",230,167,1225,1245,918,1057,863,1051,455,482,828,778
"Junb",6977,4394,23948,21551,22929,30619,36502,39061,21135,17885,17687,17219
"Hook2",2,2,13,6,12,15,14,15,11,3,16,8
"Asna1",54,45,286,271,196,253,191,262,123,79,185,214
"2310036O22Rik",181,148,1094,926,708,811,571,634,413,348,565,623
"Tnpo2",18,17,69,62,70,57,31,45,29,26,42,38
"Fbxw9",8,11,24,57,37,44,41,36,18,17,31,40
"Dhps",20,24,153,129,95,115,83,102,65,48,85,93
"Wdr83",18,18,101,88,63,62,41,74,31,38,69,44
"BC056474",116,80,808,595,523,550,401,463,271,247,423,407
"Man2b1",34,27,205,166,123,127,137,192,69,65,123,121
"Gm6531",10,4,13,11,5,13,11,15,2,4,10,7
"Vps35",111,77,341,293,299,408,370,423,214,181,311,272
"Orc6",32,18,121,102,103,122,115,127,70,59,97,97
"4921524J17Rik",35,20,165,161,129,151,153,179,88,78,155,132
"Gpt2",12,16,91,67,27,25,27,50,10,25,50,41
"Dnaja2",222,142,1030,751,853,1013,937,1029,551,506,638,668
"Neto2",2,0,26,15,15,12,19,18,7,18,7,6
"Itfg1",91,79,346,317,250,331,235,289,142,136,260,253
"Phkb",10,11,53,41,67,46,43,48,21,19,46,53
"Lonp2",31,29,123,121,125,160,126,173,73,67,107,115
"Siah1a",54,37,177,142,135,166,153,162,97,90,99,91
"Gm10638",1,5,24,6,7,6,11,14,9,3,9,11
"N4bp1",22,27,68,55,66,100,73,94,44,52,49,62
"Zfp423",18,23,51,73,67,85,49,65,40,33,70,82
"Tmem188",56,40,175,174,160,205,180,186,114,103,149,168
"Heatr3",36,18,112,85,95,99,80,90,41,52,65,85
"Papd5",17,21,66,56,55,75,42,53,20,30,50,40
"Adcy7",39,30,131,144,159,137,59,121,49,51,157,174
"Brd7",38,26,62,89,106,112,105,110,58,44,95,103
"Nkd1",22,15,30,42,49,68,44,68,39,37,54,77
"Snx20",1,1,8,4,2,2,4,11,6,5,4,3
"Nod2",6,4,18,5,8,10,14,19,13,7,5,9
"Cyld",16,10,65,46,50,59,50,62,56,31,45,43
"Chd9",46,37,122,98,139,163,160,187,96,72,146,138
"Rbl2",18,17,69,58,61,68,54,72,39,31,61,53
"Aktip",67,46,152,144,197,220,159,187,118,90,182,193
"Rpgrip1l",3,8,17,18,9,20,11,21,7,8,16,12
"Fto",34,29,214,182,158,134,103,150,76,84,121,125
"Irx3",14,8,22,14,12,22,35,45,15,17,22,25
"Irx5",3,4,6,0,2,3,5,4,1,8,7,5
"Mmp2",1512,1177,9019,9055,4241,4170,4320,4706,2139,2238,4549,5166
"Lpcat2",6,6,13,15,14,15,23,21,12,11,11,8
"Slc6a2",19,21,49,56,81,76,53,85,14,26,23,41
"Ces1d",83,58,150,183,474,533,542,531,218,209,154,194
"Gnao1",25,16,57,58,56,78,54,81,31,39,70,68
"Amfr",155,87,625,469,438,447,371,459,259,228,332,374
"Nudt21",65,61,463,356,296,260,221,243,157,116,225,203
"Ogfod1",9,3,30,25,21,18,16,11,7,14,23,19
"Bbs2",5,7,23,26,34,44,32,49,17,15,39,17
"Mt3",11,5,129,38,1,1,8,15,5,0,3,30
"Mt2",36413,23518,289176,173107,158496,156414,132405,162143,123167,100200,113364,118689
"Mt1",51038,32813,293586,168976,186544,185655,185247,204237,156629,122355,137596,142393
"Nup93",24,3,85,85,57,55,70,90,46,36,37,39
"Herpud1",272,188,877,720,791,991,677,887,492,463,851,786
"Nlrc5",8,5,4,3,4,16,4,4,6,19,4,8
"Cpne2",72,53,205,172,162,206,138,160,91,108,142,149
"Fam192a",25,16,123,127,82,100,80,81,59,50,82,85
"Rspry1",36,27,76,68,76,110,91,132,67,67,91,96
"Arl2bp",105,72,456,353,376,375,271,376,190,187,283,329
"Cx3cl1",18,18,92,64,46,62,49,55,18,34,50,37
"Ccl17",1,2,1,1,8,9,5,7,2,0,3,2
"Ciapin1",8,13,74,75,36,68,49,66,47,29,40,59
"Coq9",22,15,74,90,53,65,69,69,39,41,72,70
"Polr2c",100,78,487,376,362,408,323,364,230,175,303,281
"Dok4",8,3,26,28,14,35,11,22,10,14,16,17
"Ccdc102a",35,20,141,188,121,141,101,112,74,80,141,149
"Gpr56",15,13,49,21,43,43,24,46,27,29,13,11
"Katnb1",8,5,45,41,12,19,28,30,21,12,30,24
"Kifc3",18,8,49,48,44,43,38,40,27,17,35,31
"Cngb1",1,2,24,10,7,6,5,7,10,2,7,7
"Zfp319",6,2,13,11,16,16,6,17,13,6,10,14
"AA960436",12,14,72,68,45,71,49,60,50,27,54,51
"Mmp15",5,4,1,6,3,2,4,5,1,2,2,9
"Gtl3",53,64,262,278,238,266,214,240,129,139,215,217
"Csnk2a2",13,4,62,33,28,26,17,28,19,21,23,22
"Gins3",0,2,2,7,4,3,6,3,2,2,1,4
"Ndrg4",45,34,92,138,100,97,76,110,48,51,75,106
"Setd6",29,12,119,102,70,79,76,86,55,44,51,63
"Cnot1",30,20,181,125,118,144,106,112,72,60,85,94
"Slc38a7",3,7,46,46,25,17,18,23,12,10,23,14
"Got2",77,44,382,312,232,241,190,229,147,82,203,195
"Cdh11",42,49,108,116,118,99,100,136,66,48,120,143
"Cdh5",56,27,137,103,106,128,76,85,72,83,79,99
"Bean1",2,2,7,8,4,6,4,1,3,2,8,3
"Tk2",18,15,48,56,53,40,40,40,21,31,40,44
"Cklf",15,10,41,58,75,93,62,85,33,36,56,54
"Cmtm3",203,159,792,800,643,742,553,680,396,419,469,465
"Cmtm4",19,6,87,58,53,60,40,36,29,35,35,38
"Dync1li2",41,32,147,121,137,180,125,145,94,91,133,163
"Nae1",46,31,122,166,185,193,188,208,112,103,130,135
"Car7",1,1,7,4,2,1,4,6,4,4,2,4
"Pdp2",4,3,4,2,10,15,7,10,5,3,6,13
"Rrad",2537,1277,4252,4024,7561,7062,4111,4905,2865,3063,7055,6202
"Fam96b",135,109,640,545,498,570,432,498,303,280,433,409
"Ces2g",41,21,79,89,182,174,77,94,30,45,96,100
"Cbfb",149,93,519,389,455,492,358,384,221,206,343,370
"D230025D16Rik",20,12,69,48,38,36,38,37,24,23,33,31
"B3gnt9-ps",64,50,269,309,167,217,190,262,137,110,219,265
"Tradd",13,21,70,85,61,64,46,73,37,39,63,88
"Fbxl8",5,2,15,29,12,23,15,28,9,10,20,15
"Hsf4",5,3,14,15,16,25,13,16,5,12,9,23
"Nol3",11,11,46,53,41,42,36,47,22,18,42,57
"Exoc3l",1,0,1,1,1,4,1,3,5,4,1,1
"E2f4",52,39,263,200,140,170,126,178,119,94,127,167
"Tmem208",77,52,538,464,317,350,264,344,184,168,303,325
"Fhod1",6,6,8,19,13,24,13,17,18,11,20,15
"Lrrc36",2,2,6,2,7,15,6,9,2,6,6,5
"Tppp3",1337,931,2416,3681,5581,6202,3823,4215,1664,1734,4024,5704
"Zdhhc1",39,30,94,107,118,122,127,126,67,59,110,128
"Hsd11b2",0,4,6,8,8,8,5,9,0,3,7,8
"Atp6v0d1",136,95,540,549,448,543,382,448,254,208,406,433
"Fam65a",44,35,153,154,141,165,98,124,84,66,111,121
"Ctcf",47,46,117,109,155,174,164,181,108,104,124,169
"Acd",38,23,118,131,92,136,93,109,64,60,86,101
"Pard6a",9,8,35,51,26,25,36,29,17,20,22,33
"E130303B06Rik",5,6,30,22,20,19,14,12,10,6,10,18
"Gfod2",3,2,28,21,23,39,16,21,17,22,35,9
"Ranbp10",15,2,42,32,34,34,21,32,20,14,28,31
"Cenpt",7,3,32,30,20,21,21,26,9,17,23,22
"Thap11",26,34,110,115,73,102,78,104,69,45,72,86
"Nutf2",8,5,18,21,25,27,9,15,12,5,26,21
"Edc4",15,15,67,64,44,64,42,57,34,36,37,52
"Pskh1",6,7,45,49,23,32,23,24,20,21,31,27
"Psmb10",67,50,460,385,341,412,328,436,179,169,253,226
"Lcat",5,7,16,12,19,14,4,10,7,9,14,7
"Slc12a4",78,70,318,284,240,283,212,241,147,112,205,233
"Ddx28",2,1,19,10,7,5,5,9,4,3,11,5
"Dus2l",5,4,24,36,20,21,22,18,11,14,19,14
"Nfatc3",17,10,74,63,44,52,32,51,40,28,46,56
"Pla2g15",20,11,79,81,60,64,63,80,45,28,31,51
"Slc7a6",26,24,202,111,116,104,124,141,95,72,76,86
"Slc7a6os",39,32,237,175,197,221,199,194,128,107,160,150
"Prmt7",8,11,96,76,61,79,60,82,42,23,41,50
"Smpd3",77,146,133,171,372,465,156,353,103,76,292,372
"Zfp90",3,3,14,34,23,28,15,33,20,9,21,15
"Tmco7",8,2,27,16,26,31,30,31,15,12,19,24
"Chtf8",40,35,203,146,161,202,163,166,141,93,131,126
"Cirh1a",42,31,190,130,188,248,223,239,114,96,138,100
"Sntb2",284,245,565,440,1320,1366,1340,1514,852,789,1073,937
"Vps4a",43,36,259,178,166,195,123,145,98,76,142,153
"Pdf",30,26,194,149,102,101,61,94,53,47,84,93
"Cog8",5,15,35,44,22,27,23,22,16,9,23,25
"Nip7",96,66,569,257,336,441,308,315,185,160,237,258
"Terf2",7,10,63,35,50,48,36,68,25,38,40,42
"Cyb5b",52,33,251,254,191,201,158,190,106,107,170,176
"Nfat5",109,87,412,295,354,424,275,292,182,188,360,286
"Nqo1",11,3,25,10,18,25,19,36,12,13,15,22
"Nob1",36,32,246,152,168,164,128,154,96,53,101,102
"Wwp2",23,5,52,44,43,43,45,49,24,28,40,35
"Psmd7",206,147,908,670,720,847,675,800,427,358,619,632
"Zfhx3",114,78,327,263,443,459,256,398,238,221,410,398
"Gm1943",7,6,29,35,20,31,18,26,19,26,28,20
"Dhx38",13,10,72,47,42,40,35,40,30,17,35,36
"Txnl4b",2,2,15,9,3,6,4,3,3,5,6,3
"Hp",2,3,60,44,5,25,47,42,27,16,4,0
"Dhodh",14,17,61,67,42,46,55,57,29,24,40,49
"2400003C14Rik",108,75,238,158,296,368,251,292,185,192,235,210
"Zfp821",14,10,41,42,53,67,45,54,36,33,28,40
"Atxn1l",10,16,70,63,52,48,37,39,33,22,56,35
"Ap1g1",33,24,123,98,98,98,95,92,79,58,97,84
"Phlpp2",21,8,53,37,62,67,30,40,34,46,47,58
"Ftsjd1",2,1,20,10,8,19,9,11,14,10,7,1
"Vac14",9,6,73,50,42,44,31,32,22,32,15,36
"Mtss1l",5,10,31,34,36,30,28,27,18,16,36,29
"Il34",36,26,164,145,72,75,65,118,39,47,111,167
"Sf3b3",55,42,245,204,179,179,174,191,80,101,170,167
"Cog4",15,12,62,65,47,51,42,70,27,27,54,50
"Fuk",1,1,6,6,13,10,8,3,2,2,7,10
"St3gal2",77,43,188,200,215,271,152,209,113,122,174,192
"Ddx19a",20,13,93,94,63,67,47,95,51,36,65,63
"Ddx19b",4,2,22,10,16,14,17,26,11,9,16,18
"Aars",54,38,173,185,169,202,161,188,98,106,160,173
"Exosc6",26,25,247,113,117,147,119,117,75,60,86,90
"Pdpr",0,2,0,1,3,8,2,1,0,0,5,3
"9430091E24Rik",4,2,14,12,5,8,7,5,5,7,10,2
"Glg1",72,52,103,112,249,294,325,387,175,141,234,204
"Rfwd3",15,5,38,25,26,45,32,50,23,22,42,34
"Mlkl",9,9,52,44,33,39,54,44,31,34,39,29
"Wdr59",4,8,12,14,7,12,4,12,9,3,6,11
"Znrf1",62,45,435,244,163,173,144,181,96,106,154,159
"Zfp1",9,4,38,32,29,33,52,33,24,25,42,36
"Ctrb1",2,6,0,0,1,2,2,1,8,9,0,0
"Bcar1",33,28,120,90,90,116,68,80,47,58,92,86
"Cfdp1",121,126,719,634,582,594,454,554,314,278,464,474
"Tmem170",2,0,4,5,2,4,3,3,3,5,8,5
"Chst5",10,7,23,30,38,22,13,20,8,20,10,14
"Tmem231",11,2,22,23,15,23,13,22,14,11,25,18
"Gabarapl2",270,175,1427,1228,1096,1309,991,1235,672,630,964,979
"Adat1",0,2,13,13,7,8,5,6,7,9,6,7
"Kars",38,39,331,234,188,196,161,220,112,94,150,140
"Terf2ip",10,7,60,47,61,68,51,72,46,42,53,53
"Mon1b",6,6,30,15,12,14,11,12,10,6,12,7
"Nudt7",4,3,13,9,14,7,3,11,7,3,9,5
"Clec3a",37,36,31,47,1,0,3,0,0,15,527,169
"Wwox",10,7,40,33,42,41,38,61,26,14,30,31
"Maf",40,31,103,93,138,117,117,149,96,66,94,101
"Cdyl2",6,7,21,29,38,30,25,32,16,24,23,26
"2310061C15Rik",19,9,96,95,46,54,43,59,39,22,57,66
"Cenpn",4,0,2,4,1,5,4,3,7,1,3,1
"Atmin",8,7,14,18,20,12,13,13,4,9,10,16
"Gcsh",50,50,285,273,206,221,137,157,89,102,183,215
"Gan",6,2,10,10,23,24,18,33,10,12,19,22
"4933407C03Rik",107,95,263,256,416,442,309,432,213,210,304,331
"Sdr42e1",2,1,7,2,5,2,8,7,2,2,5,7
"Mphosph6",24,14,124,130,134,131,122,132,64,49,91,101
"Cdh13",24,22,18,25,80,63,87,97,41,33,41,53
"Hsbp1",333,261,1833,1648,1316,1474,1081,1272,692,633,1216,1145
"Mlycd",12,11,46,62,32,35,31,48,14,22,30,35
"Osgin1",43,11,95,73,61,76,73,144,51,33,88,61
"Mbtps1",82,67,332,310,216,235,230,315,142,149,281,306
"Hsdl1",10,13,32,33,45,42,30,44,29,24,32,36
"Taf1c",1,2,21,19,9,13,6,13,13,5,8,7
"Kcng4",2,1,5,5,8,1,1,3,2,2,10,5
"Wfdc1",92,52,43,72,173,165,68,91,20,54,140,167
"Cotl1",121,90,577,535,407,560,422,563,291,297,365,442
"Klhl36",5,5,30,31,26,30,31,38,20,12,28,14
"Usp10",34,18,134,77,107,109,87,95,61,49,70,100
"Crispld2",560,368,2535,2477,1495,1801,2370,2661,1588,1141,1376,1708
"Zdhhc7",12,17,80,78,61,66,40,78,37,30,54,49
"6430548M08Rik",4,8,42,39,22,36,25,25,14,18,21,22
"Gse1",12,9,60,60,50,56,35,48,21,25,32,47
"Gins2",2,3,18,19,16,21,12,12,8,9,12,13
"1190005I06Rik",2,0,4,3,0,1,5,4,1,1,3,6
"Cox4nb",46,36,224,222,136,165,132,118,88,75,122,137
"Cox4i1",1419,946,7125,5994,4970,5836,4485,4957,2848,2530,3901,4273
"Irf8",73,33,209,137,134,178,180,220,82,146,137,171
"Mthfsd",8,4,35,33,21,25,18,15,9,7,28,22
"Foxc2",6,3,6,7,5,11,3,4,3,0,9,5
"Fbxo31",29,27,210,147,119,115,93,120,68,44,99,93
"Map1lc3b",832,556,3826,2706,2392,3018,2360,2612,1674,1435,2260,2065
"Zcchc14",38,30,175,124,147,169,112,136,94,72,115,101
"Klhdc4",17,5,115,79,57,65,52,56,33,32,42,58
"Slc7a5",42,19,111,55,89,107,77,110,62,54,24,19
"Banp",33,28,76,86,106,134,98,116,89,66,100,85
"Zfpm1",8,2,22,22,19,18,10,22,14,13,10,21
"Zc3h18",33,16,101,57,113,125,102,115,62,66,88,73
"Cyba",457,326,3049,2463,1453,1850,2179,2363,1420,1039,1412,1346
"Mvd",8,13,44,49,34,42,42,51,17,23,31,29
"9330133O14Rik",9,12,27,17,34,47,45,26,15,10,30,31
"Rnf166",49,33,166,226,149,169,124,150,94,75,110,147
"Ctu2",18,13,123,77,101,85,72,96,44,52,53,52
"Fam38a",131,82,306,260,243,308,181,222,202,179,295,258
"Cdt1",9,10,38,35,57,46,30,29,38,26,24,27
"Aprt",174,101,1262,874,674,761,517,618,413,319,502,442
"Galns",10,3,62,57,24,48,33,40,20,12,26,31
"Trappc2l",100,78,545,474,469,540,430,441,283,210,429,438
"Cbfa2t3",12,4,14,18,26,46,26,44,28,22,32,40
"Acsf3",3,1,19,13,11,7,6,22,9,9,19,6
"Ankrd11",63,61,52,47,161,177,173,291,115,113,156,282
"2810013P06Rik",6,0,17,19,26,26,25,32,15,15,30,27
"Spg7",43,26,178,169,157,168,131,164,76,87,123,134
"Rpl13",8295,6006,47532,35090,31092,35064,24665,30104,18864,16546,24685,24371
"Cpne7",0,2,31,17,6,4,16,12,14,4,0,0
"Sult5a1",113,81,1455,932,377,462,570,642,441,265,405,410
"Dpep1",552,439,5666,4148,1892,2452,3352,3731,2393,1686,1986,1748
"Chmp1a",80,42,310,233,204,231,167,210,134,106,222,207
"4732415M23Rik",3,3,7,8,2,3,3,3,0,0,5,3
"Cdk10",19,11,79,77,80,79,68,81,50,45,47,39
"Spata2l",4,2,2,12,3,9,8,2,0,6,5,9
"1300018I17Rik",6,7,56,53,31,32,25,41,29,23,27,36
"Zfp276",2,3,14,18,19,18,20,19,17,11,18,20
"Tcf25",179,155,729,647,731,771,655,815,477,431,610,629
"Mc1r",3,2,12,6,5,9,6,7,4,6,5,6
"Tubb3",12,4,121,136,26,37,77,94,45,34,15,19
"Def8",11,10,46,54,41,34,43,52,28,14,36,41
"Afg3l1",33,35,176,134,130,139,125,147,93,60,125,116
"Gas8",19,9,73,67,62,84,67,83,25,32,52,58
"Rhou",41,39,171,139,111,141,133,150,99,71,84,78
"Rab4a",21,17,68,63,35,62,50,61,37,28,56,57
"1700054N08Rik",0,0,5,4,4,4,8,19,6,3,4,12
"Acta1",123,114,60,136,133,247,109,192,122,84,110,99
"Nup133",8,10,28,46,42,46,31,37,24,9,31,27
"Abcb10",16,6,37,42,37,47,47,40,32,30,37,43
"Taf5l",40,32,152,99,114,149,90,106,81,60,79,79
"Urb2",4,7,24,16,21,16,10,14,13,11,26,12
"Galnt2",63,54,402,295,226,253,198,284,156,118,237,252
"Cog2",23,17,62,53,36,37,42,38,25,21,40,31
"Agt",0,2,88,37,4,13,114,84,73,27,8,2
"2310022B05Rik",76,47,258,225,147,221,166,194,110,117,153,159
"Ttc13",16,12,57,50,62,50,54,53,23,23,48,61
"Arv1",3,2,13,10,7,7,10,6,5,3,6,5
"Fam89a",6,1,5,9,8,17,5,4,5,4,3,8
"2810004N23Rik",14,6,74,50,32,51,39,35,39,24,40,47
"Gnpat",16,16,77,82,46,57,50,47,33,21,51,61
"Exoc8",13,3,39,28,26,17,18,23,19,13,23,28
"Egln1",28,27,114,95,82,76,47,84,40,34,58,68
"Tsnax",68,58,324,252,204,200,229,253,139,115,190,184
"Sipa1l2",11,4,49,33,27,15,18,17,22,22,17,17
"Ntpcr",14,8,79,80,50,62,38,66,30,30,64,49
"Kcnk1",4,0,12,5,5,4,9,3,4,1,14,3
"1810063B05Rik",26,13,139,140,95,99,77,109,53,54,91,76
"Irf2bp2",46,37,141,160,162,104,76,116,53,51,116,130
"Tomm20",380,270,2325,1387,1473,1581,1328,1400,853,765,1164,1159
"Rbm34",23,19,106,57,104,129,107,103,54,44,63,78
"Pard3",32,32,107,77,110,127,85,118,65,50,94,108
"Nrp1",186,109,1096,622,762,873,665,859,430,493,609,662
"Itgb1",405,368,1900,1619,1541,1629,1483,1585,782,681,1386,1408
"2610044O15Rik",5,3,33,33,24,25,29,24,19,20,25,25
"Alkbh8",5,1,4,4,6,10,9,13,6,5,10,5
"Cwf19l2",15,19,49,40,75,76,83,77,43,31,58,52
"Gucy1a2",19,9,24,27,42,46,31,20,16,20,48,43
"Aasdhppt",35,23,122,132,99,128,110,151,60,56,98,100
"Kbtbd3",11,3,16,33,30,47,28,30,17,11,31,26
"8430410K20Rik",14,9,41,47,34,34,38,46,32,28,37,43
"Gria4",7,1,4,1,3,8,3,7,5,6,17,9
"Casp1",5,8,24,25,22,47,50,48,19,19,20,17
"Casp4",175,139,857,483,713,1018,622,686,492,443,646,567
"Casp12",58,45,314,189,212,258,224,254,114,122,178,152
"Pdgfd",8,4,16,16,17,20,23,24,11,14,22,16
"Dync2h1",13,14,30,26,42,46,64,43,25,18,54,39
"Dcun1d5",207,142,832,582,589,604,478,551,293,287,517,521
"Mmp13",0,1,15,9,1,9,2,1,8,1,0,14
"Mmp12",6,1,1,0,0,20,0,1,0,0,0,0
"Mmp3",259,208,2606,1146,924,1657,1108,908,689,261,592,589
"Mmp27",1,0,11,7,2,5,8,12,5,7,8,3
"Tmem123",145,115,690,523,463,556,483,542,358,330,387,384
"Birc2",51,23,163,113,143,149,152,155,97,96,112,92
"Birc3",277,196,940,702,835,1004,1021,1053,691,621,793,619
"Yap1",85,70,360,219,244,298,254,229,164,122,186,192
"9230110C19Rik",5,7,11,15,13,14,24,21,11,8,14,8
"AK129341",4,2,9,4,3,10,11,11,6,3,6,10
"Arhgap42",21,15,75,64,73,77,53,87,41,40,52,71
"Jrkl",9,5,19,22,22,31,28,36,20,12,27,19
"Ccdc82",20,17,87,81,74,98,109,71,67,48,62,62
"Phxr4",57,49,177,115,165,207,145,139,95,111,158,164
"Maml2",31,43,152,104,94,106,89,121,83,60,81,88
"Mtmr2",17,21,110,94,65,72,74,83,47,51,55,69
"Cep57",23,10,57,71,65,71,65,74,42,42,61,74
"Fam76b",13,12,54,61,50,48,51,56,51,39,29,39
"Sesn3",9,17,50,36,41,68,59,66,34,34,45,50
"Endod1",36,17,64,82,107,98,68,92,41,45,92,105
"Cwc15",133,91,764,633,484,536,413,466,304,269,391,418
"Amotl1",120,105,342,384,440,499,335,463,227,207,462,441
"Ankrd49",2,1,11,9,9,10,4,13,2,7,5,10
"Mre11a",2,2,15,18,13,21,13,23,12,6,6,13
"Panx1",92,82,416,312,399,494,330,395,192,178,295,235
"Med17",13,11,66,51,58,74,43,69,35,24,42,41
"4931406C07Rik",26,8,41,44,58,58,55,58,34,35,49,55
"Taf1d",92,84,386,232,531,594,516,558,304,284,351,371
"5830418K08Rik",5,4,9,15,18,15,21,18,18,10,9,10
"BC017612",75,58,250,297,235,240,154,191,109,127,230,283
"Slc36a4",4,1,8,6,9,18,20,22,11,15,13,12
"Fat3",2,2,5,2,5,6,1,2,4,5,4,13
"Chordc1",46,31,80,85,127,147,97,112,73,50,94,96
"Naalad2",39,41,201,236,248,280,249,301,150,102,210,189
"Zfp317",12,11,52,31,41,44,38,35,27,17,40,28
"Zfp560",43,30,191,185,137,171,126,125,107,82,135,142
"Zfp26",7,3,19,30,22,25,20,16,15,16,20,18
"Zfp426",6,7,21,20,7,23,18,18,14,13,17,20
"Zfp266",17,9,54,62,42,58,46,62,28,22,52,53
"Zfp846",1,0,5,7,9,4,2,7,4,3,4,3
"Fbxl12",15,8,42,41,29,39,28,43,29,19,36,27
"Ubl5",330,216,1957,1690,1208,1363,906,1146,648,562,1034,1093
"Pin1",86,75,401,400,311,312,269,346,158,167,253,289
"Olfm2",5,4,0,2,3,16,2,0,3,5,15,12
"Col5a3",278,194,1306,1549,953,835,523,568,233,300,1359,1138
"A230050P20Rik",19,17,99,65,55,86,59,88,38,47,66,50
"Angptl6",5,7,15,11,15,15,13,14,8,7,12,26
"Ppan",78,69,533,218,268,293,237,296,163,129,171,191
"Eif3g",149,129,904,732,674,748,624,625,385,341,489,508
"Dnmt1",10,8,60,47,32,39,29,50,19,17,31,33
"S1pr2",37,30,216,195,109,120,72,99,47,51,105,99
"Mrpl4",85,80,472,438,325,376,275,339,194,193,318,340
"Icam1",1240,920,4168,2352,4284,5350,3132,3795,2348,2193,2822,2440
"Icam4",1,1,8,5,7,13,8,9,5,4,6,13
"Icam5",2,6,8,4,13,8,3,6,5,2,3,11
"Zglp1",5,2,14,4,7,10,5,1,4,4,4,5
"Raver1-fdx1l",16,7,23,19,23,31,28,27,29,28,11,15
"Raver1",24,12,113,75,57,59,51,54,46,40,64,54
"Tyk2",3,7,32,44,12,15,15,12,14,8,26,18
"Cdc37",184,133,994,851,720,821,633,846,411,346,563,615
"Pde4a",9,9,22,21,32,31,25,32,17,15,21,34
"Keap1",37,21,129,144,102,123,82,102,78,52,105,110
"Atg4d",13,8,70,51,38,53,38,48,26,27,54,43
"Kri1",10,12,74,54,34,37,48,45,31,29,42,32
"Cdkn2d",107,64,410,418,318,359,350,446,253,240,379,364
"Slc44a2",59,36,160,184,144,170,137,202,98,99,154,164
"Ilf3",27,26,150,110,99,124,89,135,74,78,99,84
"Qtrt1",55,30,222,125,158,181,150,154,124,96,119,134
"Dnm2",56,46,307,246,196,199,188,244,125,122,179,202
"Tmed1",117,84,549,493,335,441,328,350,254,192,346,358
"AB124611",0,0,4,2,0,2,4,4,5,4,1,2
"Carm1",18,15,145,130,53,57,49,76,52,47,60,72
"Yipf2",12,8,29,32,30,37,35,34,16,23,34,30
"1810026J23Rik",22,17,114,87,67,77,57,74,57,43,56,62
"Smarca4",39,26,122,90,105,122,96,80,44,53,90,101
"Ldlr",111,101,342,334,484,530,358,533,262,253,356,338
"Spc24",10,4,6,17,24,22,9,25,13,22,23,19
"Kank2",75,60,150,180,226,239,176,227,122,128,168,159
"Dock6",19,16,49,64,60,65,38,43,34,38,37,48
"Rab3d",55,24,196,229,178,176,145,204,107,94,160,134
"Tmem205",65,54,324,331,239,279,241,260,171,117,239,227
"BC018242",10,7,39,34,18,21,23,28,16,13,16,25
"2310047B19Rik",2,1,18,20,13,15,12,11,6,3,8,7
"Rgl3",4,4,4,6,3,10,6,11,3,4,6,3
"Prkcsh",65,51,459,403,347,386,307,374,174,132,264,299
"Elavl3",10,5,8,4,13,18,17,11,4,6,6,3
"Zfp653",16,4,26,33,19,33,22,41,15,18,27,25
"Gm16845",1,3,9,10,11,11,12,7,5,7,6,9
"Ecsit",17,7,99,77,65,59,53,65,43,25,56,53
"Cnn1",23,12,3,0,1,2,1,0,1,0,20,0
"Elof1",67,61,321,360,176,210,176,207,110,105,194,227
"Acp5",16,11,79,89,53,50,31,37,13,27,53,51
"Pigyl",40,33,180,192,124,128,106,159,81,61,108,147
"Zfp809",9,3,26,27,23,25,30,25,22,5,32,20
"Anln",4,2,2,0,2,2,3,4,2,2,3,1
"9530077C05Rik",7,2,15,20,14,20,17,21,9,11,5,15
"Rp9",118,101,420,390,400,455,375,478,233,214,375,393
"Bbs9",15,12,46,51,41,44,41,54,30,28,64,48
"Bmper",64,57,743,608,182,200,386,439,298,200,148,186
"Dpy19l1",32,29,134,85,80,67,50,68,33,47,77,118
"Herpud2",140,79,380,365,360,405,369,488,228,212,349,311
"Sept7",345,261,1116,1121,1404,1545,1440,1619,713,676,1076,1154
"Eepd1",14,5,41,33,43,41,42,42,17,30,37,42
"Acad8",23,17,93,98,66,93,80,84,42,38,69,65
"Thyn1",14,17,95,97,91,60,64,88,46,27,46,68
"Vps26b",27,24,112,113,78,89,57,89,57,46,102,77
"Ncapd3",6,5,24,15,21,31,18,20,12,18,15,16
"Jam3",49,44,246,238,175,193,186,195,123,80,169,203
"Opcml",9,11,3,5,21,31,19,29,11,16,17,27
"Ntm",4,3,9,8,13,30,18,17,14,13,17,24
"Snx19",11,11,36,38,32,32,14,19,14,16,22,25
"Adamts15",14,2,49,52,14,8,7,23,2,8,17,27
"Adamts8",2,5,32,18,27,19,21,30,13,31,173,22
"Zbtb44",29,23,86,51,83,117,85,77,45,41,62,80
"Aplp2",306,254,1343,1034,1167,1312,1092,1335,673,622,877,995
"Prdm10",2,1,0,1,5,9,7,8,10,2,7,5
"Nfrkb",11,7,28,30,21,34,29,32,22,17,18,25
"Barx2",2,2,45,25,9,6,15,21,9,5,19,15
"Arhgap32",15,12,48,59,61,74,51,67,34,41,67,63
"Fli1",31,34,108,72,81,110,78,107,82,64,91,100
"Ets1",96,106,243,185,352,390,236,255,184,180,299,253
"Kirrel3",5,2,15,10,11,10,9,6,6,13,18,23
"St3gal4",70,57,221,159,181,239,152,184,116,125,201,236
"4930581F22Rik",0,0,0,0,4,2,8,1,1,3,3,6
"Dcps",25,17,86,100,88,113,79,92,49,48,79,77
"Tirap",22,19,93,79,58,83,71,78,50,39,57,65
"Foxred1",12,10,52,49,43,45,49,44,17,20,40,34
"Srpr",157,114,645,526,604,652,625,688,371,287,486,528
"Fam118b",9,3,24,27,25,26,20,22,14,9,30,22
"Rpusd4",6,4,37,40,16,33,25,29,12,15,14,30
"Cdon",61,56,176,213,287,270,152,196,112,113,235,202
"Pus3",2,2,32,22,22,28,22,21,9,11,11,15
"Hyls1",5,3,13,14,14,18,11,17,12,7,11,13
"Stt3a",123,117,587,594,454,488,449,497,224,225,383,430
"Ei24",71,68,367,338,266,268,268,317,175,157,269,303
"Fez1",62,49,75,55,180,264,209,231,194,131,147,130
"Pknox2",11,6,68,55,27,43,23,43,26,28,43,37
"Tmem218",21,21,141,103,90,115,83,100,50,46,110,81
"Ccdc15",2,2,3,3,15,16,9,17,8,10,9,6
"Robo4",5,3,15,9,14,25,18,13,14,12,9,20
"BC024479",29,19,77,75,77,84,69,78,49,46,70,96
"Esam",49,26,163,89,103,176,82,87,73,100,67,76
"Spa17",7,6,36,47,38,37,37,24,15,16,33,23
"Siae",16,9,52,49,42,41,41,62,29,28,48,52
"Tbrg1",247,195,1302,1104,1054,1155,1067,1137,656,586,854,866
"Vwa5a",77,44,316,271,274,317,243,284,138,149,245,195
"Olfr920",2,2,6,3,3,6,4,10,4,4,6,3
"AW551984",27,24,177,137,117,110,46,64,26,36,93,108
"Zfp202",3,3,11,8,11,15,10,11,5,1,15,5
"Scn3b",1,2,3,3,4,7,6,9,3,3,0,3
"9030425E11Rik",152,115,537,493,530,545,524,619,348,356,452,516
"Hspa8",7279,4969,25457,24897,26140,35507,33528,37269,16619,14258,18329,19783
"Crtam",4,5,1,3,11,3,7,3,3,2,6,6
"Ubash3b",41,30,68,45,122,143,80,126,64,43,99,93
"2610203C20Rik",7,2,29,26,25,20,18,26,14,16,33,27
"Sorl1",1,7,18,10,13,19,14,14,12,9,19,16
"Sc5d",53,31,89,125,172,211,197,276,101,96,152,155
"Tbcel",17,12,59,62,56,76,65,75,41,37,65,59
"Grik4",2,1,4,1,7,3,4,2,2,2,7,9
"Arhgef12",114,68,404,274,380,374,266,335,193,152,306,266
"Tmem136",9,7,31,19,19,35,25,19,20,21,25,29
"Oaf",583,380,1235,1586,1491,1625,1370,1699,751,837,1496,1838
"D630033O11Rik",85,97,143,196,475,511,280,396,104,129,406,353
"Trim29",1,3,3,5,11,6,4,11,5,1,7,3
"Pvrl1",22,23,125,120,114,95,79,74,52,49,83,76
"Thy1",584,433,1248,1306,1616,1387,610,879,265,444,1281,1589
"Usp2",104,51,281,222,402,443,423,494,258,235,265,292
"Rnf26",28,26,143,138,98,93,79,112,47,47,92,98
"Mcam",10,8,16,13,18,18,6,21,7,9,1,6
"Cbl",6,15,17,16,40,39,31,38,28,28,40,44
"Nlrx1",4,8,16,21,12,7,18,18,10,4,11,15
"Abcg4",2,3,2,3,6,5,6,4,1,3,5,3
"Hinfp",2,1,7,8,5,5,8,6,2,8,3,3
"C2cd2l",22,21,53,51,47,49,24,50,21,26,47,39
"Dpagt1",19,14,149,146,58,67,45,60,36,21,68,42
"H2afx",40,35,253,154,132,156,148,136,86,61,100,116
"Hmbs",27,19,105,141,77,76,72,83,51,37,63,59
"Vps11",18,14,91,69,83,85,87,115,41,43,54,57
"Hyou1",18,19,122,95,52,53,57,53,22,21,60,37
"Slc37a4",11,3,33,38,33,32,15,23,19,16,16,28
"Trappc4",112,85,495,462,424,433,365,464,238,203,353,318
"Rps25",2484,1718,21687,15921,12900,14058,10236,12384,8032,7040,9703,9643
"Ccdc84",5,7,38,31,19,26,30,29,12,21,23,25
"Bcl9l",19,16,34,42,50,67,48,62,32,21,41,59
"Ddx6",104,64,303,267,352,399,313,377,221,170,263,260
"Phldb1",144,114,634,510,452,559,301,366,248,209,411,341
"Arcn1",97,72,415,327,335,344,298,333,205,159,297,303
"Ift46",25,14,112,145,84,91,67,98,36,31,100,83
"Tmem25",4,3,6,5,2,6,2,3,2,3,2,0
"Mll1",79,62,211,165,262,281,216,301,152,142,188,191
"Atp5l",854,620,4851,3925,3515,3689,2926,3437,1957,1629,2612,2648
"Ube4a",18,11,80,74,56,71,56,59,46,40,63,65
"Cd3g",0,0,0,1,2,2,4,6,8,5,8,3
"Cd3d",0,1,0,3,2,3,4,5,13,5,17,5
"Cd3e",1,1,0,0,2,1,2,6,4,2,11,2
"Mpzl2",28,16,12,16,24,13,30,13,5,8,17,8
"Mpzl3",3,2,0,0,2,0,1,2,0,0,2,0
"Scn2b",3,2,5,6,0,2,4,7,0,1,4,0
"Fxyd6",774,505,1829,1774,2021,2138,1047,1226,781,894,1610,1649
"Fxyd2",10,9,22,24,27,23,16,13,12,7,20,31
"Cep164",16,10,67,63,87,83,73,71,60,36,73,79
"Bace1",22,15,75,70,65,62,84,80,33,34,81,93
"Rnf214",25,14,42,37,41,50,42,49,37,39,49,52
"Pcsk7",13,5,51,59,33,30,24,46,35,28,54,35
"Tagln",113,81,188,115,163,107,157,79,122,47,163,83
"Sidt2",56,56,330,244,217,211,153,174,131,98,170,141
"Pafah1b2",86,68,336,327,279,315,260,308,154,140,214,256
"Sik3",26,15,113,112,106,107,63,78,46,50,62,68
"Apoa1",1,5,6,2,10,7,4,2,0,1,6,2
"Zfp259",52,33,279,157,115,138,94,125,82,77,92,100
"Bud13",6,7,31,19,12,25,16,25,9,6,8,25
"Cadm1",27,34,46,57,89,103,73,111,29,39,67,71
"Fam55d",2,3,12,10,17,30,20,21,15,10,11,20
"Rexo2",215,164,1503,1128,862,898,542,700,388,375,720,773
"Rbm7",184,136,644,437,531,657,616,591,346,310,449,420
"Gm5617",19,9,101,68,43,47,36,49,24,24,41,38
"Nnmt",160,143,844,709,753,884,753,770,463,333,740,697
"Zbtb16",154,84,183,99,475,346,331,548,187,163,355,450
"Usp28",3,5,11,15,13,16,7,17,9,5,13,11
"Zw10",13,7,37,37,29,25,27,33,21,12,25,36
"Ttc12",2,4,9,17,11,26,18,20,8,8,13,14
"Ncam1",42,27,58,57,123,103,68,99,46,39,144,157
"2310014F07Rik",1,0,6,10,5,14,1,9,2,2,5,5
"1600029D21Rik",1,5,29,9,9,17,32,5,1,7,8,10
"Pts",42,21,122,115,168,200,150,180,87,67,104,119
"Bco2",1,2,0,1,7,11,8,12,5,6,6,8
"Il18",36,35,136,128,211,251,179,272,97,92,145,142
"Sdhd",86,65,387,359,297,375,255,323,161,162,270,262
"Timm8b",91,60,570,487,329,420,343,372,204,168,322,329
"AU019823",23,17,71,64,101,112,79,81,45,47,83,75
"Pih1d2",3,2,5,7,6,3,6,8,1,1,3,10
"Dlat",50,22,138,168,140,186,167,192,97,75,140,122
"Dixdc1",1,2,11,7,5,12,10,11,5,8,12,9
"Hspb2",24,18,62,65,44,59,48,54,18,22,61,69
"Cryab",630,676,1755,2699,2924,2757,1947,2244,1182,1291,1898,1975
"1110032A03Rik",15,11,83,75,46,58,43,48,34,40,41,45
"Fdxacb1",3,4,16,14,12,13,16,14,7,5,15,15
"Alg9",8,5,44,51,36,46,22,36,29,16,27,24
"Ppp2r1b",20,14,102,59,73,97,81,84,40,45,57,47
"Sik2",6,3,20,22,22,30,26,26,12,9,15,14
"Layn",10,8,191,95,32,55,51,60,40,28,48,37
"Gm684",4,4,18,18,5,13,12,13,5,4,11,11
"Arhgap20",55,38,86,105,168,207,203,203,113,87,155,161
"Fdx1",144,103,625,525,555,654,579,618,351,326,442,488
"Rdx",219,160,515,419,910,989,791,888,486,438,684,757
"Zc3h12c",5,6,23,18,21,23,21,16,9,11,18,18
"Ddx10",28,17,88,52,84,102,89,127,50,42,62,63
"Kdelc2",102,84,250,226,318,310,261,383,131,158,226,259
"4930550C14Rik",3,0,8,1,5,3,2,2,5,5,3,3
"Atm",12,7,48,36,46,31,36,27,23,19,36,23
"Npat",4,7,22,14,17,18,20,14,8,10,11,12
"Acat1",155,100,521,522,574,701,625,704,340,277,471,467
"Cul5",39,30,105,88,159,150,137,169,87,66,134,114
"Tnfaip8l3",0,2,5,5,0,5,2,2,2,1,6,6
"Gldn",2,2,13,7,1,6,4,9,3,3,2,1
"Dmxl2",5,8,21,20,21,22,15,23,19,12,22,18
"Cib2",11,4,19,18,25,26,27,26,19,13,13,11
"Idh3a",53,36,252,240,188,219,178,215,99,79,125,160
"Dnaja4",212,202,701,655,610,562,696,819,287,310,451,465
"Wdr61",77,54,267,252,246,296,252,316,138,135,191,213
"Crabp1",25,16,28,22,29,56,14,17,2,20,35,25
"Ireb2",22,9,80,63,65,57,37,48,27,25,34,45
"Agphd1",2,1,12,11,9,16,11,14,7,8,7,6
"Psma4",158,118,939,792,742,788,701,798,323,321,610,620
"Ube2q2",27,28,114,98,75,102,79,97,36,49,52,69
"Fbxo22",28,35,162,134,135,142,111,128,60,69,106,110
"Etfa",203,157,827,669,846,935,731,806,444,380,672,575
"Scaper",17,12,29,25,63,81,68,80,45,34,79,69
"Rcn2",313,250,1013,868,1020,1196,1089,1109,542,521,877,965
"Pstpip1",13,8,13,44,27,27,16,25,11,14,38,53
"Tspan3",371,247,1132,1093,1151,1147,1133,1332,641,572,1022,1057
"C230081A13Rik",28,26,177,146,110,105,78,147,68,63,115,108
"Hmg20a",16,16,75,70,44,55,44,46,31,25,46,51
"Lingo1",2,2,12,20,15,6,11,6,8,1,9,14
"Cspg4",32,21,28,46,70,80,37,51,18,27,79,89
"Snx33",19,17,59,86,44,56,40,68,56,39,57,55
"Imp3",54,61,588,468,273,340,253,315,203,174,257,241
"Snupn",7,4,30,27,33,35,21,36,20,18,24,24
"Ptpn9",59,42,182,167,170,187,161,172,88,80,150,130
"Sin3a",38,24,93,89,123,115,104,95,76,56,103,94
"Man2c1",21,19,104,85,100,107,85,141,57,48,69,79
"Commd4",41,33,266,235,191,220,191,213,103,100,151,154
"1700017B05Rik",18,14,94,79,48,74,57,62,30,21,62,46
"Ppcdc",6,10,41,32,25,30,30,32,19,17,31,21
"Scamp5",4,8,27,38,20,18,9,18,13,6,23,23
"Cox5a",189,152,1608,1152,910,962,829,893,470,421,647,723
"2310046O06Rik",15,13,45,57,37,43,28,42,24,18,41,47
"Mpi",4,4,25,22,16,19,17,21,6,8,16,18
"Scamp2",62,33,187,168,183,209,191,229,120,100,184,160
"Ulk3",3,1,15,14,18,15,10,25,7,7,19,14
"Csk",27,39,151,159,120,131,79,138,65,79,87,98
"Edc3",5,6,27,47,21,27,27,27,22,14,22,28
"Clk3",82,64,292,258,262,333,232,286,137,140,218,239
"Arid3b",3,0,7,5,5,9,16,4,9,6,3,4
"Ubl7",64,29,236,196,187,192,198,197,88,96,183,148
"Sema7a",14,9,47,14,32,29,19,24,12,23,21,25
"Stra6",18,13,24,35,24,22,13,8,10,29,24,17
"Islr",742,537,2229,2601,2558,2904,1978,2604,1010,1037,2099,2222
"Islr2",22,31,81,102,135,120,81,131,42,37,61,81
"1600029O15Rik",9,4,12,8,8,16,11,19,7,7,13,13
"Pml",31,19,91,74,86,116,66,95,46,52,59,79
"Stoml1",27,10,71,80,66,76,40,57,41,28,61,47
"Loxl1",545,443,3811,3249,1707,1677,1203,1767,638,627,1863,1694
"6030419C18Rik",32,28,156,136,107,110,108,151,56,53,80,90
"Cd276",10,10,30,25,21,23,17,31,7,8,28,34
"Nptn",302,227,1320,1145,1083,1088,1010,1171,652,558,833,622
"2410076I21Rik",4,2,9,12,11,11,22,26,6,9,8,9
"Hcn4",5,2,2,4,5,5,10,15,3,5,6,10
"Neo1",32,39,113,145,116,122,61,87,53,58,132,141
"Adpgk",36,17,134,140,74,97,74,115,59,49,75,93
"Bbs4",8,9,34,29,27,51,31,44,18,21,37,38
"Arih1",186,131,638,422,595,765,664,706,473,441,433,380
"Gm20199",14,12,18,11,33,36,42,59,34,26,47,27
"Tmem202",3,2,19,17,18,6,5,9,5,7,10,5
"Hexa",347,262,1817,1483,1180,1265,1080,1367,586,570,1008,1138
"Parp6",24,12,127,75,57,81,64,71,40,41,75,58
"Pkm2",390,277,1632,1543,1421,1544,1284,1559,749,644,1163,1172
"Senp8",0,0,8,8,2,1,5,6,0,1,8,4
"Myo9a",26,20,62,70,124,112,91,94,45,47,75,91
"Thsd4",5,0,4,7,11,6,2,4,10,1,7,12
"Lrrc49",12,13,39,57,62,65,47,67,29,35,64,55
"Larp6",69,62,327,284,260,311,291,279,181,185,185,209
"Uaca",30,28,134,114,103,142,138,157,73,79,93,100
"Tle3",89,36,210,154,164,221,168,212,139,95,143,145
"Rplp1",4341,3066,73489,51672,29011,30158,17048,21988,17150,14835,22032,21960
"Glce",37,34,145,113,116,141,88,85,46,43,113,104
"Anp32a",94,76,298,339,402,545,391,506,288,228,388,346
"Coro2b",53,30,224,248,207,205,146,187,110,105,156,166
"Itga11",84,79,188,288,347,359,199,315,104,126,290,340
"Fem1b",63,59,350,207,231,270,211,244,133,149,162,170
"Cln6",12,11,82,74,31,40,32,23,26,18,30,31
"Gm10653",8,6,13,16,30,20,7,20,5,8,21,25
"Calml4",30,19,140,135,155,161,169,205,96,70,96,95
"Pias1",40,35,133,99,156,191,179,216,140,129,156,148
"Map2k5",21,12,117,87,79,76,59,71,44,41,56,79
"2300009A05Rik",31,19,136,154,113,90,92,86,64,56,79,82
"Aagab",16,12,25,36,38,37,31,25,22,16,35,35
"Smad3",31,25,190,178,148,144,131,156,81,84,131,136
"Smad6",32,12,56,27,49,50,28,68,26,31,30,42
"2600006L11Rik",2,0,8,4,1,5,4,7,0,0,1,1
"Rpl4",2966,2077,15792,12279,11319,12939,9803,11758,7019,6213,8786,8705
"Snapc5",74,61,391,380,330,345,269,282,190,139,340,295
"Map2k1",78,65,407,284,290,310,252,309,183,169,244,261
"Uchl4",4,12,12,20,22,30,17,21,21,12,37,24
"Tipin",58,34,157,202,138,169,146,154,111,72,121,144
"Dis3l",12,12,29,33,29,23,27,35,17,13,27,30
"Rab11a",182,144,602,601,659,711,612,664,385,341,533,541
"Dennd4a",69,45,289,166,181,181,197,222,141,119,139,137
"Slc24a1",0,0,2,3,12,4,3,3,9,6,4,2
"2010321M09Rik",10,9,68,68,40,40,47,55,27,35,46,44
"Ptplad1",16,17,116,71,64,67,52,61,32,41,60,62
"Dpp8",22,3,97,57,48,55,41,62,45,34,52,50
"Igdcc4",20,17,44,62,65,57,30,53,12,15,33,70
"Parp16",11,8,73,54,38,48,40,59,43,28,44,38
"Cilp",1397,934,6938,7690,5309,4870,3743,4835,2201,2172,5647,4612
"Clpx",34,26,105,125,93,109,121,141,67,71,94,103
"Pdcd7",26,17,115,79,123,101,118,141,60,57,87,88
"Rasl12",5,4,9,8,5,5,8,18,4,2,6,7
"Mtfmt",11,4,26,23,17,26,26,28,14,12,16,21
"Spg21",94,64,448,390,317,361,314,387,175,169,259,237
"Plekho2",95,97,609,494,367,475,345,448,307,260,363,306
"Rbpms2",5,1,12,11,6,12,6,14,10,6,10,11
"Oaz2",252,187,935,870,779,929,688,840,548,423,759,789
"Zfp609",12,15,42,31,57,61,55,59,41,44,51,51
"Trip4",18,26,73,70,66,66,52,78,37,33,67,47
"2810417H13Rik",7,1,11,15,5,4,4,7,2,4,6,5
"Csnk1g1",15,9,39,35,41,60,35,37,29,23,42,41
"Ppib",783,607,5498,5134,3550,3872,3182,3861,1803,1711,3177,3387
"Snx22",8,1,6,7,9,13,11,1,2,3,10,5
"Snx1",76,59,394,389,330,391,331,411,197,208,268,281
"Fam96a",45,28,231,187,150,183,119,142,123,79,147,108
"Dapk2",43,30,110,122,103,150,107,125,69,75,207,216
"Herc1",45,21,122,92,134,134,132,141,74,93,117,115
"Fbxl22",8,4,16,14,11,16,20,19,8,5,16,10
"Usp3",18,8,69,62,53,66,94,83,35,41,35,34
"Aph1b",11,4,14,25,27,41,27,40,20,14,37,24
"Aph1c",4,3,11,8,14,10,19,17,9,8,25,9
"Rab8b",100,84,262,188,241,304,199,232,136,175,213,179
"Rps27l",566,369,3838,2861,2349,2452,1737,2052,1115,1016,1644,1859
"Lactb",17,5,39,31,50,39,40,40,17,21,27,29
"Tpm1",256,182,446,485,469,541,401,509,274,244,540,575
"Tln2",22,15,67,67,97,76,56,90,32,37,76,80
"Vps13c",8,2,26,12,55,60,39,50,30,23,38,46
"Rora",47,34,49,40,180,219,259,247,128,111,167,178
"9530091C08Rik",28,19,100,78,96,113,108,133,71,62,93,111
"Narg2",2,3,15,21,6,15,16,19,9,5,19,17
"Anxa2",1366,944,4425,5196,5724,6225,4791,5698,2078,1952,4214,3945
"Bnip2",101,87,384,348,378,433,376,405,201,190,309,339
"Gtf2a2",138,100,689,548,497,639,494,509,322,274,432,512
"Myo1e",39,36,108,123,112,126,79,130,57,86,148,141
"Ccnb2",3,1,17,21,3,6,11,24,3,19,6,6
"Rnf111",32,20,105,70,81,92,57,84,49,48,65,58
"Sltm",73,67,190,135,306,312,251,301,174,158,235,209
"Fam63b",91,66,169,215,289,320,275,360,161,183,221,256
"Adam10",43,23,134,136,108,105,88,118,51,63,107,100
"Aldh1a2",29,27,731,629,94,134,290,388,186,100,87,107
"Polr2m",184,126,668,619,481,533,468,565,352,275,435,465
"Myzap",13,8,61,62,33,35,20,45,24,23,30,25
"Cgnl1",24,30,38,47,71,90,36,43,22,23,57,55
"Tcf12",53,29,206,167,168,202,138,148,99,92,159,188
"Zfp280d",16,15,50,37,54,52,51,67,40,22,39,44
"Tex9",4,2,13,19,25,32,32,36,23,14,18,26
"Rfx7",20,10,42,30,33,38,31,32,17,15,25,22
"Nedd4",449,349,1615,1425,1746,1908,1490,1779,847,794,1471,1405
"Prtg",5,4,7,12,7,18,13,8,4,2,15,17
"Pygo1",4,1,6,7,7,15,1,14,3,5,7,13
"Dyx1c1",1,1,2,5,9,4,7,13,3,3,5,9
"Gm5918",2,7,37,43,13,18,19,16,6,17,18,27
"Ccpg1",130,98,559,494,413,449,445,520,269,213,464,410
"2310009A05Rik",48,34,279,243,107,133,112,101,54,63,134,136
"Rab27a",1,1,2,2,2,4,3,5,5,3,6,4
"Rsl24d1",72,41,409,324,227,255,215,236,148,105,193,208
"BC031353",11,10,51,32,44,49,39,49,31,24,44,40
"Arpp19",208,143,1088,847,761,798,698,709,385,365,629,650
"Myo5a",22,17,104,85,86,90,57,58,43,44,79,57
"Gnb5",19,23,71,93,69,94,86,116,58,46,75,91
"Mapk6",136,95,454,268,399,377,330,355,217,185,334,412
"Leo1",28,24,60,54,66,86,93,106,48,38,62,73
"Tmod3",88,74,306,243,336,409,329,390,192,175,244,250
"Tmod2",76,58,190,180,294,327,205,262,175,157,256,246
"Lysmd2",199,121,868,922,685,725,558,693,329,387,618,597
"Scg3",53,28,65,45,213,191,74,62,19,21,130,217
"Bmp5",23,23,97,95,73,118,118,130,63,69,120,85
"Hmgcll1",7,5,19,16,6,8,5,8,2,3,8,10
"2310046A06Rik",2,3,0,0,0,2,1,0,1,0,2,1
"Lrrc1",5,2,14,10,13,11,8,8,3,5,6,7
"Gclc",67,41,318,129,229,216,203,235,129,149,115,122
"Elovl5",67,40,180,161,138,153,111,138,86,68,122,171
"Fbxo9",27,27,104,116,79,107,78,113,55,43,79,88
"Ick",25,19,122,101,93,98,63,73,46,51,81,92
"C920006O11Rik",1,1,9,5,4,2,7,9,7,3,6,3
"Gsta4",26,26,25,39,126,152,101,117,48,44,31,56
"Gsta1",2,3,2,8,12,21,11,6,2,2,3,5
"Gm3776",3,2,0,2,9,5,2,1,0,1,2,8
"E330016A19Rik",32,13,98,57,97,112,106,110,60,66,64,54
"Mto1",15,3,28,29,30,25,19,27,17,21,31,40
"Eef1a1",5548,3972,48117,42134,33349,36668,25120,31966,19338,16411,25774,25452
"Slc17a5",15,14,67,47,48,47,52,64,35,22,52,53
"Cd109",40,27,243,202,119,110,87,78,64,57,79,80
"Col12a1",302,226,1055,899,723,570,458,506,382,301,760,704
"Cox7a2",501,331,3024,2447,2029,2259,1695,1892,1176,974,1624,1710
"Tmem30a",176,133,695,555,641,650,516,630,357,311,548,477
"Filip1",5,6,15,12,57,74,54,79,35,42,34,38
"Senp6",91,83,245,184,345,422,270,372,184,204,266,326
"Myo6",14,22,70,55,88,90,76,94,59,38,78,71
"Irak1bp1",19,17,92,84,80,76,74,83,39,53,65,55
"Phip",59,40,176,155,219,257,248,278,147,129,167,162
"Hmgn3",185,130,571,618,488,525,451,596,260,275,454,507
"Lca5",5,3,11,10,9,11,8,14,3,9,13,12
"Elovl4",2,4,17,8,25,18,20,16,9,9,6,8
"Bckdhb",19,11,100,77,85,55,47,69,26,32,62,74
"Fam46a",145,104,428,359,461,498,484,567,306,270,414,463
"Ibtk",25,21,145,122,98,113,79,117,50,63,101,113
"Tpbg",153,93,645,341,433,620,281,389,245,243,350,346
"Ube2cbp",2,1,28,17,11,3,11,15,5,7,11,9
"Dopey1",17,13,39,36,49,48,31,44,28,17,35,27
"Pgm3",30,23,162,151,124,158,209,205,99,77,102,108
"Rwdd2a",9,0,15,10,7,14,20,16,7,3,8,4
"Me1",35,28,177,162,141,158,131,178,97,90,118,83
"Cyb5r4",33,23,126,110,113,103,99,109,72,58,88,80
"4922501C03Rik",7,9,17,13,17,28,28,25,23,16,21,18
"Tbx18",25,9,70,81,54,69,68,99,54,47,55,69
"Nt5e",24,17,141,74,34,38,98,88,54,38,54,54
"Snx14",17,22,81,52,72,67,57,67,37,37,50,48
"Syncrip",122,79,404,283,401,440,364,442,221,187,277,343
"Snhg5",72,49,390,284,211,296,263,262,185,149,202,226
"Zfp949",3,4,21,27,20,15,18,21,11,8,16,17
"Gm2382",17,20,78,73,83,103,79,85,45,44,84,75
"Bcl2a1d",0,1,2,1,1,6,3,7,4,4,1,1
"9330159M07Rik",0,1,2,1,4,4,2,9,4,3,6,3
"Bcl2a1b",0,0,4,10,10,20,16,38,16,9,19,5
"Mthfs",21,12,68,69,49,85,57,54,21,45,59,56
"Tmed3",387,298,2492,2363,1367,1475,1181,1385,632,597,1395,1524
"Ctsh",191,145,1260,1090,512,546,563,728,329,302,674,692
"Morf4l1",792,532,1826,1722,2083,2401,1778,2175,1127,967,1835,1781
"Adamts7",1,3,22,15,6,5,4,5,6,2,10,12
"Tbc1d2b",36,32,182,143,119,136,102,123,67,78,93,99
"Plscr1",218,135,509,398,645,700,593,868,354,275,350,276
"Plscr2",39,23,183,108,67,118,125,176,88,78,64,54
"Plscr4",81,51,200,161,266,292,263,284,134,131,205,189
"B430319G15Rik",5,9,9,15,23,18,16,16,8,7,20,28
"Plod2",168,107,346,294,615,487,368,425,198,185,488,537
"4933400C23",8,4,0,0,14,7,1,5,0,1,5,7
"1190002N15Rik",45,42,141,124,126,158,108,100,92,85,121,177
"Slc9a9",22,12,76,55,62,76,51,79,29,26,62,52
"Chst2",12,14,19,30,21,17,16,32,10,14,35,58
"2610101N10Rik",53,34,164,137,266,302,253,280,164,147,193,225
"Pcolce2",718,533,2541,2096,3039,3476,2449,2922,1266,1246,2244,2226
"Trpc1",1,3,2,6,2,6,6,11,3,2,3,11
"Atr",1,2,17,17,14,13,11,12,8,10,6,14
"Xrn1",8,10,12,14,33,55,49,47,17,18,28,23
"Gk5",8,3,5,1,13,10,14,17,16,7,11,12
"Tfdp2",16,6,40,28,39,53,52,50,34,36,53,41
"Atp1b3",159,146,712,484,550,664,464,490,285,296,393,419
"Rnf7",156,126,743,625,509,580,464,488,313,258,463,468
"Rasa2",50,33,127,77,132,145,128,156,92,83,92,116
"Zbtb38",11,6,13,10,46,45,49,69,31,25,33,41
"E030011O05Rik",0,2,4,1,6,5,2,7,3,3,4,4
"Acpl2",7,19,32,53,42,54,51,54,27,32,31,50
"Spsb4",13,14,25,30,40,48,36,49,8,18,34,50
"Slc25a36",10,5,10,19,32,23,17,19,14,15,10,17
"Clstn2",4,2,8,4,6,5,2,6,3,2,7,8
"Nmnat3",7,3,60,50,15,37,25,34,26,17,30,23
"Rbp1",194,151,1089,1073,835,1043,827,1000,555,464,771,846
"Copb2",90,69,517,506,487,552,503,538,247,237,366,446
"Mrps22",8,12,52,64,50,73,65,58,42,28,45,43
"Faim",15,7,92,80,51,58,46,68,27,31,53,45
"Pik3cb",1,1,4,5,1,8,5,2,7,3,6,3
"Cep70",4,1,2,3,9,9,7,11,14,4,6,3
"Mras",36,23,51,58,79,76,44,55,44,31,42,52
"Armc8",24,18,80,78,83,79,72,104,59,47,63,77
"Dbr1",10,8,59,28,44,56,69,78,20,24,33,32
"Dzip1l",6,6,14,10,23,28,28,28,12,17,16,24
"Il20rb",20,11,58,53,72,43,60,54,27,24,61,51
"Nck1",94,64,300,249,286,339,321,344,172,140,242,224
"Tmem22",3,2,21,21,35,44,26,35,16,21,18,20
"Stag1",51,48,228,182,257,241,215,233,151,128,173,193
"Pccb",23,16,67,80,77,76,49,57,37,39,65,83
"Msl2",43,31,188,115,157,161,129,133,107,83,116,126
"Ppp2r3a",52,45,144,104,123,141,143,161,91,68,93,94
"Cep63",22,10,76,67,69,49,58,59,38,25,43,50
"Anapc13",216,154,840,804,643,728,543,595,333,326,551,578
"Amotl2",80,58,332,315,228,311,207,282,171,165,207,278
"Ryk",70,57,339,245,219,254,178,235,149,133,171,225
"Slco2a1",15,6,229,51,38,45,35,45,24,14,26,32
"Rab6b",45,23,168,116,147,180,132,107,83,65,120,113
"Srprb",49,32,272,281,157,192,153,183,107,97,157,158
"Trf",106,173,1290,1237,333,787,856,1487,598,556,372,261
"Topbp1",7,5,37,26,35,31,31,30,25,8,22,21
"Cdv3",220,176,778,491,671,727,538,674,379,335,540,503
"Nphp3",3,3,14,13,11,19,20,32,7,14,11,14
"Uba5",58,34,217,253,230,223,177,224,118,116,186,196
"Acad11",2,3,18,23,17,24,8,14,7,11,17,19
"Ccrl1",8,14,77,81,49,48,49,75,12,34,36,33
"Dnajc13",30,30,88,91,109,128,89,107,75,64,76,99
"Mrpl3",28,22,156,166,150,163,122,159,82,72,112,93
"Nudt16",6,4,31,20,27,28,22,40,26,12,25,17
"Aste1",11,4,28,26,22,45,28,39,20,9,37,29
"Atp2c1",45,32,247,168,141,160,134,158,95,79,138,143
"Pik3r4",4,7,46,43,36,28,19,28,13,14,34,25
"Col6a6",3,2,10,9,11,6,16,18,12,11,15,17
"Col6a5",3,2,11,12,40,5,6,11,5,5,33,6
"Wdr82",37,39,202,166,170,178,103,131,106,92,118,118
"Ppm1m",56,45,238,226,162,227,161,190,105,106,161,139
"Twf2",26,16,120,129,62,92,66,106,41,39,81,109
"Alas1",48,37,139,121,168,211,305,259,145,115,117,126
"Poc1a",2,3,4,4,6,7,6,9,5,4,5,10
"Dusp7",15,20,58,39,45,46,36,52,27,13,29,32
"Rpl29",1732,1251,15882,12085,7981,8712,5834,7370,4758,4274,7117,6750
"Acy1",3,9,31,40,23,30,26,38,12,17,21,25
"Abhd14a",82,61,365,399,371,402,273,351,178,172,291,326
"Abhd14b",64,52,171,205,199,255,155,182,162,111,150,161
"Pcbp4",74,57,271,287,205,283,171,236,126,134,160,184
"Parp3",59,45,307,232,202,234,162,208,142,102,183,168
"Rrp9",61,26,273,130,154,196,121,141,91,62,127,110
"Tex264",141,111,585,589,437,497,318,423,205,208,425,453
"Rad54l2",4,10,52,37,36,42,38,34,20,11,19,23
"Vprbp",29,14,78,46,73,91,59,70,40,42,47,53
"Rbm15b",24,13,51,34,37,52,28,49,27,24,32,29
"Manf",506,431,4025,3700,2156,2185,1435,1940,973,885,1876,1823
"Mapkapk3",17,8,90,56,52,53,45,33,33,26,40,44
"Cish",47,49,328,195,166,200,98,147,103,99,132,175
"Hemk1",2,2,18,15,10,13,19,8,10,7,18,19
"Cacna2d2",6,3,1,12,13,17,11,12,6,5,15,15
"Tmem115",32,41,231,165,138,156,126,169,67,71,119,122
"Cyb561d2",17,12,77,83,72,58,51,66,32,29,65,45
"Nprl2",2,4,32,34,41,32,33,36,10,19,22,31
"Rassf1",236,173,848,743,781,1049,778,859,627,552,626,639
"Tusc2",32,22,149,107,99,116,78,103,59,55,79,92
"Hyal2",3,8,29,24,21,16,17,23,10,14,17,16
"Hyal1",9,6,5,5,11,24,14,12,12,8,12,9
"Nat6",14,10,34,54,31,33,27,36,18,18,41,31
"Hyal3",5,5,13,9,9,20,11,13,11,9,10,14
"Ifrd2",31,28,152,76,48,57,35,59,30,38,55,60
"Sema3b",120,62,234,266,207,221,155,227,95,110,238,263
"Gnai2",656,448,2456,1951,2241,2454,1747,2425,1296,1302,1739,2003
"Sema3f",5,4,17,14,13,14,6,9,1,4,19,10
"Rbm5",31,28,141,106,108,139,115,154,100,74,109,113
"Rbm6",25,19,106,70,98,130,80,131,68,53,88,104
"Mon1a",10,12,48,49,25,32,39,31,18,22,41,24
"Mst1r",15,7,120,73,32,48,35,44,24,26,40,24
"Traip",0,2,4,7,6,5,4,5,2,5,7,4
"Uba7",10,5,50,34,14,59,20,29,21,8,22,38
"6230427J02Rik",4,5,27,30,14,18,30,29,17,12,13,21
"Ip6k1",59,47,287,229,156,190,162,195,132,130,172,137
"Gmppb",22,16,167,175,108,103,80,110,58,62,128,103
"Rnf123",9,10,43,47,29,36,18,39,13,18,28,28
"Amigo3",1,4,14,13,7,7,3,16,4,4,9,5
"Apeh",15,14,55,63,40,60,44,62,31,22,41,56
"Dag1",38,38,36,50,100,148,104,152,60,59,87,102
"Nicn1",13,10,51,60,65,68,55,73,36,35,55,63
"Tcta",23,11,100,84,49,82,71,39,51,38,61,67
"Rhoa",740,569,3550,3448,3217,3586,2991,3679,1866,1555,2405,2405
"Gpx1",591,433,2924,2241,1728,1834,1354,1747,1058,949,1412,1223
"Usp4",38,36,160,124,139,169,133,176,79,86,120,128
"1700102P08Rik",3,1,7,4,6,2,6,5,4,3,6,5
"Klhdc8b",17,13,29,40,28,35,34,36,20,25,38,39
"Ccdc71",16,14,67,73,29,40,35,43,31,25,41,50
"Lamb2",451,294,1674,1390,1184,1194,836,1080,575,601,1118,931
"Usp19",49,34,213,151,157,179,135,156,105,84,126,130
"Qars",38,21,234,203,143,171,153,206,100,81,141,121
"Qrich1",56,50,209,179,206,203,186,212,119,115,182,151
"Impdh2",207,145,1251,900,826,1164,991,1061,539,498,635,585
"Ndufaf3",21,21,131,150,99,116,121,123,59,61,120,117
"Dalrd3",30,25,153,120,95,144,79,103,47,64,96,90
"Wdr6",12,12,27,40,37,51,30,36,25,18,31,36
"P4htm",24,17,68,72,62,92,67,104,32,51,66,76
"Arih2",38,42,161,100,149,169,129,145,75,96,111,109
"Slc25a20",15,11,50,56,38,61,44,51,30,27,42,33
"Prkar2a",18,10,47,34,69,81,56,62,51,35,52,60
"Ip6k2",36,13,125,88,63,82,78,69,59,38,56,53
"Nckipsd",5,2,20,18,13,14,6,12,8,4,13,16
"Uqcrc1",173,131,669,625,545,631,594,651,296,284,499,483
"Pfkfb4",9,6,23,23,16,22,21,26,16,11,16,21
"Shisa5",288,238,1410,1210,982,1133,853,1047,537,573,952,860
"Trex1",96,69,366,281,296,470,371,378,213,218,267,291
"Atrip",9,6,49,43,40,45,36,35,32,13,28,45
"Ccdc72",325,250,1861,1415,1041,1117,847,991,605,594,930,940
"Ccdc51",1,0,14,11,8,6,6,5,5,3,4,6
"Spink8",1,3,23,5,1,1,1,0,1,0,8,3
"3000002C10Rik",2,0,7,8,2,8,2,4,1,3,6,6
"Nme6",4,1,20,23,12,7,7,15,11,9,10,12
"Camp",8,3,27,7,15,1,246,31,33,4,30,5
"Cdc25a",2,3,17,17,16,12,14,13,6,7,13,13
"Mtap4",93,72,334,318,304,327,197,281,145,131,271,255
"Dhx30",20,19,103,65,60,86,63,70,39,40,61,69
"Smarcc1",31,24,109,82,119,104,94,119,64,51,76,107
"2610002I17Rik",4,2,11,31,16,14,24,19,12,7,16,17
"Scap",23,24,125,99,68,80,60,79,46,43,86,87
"Ptpn23",32,26,167,130,122,137,86,117,65,65,96,80
"Ngp",3,2,30,1,4,5,260,29,37,4,11,2
"Klhl18",5,6,26,29,25,22,20,24,15,17,25,15
"Setd2",26,37,153,123,123,136,110,142,77,65,106,112
"Nradd",39,12,130,153,108,137,100,109,68,62,75,84
"Nbeal2",0,2,6,7,8,4,5,7,7,4,2,6
"Ccdc12",132,100,695,693,534,551,425,497,208,256,449,512
"Pth1r",22,9,29,36,48,53,21,43,19,22,45,61
"Als2cl",2,3,8,12,6,5,5,6,12,2,6,8
"Ltf",0,2,5,0,0,0,32,4,3,0,1,0
"Ccrl2",27,14,132,70,91,126,74,81,41,46,74,55
"Lrrfip2",76,51,298,256,235,240,192,238,140,112,173,194
"Mlh1",3,0,13,19,13,12,14,12,9,7,7,14
"Epm2aip1",7,9,40,25,15,35,20,25,17,12,18,23
"Stac",5,4,2,1,4,8,1,5,1,2,3,0
"Pdcd6ip",120,95,538,443,446,449,364,467,245,195,356,335
"Clasp2",31,20,63,47,49,62,65,90,39,42,43,43
"Ubp1",40,19,160,119,127,138,109,157,86,54,91,115
"Fbxl2",0,4,9,7,7,6,5,3,5,2,7,16
"Susd5",2,0,2,11,5,10,2,3,1,3,6,7
"Crtap",184,136,655,578,530,555,454,519,279,262,472,537
"Tmppe",12,3,22,21,21,22,12,23,10,6,11,24
"Glb1",38,17,157,168,103,130,97,134,39,42,108,107
"Cnot10",19,17,103,96,113,102,93,108,42,53,57,71
"Dync1li1",13,11,13,15,55,63,48,59,41,31,44,50
"Cmtm6",112,84,464,371,324,426,376,461,220,206,327,346
"Cmtm7",81,57,393,350,272,292,215,286,174,160,255,279
"Cmtm8",2,1,16,10,18,25,14,29,12,20,24,12
"Gpd1l",12,6,76,66,52,62,43,60,37,33,50,37
"Stt3b",132,105,627,530,542,593,437,589,288,285,419,384
"Tgfbr2",251,208,1583,1204,916,900,511,752,399,362,719,761
"Rbms3",150,113,406,360,493,544,379,484,251,260,423,384
"Azi2",46,43,199,169,169,184,135,203,117,96,134,163
"Cmc1",43,32,235,217,161,173,173,170,91,78,132,136
"Golga4",50,38,113,103,216,198,185,232,107,100,188,179
"Itga9",31,17,111,122,107,101,63,107,34,30,73,82
"Ctdspl",28,19,93,88,92,91,38,80,38,33,102,78
"Vill",4,2,4,10,9,12,5,9,10,4,11,6
"Plcd1",38,20,140,137,131,188,102,142,88,82,113,102
"Acaa1b",4,2,4,2,7,5,6,10,3,4,8,1
"Oxsr1",19,11,65,50,61,88,54,74,40,50,50,51
"Myd88",410,253,1186,766,1002,1292,997,1053,820,690,893,772
"Acaa1a",134,107,559,522,532,623,456,598,282,246,467,420
"Xylb",0,0,8,4,3,6,3,1,1,4,6,6
"Acvr2b",5,3,7,8,10,17,10,13,12,5,10,12
"Exog",2,3,7,15,4,2,5,8,9,1,9,7
"Wdr48",17,10,54,57,47,51,44,60,25,30,47,42
"Gorasp1",11,5,35,40,22,27,20,26,11,15,25,19
"Ttc21a",66,43,117,133,150,164,119,96,96,88,122,116
"Csrnp1",549,396,1590,1300,1658,2336,2037,1976,1239,1190,1318,1164
"Cx3cr1",0,9,21,1,42,5,0,27,13,9,0,0
"Slc25a38",13,16,67,76,58,83,39,57,50,40,60,58
"Rpsa",1776,1386,20530,16485,10083,10894,7199,8877,5968,5202,7987,7821
"Myrip",0,3,10,18,9,9,17,12,7,10,12,2
"Eif1b",132,119,617,598,609,752,576,669,397,284,463,519
"Rpl14",3262,2360,21627,16479,13968,15942,11728,14278,9129,7857,11007,10975
"Ctnnb1",226,142,936,768,779,890,581,722,419,371,574,655
"Ulk4",4,5,5,10,13,18,16,13,9,7,5,18
"Trak1",50,42,171,140,167,175,100,152,96,91,135,109
"Sec22c",6,4,27,28,27,32,12,20,11,14,22,22
"Deb1",23,25,175,206,109,125,85,120,77,74,101,115
"Nktr",91,54,293,199,360,373,380,403,232,198,288,299
"Zfp651",37,50,119,114,119,117,79,102,46,53,95,124
"Kbtbd5",2,1,1,4,10,7,6,4,4,1,1,4
"Higd1a",192,123,928,710,651,731,558,674,322,292,487,582
"Ccbp2",18,11,82,79,72,75,68,82,46,56,44,46
"1700048O20Rik",1,0,14,11,6,9,6,7,1,8,9,8
"Fam198a",13,15,22,20,32,32,24,31,9,24,43,51
"C85492",4,7,37,39,22,37,28,48,19,17,32,39
"Snrk",71,53,216,201,146,174,172,170,103,82,159,166
"Ano10",25,25,99,111,102,105,75,112,59,47,89,96
"Abhd5",84,57,266,246,237,297,282,319,169,153,175,238
"D9Ertd402e",2,2,13,7,14,14,14,9,7,4,16,14
"Zfp445",15,13,75,50,45,75,78,67,37,30,50,47
"Zfp105",0,0,11,9,3,8,6,8,4,3,5,8
"1110059G10Rik",27,11,104,94,76,91,74,74,32,49,61,76
"Tmem42",17,16,82,79,55,66,35,38,34,24,61,61
"Zdhhc3",56,29,199,171,130,145,78,157,74,57,120,135
"Exosc7",26,16,118,95,77,82,72,101,39,49,65,80
"Clec3b",3361,2696,10350,10182,13857,15993,13892,16435,6432,6200,10897,12002
"Tmem158",82,79,274,284,401,457,241,299,145,139,229,338
"Lars2",41,38,110,95,73,93,42,43,79,43,64,82
"Limd1",93,76,388,257,306,288,232,277,173,192,244,263
"Sacm1l",33,33,172,119,147,151,114,140,71,81,95,120
"Lztfl1",25,18,121,139,128,149,109,127,68,52,116,121
"Fyco1",11,9,40,51,36,27,26,41,20,24,49,34
"Ccr1",0,1,9,9,2,0,5,5,0,0,1,2
"Ccr2",1,0,5,8,0,0,4,8,0,0,1,0
"2010315B03Rik",3,8,16,20,16,16,19,21,11,12,25,11
"4930526I15Rik",25,19,99,75,79,89,56,81,46,42,55,57
"Ppp2r3d",37,23,126,131,130,125,111,117,57,61,119,98
"Pisd-ps3",53,48,157,165,179,204,92,168,102,74,53,73
"Nudt11",0,2,8,4,5,7,3,5,1,2,6,5
"Nudt10",2,0,1,4,4,1,1,2,2,3,3,7
"Shroom4",3,2,1,1,1,5,1,2,1,1,4,2
"Clcn5",4,0,8,8,8,16,10,10,5,3,11,5
"Usp27x",3,2,25,20,11,21,24,16,16,14,11,15
"2010204K13Rik",4,1,40,24,17,23,7,5,9,7,6,6
"Ppp1r3f",2,1,10,6,8,7,11,19,7,9,9,6
"Ccdc22",9,5,98,67,51,54,57,63,32,28,36,51
"Syp",4,0,9,5,26,25,13,13,4,5,7,3
"Prickle3",6,6,21,30,15,33,20,23,16,9,19,14
"Plp2",184,111,730,743,662,716,522,609,361,295,573,615
"Gpkow",24,22,84,57,88,86,78,109,60,51,70,65
"Wdr45",34,18,138,116,100,116,91,109,41,44,102,99
"Praf2",101,86,492,441,291,341,221,285,138,144,273,285
"Tfe3",54,41,199,150,173,195,108,150,99,112,158,119
"Gripap1",24,21,100,84,83,111,87,100,65,51,81,72
"Otud5",10,14,97,94,56,72,47,72,26,33,59,42
"Pim2",2,2,6,3,11,3,3,18,10,2,6,5
"Slc35a2",48,34,154,179,128,184,138,165,89,92,182,158
"Pqbp1",59,35,287,293,240,310,221,289,164,147,221,236
"Timm17b",54,38,274,260,173,222,153,167,115,97,169,190
"Pcsk1n",1,0,64,26,13,24,13,40,14,6,36,29
"Hdac6",11,7,31,31,33,33,20,26,34,14,25,24
"Suv39h1",19,8,45,33,29,53,24,48,28,26,20,24
"Wdr13",14,15,46,40,72,62,32,43,39,25,45,45
"Rbm3",554,350,3468,2431,2362,2596,2475,2457,1702,1447,1461,1553
"Tbc1d25",3,1,14,16,12,12,17,24,12,6,10,9
"Ebp",70,63,491,422,393,475,339,408,212,186,312,304
"Porcn",8,14,49,45,31,60,36,48,31,37,34,36
"Ftsj1",26,11,137,108,79,103,74,120,50,66,83,72
"B630019K06Rik",5,3,26,20,19,21,20,24,14,3,10,11
"Cybb",1,0,5,8,5,5,4,11,3,4,4,1
"Dynlt3",150,107,517,500,451,495,431,483,255,209,384,414
"Srpx",143,119,1459,1115,418,614,753,894,476,341,548,667
"Rpgr",1,0,2,7,8,8,7,6,6,2,16,7
"Tspan7",76,42,202,128,209,280,126,129,70,82,137,173
"Mid1ip1",105,80,433,499,304,413,342,458,301,212,247,254
"Bcor",34,31,140,94,123,130,109,114,67,71,79,105
"2900008C10Rik",8,9,50,46,18,36,30,36,22,18,29,32
"Atp6ap2",220,177,889,770,839,1071,998,976,514,474,690,728
"1810030O07Rik",29,33,105,71,100,147,80,86,55,54,80,99
"Med14",16,18,120,73,64,69,53,58,44,47,58,52
"Usp9x",107,83,402,353,380,403,276,377,181,185,332,303
"Ddx3x",885,661,2076,1518,3143,3301,1430,1733,1159,995,2236,2125
"Cask",71,60,191,143,182,199,145,203,111,101,148,164
"Maoa",13,11,90,71,90,119,77,87,34,43,53,51
"Maob",31,12,159,140,92,121,82,122,71,55,51,55
"Fundc1",58,34,183,207,163,190,179,210,100,102,157,149
"Kdm6a",21,24,28,33,80,83,37,38,32,25,68,65
"Chst7",17,9,33,44,50,79,57,67,32,25,56,46
"Rp2h",16,15,48,45,57,58,36,58,31,18,60,44
"Ndufb11",288,230,1689,1535,1140,1275,1079,1206,656,549,968,1034
"Rbm10",15,9,63,51,53,49,37,53,41,21,51,47
"Uba1",131,89,569,484,484,561,400,511,271,253,349,364
"Cdk16",84,88,334,304,245,292,204,281,121,132,259,231
"Usp11",16,9,26,42,30,24,29,48,22,16,28,35
"Araf",51,40,181,159,174,176,121,175,98,82,164,147
"Syn1",2,5,13,19,15,7,9,4,4,7,15,9
"Timp1",1377,1034,13701,6075,3153,3335,2679,2340,1906,1736,4502,3758
"Cfp",4,4,28,27,18,27,15,26,9,6,19,12
"Elk1",12,10,79,85,52,68,45,62,33,25,46,52
"Uxt",20,25,185,163,123,149,129,139,64,57,107,85
"A230072C01Rik",8,5,26,21,27,36,29,27,11,15,30,19
"Zfp182",3,1,7,16,10,11,17,16,2,8,8,23
"Zfp300",2,0,1,2,4,1,4,3,8,1,0,1
"Gm5124",5,2,1,0,4,3,4,5,1,4,7,3
"Klhl13",71,37,187,178,190,230,168,224,85,87,246,197
"Wdr44",17,11,36,49,45,51,55,50,25,26,51,42
"Dock11",30,35,158,161,144,172,119,120,69,57,111,114
"Il13ra1",83,72,717,346,256,354,276,307,207,178,280,269
"Lonrf3",23,23,123,40,92,106,78,104,61,52,63,78
"Pgrmc1",248,168,1177,1039,901,1195,1011,1160,748,600,734,690
"Akap17b",2,2,7,5,10,14,8,15,3,4,14,9
"Slc25a5",511,352,2903,1796,2092,2330,2267,2404,1157,888,1297,1375
"C330007P06Rik",31,21,122,83,115,122,99,108,53,55,105,90
"Ube2a",96,85,573,440,461,552,372,427,257,249,326,300
"Nkrf",2,6,32,26,39,34,26,30,24,12,25,15
"Sept6",29,24,60,84,79,107,74,90,39,48,111,96
"Rpl39",3595,2539,27779,23075,18834,19939,11721,15099,9717,8179,14182,13022
"Upf3b",18,13,49,43,72,99,99,102,64,61,71,76
"Nkap",37,24,58,68,100,110,126,138,65,44,86,94
"Ndufa1",277,199,1513,1377,1102,1202,860,1030,572,489,872,884
"Rnf113a1",1,0,6,8,2,1,5,2,6,1,2,3
"Zbtb33",7,6,34,27,25,15,15,25,14,7,13,16
"Fam70a",1,4,10,5,3,7,12,19,6,5,8,7
"Lamp2",490,399,2717,2078,1704,2046,1852,2070,1167,991,1471,1528
"Cul4b",18,18,88,55,70,76,55,68,48,36,67,76
"Mcts1",65,64,393,348,287,340,297,346,173,160,280,221
"C1galt1c1",42,28,150,155,143,167,138,174,69,62,126,127
"Gria3",17,13,64,76,46,42,67,70,34,16,50,58
"Thoc2",87,55,179,126,350,381,398,410,182,147,263,301
"Xiap",35,21,107,114,127,128,79,117,71,52,98,73
"Stag2",45,34,168,162,189,183,139,157,117,86,147,167
"Dcaf12l1",2,2,8,2,14,17,2,7,1,3,14,14
"Smarca1",8,6,16,18,18,25,15,28,8,6,15,35
"Ocrl",9,13,60,69,43,41,26,42,14,10,31,50
"Apln",4,0,1,2,1,1,3,2,1,2,2,6
"Xpnpep2",18,9,25,49,52,42,43,39,9,27,37,59
"Zdhhc9",22,11,85,56,45,50,32,37,19,35,53,45
"Utp14a",26,17,83,74,82,121,82,106,76,48,72,69
"Bcorl1",10,6,9,19,18,25,14,21,14,7,14,26
"Elf4",37,19,151,146,128,146,102,117,67,80,102,88
"Aifm1",21,16,85,54,77,63,64,92,31,30,70,58
"Zfp280c",6,5,18,15,15,14,20,18,13,13,10,8
"Slc25a14",8,5,43,51,31,28,30,38,35,14,23,29
"Rbmx2",7,9,18,28,32,31,31,33,25,20,27,32
"Enox2",7,3,22,19,22,24,22,25,10,10,25,28
"Arhgap36",2,1,4,0,11,9,3,5,4,4,13,4
"Igsf1",2,1,7,9,9,10,10,29,3,4,10,10
"6720401G13Rik",8,2,22,29,19,18,21,26,10,15,18,22
"2610018G03Rik",4,0,0,1,5,6,5,4,4,2,5,7
"Frmd7",11,8,36,31,48,62,36,50,24,20,37,51
"Rap2c",21,27,120,107,132,103,69,100,57,61,87,74
"Mbnl3",8,6,51,36,29,50,38,35,20,25,42,43
"Hs6st2",0,1,1,2,2,3,2,4,0,0,6,9
"Gpc4",65,65,249,197,214,242,201,271,109,104,164,147
"Gpc3",362,293,241,269,932,1280,988,1002,355,271,579,696
"Phf6",32,31,83,46,67,91,67,76,38,48,60,66
"Hprt",120,104,602,469,467,582,487,551,284,243,354,352
"C430049B03Rik",1,0,2,6,3,7,2,5,4,4,7,15
"Fam122b",5,1,2,6,5,14,4,5,2,5,12,9
"Mospd1",31,16,69,41,121,121,109,130,75,82,91,100
"Cxx1c",56,32,174,140,161,180,151,184,86,86,157,191
"Cxx1a",27,29,101,131,114,131,93,106,63,72,93,132
"Cxx1b",45,32,122,161,127,123,98,131,52,66,108,137
"Xlr",7,3,23,31,35,61,54,52,19,16,21,28
"3830403N18Rik",3,5,37,49,23,55,23,27,20,14,27,17
"Zfp449",3,4,20,9,16,30,25,25,13,8,19,21
"Ddx26b",6,10,43,21,31,31,33,34,16,20,27,20
"Mmgt1",26,14,135,102,81,86,45,73,57,36,60,57
"Slc9a6",18,18,81,89,87,91,79,70,56,50,77,78
"Fhl1",292,214,587,797,1113,1278,821,892,402,361,882,939
"Mtap7d3",4,2,4,7,21,16,20,18,5,8,12,14
"Htatsf1",67,35,168,156,173,183,124,187,93,84,160,139
"Arhgef6",18,8,64,59,70,68,55,62,41,44,56,56
"Rbmx",64,33,179,103,197,189,189,212,123,116,128,123
"Atp11c",30,13,77,61,60,59,43,55,40,38,50,55
"Fmr1",93,54,264,187,261,310,272,260,165,128,201,216
"Aff2",4,1,6,4,15,17,20,28,11,10,11,4
"Ids",48,49,232,205,179,161,125,133,85,73,128,108
"1110012L19Rik",18,20,103,108,59,84,81,87,36,33,61,61
"BC023829",17,12,31,19,33,34,20,31,30,38,50,53
"Mtm1",2,3,20,20,19,25,19,20,14,9,24,19
"Mtmr1",25,15,123,70,74,82,72,77,52,39,62,60
"Cd99l2",35,19,92,110,108,101,79,111,46,49,89,102
"Hmgb3",13,6,33,29,29,17,19,28,8,21,22,21
"Vma21",69,55,438,370,301,326,316,306,182,131,236,282
"Prrg3",16,16,147,154,51,80,71,93,53,51,72,59
"Gabre",1,2,2,3,5,15,9,7,4,5,3,2
"Gabra3",47,28,37,39,66,83,46,49,44,33,35,34
"Cetn2",72,49,228,259,268,333,230,274,121,117,233,214
"Nsdhl",17,15,62,68,60,67,62,118,36,34,45,69
"Zfp185",15,21,52,94,65,65,45,34,35,30,90,97
"Xlr3b",6,5,2,6,4,23,21,0,13,8,17,12
"Xlr4b",1,0,0,2,1,0,1,2,4,0,6,0
"F8a",11,6,41,30,21,23,22,27,11,11,22,32
"Zfp275",30,12,116,62,51,61,57,57,55,48,46,45
"Haus7",17,7,71,52,59,77,75,73,26,30,39,44
"Bgn",2760,2337,14455,14751,8549,9325,6728,8291,4251,4176,7779,9738
"Dusp9",0,0,9,3,4,5,8,1,5,2,2,3
"Pnck",8,3,14,8,18,15,21,17,12,12,7,8
"Slc6a8",68,52,392,284,188,254,172,181,130,100,177,183
"Bcap31",212,156,921,941,883,1037,964,1070,464,446,696,678
"Abcd1",11,6,21,32,27,24,18,23,19,14,33,22
"Idh3g",90,64,446,445,417,485,405,468,202,210,336,303
"Ssr4",386,256,2857,2524,1514,1615,1252,1465,843,802,1394,1361
"Pdzd4",10,9,36,37,30,27,22,26,17,11,25,26
"L1cam",6,1,8,11,4,8,2,3,4,1,0,4
"Naa10",45,39,222,225,167,224,200,201,119,82,160,145
"Renbp",24,30,141,118,111,150,161,173,60,58,65,68
"Hcfc1",31,34,108,120,109,127,80,83,48,59,99,95
"Irak1",100,89,421,336,273,285,233,312,144,153,234,209
"Mecp2",55,38,170,146,160,161,150,210,132,109,129,136
"Flna",148,104,1032,702,531,484,341,446,258,213,360,371
"Emd",127,76,467,437,482,563,677,691,338,372,253,290
"Rpl10",4671,3460,36269,31557,26514,29456,21091,26039,16414,13578,20546,20618
"Dnase1l1",29,16,117,130,139,148,114,147,73,73,88,119
"Taz",28,22,139,125,83,120,94,110,84,57,93,87
"Atp6ap1",258,149,1066,984,904,1026,1005,1111,485,476,704,682
"Gdi1",79,65,286,265,305,313,299,336,151,148,230,250
"Fam50a",36,31,173,176,158,175,142,155,118,71,115,105
"Plxna3",4,1,16,21,16,19,14,13,4,8,12,12
"Lage3",56,39,319,282,201,216,146,187,107,113,209,220
"Ubl4",49,48,342,279,156,194,140,151,89,96,154,172
"Slc10a3",14,7,79,57,57,39,18,31,18,14,40,39
"Fam3a",58,46,217,220,148,168,140,186,86,114,184,185
"Ikbkg",7,8,60,43,30,32,37,28,17,15,36,26
"G6pdx",22,22,124,108,88,105,85,118,56,62,61,55
"Gab3",6,5,14,16,18,19,34,29,8,15,30,35
"Dkc1",27,36,168,84,137,146,120,135,79,51,100,85
"Mpp1",55,33,185,210,202,245,171,222,95,89,180,141
"Fundc2",189,144,985,914,745,763,652,703,366,327,647,636
"Mtcp1",28,15,91,93,85,94,77,105,53,55,72,71
"Brcc3",28,24,120,107,99,141,128,142,82,70,97,83
"Vbp1",89,57,347,313,279,350,318,368,179,144,269,259
"Rab39b",2,4,13,18,14,21,15,14,13,8,10,8
"4933407K13Rik",3,4,8,4,5,20,16,16,10,6,9,12
"Pls3",198,143,668,650,580,676,568,647,296,279,548,565
"Tbl1x",36,32,66,48,174,206,172,237,111,102,146,133
"Prkx",62,44,138,87,188,248,240,282,156,149,145,192
"Prrg1",14,7,34,34,35,34,24,37,22,8,31,29
"Tmem47",60,56,143,111,174,192,185,149,96,93,167,174
"Dmd",15,16,69,65,60,57,46,70,24,22,76,56
"Tab3",6,3,16,11,15,14,13,8,5,3,6,13
"Gyk",6,0,11,11,11,13,10,11,12,15,9,6
"Pola1",4,4,20,28,33,39,21,34,16,16,27,19
"Pdk3",13,9,99,73,53,60,65,57,31,37,56,40
"Zfx",23,24,95,72,101,104,90,91,50,50,77,78
"Eif2s3x",135,85,394,251,399,436,219,245,144,135,325,321
"Klhl15",4,6,36,32,40,42,30,34,15,26,27,27
"Apoo",22,8,77,71,78,98,85,75,40,22,66,65
"Maged1",258,178,946,943,811,937,792,963,434,404,664,702
"Gspt2",3,3,17,11,14,25,16,14,12,5,7,13
"Zxdb",4,6,28,23,24,20,15,18,11,14,13,15
"Zxda",18,11,45,24,29,39,22,40,20,18,28,29
"Spin4",3,3,17,17,22,24,14,35,16,19,19,16
"Arhgef9",6,6,9,8,15,19,11,9,6,9,13,16
"Fam123b",11,8,22,31,64,39,48,37,25,26,44,33
"Zc4h2",13,9,16,23,23,11,15,22,6,7,22,23
"Zc3h12b",2,1,2,5,4,5,6,7,3,2,4,2
"Las1l",34,22,103,80,116,130,134,134,71,71,71,77
"Msn",225,193,1088,843,821,965,666,690,399,422,610,550
"Eda2r",10,5,91,47,45,40,39,20,31,15,36,40
"Ar",29,16,41,49,111,117,103,142,69,46,76,80
"Ophn1",12,7,39,42,58,68,51,62,46,40,55,60
"Yipf6",28,25,126,75,79,93,85,87,29,47,62,74
"Stard8",16,4,17,23,22,38,19,32,11,13,18,24
"Efnb1",29,26,45,43,61,91,61,87,52,54,68,91
"Pja1",87,93,257,303,215,360,307,351,158,186,202,209
"Eda",9,8,35,44,28,31,28,40,16,19,25,40
"Igbp1",55,40,316,278,241,315,244,282,148,131,215,240
"Pdzd11",35,22,197,204,122,150,96,134,71,61,131,138
"Dlg3",1,3,22,14,14,13,2,11,10,5,6,10
"Snx12",37,29,186,176,150,151,121,134,72,81,147,127
"Foxo4",15,6,46,47,33,53,28,36,15,27,32,38
"Il2rg",0,1,6,7,5,10,7,15,14,11,18,5
"Med12",10,16,105,89,72,82,57,49,50,41,61,54
"Gjb1",6,10,0,0,0,0,3,1,0,0,1,3
"Zmym3",5,5,35,27,24,41,24,28,17,25,28,27
"Nono",105,89,516,498,426,459,326,463,241,192,367,396
"Taf1",32,23,89,80,116,121,138,124,73,62,85,80
"Ogt",39,20,115,98,87,84,60,110,51,48,93,78
"Nhsl2",18,7,33,34,56,54,34,42,25,25,47,46
"Rgag4",3,4,10,6,2,3,11,7,5,9,5,5
"Pin4",64,44,383,353,278,343,231,293,152,124,209,208
"Rps4x",4256,3306,30596,25367,22425,24996,17066,21120,13380,11553,17244,17787
"Cited1",25,15,22,35,45,44,16,44,12,17,66,85
"Hdac8",8,5,24,26,23,32,23,28,20,19,20,22
"Phka1",6,12,34,26,31,26,22,37,13,19,29,37
"Chic1",5,4,17,18,27,22,18,24,15,9,11,16
"Tsix",37,29,0,0,155,152,0,0,0,0,84,83
"Xist",1439,1049,0,0,5755,6354,0,1,0,0,4885,4951
"Enox",5,2,15,2,9,0,7,8,5,7,7,15
"B230206F22Rik",1,4,10,15,13,20,13,15,10,3,10,7
"Slc16a2",87,50,354,283,224,268,202,271,155,149,188,219
"Gm6222",173,152,382,322,519,686,360,438,242,216,604,515
"Rlim",77,68,261,197,257,275,224,234,144,155,211,197
"Abcb7",10,8,63,31,43,35,31,34,24,25,26,26
"Zdhhc15",7,3,14,8,17,12,4,12,4,7,13,17
"5530601H04Rik",3,5,26,26,31,52,22,19,9,21,19,23
"2610029G23Rik",75,53,261,204,278,330,217,238,134,89,217,207
"Magee1",15,3,42,40,47,57,51,62,23,17,30,36
"Fgf16",21,8,11,27,45,37,22,14,8,12,25,27
"Atrx",88,62,162,124,308,349,301,360,219,161,235,265
"Magt1",88,62,304,280,339,312,264,331,151,125,253,272
"Cox7b",336,259,2245,1880,1410,1473,966,1158,739,628,1101,1104
"Atp7a",16,17,96,46,74,89,83,95,52,52,72,68
"Pgk1",97,80,853,775,505,587,412,547,269,255,412,395
"Taf9b",4,10,56,46,41,63,63,60,41,38,39,37
"Cysltr1",1,2,3,1,5,15,0,1,1,0,4,4
"Zcchc5",11,14,26,66,21,35,26,17,13,12,24,37
"Lpar4",20,14,59,84,58,87,67,60,27,32,98,69
"P2ry10",1,1,2,1,8,3,4,5,10,3,13,3
"A630033H20Rik",2,9,2,13,11,11,3,4,2,4,10,15
"Itm2a",863,542,1555,1759,2364,2288,1405,1603,511,625,2392,3234
"2610002M06Rik",18,14,75,71,63,66,56,78,36,28,52,61
"Brwd3",5,2,19,8,18,34,20,26,11,8,21,20
"2810403D21Rik",6,3,24,18,14,12,18,17,9,11,17,13
"Hmgn5",22,16,77,74,123,150,137,148,72,67,97,128
"Sh3bgrl",157,140,757,575,522,610,541,583,368,336,542,564
"Hdx",10,7,16,15,31,50,39,45,23,33,48,42
"Apool",7,3,49,44,25,35,37,30,22,24,25,29
"Zfp711",0,2,2,1,3,5,6,5,4,1,2,2
"Chm",16,12,82,55,72,67,68,63,42,27,44,54
"3110007F17Rik",3,8,12,18,13,18,17,13,5,11,17,22
"Diap2",28,21,108,50,128,137,118,127,68,57,101,97
"Pcdh19",73,56,241,239,231,212,238,279,147,132,152,148
"Tnmd",1208,904,3047,4130,2791,2237,2054,2126,1090,1323,3486,4045
"Tspan6",58,50,171,203,199,180,145,152,113,91,130,209
"Srpx2",161,118,890,873,594,574,640,666,399,354,535,512
"Cstf2",6,10,65,45,37,34,35,50,21,25,41,32
"Trmt2b",10,9,57,48,44,48,45,51,19,24,32,35
"Tmem35",2,0,0,0,3,1,0,2,1,1,5,7
"Drp2",13,7,14,12,16,14,12,16,6,12,12,12
"Timm8a1",59,49,630,266,262,316,238,242,189,149,191,215
"Rpl36a",2103,1463,14709,11653,9862,10848,7323,9022,6192,4911,8049,7305
"Gla",8,7,62,46,41,78,98,63,58,31,40,32
"Hnrnph2",89,77,378,281,377,481,412,439,276,192,277,272
"Armcx4",11,7,32,23,24,30,20,26,26,9,27,23
"Armcx1",20,19,94,104,130,134,111,102,82,77,84,87
"Armcx6",6,3,33,25,30,53,35,48,20,31,36,41
"Armcx3",137,95,388,347,378,479,380,407,288,221,344,325
"Armcx2",57,43,195,179,217,225,168,183,97,95,185,200
"Zmat1",10,4,19,13,20,36,25,34,15,12,21,42
"Gprasp1",9,15,40,33,44,58,45,38,36,19,30,45
"Armcx5",14,11,34,26,51,64,42,61,32,29,30,58
"Gprasp2",8,5,6,5,24,28,12,17,15,18,19,19
"Bhlhb9",9,10,41,42,27,34,40,48,18,17,37,41
"Arxes2",6,3,9,15,7,13,9,8,4,8,15,19
"Arxes1",2,0,4,6,1,6,2,3,1,0,6,9
"Tceal8",197,168,755,773,800,1076,813,797,430,380,630,789
"Tceal5",3,1,2,3,13,11,7,9,1,4,11,5
"Wbp5",389,320,1689,1691,1544,1844,1497,1670,985,908,1299,1374
"Ngfrap1",56,53,267,275,198,277,242,261,176,151,202,201
"Tceal3",14,7,32,42,27,48,28,37,20,16,31,34
"Tceal1",12,14,55,77,96,108,106,107,56,48,69,73
"Morf4l2",596,494,2590,2260,2249,2579,2087,2294,1235,1176,1867,1899
"BC065397",3,1,12,8,11,7,8,11,7,9,12,11
"Plp1",4,6,2,8,4,4,12,3,5,0,1,3
"Zcchc18",0,1,5,5,4,13,9,8,1,8,2,2
"Fam199x",6,8,17,27,27,28,23,24,14,10,18,17
"Nrk",2,0,0,0,2,6,4,4,1,4,14,15
"Mum1l1",4,4,16,18,33,38,35,28,24,15,23,32
"Tbc1d8b",32,28,82,85,98,89,73,85,48,42,81,89
"Morc4",27,22,79,68,87,77,57,61,30,23,91,107
"Rbm41",5,7,21,22,22,25,20,27,12,11,24,25
"Prps1",61,43,246,163,192,222,190,208,116,90,104,139
"Tsc22d3",762,463,2351,2235,1271,1363,1684,2287,888,829,1455,2668
"Mid2",8,5,39,36,31,29,24,26,10,13,19,33
"Psmd10",23,17,87,65,53,85,54,70,34,26,57,52
"Col4a6",1,0,13,8,7,8,7,4,2,6,2,2
"Col4a5",32,22,96,106,65,71,52,76,35,40,100,94
"Nxt2",28,16,94,81,97,103,103,115,65,57,83,92
"Kcne1l",2,1,3,9,4,9,5,9,2,2,1,4
"Acsl4",40,50,323,133,210,208,148,173,125,102,127,115
"Tmem164",18,4,42,60,47,55,31,75,33,35,44,46
"Ammecr1",5,4,4,8,13,13,7,15,7,6,8,14
"Chrdl1",159,88,309,247,272,216,166,177,107,117,228,252
"Pak3",4,5,19,10,17,24,19,22,16,9,8,7
"Capn6",14,13,68,120,29,39,80,75,44,37,31,43
"Alg13",17,8,65,48,57,57,43,55,24,30,42,31
"Zcchc16",0,0,3,1,2,1,7,13,5,6,0,3
"Amot",5,5,31,23,20,27,22,24,20,16,13,24
"Lrch2",0,0,6,2,11,15,10,7,2,6,4,6
"Tmem29",38,38,200,185,144,159,124,169,76,71,138,117
"Apex2",25,16,96,69,70,91,52,72,43,29,71,65
"Tro",2,4,6,9,4,11,11,13,5,3,6,10
"Maged2",173,122,319,571,626,603,539,732,165,191,497,704
"Gnl3l",22,10,72,54,59,62,53,68,43,32,53,68
"Fgd1",5,2,13,14,16,15,19,23,13,7,20,20
"Tsr2",33,24,169,103,114,134,96,90,70,74,97,90
"Fam120c",16,7,40,31,37,40,28,34,20,17,30,32
"Phf8",37,16,83,66,57,83,57,78,44,46,59,38
"Huwe1",131,95,491,374,463,524,381,436,269,259,346,354
"Hsd17b10",164,100,729,596,552,625,486,556,338,294,491,448
"Ribc1",1,0,6,1,2,3,6,1,4,2,0,3
"Smc1a",99,64,301,221,441,546,474,493,255,214,321,309
"Iqsec2",25,13,101,80,94,81,48,77,43,40,52,68
"Kdm5c",49,26,84,62,95,110,40,62,38,43,104,96
"2900056M20Rik",13,4,26,26,16,18,7,26,8,11,19,18
"Tspyl2",29,30,77,77,66,81,105,115,49,59,70,72
"Gpr173",2,0,16,11,22,14,8,10,2,8,16,19
"3010001F23Rik",2,3,11,9,10,13,11,9,2,5,8,7
"Shroom2",1,2,4,4,1,2,1,0,1,1,2,8
"Mageh1",44,25,180,193,140,181,187,180,94,80,161,177
"Ubqln2",63,37,230,194,203,249,244,253,154,123,169,189
"Kctd12b",6,5,12,18,16,31,13,23,11,9,20,24
"2210013O21Rik",78,60,398,372,294,313,244,300,167,147,287,313
"Sat1",2294,1817,8951,7340,7339,9001,8360,9893,6335,5176,6573,6456
"Acot9",104,90,327,323,417,511,402,475,205,195,319,340
"Prdx4",222,136,1311,1246,802,985,874,934,531,444,701,736
"Ptchd1",4,3,0,0,4,13,7,9,2,3,2,1
"Phex",3,0,11,4,13,13,10,20,13,5,3,10
"Sms",36,22,110,80,159,161,88,133,85,70,125,127
"Mbtps2",6,8,36,30,29,33,30,33,14,14,38,31
"Yy2",4,5,19,8,5,13,9,5,3,9,3,7
"Cnksr2",3,0,5,0,3,3,6,7,3,7,3,4
"Rps6ka3",7,9,13,15,34,24,21,25,16,10,29,22
"Eif1ax",120,70,895,610,454,523,434,480,313,248,398,376
"Mtap7d2",0,0,7,3,1,3,11,8,6,1,1,1
"A830080D01Rik",22,9,52,40,64,76,56,75,42,38,52,46
"Sh3kbp1",48,31,194,224,169,176,196,185,102,105,156,144
"Pdha1",105,70,445,428,450,474,402,521,270,235,337,382
"Gpr64",28,13,119,77,110,98,100,144,61,63,36,50
"Phka2",8,4,41,47,28,38,20,37,27,20,20,10
"Scml2",1,3,0,3,6,2,2,8,3,1,6,9
"Rai2",18,12,75,81,66,101,83,98,63,44,66,70
"Reps2",17,11,42,55,68,59,50,55,37,32,49,47
"Rbbp7",257,173,911,771,813,1015,833,942,428,435,608,606
"Txlng",22,27,63,45,83,78,62,95,43,42,55,56
"Syap1",84,69,321,288,360,424,387,408,191,195,312,283
"Ctps2",46,30,149,147,150,161,129,173,101,73,122,110
"S100g",22,2,42,3,233,607,18,5,11,61,44,15
"Ap1s2",16,13,44,38,35,54,40,38,22,24,46,38
"Zrsr2",99,64,330,273,362,385,318,392,208,202,285,310
"Car5b",15,8,22,37,33,35,24,23,15,12,16,19
"Siah1b",8,4,14,14,14,14,15,17,9,4,9,12
"Ace2",8,2,3,2,7,7,11,5,3,2,4,3
"Pir",53,47,259,211,286,310,304,340,191,143,159,145
"Figf",27,24,641,345,155,209,231,342,220,181,115,104
"Piga",29,11,67,46,70,95,63,82,51,45,39,53
"Mospd2",5,3,1,4,12,14,7,17,7,7,10,16
"Gemin8",4,6,30,35,25,39,27,33,12,10,31,25
"Gpm6b",188,122,694,511,640,715,550,628,327,278,508,476
"Ofd1",8,6,15,19,20,24,27,29,20,16,12,26
"Trappc2",2,2,13,4,15,15,11,11,4,2,10,8
"Rab9",74,60,317,287,245,308,243,292,156,134,230,243
"Tceanc",2,3,6,4,6,6,12,7,4,6,10,4
"Egfl6",59,23,71,107,100,112,57,60,34,51,153,153
"Tmsb4x",5597,3973,34919,28708,28178,29620,20989,25058,14036,13729,22151,22794
"Prps2",17,13,54,53,55,81,39,61,34,28,41,41
"Msl3",44,32,204,124,136,145,120,134,79,77,130,163
"Arhgap6",21,26,122,90,103,120,79,101,50,35,117,86
"Hccs",22,17,98,99,100,91,98,103,53,46,79,93
"Mid1",43,64,18,20,54,57,68,61,52,72,22,18
"G530011O06Rik",160,62,588,1255,1023,765,307,226,327,598,389,368
"Vamp7",49,47,161,154,191,203,144,173,72,72,166,156
"Kdm5d",0,0,19,16,0,0,11,19,12,8,0,0
"Eif2s3y",0,0,271,244,0,0,319,308,170,149,0,0
"Uty",0,0,21,12,0,0,13,19,9,11,0,0
"Ddx3y",0,0,635,497,0,0,821,869,461,475,0,0
"Erdr1",226,109,794,1265,1462,1069,66,116,288,264,389,760
